#usda 1.0
(
 defaultPrim = "Component"
 metersPerUnit = 1
 upAxis = "Z"
)
def Xform "Component" {
def Scope "Looks" {
def Material "Anodized_aluminum" {
token outputs:surface.connect = </Component/Looks/Anodized_aluminum/Shader.outputs:surface>
def Shader "Shader" {
 uniform token info:id = "UsdPreviewSurface"
color3f inputs:diffuseColor = (0.5199999809265137, 0.5600000023841858, 0.6000000238418579)
float inputs:metallic = 0.8500000238418579
float inputs:roughness = 0.30000001192092896
token outputs:surface
 }
 }
def Material "Gemini_black_glass" {
token outputs:surface.connect = </Component/Looks/Gemini_black_glass/Shader.outputs:surface>
def Shader "Shader" {
 uniform token info:id = "UsdPreviewSurface"
color3f inputs:diffuseColor = (0.006000000052154064, 0.00800000037997961, 0.010999999940395355)
float inputs:metallic = 0.15000000596046448
float inputs:roughness = 0.11999999731779099
token outputs:surface
 }
 }
def Material "Gemini_silver" {
token outputs:surface.connect = </Component/Looks/Gemini_silver/Shader.outputs:surface>
def Shader "Shader" {
 uniform token info:id = "UsdPreviewSurface"
color3f inputs:diffuseColor = (0.550000011920929, 0.5699999928474426, 0.5899999737739563)
float inputs:metallic = 0.75
float inputs:roughness = 0.25
token outputs:surface
 }
 }
def Material "Material" {
token outputs:surface.connect = </Component/Looks/Material/Shader.outputs:surface>
def Shader "Shader" {
 uniform token info:id = "UsdPreviewSurface"
color3f inputs:diffuseColor = (0.800000011920929, 0.800000011920929, 0.800000011920929)
float inputs:metallic = 0.0
float inputs:roughness = 0.5
token outputs:surface
 }
 }
def Material "Optical_coating" {
token outputs:surface.connect = </Component/Looks/Optical_coating/Shader.outputs:surface>
def Shader "Shader" {
 uniform token info:id = "UsdPreviewSurface"
color3f inputs:diffuseColor = (0.00800000037997961, 0.029999999329447746, 0.02500000037252903)
float inputs:metallic = 0.4000000059604645
float inputs:roughness = 0.09000000357627869
token outputs:surface
 }
 }
def Material "Slot_and_fastener" {
token outputs:surface.connect = </Component/Looks/Slot_and_fastener/Shader.outputs:surface>
def Shader "Shader" {
 uniform token info:id = "UsdPreviewSurface"
color3f inputs:diffuseColor = (0.017999999225139618, 0.02199999988079071, 0.02800000086426735)
float inputs:metallic = 0.4000000059604645
float inputs:roughness = 0.30000001192092896
token outputs:surface
 }
 }
}
def Mesh "Gemini_305_body" (prepend apiSchemas = ["MaterialBindingAPI"]) {
point3f[] points = [(-0.019200000911951065, -0.01720000058412552, -0.020999999716877937), (-0.019200000911951065, -0.020999999716877937, -0.01720000058412552), (-0.023000000044703484, -0.01720000058412552, -0.01720000058412552), (-0.019200000911951065, -0.019097506999969482, -0.02049233391880989), (-0.02109750732779503, -0.01720000058412552, -0.02049233391880989), (-0.021017204970121384, -0.019017204642295837, -0.019999204203486443), (-0.02109750732779503, -0.02049233391880989, -0.01720000058412552), (-0.019200000911951065, -0.02049233391880989, -0.019097506999969482), (-0.021017204970121384, -0.019999204203486443, -0.019017204642295837), (-0.022492334246635437, -0.01720000058412552, -0.019097506999969482), (-0.022492334246635437, -0.019097506999969482, -0.01720000058412552), (-0.02199920266866684, -0.019017204642295837, -0.019017204642295837), (-0.019200000911951065, -0.020999999716877937, 0.01720000058412552), (-0.019200000911951065, -0.01720000058412552, 0.020999999716877937), (-0.023000000044703484, -0.01720000058412552, 0.01720000058412552), (-0.019200000911951065, -0.02049233391880989, 0.019097506999969482), (-0.02109750732779503, -0.02049233391880989, 0.01720000058412552), (-0.021017204970121384, -0.019999204203486443, 0.019017204642295837), (-0.02109750732779503, -0.01720000058412552, 0.02049233391880989), (-0.019200000911951065, -0.019097506999969482, 0.02049233391880989), (-0.021017204970121384, -0.019017204642295837, 0.019999204203486443), (-0.022492334246635437, -0.019097506999969482, 0.01720000058412552), (-0.022492334246635437, -0.01720000058412552, 0.019097506999969482), (-0.02199920266866684, -0.019017204642295837, 0.019017204642295837), (-0.019200000911951065, 0.01720000058412552, -0.020999999716877937), (-0.023000000044703484, 0.01720000058412552, -0.01720000058412552), (-0.019200000911951065, 0.020999999716877937, -0.01720000058412552), (-0.02109750732779503, 0.01720000058412552, -0.02049233391880989), (-0.019199999049305916, 0.019097506999969482, -0.02049233391880989), (-0.021017203107476234, 0.019017204642295837, -0.019999204203486443), (-0.022492334246635437, 0.019097506999969482, -0.01720000058412552), (-0.022492334246635437, 0.01720000058412552, -0.019097506999969482), (-0.02199920266866684, 0.019017204642295837, -0.019017204642295837), (-0.019199999049305916, 0.02049233391880989, -0.019097506999969482), (-0.02109750732779503, 0.02049233391880989, -0.01720000058412552), (-0.021017203107476234, 0.019999204203486443, -0.019017204642295837), (-0.019200000911951065, 0.01720000058412552, 0.020999999716877937), (-0.019200000911951065, 0.020999999716877937, 0.01720000058412552), (-0.023000000044703484, 0.01720000058412552, 0.01720000058412552), (-0.019200000911951065, 0.019097506999969482, 0.02049233391880989), (-0.02109750732779503, 0.01720000058412552, 0.02049233391880989), (-0.021017204970121384, 0.019017204642295837, 0.019999204203486443), (-0.02109750732779503, 0.02049233391880989, 0.01720000058412552), (-0.019200000911951065, 0.02049233391880989, 0.019097506999969482), (-0.021017204970121384, 0.019999204203486443, 0.019017204642295837), (-0.022492334246635437, 0.01720000058412552, 0.019097506999969482), (-0.022492334246635437, 0.019097506999969482, 0.01720000058412552), (-0.02199920266866684, 0.019017204642295837, 0.019017204642295837), (-0.004800000227987766, -0.01720000058412552, -0.020999999716877937), (-0.0010000001639127731, -0.01720000058412552, -0.01720000058412552), (-0.004800000227987766, -0.020999999716877937, -0.01720000058412552), (-0.0029024938121438026, -0.01720000058412552, -0.02049233391880989), (-0.004800001159310341, -0.019097506999969482, -0.02049233391880989), (-0.0029827971011400223, -0.019017204642295837, -0.019999204203486443), (-0.0015076668933033943, -0.019097506999969482, -0.01720000058412552), (-0.0015076668933033943, -0.01720000058412552, -0.019097506999969482), (-0.002000797539949417, -0.019017204642295837, -0.019017204642295837), (-0.004800001159310341, -0.02049233391880989, -0.019097506999969482), (-0.0029024938121438026, -0.02049233391880989, -0.01720000058412552), (-0.0029827971011400223, -0.019999204203486443, -0.019017204642295837), (-0.004800000227987766, -0.01720000058412552, 0.020999999716877937), (-0.004800000227987766, -0.020999999716877937, 0.01720000058412552), (-0.0010000001639127731, -0.01720000058412552, 0.01720000058412552), (-0.004800000227987766, -0.019097506999969482, 0.02049233391880989), (-0.002902492880821228, -0.01720000058412552, 0.02049233391880989), (-0.0029827961698174477, -0.019017204642295837, 0.019999204203486443), (-0.002902492880821228, -0.02049233391880989, 0.01720000058412552), (-0.004800000227987766, -0.02049233391880989, 0.019097506999969482), (-0.0029827961698174477, -0.019999204203486443, 0.019017204642295837), (-0.0015076659619808197, -0.01720000058412552, 0.019097506999969482), (-0.0015076659619808197, -0.019097506999969482, 0.01720000058412552), (-0.0020007966086268425, -0.019017204642295837, 0.019017204642295837), (-0.004800000227987766, 0.01720000058412552, -0.020999999716877937), (-0.004800000227987766, 0.020999999716877937, -0.01720000058412552), (-0.0010000001639127731, 0.01720000058412552, -0.01720000058412552), (-0.004800000227987766, 0.019097506999969482, -0.02049233391880989), (-0.002902492880821228, 0.01720000058412552, -0.02049233391880989), (-0.0029827961698174477, 0.019017204642295837, -0.019999204203486443), (-0.002902492880821228, 0.02049233391880989, -0.01720000058412552), (-0.004800000227987766, 0.02049233391880989, -0.019097506999969482), (-0.0029827961698174477, 0.019999204203486443, -0.019017204642295837), (-0.0015076659619808197, 0.01720000058412552, -0.019097506999969482), (-0.0015076659619808197, 0.019097506999969482, -0.01720000058412552), (-0.0020007966086268425, 0.019017204642295837, -0.019017204642295837), (-0.004800000227987766, 0.01720000058412552, 0.020999999716877937), (-0.0010000001639127731, 0.01720000058412552, 0.01720000058412552), (-0.004800000227987766, 0.020999999716877937, 0.01720000058412552), (-0.0029024938121438026, 0.01720000058412552, 0.02049233391880989), (-0.004800001159310341, 0.019097506999969482, 0.02049233391880989), (-0.0029827971011400223, 0.019017204642295837, 0.019999204203486443), (-0.0015076668933033943, 0.019097506999969482, 0.01720000058412552), (-0.0015076668933033943, 0.01720000058412552, 0.019097506999969482), (-0.002000797539949417, 0.019017204642295837, 0.019017204642295837), (-0.004800001159310341, 0.02049233391880989, 0.019097506999969482), (-0.0029024938121438026, 0.02049233391880989, 0.01720000058412552), (-0.0029827971011400223, 0.019999204203486443, 0.019017204642295837)]
int[] faceVertexCounts = [4, 4, 4, 4, 4, 4, 4, 4, 4, 4, 4, 3, 4, 4, 4, 4, 4, 4, 3, 4, 4, 4, 4, 4, 4, 3, 4, 4, 4, 4, 4, 4, 3, 4, 4, 4, 4, 4, 4, 3, 4, 4, 4, 4, 4, 4, 3, 4, 4, 4, 4, 4, 4, 3, 4, 4, 4, 4, 4, 4, 3, 4, 4, 4, 4, 4, 4, 4, 4, 4, 4, 4, 4, 4, 4, 4, 4, 4, 4, 4, 4, 4, 4, 4, 4, 4, 4, 4, 4, 4, 4, 4, 4, 4, 4, 4, 4, 4]
int[] faceVertexIndices = [50, 61, 12, 1, 74, 85, 62, 49, 84, 36, 13, 60, 2, 14, 38, 25, 26, 37, 86, 73, 0, 3, 5, 4, 3, 7, 8, 5, 1, 6, 8, 7, 6, 10, 11, 8, 2, 9, 11, 10, 9, 4, 5, 11, 5, 8, 11, 12, 15, 17, 16, 15, 19, 20, 17, 13, 18, 20, 19, 18, 22, 23, 20, 14, 21, 23, 22, 21, 16, 17, 23, 17, 20, 23, 24, 27, 29, 28, 27, 31, 32, 29, 25, 30, 32, 31, 30, 34, 35, 32, 26, 33, 35, 34, 33, 28, 29, 35, 29, 32, 35, 36, 39, 41, 40, 39, 43, 44, 41, 37, 42, 44, 43, 42, 46, 47, 44, 38, 45, 47, 46, 45, 40, 41, 47, 41, 44, 47, 48, 51, 53, 52, 51, 55, 56, 53, 49, 54, 56, 55, 54, 58, 59, 56, 50, 57, 59, 58, 57, 52, 53, 59, 53, 56, 59, 60, 63, 65, 64, 63, 67, 68, 65, 61, 66, 68, 67, 66, 70, 71, 68, 62, 69, 71, 70, 69, 64, 65, 71, 65, 68, 71, 72, 75, 77, 76, 75, 79, 80, 77, 73, 78, 80, 79, 78, 82, 83, 80, 74, 81, 83, 82, 81, 76, 77, 83, 77, 80, 83, 84, 87, 89, 88, 87, 91, 92, 89, 85, 90, 92, 91, 90, 94, 95, 92, 86, 93, 95, 94, 93, 88, 89, 95, 89, 92, 95, 24, 0, 4, 27, 27, 4, 9, 31, 31, 9, 2, 25, 1, 12, 16, 6, 6, 16, 21, 10, 10, 21, 14, 2, 13, 36, 40, 18, 18, 40, 45, 22, 22, 45, 38, 14, 37, 26, 34, 42, 42, 34, 30, 46, 46, 30, 25, 38, 72, 24, 28, 75, 75, 28, 33, 79, 79, 33, 26, 73, 36, 84, 88, 39, 39, 88, 93, 43, 43, 93, 86, 37, 85, 74, 82, 90, 90, 82, 78, 94, 94, 78, 73, 86, 48, 72, 76, 51, 51, 76, 81, 55, 55, 81, 74, 49, 84, 60, 64, 87, 87, 64, 69, 91, 91, 69, 62, 85, 61, 50, 58, 66, 66, 58, 54, 70, 70, 54, 49, 62, 0, 48, 52, 3, 3, 52, 57, 7, 7, 57, 50, 1, 60, 13, 19, 63, 63, 19, 15, 67, 67, 15, 12, 61, 24, 72, 48, 0]
uniform token subdivisionScheme = "none"
rel material:binding = </Component/Looks/Gemini_silver>
}
def Mesh "Front_bezel" (prepend apiSchemas = ["MaterialBindingAPI"]) {
point3f[] points = [(-0.000800000037997961, -0.01979999989271164, -0.019999999552965164), (-0.000800000037997961, -0.019999999552965164, -0.01979999989271164), (-0.0009999999310821295, -0.01979999989271164, -0.01979999989271164), (-0.000800000037997961, -0.019899869337677956, -0.019973279908299446), (-0.0008998687844723463, -0.01979999989271164, -0.019973279908299446), (-0.0008956423262134194, -0.0198956411331892, -0.019947325810790062), (-0.0008998687844723463, -0.019973279908299446, -0.01979999989271164), (-0.000800000037997961, -0.019973279908299446, -0.019899869337677956), (-0.0008956423262134194, -0.019947325810790062, -0.0198956411331892), (-0.0009732807520776987, -0.01979999989271164, -0.019899869337677956), (-0.0009732807520776987, -0.019899869337677956, -0.01979999989271164), (-0.0009473264799453318, -0.0198956411331892, -0.0198956411331892), (-0.000800000037997961, -0.019999999552965164, 0.01979999989271164), (-0.000800000037997961, -0.01979999989271164, 0.019999999552965164), (-0.0009999999310821295, -0.01979999989271164, 0.01979999989271164), (-0.000800000037997961, -0.019973279908299446, 0.019899869337677956), (-0.0008998687844723463, -0.019973279908299446, 0.01979999989271164), (-0.0008956423262134194, -0.019947325810790062, 0.0198956411331892), (-0.0008998687844723463, -0.01979999989271164, 0.019973279908299446), (-0.000800000037997961, -0.019899869337677956, 0.019973279908299446), (-0.0008956423262134194, -0.0198956411331892, 0.019947325810790062), (-0.0009732807520776987, -0.019899869337677956, 0.01979999989271164), (-0.0009732807520776987, -0.01979999989271164, 0.019899869337677956), (-0.0009473264799453318, -0.0198956411331892, 0.0198956411331892), (-0.000800000037997961, 0.01979999989271164, -0.019999999552965164), (-0.0009999999310821295, 0.01979999989271164, -0.01979999989271164), (-0.000800000037997961, 0.019999999552965164, -0.01979999989271164), (-0.0008998687844723463, 0.01979999989271164, -0.019973279908299446), (-0.000800000037997961, 0.019899869337677956, -0.019973279908299446), (-0.0008956423262134194, 0.0198956411331892, -0.019947325810790062), (-0.0009732807520776987, 0.019899869337677956, -0.01979999989271164), (-0.0009732807520776987, 0.01979999989271164, -0.019899869337677956), (-0.0009473264799453318, 0.0198956411331892, -0.0198956411331892), (-0.000800000037997961, 0.019973279908299446, -0.019899869337677956), (-0.0008998687844723463, 0.019973279908299446, -0.01979999989271164), (-0.0008956423262134194, 0.019947325810790062, -0.0198956411331892), (-0.000800000037997961, 0.01979999989271164, 0.019999999552965164), (-0.000800000037997961, 0.019999999552965164, 0.01979999989271164), (-0.0009999999310821295, 0.01979999989271164, 0.01979999989271164), (-0.000800000037997961, 0.019899869337677956, 0.019973279908299446), (-0.0008998687844723463, 0.01979999989271164, 0.019973279908299446), (-0.0008956423262134194, 0.0198956411331892, 0.019947325810790062), (-0.0008998687844723463, 0.019973279908299446, 0.01979999989271164), (-0.000800000037997961, 0.019973279908299446, 0.019899869337677956), (-0.0008956423262134194, 0.019947325810790062, 0.0198956411331892), (-0.0009732807520776987, 0.01979999989271164, 0.019899869337677956), (-0.0009732807520776987, 0.019899869337677956, 0.01979999989271164), (-0.0009473264799453318, 0.0198956411331892, 0.0198956411331892), (-0.0007999999215826392, -0.01979999989271164, -0.019999999552965164), (-0.0005999999702908099, -0.01979999989271164, -0.01979999989271164), (-0.0007999999215826392, -0.019999999552965164, -0.01979999989271164), (-0.000700131175108254, -0.01979999989271164, -0.019973279908299446), (-0.0007999999215826392, -0.019899869337677956, -0.019973279908299446), (-0.0007043576333671808, -0.0198956411331892, -0.019947325810790062), (-0.0006267192075029016, -0.019899869337677956, -0.01979999989271164), (-0.0006267192075029016, -0.01979999989271164, -0.019899869337677956), (-0.0006526734796352684, -0.0198956411331892, -0.0198956411331892), (-0.0007999999215826392, -0.019973279908299446, -0.019899869337677956), (-0.000700131175108254, -0.019973279908299446, -0.01979999989271164), (-0.0007043576333671808, -0.019947325810790062, -0.0198956411331892), (-0.0007999999215826392, -0.01979999989271164, 0.019999999552965164), (-0.0007999999215826392, -0.019999999552965164, 0.01979999989271164), (-0.0005999999702908099, -0.01979999989271164, 0.01979999989271164), (-0.0007999999215826392, -0.019899869337677956, 0.019973279908299446), (-0.000700131175108254, -0.01979999989271164, 0.019973279908299446), (-0.0007043576333671808, -0.0198956411331892, 0.019947325810790062), (-0.000700131175108254, -0.019973279908299446, 0.01979999989271164), (-0.0007999999215826392, -0.019973279908299446, 0.019899869337677956), (-0.0007043576333671808, -0.019947325810790062, 0.0198956411331892), (-0.0006267192075029016, -0.01979999989271164, 0.019899869337677956), (-0.0006267192075029016, -0.019899869337677956, 0.01979999989271164), (-0.0006526734796352684, -0.0198956411331892, 0.0198956411331892), (-0.0007999999215826392, 0.01979999989271164, -0.019999999552965164), (-0.0007999999215826392, 0.019999999552965164, -0.01979999989271164), (-0.0005999999702908099, 0.01979999989271164, -0.01979999989271164), (-0.0007999999215826392, 0.019899869337677956, -0.019973279908299446), (-0.000700131175108254, 0.01979999989271164, -0.019973279908299446), (-0.0007043576333671808, 0.0198956411331892, -0.019947325810790062), (-0.000700131175108254, 0.019973279908299446, -0.01979999989271164), (-0.0007999999215826392, 0.019973279908299446, -0.019899869337677956), (-0.0007043576333671808, 0.019947325810790062, -0.0198956411331892), (-0.0006267192075029016, 0.01979999989271164, -0.019899869337677956), (-0.0006267192075029016, 0.019899869337677956, -0.01979999989271164), (-0.0006526734796352684, 0.0198956411331892, -0.0198956411331892), (-0.0007999999215826392, 0.01979999989271164, 0.019999999552965164), (-0.0005999999702908099, 0.01979999989271164, 0.01979999989271164), (-0.0007999999215826392, 0.019999999552965164, 0.01979999989271164), (-0.000700131175108254, 0.01979999989271164, 0.019973279908299446), (-0.0007999999215826392, 0.019899869337677956, 0.019973279908299446), (-0.0007043576333671808, 0.0198956411331892, 0.019947325810790062), (-0.0006267192075029016, 0.019899869337677956, 0.01979999989271164), (-0.0006267192075029016, 0.01979999989271164, 0.019899869337677956), (-0.0006526734796352684, 0.0198956411331892, 0.0198956411331892), (-0.0007999999215826392, 0.019973279908299446, 0.019899869337677956), (-0.000700131175108254, 0.019973279908299446, 0.01979999989271164), (-0.0007043576333671808, 0.019947325810790062, 0.0198956411331892)]
int[] faceVertexCounts = [4, 4, 4, 4, 4, 4, 4, 4, 4, 4, 4, 3, 4, 4, 4, 4, 4, 4, 3, 4, 4, 4, 4, 4, 4, 3, 4, 4, 4, 4, 4, 4, 3, 4, 4, 4, 4, 4, 4, 3, 4, 4, 4, 4, 4, 4, 3, 4, 4, 4, 4, 4, 4, 3, 4, 4, 4, 4, 4, 4, 3, 4, 4, 4, 4, 4, 4, 4, 4, 4, 4, 4, 4, 4, 4, 4, 4, 4, 4, 4, 4, 4, 4, 4, 4, 4, 4, 4, 4, 4, 4, 4, 4, 4, 4, 4, 4, 4]
int[] faceVertexIndices = [50, 61, 12, 1, 74, 85, 62, 49, 84, 36, 13, 60, 2, 14, 38, 25, 26, 37, 86, 73, 0, 3, 5, 4, 3, 7, 8, 5, 1, 6, 8, 7, 6, 10, 11, 8, 2, 9, 11, 10, 9, 4, 5, 11, 5, 8, 11, 12, 15, 17, 16, 15, 19, 20, 17, 13, 18, 20, 19, 18, 22, 23, 20, 14, 21, 23, 22, 21, 16, 17, 23, 17, 20, 23, 24, 27, 29, 28, 27, 31, 32, 29, 25, 30, 32, 31, 30, 34, 35, 32, 26, 33, 35, 34, 33, 28, 29, 35, 29, 32, 35, 36, 39, 41, 40, 39, 43, 44, 41, 37, 42, 44, 43, 42, 46, 47, 44, 38, 45, 47, 46, 45, 40, 41, 47, 41, 44, 47, 48, 51, 53, 52, 51, 55, 56, 53, 49, 54, 56, 55, 54, 58, 59, 56, 50, 57, 59, 58, 57, 52, 53, 59, 53, 56, 59, 60, 63, 65, 64, 63, 67, 68, 65, 61, 66, 68, 67, 66, 70, 71, 68, 62, 69, 71, 70, 69, 64, 65, 71, 65, 68, 71, 72, 75, 77, 76, 75, 79, 80, 77, 73, 78, 80, 79, 78, 82, 83, 80, 74, 81, 83, 82, 81, 76, 77, 83, 77, 80, 83, 84, 87, 89, 88, 87, 91, 92, 89, 85, 90, 92, 91, 90, 94, 95, 92, 86, 93, 95, 94, 93, 88, 89, 95, 89, 92, 95, 24, 0, 4, 27, 27, 4, 9, 31, 31, 9, 2, 25, 1, 12, 16, 6, 6, 16, 21, 10, 10, 21, 14, 2, 13, 36, 40, 18, 18, 40, 45, 22, 22, 45, 38, 14, 37, 26, 34, 42, 42, 34, 30, 46, 46, 30, 25, 38, 72, 24, 28, 75, 75, 28, 33, 79, 79, 33, 26, 73, 36, 84, 88, 39, 39, 88, 93, 43, 43, 93, 86, 37, 85, 74, 82, 90, 90, 82, 78, 94, 94, 78, 73, 86, 48, 72, 76, 51, 51, 76, 81, 55, 55, 81, 74, 49, 84, 60, 64, 87, 87, 64, 69, 91, 91, 69, 62, 85, 61, 50, 58, 66, 66, 58, 54, 70, 70, 54, 49, 62, 0, 48, 52, 3, 3, 52, 57, 7, 7, 57, 50, 1, 60, 13, 19, 63, 63, 19, 15, 67, 67, 15, 12, 61, 24, 72, 48, 0]
uniform token subdivisionScheme = "none"
rel material:binding = </Component/Looks/Gemini_silver>
}
def Mesh "Front_glass" (prepend apiSchemas = ["MaterialBindingAPI"]) {
point3f[] points = [(-0.0005000000237487257, -0.018400000408291817, -0.01850000023841858), (-0.0005000000237487257, -0.01850000023841858, -0.018400000408291817), (-0.0006000000284984708, -0.018400000408291817, -0.018400000408291817), (-0.0005000000237487257, -0.01844993233680725, -0.018486639484763145), (-0.0005499344551935792, -0.018399998545646667, -0.018486639484763145), (-0.0005478211678564548, -0.018447820097208023, -0.018473662436008453), (-0.0005499344551935792, -0.018486639484763145, -0.018399998545646667), (-0.0005000000237487257, -0.018486639484763145, -0.01844993233680725), (-0.0005478211678564548, -0.018473662436008453, -0.018447820097208023), (-0.0005866403807885945, -0.018399998545646667, -0.01844993233680725), (-0.0005866403807885945, -0.01844993233680725, -0.018399998545646667), (-0.0005736632738262415, -0.018447820097208023, -0.018447820097208023), (-0.0005000000237487257, -0.01850000023841858, 0.018400000408291817), (-0.0005000000237487257, -0.018400000408291817, 0.01850000023841858), (-0.0006000000284984708, -0.018400000408291817, 0.018400000408291817), (-0.0005000000237487257, -0.018486639484763145, 0.01844993233680725), (-0.0005499344551935792, -0.018486639484763145, 0.018399998545646667), (-0.0005478211678564548, -0.018473662436008453, 0.018447820097208023), (-0.0005499344551935792, -0.018399998545646667, 0.018486639484763145), (-0.0005000000237487257, -0.01844993233680725, 0.018486639484763145), (-0.0005478211678564548, -0.018447820097208023, 0.018473662436008453), (-0.0005866403807885945, -0.01844993233680725, 0.018399998545646667), (-0.0005866403807885945, -0.018399998545646667, 0.01844993233680725), (-0.0005736632738262415, -0.018447820097208023, 0.018447820097208023), (-0.0005000000237487257, 0.018400000408291817, -0.01850000023841858), (-0.0006000000284984708, 0.018400000408291817, -0.018400000408291817), (-0.0005000000237487257, 0.01850000023841858, -0.018400000408291817), (-0.0005499344551935792, 0.018400000408291817, -0.018486639484763145), (-0.0005000000237487257, 0.0184499341994524, -0.018486639484763145), (-0.0005478211678564548, 0.018447821959853172, -0.018473662436008453), (-0.0005866403807885945, 0.0184499341994524, -0.018399998545646667), (-0.0005866403807885945, 0.018400000408291817, -0.01844993233680725), (-0.0005736632738262415, 0.018447821959853172, -0.018447820097208023), (-0.0005000000237487257, 0.018486641347408295, -0.01844993233680725), (-0.0005499344551935792, 0.018486641347408295, -0.018399998545646667), (-0.0005478211678564548, 0.018473664298653603, -0.018447820097208023), (-0.0005000000237487257, 0.018400000408291817, 0.01850000023841858), (-0.0005000000237487257, 0.01850000023841858, 0.018400000408291817), (-0.0006000000284984708, 0.018400000408291817, 0.018400000408291817), (-0.0005000000237487257, 0.01844993233680725, 0.018486639484763145), (-0.0005499344551935792, 0.018399998545646667, 0.018486639484763145), (-0.0005478211678564548, 0.018447820097208023, 0.018473662436008453), (-0.0005499344551935792, 0.018486639484763145, 0.018399998545646667), (-0.0005000000237487257, 0.018486639484763145, 0.01844993233680725), (-0.0005478211678564548, 0.018473662436008453, 0.018447820097208023), (-0.0005866403807885945, 0.018399998545646667, 0.01844993233680725), (-0.0005866403807885945, 0.01844993233680725, 0.018399998545646667), (-0.0005736632738262415, 0.018447820097208023, 0.018447820097208023), (-0.0005000000237487257, -0.018400000408291817, -0.01850000023841858), (-0.0004000000189989805, -0.018400000408291817, -0.018400000408291817), (-0.0005000000237487257, -0.01850000023841858, -0.018400000408291817), (-0.00045006562140770257, -0.018400000408291817, -0.018486639484763145), (-0.0005000000237487257, -0.0184499341994524, -0.018486639484763145), (-0.000452178850537166, -0.018447821959853172, -0.018473662436008453), (-0.00041335963760502636, -0.0184499341994524, -0.018399998545646667), (-0.00041335963760502636, -0.018400000408291817, -0.01844993233680725), (-0.0004263367736712098, -0.018447821959853172, -0.018447820097208023), (-0.0005000000237487257, -0.018486641347408295, -0.01844993233680725), (-0.00045006562140770257, -0.018486641347408295, -0.018399998545646667), (-0.000452178850537166, -0.018473664298653603, -0.018447820097208023), (-0.0005000000237487257, -0.018400000408291817, 0.01850000023841858), (-0.0005000000237487257, -0.01850000023841858, 0.018400000408291817), (-0.0004000000189989805, -0.018400000408291817, 0.018400000408291817), (-0.0005000000237487257, -0.01844993233680725, 0.018486639484763145), (-0.00045006562140770257, -0.018399998545646667, 0.018486639484763145), (-0.000452178850537166, -0.018447820097208023, 0.018473662436008453), (-0.00045006562140770257, -0.018486639484763145, 0.018399998545646667), (-0.0005000000237487257, -0.018486639484763145, 0.01844993233680725), (-0.000452178850537166, -0.018473662436008453, 0.018447820097208023), (-0.00041335963760502636, -0.018399998545646667, 0.01844993233680725), (-0.00041335963760502636, -0.01844993233680725, 0.018399998545646667), (-0.0004263367736712098, -0.018447820097208023, 0.018447820097208023), (-0.0005000000237487257, 0.018400000408291817, -0.01850000023841858), (-0.0005000000237487257, 0.01850000023841858, -0.018400000408291817), (-0.0004000000189989805, 0.018400000408291817, -0.018400000408291817), (-0.0005000000237487257, 0.01844993233680725, -0.018486639484763145), (-0.00045006562140770257, 0.018399998545646667, -0.018486639484763145), (-0.000452178850537166, 0.018447820097208023, -0.018473662436008453), (-0.00045006562140770257, 0.018486639484763145, -0.018399998545646667), (-0.0005000000237487257, 0.018486639484763145, -0.01844993233680725), (-0.000452178850537166, 0.018473662436008453, -0.018447820097208023), (-0.00041335963760502636, 0.018399998545646667, -0.01844993233680725), (-0.00041335963760502636, 0.01844993233680725, -0.018399998545646667), (-0.0004263367736712098, 0.018447820097208023, -0.018447820097208023), (-0.0005000000237487257, 0.018400000408291817, 0.01850000023841858), (-0.0004000000189989805, 0.018400000408291817, 0.018400000408291817), (-0.0005000000237487257, 0.01850000023841858, 0.018400000408291817), (-0.00045006562140770257, 0.018400000408291817, 0.018486639484763145), (-0.0005000000237487257, 0.0184499341994524, 0.018486639484763145), (-0.000452178850537166, 0.018447821959853172, 0.018473662436008453), (-0.00041335963760502636, 0.0184499341994524, 0.018399998545646667), (-0.00041335963760502636, 0.018400000408291817, 0.01844993233680725), (-0.0004263367736712098, 0.018447821959853172, 0.018447820097208023), (-0.0005000000237487257, 0.018486641347408295, 0.01844993233680725), (-0.00045006562140770257, 0.018486641347408295, 0.018399998545646667), (-0.000452178850537166, 0.018473664298653603, 0.018447820097208023)]
int[] faceVertexCounts = [4, 4, 4, 4, 4, 4, 4, 4, 4, 4, 4, 3, 4, 4, 4, 4, 4, 4, 3, 4, 4, 4, 4, 4, 4, 3, 4, 4, 4, 4, 4, 4, 3, 4, 4, 4, 4, 4, 4, 3, 4, 4, 4, 4, 4, 4, 3, 4, 4, 4, 4, 4, 4, 3, 4, 4, 4, 4, 4, 4, 3, 4, 4, 4, 4, 4, 4, 4, 4, 4, 4, 4, 4, 4, 4, 4, 4, 4, 4, 4, 4, 4, 4, 4, 4, 4, 4, 4, 4, 4, 4, 4, 4, 4, 4, 4, 4, 4]
int[] faceVertexIndices = [50, 61, 12, 1, 74, 85, 62, 49, 84, 36, 13, 60, 2, 14, 38, 25, 26, 37, 86, 73, 0, 3, 5, 4, 3, 7, 8, 5, 1, 6, 8, 7, 6, 10, 11, 8, 2, 9, 11, 10, 9, 4, 5, 11, 5, 8, 11, 12, 15, 17, 16, 15, 19, 20, 17, 13, 18, 20, 19, 18, 22, 23, 20, 14, 21, 23, 22, 21, 16, 17, 23, 17, 20, 23, 24, 27, 29, 28, 27, 31, 32, 29, 25, 30, 32, 31, 30, 34, 35, 32, 26, 33, 35, 34, 33, 28, 29, 35, 29, 32, 35, 36, 39, 41, 40, 39, 43, 44, 41, 37, 42, 44, 43, 42, 46, 47, 44, 38, 45, 47, 46, 45, 40, 41, 47, 41, 44, 47, 48, 51, 53, 52, 51, 55, 56, 53, 49, 54, 56, 55, 54, 58, 59, 56, 50, 57, 59, 58, 57, 52, 53, 59, 53, 56, 59, 60, 63, 65, 64, 63, 67, 68, 65, 61, 66, 68, 67, 66, 70, 71, 68, 62, 69, 71, 70, 69, 64, 65, 71, 65, 68, 71, 72, 75, 77, 76, 75, 79, 80, 77, 73, 78, 80, 79, 78, 82, 83, 80, 74, 81, 83, 82, 81, 76, 77, 83, 77, 80, 83, 84, 87, 89, 88, 87, 91, 92, 89, 85, 90, 92, 91, 90, 94, 95, 92, 86, 93, 95, 94, 93, 88, 89, 95, 89, 92, 95, 24, 0, 4, 27, 27, 4, 9, 31, 31, 9, 2, 25, 1, 12, 16, 6, 6, 16, 21, 10, 10, 21, 14, 2, 13, 36, 40, 18, 18, 40, 45, 22, 22, 45, 38, 14, 37, 26, 34, 42, 42, 34, 30, 46, 46, 30, 25, 38, 72, 24, 28, 75, 75, 28, 33, 79, 79, 33, 26, 73, 36, 84, 88, 39, 39, 88, 93, 43, 43, 93, 86, 37, 85, 74, 82, 90, 90, 82, 78, 94, 94, 78, 73, 86, 48, 72, 76, 51, 51, 76, 81, 55, 55, 81, 74, 49, 84, 60, 64, 87, 87, 64, 69, 91, 91, 69, 62, 85, 61, 50, 58, 66, 66, 58, 54, 70, 70, 54, 49, 62, 0, 48, 52, 3, 3, 52, 57, 7, 7, 57, 50, 1, 60, 13, 19, 63, 63, 19, 15, 67, 67, 15, 12, 61, 24, 72, 48, 0]
uniform token subdivisionScheme = "none"
rel material:binding = </Component/Looks/Gemini_black_glass>
}
def Mesh "Lens_ring" (prepend apiSchemas = ["MaterialBindingAPI"]) {
point3f[] points = [(-0.0004000000189989805, -0.0019999993965029716, 1.7484554385924223e-12), (-0.00031999999191612005, -0.0019999993965029716, -1.7484554385924223e-12), (-0.000400000048102811, -0.002059885300695896, -0.0009136834414675832), (-0.00032000005012378097, -0.002059885300695896, -0.0009136834414675832), (-0.00040000007720664144, -0.0022385185584425926, -0.0018117333529517055), (-0.0003200000792276114, -0.0022385185584425926, -0.0018117333529517055), (-0.00040000013541430235, -0.0025328430347144604, -0.0026787843089550734), (-0.00032000013743527234, -0.0025328430347144604, -0.0026787843089550734), (-0.0004000001645181328, -0.0029378216713666916, -0.0035000001080334187), (-0.0003200001665391028, -0.0029378216713666916, -0.0035000001080334187), (-0.00040000019362196326, -0.0034465263597667217, -0.004261330235749483), (-0.00032000019564293325, -0.0034465263597667217, -0.004261330235749483), (-0.0004000002227257937, -0.00405025202780962, -0.004949747584760189), (-0.0003200002247467637, -0.00405025202780962, -0.004949747584760189), (-0.0004000002518296242, -0.004738669376820326, -0.005553473252803087), (-0.00032000025385059416, -0.004738669376820326, -0.005553473252803087), (-0.00040000028093345463, -0.00549999950453639, -0.006062177941203117), (-0.0003200002829544246, -0.00549999950453639, -0.006062177941203117), (-0.00040000028093345463, -0.006321215070784092, -0.006467156577855349), (-0.0003200002829544246, -0.006321215070784092, -0.006467156577855349), (-0.0004000003100372851, -0.007188266143202782, -0.006761481054127216), (-0.0003200003120582551, -0.007188266143202782, -0.006761481054127216), (-0.0004000003100372851, -0.008086316287517548, -0.006940114311873913), (-0.0003200003120582551, -0.008086316287517548, -0.006940114311873913), (-0.0004000003100372851, -0.008999999612569809, -0.007000000216066837), (-0.0003200003120582551, -0.008999999612569809, -0.007000000216066837), (-0.0004000003100372851, -0.00991368293762207, -0.006940114311873913), (-0.0003200003120582551, -0.00991368293762207, -0.006940114311873913), (-0.0004000003100372851, -0.010811733081936836, -0.006761481054127216), (-0.0003200003120582551, -0.010811733081936836, -0.006761481054127216), (-0.00040000028093345463, -0.011678784154355526, -0.006467156577855349), (-0.0003200002829544246, -0.011678784154355526, -0.006467156577855349), (-0.00040000028093345463, -0.01249999925494194, -0.006062177941203117), (-0.0003200002829544246, -0.01249999925494194, -0.006062177941203117), (-0.0004000002518296242, -0.013261329382658005, -0.005553473252803087), (-0.00032000025385059416, -0.013261329382658005, -0.005553473252803087), (-0.0004000002227257937, -0.013949747197329998, -0.004949747584760189), (-0.0003200002247467637, -0.013949747197329998, -0.004949747584760189), (-0.00040000019362196326, -0.014553472399711609, -0.004261330235749483), (-0.00032000019564293325, -0.014553472399711609, -0.004261330235749483), (-0.0004000001645181328, -0.015062177553772926, -0.0035000001080334187), (-0.0003200001665391028, -0.015062177553772926, -0.0035000001080334187), (-0.00040000013541430235, -0.01546715572476387, -0.0026787843089550734), (-0.00032000013743527234, -0.01546715572476387, -0.0026787843089550734), (-0.00040000007720664144, -0.01576147973537445, -0.0018117333529517055), (-0.0003200000792276114, -0.01576147973537445, -0.0018117333529517055), (-0.000400000048102811, -0.015940114855766296, -0.0009136834414675832), (-0.00032000005012378097, -0.015940114855766296, -0.0009136834414675832), (-0.0004000000189989805, -0.01599999889731407, 1.7484554385924223e-12), (-0.00031999999191612005, -0.01599999889731407, -1.7484554385924223e-12), (-0.0003999999607913196, -0.015940114855766296, 0.0009136834414675832), (-0.0003199999628122896, -0.015940114855766296, 0.0009136834414675832), (-0.00039999993168748915, -0.01576147973537445, 0.0018117333529517055), (-0.00031999993370845914, -0.01576147973537445, 0.0018117333529517055), (-0.00039999987347982824, -0.01546715572476387, 0.0026787843089550734), (-0.0003199998755007982, -0.01546715572476387, 0.0026787843089550734), (-0.0003999998443759978, -0.015062177553772926, 0.0035000001080334187), (-0.00031999984639696777, -0.015062177553772926, 0.0035000001080334187), (-0.0003999998152721673, -0.014553472399711609, 0.004261330235749483), (-0.0003199998172931373, -0.014553472399711609, 0.004261330235749483), (-0.00039999978616833687, -0.013949747197329998, 0.004949747584760189), (-0.00031999978818930686, -0.013949747197329998, 0.004949747584760189), (-0.0003999997570645064, -0.013261329382658005, 0.005553473252803087), (-0.0003199997590854764, -0.013261329382658005, 0.005553473252803087), (-0.00039999972796067595, -0.01249999925494194, 0.006062177941203117), (-0.00031999972998164594, -0.01249999925494194, 0.006062177941203117), (-0.00039999972796067595, -0.011678784154355526, 0.006467156577855349), (-0.00031999972998164594, -0.011678784154355526, 0.006467156577855349), (-0.0003999996988568455, -0.010811733081936836, 0.006761481054127216), (-0.0003199997008778155, -0.010811733081936836, 0.006761481054127216), (-0.0003999996988568455, -0.00991368293762207, 0.006940114311873913), (-0.0003199997008778155, -0.00991368293762207, 0.006940114311873913), (-0.0003999996988568455, -0.008999999612569809, 0.007000000216066837), (-0.0003199997008778155, -0.008999999612569809, 0.007000000216066837), (-0.0003999996988568455, -0.008086316287517548, 0.006940114311873913), (-0.0003199997008778155, -0.008086316287517548, 0.006940114311873913), (-0.0003999996988568455, -0.007188266143202782, 0.006761481054127216), (-0.0003199997008778155, -0.007188266143202782, 0.006761481054127216), (-0.00039999972796067595, -0.006321215070784092, 0.006467156577855349), (-0.00031999972998164594, -0.006321215070784092, 0.006467156577855349), (-0.00039999972796067595, -0.00549999950453639, 0.006062177941203117), (-0.00031999972998164594, -0.00549999950453639, 0.006062177941203117), (-0.0003999997570645064, -0.004738669376820326, 0.005553473252803087), (-0.0003199997590854764, -0.004738669376820326, 0.005553473252803087), (-0.00039999978616833687, -0.00405025202780962, 0.004949747584760189), (-0.00031999978818930686, -0.00405025202780962, 0.004949747584760189), (-0.0003999998152721673, -0.0034465263597667217, 0.004261330235749483), (-0.0003199998172931373, -0.0034465263597667217, 0.004261330235749483), (-0.0003999998443759978, -0.0029378216713666916, 0.0035000001080334187), (-0.00031999984639696777, -0.0029378216713666916, 0.0035000001080334187), (-0.00039999987347982824, -0.0025328430347144604, 0.0026787843089550734), (-0.0003199998755007982, -0.0025328430347144604, 0.0026787843089550734), (-0.00039999993168748915, -0.0022385185584425926, 0.0018117333529517055), (-0.00031999993370845914, -0.0022385185584425926, 0.0018117333529517055), (-0.0003999999607913196, -0.002059885300695896, 0.0009136834414675832), (-0.0003199999628122896, -0.002059885300695896, 0.0009136834414675832)]
int[] faceVertexCounts = [4, 4, 4, 4, 4, 4, 4, 4, 4, 4, 4, 4, 4, 4, 4, 4, 4, 4, 4, 4, 4, 4, 4, 4, 4, 4, 4, 4, 4, 4, 4, 4, 4, 4, 4, 4, 4, 4, 4, 4, 4, 4, 4, 4, 4, 4, 48, 4, 4, 48]
int[] faceVertexIndices = [0, 1, 3, 2, 2, 3, 5, 4, 4, 5, 7, 6, 6, 7, 9, 8, 8, 9, 11, 10, 10, 11, 13, 12, 12, 13, 15, 14, 14, 15, 17, 16, 16, 17, 19, 18, 18, 19, 21, 20, 20, 21, 23, 22, 22, 23, 25, 24, 24, 25, 27, 26, 26, 27, 29, 28, 28, 29, 31, 30, 30, 31, 33, 32, 32, 33, 35, 34, 34, 35, 37, 36, 36, 37, 39, 38, 38, 39, 41, 40, 40, 41, 43, 42, 42, 43, 45, 44, 44, 45, 47, 46, 46, 47, 49, 48, 48, 49, 51, 50, 50, 51, 53, 52, 52, 53, 55, 54, 54, 55, 57, 56, 56, 57, 59, 58, 58, 59, 61, 60, 60, 61, 63, 62, 62, 63, 65, 64, 64, 65, 67, 66, 66, 67, 69, 68, 68, 69, 71, 70, 70, 71, 73, 72, 72, 73, 75, 74, 74, 75, 77, 76, 76, 77, 79, 78, 78, 79, 81, 80, 80, 81, 83, 82, 82, 83, 85, 84, 84, 85, 87, 86, 86, 87, 89, 88, 88, 89, 91, 90, 90, 91, 93, 92, 3, 1, 95, 93, 91, 89, 87, 85, 83, 81, 79, 77, 75, 73, 71, 69, 67, 65, 63, 61, 59, 57, 55, 53, 51, 49, 47, 45, 43, 41, 39, 37, 35, 33, 31, 29, 27, 25, 23, 21, 19, 17, 15, 13, 11, 9, 7, 5, 92, 93, 95, 94, 94, 95, 1, 0, 0, 2, 4, 6, 8, 10, 12, 14, 16, 18, 20, 22, 24, 26, 28, 30, 32, 34, 36, 38, 40, 42, 44, 46, 48, 50, 52, 54, 56, 58, 60, 62, 64, 66, 68, 70, 72, 74, 76, 78, 80, 82, 84, 86, 88, 90, 92, 94]
uniform token subdivisionScheme = "none"
rel material:binding = </Component/Looks/Gemini_silver>
}
def Mesh "Lens_barrel" (prepend apiSchemas = ["MaterialBindingAPI"]) {
point3f[] points = [(-0.0002799999783746898, -0.002599999774247408, 1.7484554385924223e-12), (-0.00019999999494757503, -0.002599999774247408, -1.7484554385924223e-12), (-0.00028000003658235073, -0.002654752694070339, -0.0008353676530532539), (-0.00020000003860332072, -0.002654752694070339, -0.0008353676530532539), (-0.0002800000656861812, -0.00281807454302907, -0.0016564418328925967), (-0.00020000006770715117, -0.00281807454302907, -0.0016564418328925967), (-0.00028000009479001164, -0.0030871708877384663, -0.0024491739459335804), (-0.00020000009681098163, -0.0030871708877384663, -0.0024491739459335804), (-0.0002800001238938421, -0.0034574372693896294, -0.0031999999191612005), (-0.00020000014046672732, -0.0034574372693896294, -0.0031999999191612005), (-0.00028000015299767256, -0.003922538366168737, -0.0038960729725658894), (-0.00020000016957055777, -0.003922538366168737, -0.0038960729725658894), (-0.000280000182101503, -0.0044745164923369884, -0.0045254831202328205), (-0.00020000019867438823, -0.0044745164923369884, -0.0045254831202328205), (-0.00028000021120533347, -0.00510392664000392, -0.0050774612464010715), (-0.00020000021322630346, -0.00510392664000392, -0.0050774612464010715), (-0.00028000024030916393, -0.005799999460577965, -0.00554256234318018), (-0.00020000024233013391, -0.005799999460577965, -0.00554256234318018), (-0.00028000024030916393, -0.0065508256666362286, -0.005912828724831343), (-0.00020000025688204914, -0.0065508256666362286, -0.005912828724831343), (-0.0002800002694129944, -0.00734355766326189, -0.006181925069540739), (-0.00020000027143396437, -0.00734355766326189, -0.006181925069540739), (-0.0002800002694129944, -0.008164632134139538, -0.00634524691849947), (-0.00020000027143396437, -0.008164632134139538, -0.00634524691849947), (-0.0002800002694129944, -0.008999999612569809, -0.006399999838322401), (-0.00020000027143396437, -0.008999999612569809, -0.006399999838322401), (-0.0002800002694129944, -0.00983536709100008, -0.00634524691849947), (-0.00020000027143396437, -0.00983536709100008, -0.00634524691849947), (-0.0002800002694129944, -0.010656441561877728, -0.006181925069540739), (-0.00020000027143396437, -0.010656441561877728, -0.006181925069540739), (-0.00028000024030916393, -0.011449173092842102, -0.005912828724831343), (-0.00020000025688204914, -0.011449173092842102, -0.005912828724831343), (-0.00028000024030916393, -0.012199999764561653, -0.00554256234318018), (-0.00020000024233013391, -0.012199999764561653, -0.00554256234318018), (-0.00028000021120533347, -0.012896072119474411, -0.0050774612464010715), (-0.00020000021322630346, -0.012896072119474411, -0.0050774612464010715), (-0.000280000182101503, -0.013525482267141342, -0.0045254831202328205), (-0.00020000019867438823, -0.013525482267141342, -0.0045254831202328205), (-0.00028000015299767256, -0.014077460393309593, -0.0038960729725658894), (-0.00020000016957055777, -0.014077460393309593, -0.0038960729725658894), (-0.0002800001238938421, -0.014542561955749989, -0.0031999999191612005), (-0.00020000014046672732, -0.014542561955749989, -0.0031999999191612005), (-0.00028000009479001164, -0.014912828803062439, -0.0024491739459335804), (-0.00020000009681098163, -0.014912828803062439, -0.0024491739459335804), (-0.0002800000656861812, -0.015181925147771835, -0.0016564418328925967), (-0.00020000006770715117, -0.015181925147771835, -0.0016564418328925967), (-0.00028000003658235073, -0.015345246531069279, -0.0008353676530532539), (-0.00020000003860332072, -0.015345246531069279, -0.0008353676530532539), (-0.0002799999783746898, -0.015399999916553497, 1.7484554385924223e-12), (-0.00019999999494757503, -0.015399999916553497, -1.7484554385924223e-12), (-0.00027999994927085936, -0.015345246531069279, 0.0008353676530532539), (-0.00019999995129182935, -0.015345246531069279, 0.0008353676530532539), (-0.0002799999201670289, -0.015181925147771835, 0.0016564418328925967), (-0.0001999999221879989, -0.015181925147771835, 0.0016564418328925967), (-0.00027999989106319845, -0.014912828803062439, 0.0024491739459335804), (-0.00019999989308416843, -0.014912828803062439, 0.0024491739459335804), (-0.000279999861959368, -0.014542561955749989, 0.0031999999191612005), (-0.00019999984942842275, -0.014542561955749989, 0.0031999999191612005), (-0.00027999983285553753, -0.014077460393309593, 0.0038960729725658894), (-0.0001999998203245923, -0.014077460393309593, 0.0038960729725658894), (-0.0002799998037517071, -0.013525482267141342, 0.0045254831202328205), (-0.00019999979122076184, -0.013525482267141342, 0.0045254831202328205), (-0.0002799997746478766, -0.012896072119474411, 0.0050774612464010715), (-0.0001999997766688466, -0.012896072119474411, 0.0050774612464010715), (-0.00027999974554404616, -0.012199999764561653, 0.00554256234318018), (-0.00019999974756501615, -0.012199999764561653, 0.00554256234318018), (-0.00027999974554404616, -0.011449173092842102, 0.005912828724831343), (-0.00019999973301310092, -0.011449173092842102, 0.005912828724831343), (-0.0002799997164402157, -0.010656441561877728, 0.006181925069540739), (-0.0001999997184611857, -0.010656441561877728, 0.006181925069540739), (-0.0002799997164402157, -0.00983536709100008, 0.00634524691849947), (-0.0001999997184611857, -0.00983536709100008, 0.00634524691849947), (-0.0002799997164402157, -0.008999999612569809, 0.006399999838322401), (-0.0001999997184611857, -0.008999999612569809, 0.006399999838322401), (-0.0002799997164402157, -0.008164632134139538, 0.00634524691849947), (-0.0001999997184611857, -0.008164632134139538, 0.00634524691849947), (-0.0002799997164402157, -0.00734355766326189, 0.006181925069540739), (-0.0001999997184611857, -0.00734355766326189, 0.006181925069540739), (-0.00027999974554404616, -0.0065508256666362286, 0.005912828724831343), (-0.00019999973301310092, -0.0065508256666362286, 0.005912828724831343), (-0.00027999974554404616, -0.005799999460577965, 0.00554256234318018), (-0.00019999974756501615, -0.005799999460577965, 0.00554256234318018), (-0.0002799997746478766, -0.00510392664000392, 0.0050774612464010715), (-0.0001999997766688466, -0.00510392664000392, 0.0050774612464010715), (-0.0002799998037517071, -0.0044745164923369884, 0.0045254831202328205), (-0.00019999979122076184, -0.0044745164923369884, 0.0045254831202328205), (-0.00027999983285553753, -0.003922538366168737, 0.0038960729725658894), (-0.0001999998203245923, -0.003922538366168737, 0.0038960729725658894), (-0.000279999861959368, -0.0034574372693896294, 0.0031999999191612005), (-0.00019999984942842275, -0.0034574372693896294, 0.0031999999191612005), (-0.00027999989106319845, -0.0030871708877384663, 0.0024491739459335804), (-0.00019999989308416843, -0.0030871708877384663, 0.0024491739459335804), (-0.0002799999201670289, -0.00281807454302907, 0.0016564418328925967), (-0.0001999999221879989, -0.00281807454302907, 0.0016564418328925967), (-0.00027999994927085936, -0.002654752694070339, 0.0008353676530532539), (-0.00019999995129182935, -0.002654752694070339, 0.0008353676530532539)]
int[] faceVertexCounts = [4, 4, 4, 4, 4, 4, 4, 4, 4, 4, 4, 4, 4, 4, 4, 4, 4, 4, 4, 4, 4, 4, 4, 4, 4, 4, 4, 4, 4, 4, 4, 4, 4, 4, 4, 4, 4, 4, 4, 4, 4, 4, 4, 4, 4, 4, 48, 4, 4, 48]
int[] faceVertexIndices = [0, 1, 3, 2, 2, 3, 5, 4, 4, 5, 7, 6, 6, 7, 9, 8, 8, 9, 11, 10, 10, 11, 13, 12, 12, 13, 15, 14, 14, 15, 17, 16, 16, 17, 19, 18, 18, 19, 21, 20, 20, 21, 23, 22, 22, 23, 25, 24, 24, 25, 27, 26, 26, 27, 29, 28, 28, 29, 31, 30, 30, 31, 33, 32, 32, 33, 35, 34, 34, 35, 37, 36, 36, 37, 39, 38, 38, 39, 41, 40, 40, 41, 43, 42, 42, 43, 45, 44, 44, 45, 47, 46, 46, 47, 49, 48, 48, 49, 51, 50, 50, 51, 53, 52, 52, 53, 55, 54, 54, 55, 57, 56, 56, 57, 59, 58, 58, 59, 61, 60, 60, 61, 63, 62, 62, 63, 65, 64, 64, 65, 67, 66, 66, 67, 69, 68, 68, 69, 71, 70, 70, 71, 73, 72, 72, 73, 75, 74, 74, 75, 77, 76, 76, 77, 79, 78, 78, 79, 81, 80, 80, 81, 83, 82, 82, 83, 85, 84, 84, 85, 87, 86, 86, 87, 89, 88, 88, 89, 91, 90, 90, 91, 93, 92, 3, 1, 95, 93, 91, 89, 87, 85, 83, 81, 79, 77, 75, 73, 71, 69, 67, 65, 63, 61, 59, 57, 55, 53, 51, 49, 47, 45, 43, 41, 39, 37, 35, 33, 31, 29, 27, 25, 23, 21, 19, 17, 15, 13, 11, 9, 7, 5, 92, 93, 95, 94, 94, 95, 1, 0, 0, 2, 4, 6, 8, 10, 12, 14, 16, 18, 20, 22, 24, 26, 28, 30, 32, 34, 36, 38, 40, 42, 44, 46, 48, 50, 52, 54, 56, 58, 60, 62, 64, 66, 68, 70, 72, 74, 76, 78, 80, 82, 84, 86, 88, 90, 92, 94]
uniform token subdivisionScheme = "none"
rel material:binding = </Component/Looks/Slot_and_fastener>
}
def Mesh "Lens_glass" (prepend apiSchemas = ["MaterialBindingAPI"]) {
point3f[] points = [(-0.00015999999595806003, -0.0044999998062849045, 1.7484554385924223e-12), (-7.999999797903001e-05, -0.0044999998062849045, -1.7484554385924223e-12), (-0.00016000002506189048, -0.0045384978875517845, -0.000587367860134691), (-8.000002708286047e-05, -0.0045384978875517845, -0.000587367860134691), (-0.0001600000396138057, -0.0046533336862921715, -0.0011646857019513845), (-8.000004891073331e-05, -0.0046533336862921715, -0.0011646857019513845), (-0.00016000006871763617, -0.004842542111873627, -0.0017220755107700825), (-8.000007073860615e-05, -0.004842542111873627, -0.0017220755107700825), (-0.00016000009782146662, -0.0051028854213654995, -0.0022499999031424522), (-8.000009984243661e-05, -0.0051028854213654995, -0.0022499999031424522), (-0.00016000011237338185, -0.005429909564554691, -0.002739426214247942), (-8.000011439435184e-05, -0.005429909564554691, -0.002739426214247942), (-0.0001600001414772123, -0.0058180196210742, -0.003181980224326253), (-8.000013622222468e-05, -0.0058180196210742, -0.003181980224326253), (-0.00016000015602912754, -0.006260573398321867, -0.003570089815184474), (-8.000015077413991e-05, -0.006260573398321867, -0.003570089815184474), (-0.00016000017058104277, -0.006749999709427357, -0.0038971141912043095), (-8.000016532605514e-05, -0.006749999709427357, -0.0038971141912043095), (-0.00016000017058104277, -0.0072779241017997265, -0.004157457500696182), (-8.000017987797037e-05, -0.0072779241017997265, -0.004157457500696182), (-0.000160000185132958, -0.00783531367778778, -0.0043466659262776375), (-8.000018715392798e-05, -0.00783531367778778, -0.0043466659262776375), (-0.000160000185132958, -0.008412632159888744, -0.0044615017250180244), (-8.00001944298856e-05, -0.008412632159888744, -0.0044615017250180244), (-0.00016000019968487322, -0.008999999612569809, -0.0044999998062849045), (-8.00001944298856e-05, -0.008999999612569809, -0.0044999998062849045), (-0.000160000185132958, -0.009587367065250874, -0.0044615017250180244), (-8.00001944298856e-05, -0.009587367065250874, -0.0044615017250180244), (-0.000160000185132958, -0.010164685547351837, -0.0043466659262776375), (-8.000018715392798e-05, -0.010164685547351837, -0.0043466659262776375), (-0.00016000017058104277, -0.010722074657678604, -0.004157457500696182), (-8.000017987797037e-05, -0.010722074657678604, -0.004157457500696182), (-0.00016000017058104277, -0.011249999515712261, -0.0038971141912043095), (-8.000016532605514e-05, -0.011249999515712261, -0.0038971141912043095), (-0.00016000015602912754, -0.011739425361156464, -0.003570089815184474), (-8.000015077413991e-05, -0.011739425361156464, -0.003570089815184474), (-0.0001600001414772123, -0.012181979604065418, -0.003181980224326253), (-8.000013622222468e-05, -0.012181979604065418, -0.003181980224326253), (-0.00016000011237338185, -0.012570089660584927, -0.002739426214247942), (-8.000011439435184e-05, -0.012570089660584927, -0.002739426214247942), (-0.00016000009782146662, -0.012897113338112831, -0.0022499999031424522), (-8.000009984243661e-05, -0.012897113338112831, -0.0022499999031424522), (-0.00016000006871763617, -0.013157457113265991, -0.0017220755107700825), (-8.000007073860615e-05, -0.013157457113265991, -0.0017220755107700825), (-0.0001600000396138057, -0.013346665538847446, -0.0011646857019513845), (-8.000004891073331e-05, -0.013346665538847446, -0.0011646857019513845), (-0.00016000002506189048, -0.013461501337587833, -0.000587367860134691), (-8.000002708286047e-05, -0.013461501337587833, -0.000587367860134691), (-0.00015999999595806003, -0.013499999418854713, 1.7484554385924223e-12), (-7.999999797903001e-05, -0.013499999418854713, -1.7484554385924223e-12), (-0.00015999996685422957, -0.013461501337587833, 0.000587367860134691), (-7.999996887519956e-05, -0.013461501337587833, 0.000587367860134691), (-0.00015999995230231434, -0.013346665538847446, 0.0011646857019513845), (-7.999994704732671e-05, -0.013346665538847446, 0.0011646857019513845), (-0.00015999992319848388, -0.013157457113265991, 0.0017220755107700825), (-7.999992521945387e-05, -0.013157457113265991, 0.0017220755107700825), (-0.00015999989409465343, -0.012897113338112831, 0.0022499999031424522), (-7.999989611562341e-05, -0.012897113338112831, 0.0022499999031424522), (-0.0001599998795427382, -0.012570089660584927, 0.002739426214247942), (-7.999988156370819e-05, -0.012570089660584927, 0.002739426214247942), (-0.00015999985043890774, -0.012181979604065418, 0.003181980224326253), (-7.999985973583534e-05, -0.012181979604065418, 0.003181980224326253), (-0.00015999983588699251, -0.011739425361156464, 0.003570089815184474), (-7.999984518392012e-05, -0.011739425361156464, 0.003570089815184474), (-0.00015999982133507729, -0.011249999515712261, 0.0038971141912043095), (-7.999983063200489e-05, -0.011249999515712261, 0.0038971141912043095), (-0.00015999982133507729, -0.010722074657678604, 0.004157457500696182), (-7.999981608008966e-05, -0.010722074657678604, 0.004157457500696182), (-0.00015999980678316206, -0.010164685547351837, 0.0043466659262776375), (-7.999980880413204e-05, -0.010164685547351837, 0.0043466659262776375), (-0.00015999980678316206, -0.009587367065250874, 0.0044615017250180244), (-7.999980152817443e-05, -0.009587367065250874, 0.0044615017250180244), (-0.00015999979223124683, -0.008999999612569809, 0.0044999998062849045), (-7.999980152817443e-05, -0.008999999612569809, 0.0044999998062849045), (-0.00015999980678316206, -0.008412632159888744, 0.0044615017250180244), (-7.999980152817443e-05, -0.008412632159888744, 0.0044615017250180244), (-0.00015999980678316206, -0.00783531367778778, 0.0043466659262776375), (-7.999980880413204e-05, -0.00783531367778778, 0.0043466659262776375), (-0.00015999982133507729, -0.0072779241017997265, 0.004157457500696182), (-7.999981608008966e-05, -0.0072779241017997265, 0.004157457500696182), (-0.00015999982133507729, -0.006749999709427357, 0.0038971141912043095), (-7.999983063200489e-05, -0.006749999709427357, 0.0038971141912043095), (-0.00015999983588699251, -0.006260573398321867, 0.003570089815184474), (-7.999984518392012e-05, -0.006260573398321867, 0.003570089815184474), (-0.00015999985043890774, -0.0058180196210742, 0.003181980224326253), (-7.999985973583534e-05, -0.0058180196210742, 0.003181980224326253), (-0.0001599998795427382, -0.005429909564554691, 0.002739426214247942), (-7.999988156370819e-05, -0.005429909564554691, 0.002739426214247942), (-0.00015999989409465343, -0.0051028854213654995, 0.0022499999031424522), (-7.999989611562341e-05, -0.0051028854213654995, 0.0022499999031424522), (-0.00015999992319848388, -0.004842542111873627, 0.0017220755107700825), (-7.999992521945387e-05, -0.004842542111873627, 0.0017220755107700825), (-0.00015999995230231434, -0.0046533336862921715, 0.0011646857019513845), (-7.999994704732671e-05, -0.0046533336862921715, 0.0011646857019513845), (-0.00015999996685422957, -0.0045384978875517845, 0.000587367860134691), (-7.999996887519956e-05, -0.0045384978875517845, 0.000587367860134691)]
int[] faceVertexCounts = [4, 4, 4, 4, 4, 4, 4, 4, 4, 4, 4, 4, 4, 4, 4, 4, 4, 4, 4, 4, 4, 4, 4, 4, 4, 4, 4, 4, 4, 4, 4, 4, 4, 4, 4, 4, 4, 4, 4, 4, 4, 4, 4, 4, 4, 4, 48, 4, 4, 48]
int[] faceVertexIndices = [0, 1, 3, 2, 2, 3, 5, 4, 4, 5, 7, 6, 6, 7, 9, 8, 8, 9, 11, 10, 10, 11, 13, 12, 12, 13, 15, 14, 14, 15, 17, 16, 16, 17, 19, 18, 18, 19, 21, 20, 20, 21, 23, 22, 22, 23, 25, 24, 24, 25, 27, 26, 26, 27, 29, 28, 28, 29, 31, 30, 30, 31, 33, 32, 32, 33, 35, 34, 34, 35, 37, 36, 36, 37, 39, 38, 38, 39, 41, 40, 40, 41, 43, 42, 42, 43, 45, 44, 44, 45, 47, 46, 46, 47, 49, 48, 48, 49, 51, 50, 50, 51, 53, 52, 52, 53, 55, 54, 54, 55, 57, 56, 56, 57, 59, 58, 58, 59, 61, 60, 60, 61, 63, 62, 62, 63, 65, 64, 64, 65, 67, 66, 66, 67, 69, 68, 68, 69, 71, 70, 70, 71, 73, 72, 72, 73, 75, 74, 74, 75, 77, 76, 76, 77, 79, 78, 78, 79, 81, 80, 80, 81, 83, 82, 82, 83, 85, 84, 84, 85, 87, 86, 86, 87, 89, 88, 88, 89, 91, 90, 90, 91, 93, 92, 3, 1, 95, 93, 91, 89, 87, 85, 83, 81, 79, 77, 75, 73, 71, 69, 67, 65, 63, 61, 59, 57, 55, 53, 51, 49, 47, 45, 43, 41, 39, 37, 35, 33, 31, 29, 27, 25, 23, 21, 19, 17, 15, 13, 11, 9, 7, 5, 92, 93, 95, 94, 94, 95, 1, 0, 0, 2, 4, 6, 8, 10, 12, 14, 16, 18, 20, 22, 24, 26, 28, 30, 32, 34, 36, 38, 40, 42, 44, 46, 48, 50, 52, 54, 56, 58, 60, 62, 64, 66, 68, 70, 72, 74, 76, 78, 80, 82, 84, 86, 88, 90, 92, 94]
uniform token subdivisionScheme = "none"
rel material:binding = </Component/Looks/Optical_coating>
}
def Mesh "Lens_aperture" (prepend apiSchemas = ["MaterialBindingAPI"]) {
point3f[] points = [(-7.999999797903001e-05, -0.006799999624490738, 1.7484554385924223e-12), (0.0, -0.006799999624490738, -1.7484554385924223e-12), (-8.000001253094524e-05, -0.006818820722401142, -0.0002871576289180666), (-1.2552058351045225e-11, -0.006818820722401142, -0.0002871576289180666), (-8.000001980690286e-05, -0.006874962709844112, -0.0005694018909707665), (-2.4889347527423666e-11, -0.006874962709844112, -0.0005694018909707665), (-8.000003435881808e-05, -0.006967464461922646, -0.0008419036166742444), (-3.680077423351413e-11, -0.006967464461922646, -0.0008419036166742444), (-8.000004891073331e-05, -0.00709474366158247, -0.0010999999940395355), (-4.8082527542847586e-11, -0.00709474366158247, -0.0010999999940395355), (-8.000005618669093e-05, -0.007254622410982847, -0.0013392751570791006), (-5.854157436591123e-11, -0.007254622410982847, -0.0013392751570791006), (-8.000006346264854e-05, -0.007444364950060844, -0.0015556348953396082), (-6.79989606289233e-11, -0.007444364950060844, -0.0015556348953396082), (-8.000007073860615e-05, -0.007660724222660065, -0.0017453773180022836), (-7.629286785659772e-11, -0.007660724222660065, -0.0017453773180022836), (-8.000007801456377e-05, -0.007899999618530273, -0.0019052558345720172), (-8.328137485191789e-11, -0.007899999618530273, -0.0019052558345720172), (-8.000008529052138e-05, -0.008158096112310886, -0.0020325349178165197), (-8.884492447291947e-11, -0.008158096112310886, -0.0020325349178165197), (-8.0000092566479e-05, -0.008430597372353077, -0.002125036669895053), (-9.288830121745306e-11, -0.008430597372353077, -0.002125036669895053), (-8.0000092566479e-05, -0.008712842129170895, -0.002181178657338023), (-9.534234512997841e-11, -0.008712842129170895, -0.002181178657338023), (-8.0000092566479e-05, -0.008999999612569809, -0.002199999988079071), (-9.616505508569517e-11, -0.008999999612569809, -0.002199999988079071), (-8.0000092566479e-05, -0.009287157095968723, -0.002181178657338023), (-9.534234512997841e-11, -0.009287157095968723, -0.002181178657338023), (-8.0000092566479e-05, -0.009569401852786541, -0.002125036669895053), (-9.288830121745306e-11, -0.009569401852786541, -0.002125036669895053), (-8.000008529052138e-05, -0.009841903112828732, -0.0020325349178165197), (-8.884492447291947e-11, -0.009841903112828732, -0.0020325349178165197), (-8.000007801456377e-05, -0.010099999606609344, -0.0019052558345720172), (-8.328137485191789e-11, -0.010099999606609344, -0.0019052558345720172), (-8.000007073860615e-05, -0.010339275002479553, -0.0017453773180022836), (-7.629286785659772e-11, -0.010339275002479553, -0.0017453773180022836), (-8.000006346264854e-05, -0.010555634275078773, -0.0015556348953396082), (-6.79989606289233e-11, -0.010555634275078773, -0.0015556348953396082), (-8.000005618669093e-05, -0.010745377279818058, -0.0013392751570791006), (-5.854157436591123e-11, -0.010745377279818058, -0.0013392751570791006), (-8.000004891073331e-05, -0.010905255563557148, -0.0010999999940395355), (-4.8082527542847586e-11, -0.010905255563557148, -0.0010999999940395355), (-8.000003435881808e-05, -0.011032534763216972, -0.0008419036166742444), (-3.680077423351413e-11, -0.011032534763216972, -0.0008419036166742444), (-8.000001980690286e-05, -0.011125036515295506, -0.0005694018909707665), (-2.4889347527423666e-11, -0.011125036515295506, -0.0005694018909707665), (-8.000001253094524e-05, -0.011181178502738476, -0.0002871576289180666), (-1.2552058351045225e-11, -0.011181178502738476, -0.0002871576289180666), (-7.999999797903001e-05, -0.01119999960064888, 1.7484554385924223e-12), (0.0, -0.01119999960064888, -1.7484554385924223e-12), (-7.999998342711478e-05, -0.011181178502738476, 0.0002871576289180666), (1.2552058351045225e-11, -0.011181178502738476, 0.0002871576289180666), (-7.999997615115717e-05, -0.011125036515295506, 0.0005694018909707665), (2.4889347527423666e-11, -0.011125036515295506, 0.0005694018909707665), (-7.999996159924194e-05, -0.011032534763216972, 0.0008419036166742444), (3.680077423351413e-11, -0.011032534763216972, 0.0008419036166742444), (-7.999994704732671e-05, -0.010905255563557148, 0.0010999999940395355), (4.8082527542847586e-11, -0.010905255563557148, 0.0010999999940395355), (-7.99999397713691e-05, -0.010745377279818058, 0.0013392751570791006), (5.854157436591123e-11, -0.010745377279818058, 0.0013392751570791006), (-7.999993249541149e-05, -0.010555634275078773, 0.0015556348953396082), (6.79989606289233e-11, -0.010555634275078773, 0.0015556348953396082), (-7.999992521945387e-05, -0.010339275002479553, 0.0017453773180022836), (7.629286785659772e-11, -0.010339275002479553, 0.0017453773180022836), (-7.999991794349626e-05, -0.010099999606609344, 0.0019052558345720172), (8.328137485191789e-11, -0.010099999606609344, 0.0019052558345720172), (-7.999991066753864e-05, -0.009841903112828732, 0.0020325349178165197), (8.884492447291947e-11, -0.009841903112828732, 0.0020325349178165197), (-7.999990339158103e-05, -0.009569401852786541, 0.002125036669895053), (9.288830121745306e-11, -0.009569401852786541, 0.002125036669895053), (-7.999990339158103e-05, -0.009287157095968723, 0.002181178657338023), (9.534234512997841e-11, -0.009287157095968723, 0.002181178657338023), (-7.999990339158103e-05, -0.008999999612569809, 0.002199999988079071), (9.616505508569517e-11, -0.008999999612569809, 0.002199999988079071), (-7.999990339158103e-05, -0.008712842129170895, 0.002181178657338023), (9.534234512997841e-11, -0.008712842129170895, 0.002181178657338023), (-7.999990339158103e-05, -0.008430597372353077, 0.002125036669895053), (9.288830121745306e-11, -0.008430597372353077, 0.002125036669895053), (-7.999991066753864e-05, -0.008158096112310886, 0.0020325349178165197), (8.884492447291947e-11, -0.008158096112310886, 0.0020325349178165197), (-7.999991794349626e-05, -0.007899999618530273, 0.0019052558345720172), (8.328137485191789e-11, -0.007899999618530273, 0.0019052558345720172), (-7.999992521945387e-05, -0.007660724222660065, 0.0017453773180022836), (7.629286785659772e-11, -0.007660724222660065, 0.0017453773180022836), (-7.999993249541149e-05, -0.007444364950060844, 0.0015556348953396082), (6.79989606289233e-11, -0.007444364950060844, 0.0015556348953396082), (-7.99999397713691e-05, -0.007254622410982847, 0.0013392751570791006), (5.854157436591123e-11, -0.007254622410982847, 0.0013392751570791006), (-7.999994704732671e-05, -0.00709474366158247, 0.0010999999940395355), (4.8082527542847586e-11, -0.00709474366158247, 0.0010999999940395355), (-7.999996159924194e-05, -0.006967464461922646, 0.0008419036166742444), (3.680077423351413e-11, -0.006967464461922646, 0.0008419036166742444), (-7.999997615115717e-05, -0.006874962709844112, 0.0005694018909707665), (2.4889347527423666e-11, -0.006874962709844112, 0.0005694018909707665), (-7.999998342711478e-05, -0.006818820722401142, 0.0002871576289180666), (1.2552058351045225e-11, -0.006818820722401142, 0.0002871576289180666)]
int[] faceVertexCounts = [4, 4, 4, 4, 4, 4, 4, 4, 4, 4, 4, 4, 4, 4, 4, 4, 4, 4, 4, 4, 4, 4, 4, 4, 4, 4, 4, 4, 4, 4, 4, 4, 4, 4, 4, 4, 4, 4, 4, 4, 4, 4, 4, 4, 4, 4, 48, 4, 4, 48]
int[] faceVertexIndices = [0, 1, 3, 2, 2, 3, 5, 4, 4, 5, 7, 6, 6, 7, 9, 8, 8, 9, 11, 10, 10, 11, 13, 12, 12, 13, 15, 14, 14, 15, 17, 16, 16, 17, 19, 18, 18, 19, 21, 20, 20, 21, 23, 22, 22, 23, 25, 24, 24, 25, 27, 26, 26, 27, 29, 28, 28, 29, 31, 30, 30, 31, 33, 32, 32, 33, 35, 34, 34, 35, 37, 36, 36, 37, 39, 38, 38, 39, 41, 40, 40, 41, 43, 42, 42, 43, 45, 44, 44, 45, 47, 46, 46, 47, 49, 48, 48, 49, 51, 50, 50, 51, 53, 52, 52, 53, 55, 54, 54, 55, 57, 56, 56, 57, 59, 58, 58, 59, 61, 60, 60, 61, 63, 62, 62, 63, 65, 64, 64, 65, 67, 66, 66, 67, 69, 68, 68, 69, 71, 70, 70, 71, 73, 72, 72, 73, 75, 74, 74, 75, 77, 76, 76, 77, 79, 78, 78, 79, 81, 80, 80, 81, 83, 82, 82, 83, 85, 84, 84, 85, 87, 86, 86, 87, 89, 88, 88, 89, 91, 90, 90, 91, 93, 92, 3, 1, 95, 93, 91, 89, 87, 85, 83, 81, 79, 77, 75, 73, 71, 69, 67, 65, 63, 61, 59, 57, 55, 53, 51, 49, 47, 45, 43, 41, 39, 37, 35, 33, 31, 29, 27, 25, 23, 21, 19, 17, 15, 13, 11, 9, 7, 5, 92, 93, 95, 94, 94, 95, 1, 0, 0, 2, 4, 6, 8, 10, 12, 14, 16, 18, 20, 22, 24, 26, 28, 30, 32, 34, 36, 38, 40, 42, 44, 46, 48, 50, 52, 54, 56, 58, 60, 62, 64, 66, 68, 70, 72, 74, 76, 78, 80, 82, 84, 86, 88, 90, 92, 94]
uniform token subdivisionScheme = "none"
rel material:binding = </Component/Looks/Gemini_black_glass>
}
def Mesh "Lens_ring_001" (prepend apiSchemas = ["MaterialBindingAPI"]) {
point3f[] points = [(-0.0004000000189989805, 0.01599999889731407, 1.7484554385924223e-12), (-0.00031999999191612005, 0.01599999889731407, -1.7484554385924223e-12), (-0.000400000048102811, 0.015940114855766296, -0.0009136834414675832), (-0.00032000005012378097, 0.015940114855766296, -0.0009136834414675832), (-0.00040000007720664144, 0.01576147973537445, -0.0018117333529517055), (-0.0003200000792276114, 0.01576147973537445, -0.0018117333529517055), (-0.00040000013541430235, 0.01546715572476387, -0.0026787843089550734), (-0.00032000013743527234, 0.01546715572476387, -0.0026787843089550734), (-0.0004000001645181328, 0.015062177553772926, -0.0035000001080334187), (-0.0003200001665391028, 0.015062177553772926, -0.0035000001080334187), (-0.00040000019362196326, 0.014553472399711609, -0.004261330235749483), (-0.00032000019564293325, 0.014553472399711609, -0.004261330235749483), (-0.0004000002227257937, 0.013949747197329998, -0.004949747584760189), (-0.0003200002247467637, 0.013949747197329998, -0.004949747584760189), (-0.0004000002518296242, 0.013261329382658005, -0.005553473252803087), (-0.00032000025385059416, 0.013261329382658005, -0.005553473252803087), (-0.00040000028093345463, 0.01249999925494194, -0.006062177941203117), (-0.0003200002829544246, 0.01249999925494194, -0.006062177941203117), (-0.00040000028093345463, 0.011678784154355526, -0.006467156577855349), (-0.0003200002829544246, 0.011678784154355526, -0.006467156577855349), (-0.0004000003100372851, 0.010811733081936836, -0.006761481054127216), (-0.0003200003120582551, 0.010811733081936836, -0.006761481054127216), (-0.0004000003100372851, 0.00991368293762207, -0.006940114311873913), (-0.0003200003120582551, 0.00991368293762207, -0.006940114311873913), (-0.0004000003100372851, 0.008999999612569809, -0.007000000216066837), (-0.0003200003120582551, 0.008999999612569809, -0.007000000216066837), (-0.0004000003100372851, 0.008086316287517548, -0.006940114311873913), (-0.0003200003120582551, 0.008086316287517548, -0.006940114311873913), (-0.0004000003100372851, 0.007188266143202782, -0.006761481054127216), (-0.0003200003120582551, 0.007188266143202782, -0.006761481054127216), (-0.00040000028093345463, 0.006321215070784092, -0.006467156577855349), (-0.0003200002829544246, 0.006321215070784092, -0.006467156577855349), (-0.00040000028093345463, 0.00549999950453639, -0.006062177941203117), (-0.0003200002829544246, 0.00549999950453639, -0.006062177941203117), (-0.0004000002518296242, 0.004738669376820326, -0.005553473252803087), (-0.00032000025385059416, 0.004738669376820326, -0.005553473252803087), (-0.0004000002227257937, 0.00405025202780962, -0.004949747584760189), (-0.0003200002247467637, 0.00405025202780962, -0.004949747584760189), (-0.00040000019362196326, 0.0034465263597667217, -0.004261330235749483), (-0.00032000019564293325, 0.0034465263597667217, -0.004261330235749483), (-0.0004000001645181328, 0.0029378216713666916, -0.0035000001080334187), (-0.0003200001665391028, 0.0029378216713666916, -0.0035000001080334187), (-0.00040000013541430235, 0.0025328430347144604, -0.0026787843089550734), (-0.00032000013743527234, 0.0025328430347144604, -0.0026787843089550734), (-0.00040000007720664144, 0.0022385185584425926, -0.0018117333529517055), (-0.0003200000792276114, 0.0022385185584425926, -0.0018117333529517055), (-0.000400000048102811, 0.002059885300695896, -0.0009136834414675832), (-0.00032000005012378097, 0.002059885300695896, -0.0009136834414675832), (-0.0004000000189989805, 0.0019999993965029716, 1.7484554385924223e-12), (-0.00031999999191612005, 0.0019999993965029716, -1.7484554385924223e-12), (-0.0003999999607913196, 0.002059885300695896, 0.0009136834414675832), (-0.0003199999628122896, 0.002059885300695896, 0.0009136834414675832), (-0.00039999993168748915, 0.0022385185584425926, 0.0018117333529517055), (-0.00031999993370845914, 0.0022385185584425926, 0.0018117333529517055), (-0.00039999987347982824, 0.0025328430347144604, 0.0026787843089550734), (-0.0003199998755007982, 0.0025328430347144604, 0.0026787843089550734), (-0.0003999998443759978, 0.0029378216713666916, 0.0035000001080334187), (-0.00031999984639696777, 0.0029378216713666916, 0.0035000001080334187), (-0.0003999998152721673, 0.0034465263597667217, 0.004261330235749483), (-0.0003199998172931373, 0.0034465263597667217, 0.004261330235749483), (-0.00039999978616833687, 0.00405025202780962, 0.004949747584760189), (-0.00031999978818930686, 0.00405025202780962, 0.004949747584760189), (-0.0003999997570645064, 0.004738669376820326, 0.005553473252803087), (-0.0003199997590854764, 0.004738669376820326, 0.005553473252803087), (-0.00039999972796067595, 0.00549999950453639, 0.006062177941203117), (-0.00031999972998164594, 0.00549999950453639, 0.006062177941203117), (-0.00039999972796067595, 0.006321215070784092, 0.006467156577855349), (-0.00031999972998164594, 0.006321215070784092, 0.006467156577855349), (-0.0003999996988568455, 0.007188266143202782, 0.006761481054127216), (-0.0003199997008778155, 0.007188266143202782, 0.006761481054127216), (-0.0003999996988568455, 0.008086316287517548, 0.006940114311873913), (-0.0003199997008778155, 0.008086316287517548, 0.006940114311873913), (-0.0003999996988568455, 0.008999999612569809, 0.007000000216066837), (-0.0003199997008778155, 0.008999999612569809, 0.007000000216066837), (-0.0003999996988568455, 0.00991368293762207, 0.006940114311873913), (-0.0003199997008778155, 0.00991368293762207, 0.006940114311873913), (-0.0003999996988568455, 0.010811733081936836, 0.006761481054127216), (-0.0003199997008778155, 0.010811733081936836, 0.006761481054127216), (-0.00039999972796067595, 0.011678784154355526, 0.006467156577855349), (-0.00031999972998164594, 0.011678784154355526, 0.006467156577855349), (-0.00039999972796067595, 0.01249999925494194, 0.006062177941203117), (-0.00031999972998164594, 0.01249999925494194, 0.006062177941203117), (-0.0003999997570645064, 0.013261329382658005, 0.005553473252803087), (-0.0003199997590854764, 0.013261329382658005, 0.005553473252803087), (-0.00039999978616833687, 0.013949747197329998, 0.004949747584760189), (-0.00031999978818930686, 0.013949747197329998, 0.004949747584760189), (-0.0003999998152721673, 0.014553472399711609, 0.004261330235749483), (-0.0003199998172931373, 0.014553472399711609, 0.004261330235749483), (-0.0003999998443759978, 0.015062177553772926, 0.0035000001080334187), (-0.00031999984639696777, 0.015062177553772926, 0.0035000001080334187), (-0.00039999987347982824, 0.01546715572476387, 0.0026787843089550734), (-0.0003199998755007982, 0.01546715572476387, 0.0026787843089550734), (-0.00039999993168748915, 0.01576147973537445, 0.0018117333529517055), (-0.00031999993370845914, 0.01576147973537445, 0.0018117333529517055), (-0.0003999999607913196, 0.015940114855766296, 0.0009136834414675832), (-0.0003199999628122896, 0.015940114855766296, 0.0009136834414675832)]
int[] faceVertexCounts = [4, 4, 4, 4, 4, 4, 4, 4, 4, 4, 4, 4, 4, 4, 4, 4, 4, 4, 4, 4, 4, 4, 4, 4, 4, 4, 4, 4, 4, 4, 4, 4, 4, 4, 4, 4, 4, 4, 4, 4, 4, 4, 4, 4, 4, 4, 48, 4, 4, 48]
int[] faceVertexIndices = [0, 1, 3, 2, 2, 3, 5, 4, 4, 5, 7, 6, 6, 7, 9, 8, 8, 9, 11, 10, 10, 11, 13, 12, 12, 13, 15, 14, 14, 15, 17, 16, 16, 17, 19, 18, 18, 19, 21, 20, 20, 21, 23, 22, 22, 23, 25, 24, 24, 25, 27, 26, 26, 27, 29, 28, 28, 29, 31, 30, 30, 31, 33, 32, 32, 33, 35, 34, 34, 35, 37, 36, 36, 37, 39, 38, 38, 39, 41, 40, 40, 41, 43, 42, 42, 43, 45, 44, 44, 45, 47, 46, 46, 47, 49, 48, 48, 49, 51, 50, 50, 51, 53, 52, 52, 53, 55, 54, 54, 55, 57, 56, 56, 57, 59, 58, 58, 59, 61, 60, 60, 61, 63, 62, 62, 63, 65, 64, 64, 65, 67, 66, 66, 67, 69, 68, 68, 69, 71, 70, 70, 71, 73, 72, 72, 73, 75, 74, 74, 75, 77, 76, 76, 77, 79, 78, 78, 79, 81, 80, 80, 81, 83, 82, 82, 83, 85, 84, 84, 85, 87, 86, 86, 87, 89, 88, 88, 89, 91, 90, 90, 91, 93, 92, 3, 1, 95, 93, 91, 89, 87, 85, 83, 81, 79, 77, 75, 73, 71, 69, 67, 65, 63, 61, 59, 57, 55, 53, 51, 49, 47, 45, 43, 41, 39, 37, 35, 33, 31, 29, 27, 25, 23, 21, 19, 17, 15, 13, 11, 9, 7, 5, 92, 93, 95, 94, 94, 95, 1, 0, 0, 2, 4, 6, 8, 10, 12, 14, 16, 18, 20, 22, 24, 26, 28, 30, 32, 34, 36, 38, 40, 42, 44, 46, 48, 50, 52, 54, 56, 58, 60, 62, 64, 66, 68, 70, 72, 74, 76, 78, 80, 82, 84, 86, 88, 90, 92, 94]
uniform token subdivisionScheme = "none"
rel material:binding = </Component/Looks/Gemini_silver>
}
def Mesh "Lens_barrel_001" (prepend apiSchemas = ["MaterialBindingAPI"]) {
point3f[] points = [(-0.0002799999783746898, 0.015399999916553497, 1.7484554385924223e-12), (-0.00019999999494757503, 0.015399999916553497, -1.7484554385924223e-12), (-0.00028000003658235073, 0.015345246531069279, -0.0008353676530532539), (-0.00020000003860332072, 0.015345246531069279, -0.0008353676530532539), (-0.0002800000656861812, 0.015181925147771835, -0.0016564418328925967), (-0.00020000006770715117, 0.015181925147771835, -0.0016564418328925967), (-0.00028000009479001164, 0.014912828803062439, -0.0024491739459335804), (-0.00020000009681098163, 0.014912828803062439, -0.0024491739459335804), (-0.0002800001238938421, 0.014542561955749989, -0.0031999999191612005), (-0.00020000014046672732, 0.014542561955749989, -0.0031999999191612005), (-0.00028000015299767256, 0.014077460393309593, -0.0038960729725658894), (-0.00020000016957055777, 0.014077460393309593, -0.0038960729725658894), (-0.000280000182101503, 0.013525482267141342, -0.0045254831202328205), (-0.00020000019867438823, 0.013525482267141342, -0.0045254831202328205), (-0.00028000021120533347, 0.012896072119474411, -0.0050774612464010715), (-0.00020000021322630346, 0.012896072119474411, -0.0050774612464010715), (-0.00028000024030916393, 0.012199999764561653, -0.00554256234318018), (-0.00020000024233013391, 0.012199999764561653, -0.00554256234318018), (-0.00028000024030916393, 0.011449173092842102, -0.005912828724831343), (-0.00020000025688204914, 0.011449173092842102, -0.005912828724831343), (-0.0002800002694129944, 0.010656441561877728, -0.006181925069540739), (-0.00020000027143396437, 0.010656441561877728, -0.006181925069540739), (-0.0002800002694129944, 0.00983536709100008, -0.00634524691849947), (-0.00020000027143396437, 0.00983536709100008, -0.00634524691849947), (-0.0002800002694129944, 0.008999999612569809, -0.006399999838322401), (-0.00020000027143396437, 0.008999999612569809, -0.006399999838322401), (-0.0002800002694129944, 0.008164632134139538, -0.00634524691849947), (-0.00020000027143396437, 0.008164632134139538, -0.00634524691849947), (-0.0002800002694129944, 0.00734355766326189, -0.006181925069540739), (-0.00020000027143396437, 0.00734355766326189, -0.006181925069540739), (-0.00028000024030916393, 0.0065508256666362286, -0.005912828724831343), (-0.00020000025688204914, 0.0065508256666362286, -0.005912828724831343), (-0.00028000024030916393, 0.005799999460577965, -0.00554256234318018), (-0.00020000024233013391, 0.005799999460577965, -0.00554256234318018), (-0.00028000021120533347, 0.00510392664000392, -0.0050774612464010715), (-0.00020000021322630346, 0.00510392664000392, -0.0050774612464010715), (-0.000280000182101503, 0.0044745164923369884, -0.0045254831202328205), (-0.00020000019867438823, 0.0044745164923369884, -0.0045254831202328205), (-0.00028000015299767256, 0.003922538366168737, -0.0038960729725658894), (-0.00020000016957055777, 0.003922538366168737, -0.0038960729725658894), (-0.0002800001238938421, 0.0034574372693896294, -0.0031999999191612005), (-0.00020000014046672732, 0.0034574372693896294, -0.0031999999191612005), (-0.00028000009479001164, 0.0030871708877384663, -0.0024491739459335804), (-0.00020000009681098163, 0.0030871708877384663, -0.0024491739459335804), (-0.0002800000656861812, 0.00281807454302907, -0.0016564418328925967), (-0.00020000006770715117, 0.00281807454302907, -0.0016564418328925967), (-0.00028000003658235073, 0.002654752694070339, -0.0008353676530532539), (-0.00020000003860332072, 0.002654752694070339, -0.0008353676530532539), (-0.0002799999783746898, 0.002599999774247408, 1.7484554385924223e-12), (-0.00019999999494757503, 0.002599999774247408, -1.7484554385924223e-12), (-0.00027999994927085936, 0.002654752694070339, 0.0008353676530532539), (-0.00019999995129182935, 0.002654752694070339, 0.0008353676530532539), (-0.0002799999201670289, 0.00281807454302907, 0.0016564418328925967), (-0.0001999999221879989, 0.00281807454302907, 0.0016564418328925967), (-0.00027999989106319845, 0.0030871708877384663, 0.0024491739459335804), (-0.00019999989308416843, 0.0030871708877384663, 0.0024491739459335804), (-0.000279999861959368, 0.0034574372693896294, 0.0031999999191612005), (-0.00019999984942842275, 0.0034574372693896294, 0.0031999999191612005), (-0.00027999983285553753, 0.003922538366168737, 0.0038960729725658894), (-0.0001999998203245923, 0.003922538366168737, 0.0038960729725658894), (-0.0002799998037517071, 0.0044745164923369884, 0.0045254831202328205), (-0.00019999979122076184, 0.0044745164923369884, 0.0045254831202328205), (-0.0002799997746478766, 0.00510392664000392, 0.0050774612464010715), (-0.0001999997766688466, 0.00510392664000392, 0.0050774612464010715), (-0.00027999974554404616, 0.005799999460577965, 0.00554256234318018), (-0.00019999974756501615, 0.005799999460577965, 0.00554256234318018), (-0.00027999974554404616, 0.0065508256666362286, 0.005912828724831343), (-0.00019999973301310092, 0.0065508256666362286, 0.005912828724831343), (-0.0002799997164402157, 0.00734355766326189, 0.006181925069540739), (-0.0001999997184611857, 0.00734355766326189, 0.006181925069540739), (-0.0002799997164402157, 0.008164632134139538, 0.00634524691849947), (-0.0001999997184611857, 0.008164632134139538, 0.00634524691849947), (-0.0002799997164402157, 0.008999999612569809, 0.006399999838322401), (-0.0001999997184611857, 0.008999999612569809, 0.006399999838322401), (-0.0002799997164402157, 0.00983536709100008, 0.00634524691849947), (-0.0001999997184611857, 0.00983536709100008, 0.00634524691849947), (-0.0002799997164402157, 0.010656441561877728, 0.006181925069540739), (-0.0001999997184611857, 0.010656441561877728, 0.006181925069540739), (-0.00027999974554404616, 0.011449173092842102, 0.005912828724831343), (-0.00019999973301310092, 0.011449173092842102, 0.005912828724831343), (-0.00027999974554404616, 0.012199999764561653, 0.00554256234318018), (-0.00019999974756501615, 0.012199999764561653, 0.00554256234318018), (-0.0002799997746478766, 0.012896072119474411, 0.0050774612464010715), (-0.0001999997766688466, 0.012896072119474411, 0.0050774612464010715), (-0.0002799998037517071, 0.013525482267141342, 0.0045254831202328205), (-0.00019999979122076184, 0.013525482267141342, 0.0045254831202328205), (-0.00027999983285553753, 0.014077460393309593, 0.0038960729725658894), (-0.0001999998203245923, 0.014077460393309593, 0.0038960729725658894), (-0.000279999861959368, 0.014542561955749989, 0.0031999999191612005), (-0.00019999984942842275, 0.014542561955749989, 0.0031999999191612005), (-0.00027999989106319845, 0.014912828803062439, 0.0024491739459335804), (-0.00019999989308416843, 0.014912828803062439, 0.0024491739459335804), (-0.0002799999201670289, 0.015181925147771835, 0.0016564418328925967), (-0.0001999999221879989, 0.015181925147771835, 0.0016564418328925967), (-0.00027999994927085936, 0.015345246531069279, 0.0008353676530532539), (-0.00019999995129182935, 0.015345246531069279, 0.0008353676530532539)]
int[] faceVertexCounts = [4, 4, 4, 4, 4, 4, 4, 4, 4, 4, 4, 4, 4, 4, 4, 4, 4, 4, 4, 4, 4, 4, 4, 4, 4, 4, 4, 4, 4, 4, 4, 4, 4, 4, 4, 4, 4, 4, 4, 4, 4, 4, 4, 4, 4, 4, 48, 4, 4, 48]
int[] faceVertexIndices = [0, 1, 3, 2, 2, 3, 5, 4, 4, 5, 7, 6, 6, 7, 9, 8, 8, 9, 11, 10, 10, 11, 13, 12, 12, 13, 15, 14, 14, 15, 17, 16, 16, 17, 19, 18, 18, 19, 21, 20, 20, 21, 23, 22, 22, 23, 25, 24, 24, 25, 27, 26, 26, 27, 29, 28, 28, 29, 31, 30, 30, 31, 33, 32, 32, 33, 35, 34, 34, 35, 37, 36, 36, 37, 39, 38, 38, 39, 41, 40, 40, 41, 43, 42, 42, 43, 45, 44, 44, 45, 47, 46, 46, 47, 49, 48, 48, 49, 51, 50, 50, 51, 53, 52, 52, 53, 55, 54, 54, 55, 57, 56, 56, 57, 59, 58, 58, 59, 61, 60, 60, 61, 63, 62, 62, 63, 65, 64, 64, 65, 67, 66, 66, 67, 69, 68, 68, 69, 71, 70, 70, 71, 73, 72, 72, 73, 75, 74, 74, 75, 77, 76, 76, 77, 79, 78, 78, 79, 81, 80, 80, 81, 83, 82, 82, 83, 85, 84, 84, 85, 87, 86, 86, 87, 89, 88, 88, 89, 91, 90, 90, 91, 93, 92, 3, 1, 95, 93, 91, 89, 87, 85, 83, 81, 79, 77, 75, 73, 71, 69, 67, 65, 63, 61, 59, 57, 55, 53, 51, 49, 47, 45, 43, 41, 39, 37, 35, 33, 31, 29, 27, 25, 23, 21, 19, 17, 15, 13, 11, 9, 7, 5, 92, 93, 95, 94, 94, 95, 1, 0, 0, 2, 4, 6, 8, 10, 12, 14, 16, 18, 20, 22, 24, 26, 28, 30, 32, 34, 36, 38, 40, 42, 44, 46, 48, 50, 52, 54, 56, 58, 60, 62, 64, 66, 68, 70, 72, 74, 76, 78, 80, 82, 84, 86, 88, 90, 92, 94]
uniform token subdivisionScheme = "none"
rel material:binding = </Component/Looks/Slot_and_fastener>
}
def Mesh "Lens_glass_001" (prepend apiSchemas = ["MaterialBindingAPI"]) {
point3f[] points = [(-0.00015999999595806003, 0.013499999418854713, 1.7484554385924223e-12), (-7.999999797903001e-05, 0.013499999418854713, -1.7484554385924223e-12), (-0.00016000002506189048, 0.013461501337587833, -0.000587367860134691), (-8.000002708286047e-05, 0.013461501337587833, -0.000587367860134691), (-0.0001600000396138057, 0.013346665538847446, -0.0011646857019513845), (-8.000004891073331e-05, 0.013346665538847446, -0.0011646857019513845), (-0.00016000006871763617, 0.013157457113265991, -0.0017220755107700825), (-8.000007073860615e-05, 0.013157457113265991, -0.0017220755107700825), (-0.00016000009782146662, 0.012897113338112831, -0.0022499999031424522), (-8.000009984243661e-05, 0.012897113338112831, -0.0022499999031424522), (-0.00016000011237338185, 0.012570089660584927, -0.002739426214247942), (-8.000011439435184e-05, 0.012570089660584927, -0.002739426214247942), (-0.0001600001414772123, 0.012181979604065418, -0.003181980224326253), (-8.000013622222468e-05, 0.012181979604065418, -0.003181980224326253), (-0.00016000015602912754, 0.011739425361156464, -0.003570089815184474), (-8.000015077413991e-05, 0.011739425361156464, -0.003570089815184474), (-0.00016000017058104277, 0.011249999515712261, -0.0038971141912043095), (-8.000016532605514e-05, 0.011249999515712261, -0.0038971141912043095), (-0.00016000017058104277, 0.010722074657678604, -0.004157457500696182), (-8.000017987797037e-05, 0.010722074657678604, -0.004157457500696182), (-0.000160000185132958, 0.010164685547351837, -0.0043466659262776375), (-8.000018715392798e-05, 0.010164685547351837, -0.0043466659262776375), (-0.000160000185132958, 0.009587367065250874, -0.0044615017250180244), (-8.00001944298856e-05, 0.009587367065250874, -0.0044615017250180244), (-0.00016000019968487322, 0.008999999612569809, -0.0044999998062849045), (-8.00001944298856e-05, 0.008999999612569809, -0.0044999998062849045), (-0.000160000185132958, 0.008412632159888744, -0.0044615017250180244), (-8.00001944298856e-05, 0.008412632159888744, -0.0044615017250180244), (-0.000160000185132958, 0.00783531367778778, -0.0043466659262776375), (-8.000018715392798e-05, 0.00783531367778778, -0.0043466659262776375), (-0.00016000017058104277, 0.0072779241017997265, -0.004157457500696182), (-8.000017987797037e-05, 0.0072779241017997265, -0.004157457500696182), (-0.00016000017058104277, 0.006749999709427357, -0.0038971141912043095), (-8.000016532605514e-05, 0.006749999709427357, -0.0038971141912043095), (-0.00016000015602912754, 0.006260573398321867, -0.003570089815184474), (-8.000015077413991e-05, 0.006260573398321867, -0.003570089815184474), (-0.0001600001414772123, 0.0058180196210742, -0.003181980224326253), (-8.000013622222468e-05, 0.0058180196210742, -0.003181980224326253), (-0.00016000011237338185, 0.005429909564554691, -0.002739426214247942), (-8.000011439435184e-05, 0.005429909564554691, -0.002739426214247942), (-0.00016000009782146662, 0.0051028854213654995, -0.0022499999031424522), (-8.000009984243661e-05, 0.0051028854213654995, -0.0022499999031424522), (-0.00016000006871763617, 0.004842542111873627, -0.0017220755107700825), (-8.000007073860615e-05, 0.004842542111873627, -0.0017220755107700825), (-0.0001600000396138057, 0.0046533336862921715, -0.0011646857019513845), (-8.000004891073331e-05, 0.0046533336862921715, -0.0011646857019513845), (-0.00016000002506189048, 0.0045384978875517845, -0.000587367860134691), (-8.000002708286047e-05, 0.0045384978875517845, -0.000587367860134691), (-0.00015999999595806003, 0.0044999998062849045, 1.7484554385924223e-12), (-7.999999797903001e-05, 0.0044999998062849045, -1.7484554385924223e-12), (-0.00015999996685422957, 0.0045384978875517845, 0.000587367860134691), (-7.999996887519956e-05, 0.0045384978875517845, 0.000587367860134691), (-0.00015999995230231434, 0.0046533336862921715, 0.0011646857019513845), (-7.999994704732671e-05, 0.0046533336862921715, 0.0011646857019513845), (-0.00015999992319848388, 0.004842542111873627, 0.0017220755107700825), (-7.999992521945387e-05, 0.004842542111873627, 0.0017220755107700825), (-0.00015999989409465343, 0.0051028854213654995, 0.0022499999031424522), (-7.999989611562341e-05, 0.0051028854213654995, 0.0022499999031424522), (-0.0001599998795427382, 0.005429909564554691, 0.002739426214247942), (-7.999988156370819e-05, 0.005429909564554691, 0.002739426214247942), (-0.00015999985043890774, 0.0058180196210742, 0.003181980224326253), (-7.999985973583534e-05, 0.0058180196210742, 0.003181980224326253), (-0.00015999983588699251, 0.006260573398321867, 0.003570089815184474), (-7.999984518392012e-05, 0.006260573398321867, 0.003570089815184474), (-0.00015999982133507729, 0.006749999709427357, 0.0038971141912043095), (-7.999983063200489e-05, 0.006749999709427357, 0.0038971141912043095), (-0.00015999982133507729, 0.0072779241017997265, 0.004157457500696182), (-7.999981608008966e-05, 0.0072779241017997265, 0.004157457500696182), (-0.00015999980678316206, 0.00783531367778778, 0.0043466659262776375), (-7.999980880413204e-05, 0.00783531367778778, 0.0043466659262776375), (-0.00015999980678316206, 0.008412632159888744, 0.0044615017250180244), (-7.999980152817443e-05, 0.008412632159888744, 0.0044615017250180244), (-0.00015999979223124683, 0.008999999612569809, 0.0044999998062849045), (-7.999980152817443e-05, 0.008999999612569809, 0.0044999998062849045), (-0.00015999980678316206, 0.009587367065250874, 0.0044615017250180244), (-7.999980152817443e-05, 0.009587367065250874, 0.0044615017250180244), (-0.00015999980678316206, 0.010164685547351837, 0.0043466659262776375), (-7.999980880413204e-05, 0.010164685547351837, 0.0043466659262776375), (-0.00015999982133507729, 0.010722074657678604, 0.004157457500696182), (-7.999981608008966e-05, 0.010722074657678604, 0.004157457500696182), (-0.00015999982133507729, 0.011249999515712261, 0.0038971141912043095), (-7.999983063200489e-05, 0.011249999515712261, 0.0038971141912043095), (-0.00015999983588699251, 0.011739425361156464, 0.003570089815184474), (-7.999984518392012e-05, 0.011739425361156464, 0.003570089815184474), (-0.00015999985043890774, 0.012181979604065418, 0.003181980224326253), (-7.999985973583534e-05, 0.012181979604065418, 0.003181980224326253), (-0.0001599998795427382, 0.012570089660584927, 0.002739426214247942), (-7.999988156370819e-05, 0.012570089660584927, 0.002739426214247942), (-0.00015999989409465343, 0.012897113338112831, 0.0022499999031424522), (-7.999989611562341e-05, 0.012897113338112831, 0.0022499999031424522), (-0.00015999992319848388, 0.013157457113265991, 0.0017220755107700825), (-7.999992521945387e-05, 0.013157457113265991, 0.0017220755107700825), (-0.00015999995230231434, 0.013346665538847446, 0.0011646857019513845), (-7.999994704732671e-05, 0.013346665538847446, 0.0011646857019513845), (-0.00015999996685422957, 0.013461501337587833, 0.000587367860134691), (-7.999996887519956e-05, 0.013461501337587833, 0.000587367860134691)]
int[] faceVertexCounts = [4, 4, 4, 4, 4, 4, 4, 4, 4, 4, 4, 4, 4, 4, 4, 4, 4, 4, 4, 4, 4, 4, 4, 4, 4, 4, 4, 4, 4, 4, 4, 4, 4, 4, 4, 4, 4, 4, 4, 4, 4, 4, 4, 4, 4, 4, 48, 4, 4, 48]
int[] faceVertexIndices = [0, 1, 3, 2, 2, 3, 5, 4, 4, 5, 7, 6, 6, 7, 9, 8, 8, 9, 11, 10, 10, 11, 13, 12, 12, 13, 15, 14, 14, 15, 17, 16, 16, 17, 19, 18, 18, 19, 21, 20, 20, 21, 23, 22, 22, 23, 25, 24, 24, 25, 27, 26, 26, 27, 29, 28, 28, 29, 31, 30, 30, 31, 33, 32, 32, 33, 35, 34, 34, 35, 37, 36, 36, 37, 39, 38, 38, 39, 41, 40, 40, 41, 43, 42, 42, 43, 45, 44, 44, 45, 47, 46, 46, 47, 49, 48, 48, 49, 51, 50, 50, 51, 53, 52, 52, 53, 55, 54, 54, 55, 57, 56, 56, 57, 59, 58, 58, 59, 61, 60, 60, 61, 63, 62, 62, 63, 65, 64, 64, 65, 67, 66, 66, 67, 69, 68, 68, 69, 71, 70, 70, 71, 73, 72, 72, 73, 75, 74, 74, 75, 77, 76, 76, 77, 79, 78, 78, 79, 81, 80, 80, 81, 83, 82, 82, 83, 85, 84, 84, 85, 87, 86, 86, 87, 89, 88, 88, 89, 91, 90, 90, 91, 93, 92, 3, 1, 95, 93, 91, 89, 87, 85, 83, 81, 79, 77, 75, 73, 71, 69, 67, 65, 63, 61, 59, 57, 55, 53, 51, 49, 47, 45, 43, 41, 39, 37, 35, 33, 31, 29, 27, 25, 23, 21, 19, 17, 15, 13, 11, 9, 7, 5, 92, 93, 95, 94, 94, 95, 1, 0, 0, 2, 4, 6, 8, 10, 12, 14, 16, 18, 20, 22, 24, 26, 28, 30, 32, 34, 36, 38, 40, 42, 44, 46, 48, 50, 52, 54, 56, 58, 60, 62, 64, 66, 68, 70, 72, 74, 76, 78, 80, 82, 84, 86, 88, 90, 92, 94]
uniform token subdivisionScheme = "none"
rel material:binding = </Component/Looks/Optical_coating>
}
def Mesh "Lens_aperture_001" (prepend apiSchemas = ["MaterialBindingAPI"]) {
point3f[] points = [(-7.999999797903001e-05, 0.01119999960064888, 1.7484554385924223e-12), (0.0, 0.01119999960064888, -1.7484554385924223e-12), (-8.000001253094524e-05, 0.011181178502738476, -0.0002871576289180666), (-1.2552058351045225e-11, 0.011181178502738476, -0.0002871576289180666), (-8.000001980690286e-05, 0.011125036515295506, -0.0005694018909707665), (-2.4889347527423666e-11, 0.011125036515295506, -0.0005694018909707665), (-8.000003435881808e-05, 0.011032534763216972, -0.0008419036166742444), (-3.680077423351413e-11, 0.011032534763216972, -0.0008419036166742444), (-8.000004891073331e-05, 0.010905255563557148, -0.0010999999940395355), (-4.8082527542847586e-11, 0.010905255563557148, -0.0010999999940395355), (-8.000005618669093e-05, 0.010745377279818058, -0.0013392751570791006), (-5.854157436591123e-11, 0.010745377279818058, -0.0013392751570791006), (-8.000006346264854e-05, 0.010555634275078773, -0.0015556348953396082), (-6.79989606289233e-11, 0.010555634275078773, -0.0015556348953396082), (-8.000007073860615e-05, 0.010339275002479553, -0.0017453773180022836), (-7.629286785659772e-11, 0.010339275002479553, -0.0017453773180022836), (-8.000007801456377e-05, 0.010099999606609344, -0.0019052558345720172), (-8.328137485191789e-11, 0.010099999606609344, -0.0019052558345720172), (-8.000008529052138e-05, 0.009841903112828732, -0.0020325349178165197), (-8.884492447291947e-11, 0.009841903112828732, -0.0020325349178165197), (-8.0000092566479e-05, 0.009569401852786541, -0.002125036669895053), (-9.288830121745306e-11, 0.009569401852786541, -0.002125036669895053), (-8.0000092566479e-05, 0.009287157095968723, -0.002181178657338023), (-9.534234512997841e-11, 0.009287157095968723, -0.002181178657338023), (-8.0000092566479e-05, 0.008999999612569809, -0.002199999988079071), (-9.616505508569517e-11, 0.008999999612569809, -0.002199999988079071), (-8.0000092566479e-05, 0.008712842129170895, -0.002181178657338023), (-9.534234512997841e-11, 0.008712842129170895, -0.002181178657338023), (-8.0000092566479e-05, 0.008430597372353077, -0.002125036669895053), (-9.288830121745306e-11, 0.008430597372353077, -0.002125036669895053), (-8.000008529052138e-05, 0.008158096112310886, -0.0020325349178165197), (-8.884492447291947e-11, 0.008158096112310886, -0.0020325349178165197), (-8.000007801456377e-05, 0.007899999618530273, -0.0019052558345720172), (-8.328137485191789e-11, 0.007899999618530273, -0.0019052558345720172), (-8.000007073860615e-05, 0.007660724222660065, -0.0017453773180022836), (-7.629286785659772e-11, 0.007660724222660065, -0.0017453773180022836), (-8.000006346264854e-05, 0.007444364950060844, -0.0015556348953396082), (-6.79989606289233e-11, 0.007444364950060844, -0.0015556348953396082), (-8.000005618669093e-05, 0.007254622410982847, -0.0013392751570791006), (-5.854157436591123e-11, 0.007254622410982847, -0.0013392751570791006), (-8.000004891073331e-05, 0.00709474366158247, -0.0010999999940395355), (-4.8082527542847586e-11, 0.00709474366158247, -0.0010999999940395355), (-8.000003435881808e-05, 0.006967464461922646, -0.0008419036166742444), (-3.680077423351413e-11, 0.006967464461922646, -0.0008419036166742444), (-8.000001980690286e-05, 0.006874962709844112, -0.0005694018909707665), (-2.4889347527423666e-11, 0.006874962709844112, -0.0005694018909707665), (-8.000001253094524e-05, 0.006818820722401142, -0.0002871576289180666), (-1.2552058351045225e-11, 0.006818820722401142, -0.0002871576289180666), (-7.999999797903001e-05, 0.006799999624490738, 1.7484554385924223e-12), (0.0, 0.006799999624490738, -1.7484554385924223e-12), (-7.999998342711478e-05, 0.006818820722401142, 0.0002871576289180666), (1.2552058351045225e-11, 0.006818820722401142, 0.0002871576289180666), (-7.999997615115717e-05, 0.006874962709844112, 0.0005694018909707665), (2.4889347527423666e-11, 0.006874962709844112, 0.0005694018909707665), (-7.999996159924194e-05, 0.006967464461922646, 0.0008419036166742444), (3.680077423351413e-11, 0.006967464461922646, 0.0008419036166742444), (-7.999994704732671e-05, 0.00709474366158247, 0.0010999999940395355), (4.8082527542847586e-11, 0.00709474366158247, 0.0010999999940395355), (-7.99999397713691e-05, 0.007254622410982847, 0.0013392751570791006), (5.854157436591123e-11, 0.007254622410982847, 0.0013392751570791006), (-7.999993249541149e-05, 0.007444364950060844, 0.0015556348953396082), (6.79989606289233e-11, 0.007444364950060844, 0.0015556348953396082), (-7.999992521945387e-05, 0.007660724222660065, 0.0017453773180022836), (7.629286785659772e-11, 0.007660724222660065, 0.0017453773180022836), (-7.999991794349626e-05, 0.007899999618530273, 0.0019052558345720172), (8.328137485191789e-11, 0.007899999618530273, 0.0019052558345720172), (-7.999991066753864e-05, 0.008158096112310886, 0.0020325349178165197), (8.884492447291947e-11, 0.008158096112310886, 0.0020325349178165197), (-7.999990339158103e-05, 0.008430597372353077, 0.002125036669895053), (9.288830121745306e-11, 0.008430597372353077, 0.002125036669895053), (-7.999990339158103e-05, 0.008712842129170895, 0.002181178657338023), (9.534234512997841e-11, 0.008712842129170895, 0.002181178657338023), (-7.999990339158103e-05, 0.008999999612569809, 0.002199999988079071), (9.616505508569517e-11, 0.008999999612569809, 0.002199999988079071), (-7.999990339158103e-05, 0.009287157095968723, 0.002181178657338023), (9.534234512997841e-11, 0.009287157095968723, 0.002181178657338023), (-7.999990339158103e-05, 0.009569401852786541, 0.002125036669895053), (9.288830121745306e-11, 0.009569401852786541, 0.002125036669895053), (-7.999991066753864e-05, 0.009841903112828732, 0.0020325349178165197), (8.884492447291947e-11, 0.009841903112828732, 0.0020325349178165197), (-7.999991794349626e-05, 0.010099999606609344, 0.0019052558345720172), (8.328137485191789e-11, 0.010099999606609344, 0.0019052558345720172), (-7.999992521945387e-05, 0.010339275002479553, 0.0017453773180022836), (7.629286785659772e-11, 0.010339275002479553, 0.0017453773180022836), (-7.999993249541149e-05, 0.010555634275078773, 0.0015556348953396082), (6.79989606289233e-11, 0.010555634275078773, 0.0015556348953396082), (-7.99999397713691e-05, 0.010745377279818058, 0.0013392751570791006), (5.854157436591123e-11, 0.010745377279818058, 0.0013392751570791006), (-7.999994704732671e-05, 0.010905255563557148, 0.0010999999940395355), (4.8082527542847586e-11, 0.010905255563557148, 0.0010999999940395355), (-7.999996159924194e-05, 0.011032534763216972, 0.0008419036166742444), (3.680077423351413e-11, 0.011032534763216972, 0.0008419036166742444), (-7.999997615115717e-05, 0.011125036515295506, 0.0005694018909707665), (2.4889347527423666e-11, 0.011125036515295506, 0.0005694018909707665), (-7.999998342711478e-05, 0.011181178502738476, 0.0002871576289180666), (1.2552058351045225e-11, 0.011181178502738476, 0.0002871576289180666)]
int[] faceVertexCounts = [4, 4, 4, 4, 4, 4, 4, 4, 4, 4, 4, 4, 4, 4, 4, 4, 4, 4, 4, 4, 4, 4, 4, 4, 4, 4, 4, 4, 4, 4, 4, 4, 4, 4, 4, 4, 4, 4, 4, 4, 4, 4, 4, 4, 4, 4, 48, 4, 4, 48]
int[] faceVertexIndices = [0, 1, 3, 2, 2, 3, 5, 4, 4, 5, 7, 6, 6, 7, 9, 8, 8, 9, 11, 10, 10, 11, 13, 12, 12, 13, 15, 14, 14, 15, 17, 16, 16, 17, 19, 18, 18, 19, 21, 20, 20, 21, 23, 22, 22, 23, 25, 24, 24, 25, 27, 26, 26, 27, 29, 28, 28, 29, 31, 30, 30, 31, 33, 32, 32, 33, 35, 34, 34, 35, 37, 36, 36, 37, 39, 38, 38, 39, 41, 40, 40, 41, 43, 42, 42, 43, 45, 44, 44, 45, 47, 46, 46, 47, 49, 48, 48, 49, 51, 50, 50, 51, 53, 52, 52, 53, 55, 54, 54, 55, 57, 56, 56, 57, 59, 58, 58, 59, 61, 60, 60, 61, 63, 62, 62, 63, 65, 64, 64, 65, 67, 66, 66, 67, 69, 68, 68, 69, 71, 70, 70, 71, 73, 72, 72, 73, 75, 74, 74, 75, 77, 76, 76, 77, 79, 78, 78, 79, 81, 80, 80, 81, 83, 82, 82, 83, 85, 84, 84, 85, 87, 86, 86, 87, 89, 88, 88, 89, 91, 90, 90, 91, 93, 92, 3, 1, 95, 93, 91, 89, 87, 85, 83, 81, 79, 77, 75, 73, 71, 69, 67, 65, 63, 61, 59, 57, 55, 53, 51, 49, 47, 45, 43, 41, 39, 37, 35, 33, 31, 29, 27, 25, 23, 21, 19, 17, 15, 13, 11, 9, 7, 5, 92, 93, 95, 94, 94, 95, 1, 0, 0, 2, 4, 6, 8, 10, 12, 14, 16, 18, 20, 22, 24, 26, 28, 30, 32, 34, 36, 38, 40, 42, 44, 46, 48, 50, 52, 54, 56, 58, 60, 62, 64, 66, 68, 70, 72, 74, 76, 78, 80, 82, 84, 86, 88, 90, 92, 94]
uniform token subdivisionScheme = "none"
rel material:binding = </Component/Looks/Gemini_black_glass>
}
def Mesh "USB_C_recess" (prepend apiSchemas = ["MaterialBindingAPI"]) {
point3f[] points = [(-0.015399999916553497, -0.020899999886751175, -0.0020000000949949026), (-0.015399999916553497, -0.020999999716877937, -0.0019000001484528184), (-0.01549999974668026, -0.020899999886751175, -0.0019000001484528184), (-0.015399999916553497, -0.02094993367791176, -0.0019866405054926872), (-0.01544993370771408, -0.020899999886751175, -0.0019866405054926872), (-0.015447821468114853, -0.02094782143831253, -0.001973663456737995), (-0.01544993370771408, -0.020986640825867653, -0.0019000001484528184), (-0.015399999916553497, -0.020986640825867653, -0.001949934521690011), (-0.015447821468114853, -0.02097366377711296, -0.0019478212343528867), (-0.0154866399243474, -0.020899999886751175, -0.001949934521690011), (-0.0154866399243474, -0.02094993367791176, -0.0019000001484528184), (-0.015473662875592709, -0.02094782143831253, -0.0019478212343528867), (-0.015399999916553497, -0.020999999716877937, 0.0019000001484528184), (-0.015399999916553497, -0.020899999886751175, 0.0020000000949949026), (-0.01549999974668026, -0.020899999886751175, 0.0019000001484528184), (-0.015399999916553497, -0.020986640825867653, 0.001949934521690011), (-0.01544993370771408, -0.020986640825867653, 0.0019000001484528184), (-0.015447821468114853, -0.02097366377711296, 0.0019478212343528867), (-0.01544993370771408, -0.020899999886751175, 0.0019866405054926872), (-0.015399999916553497, -0.02094993367791176, 0.0019866405054926872), (-0.015447821468114853, -0.02094782143831253, 0.001973663456737995), (-0.0154866399243474, -0.02094993367791176, 0.0019000001484528184), (-0.0154866399243474, -0.020899999886751175, 0.001949934521690011), (-0.015473662875592709, -0.02094782143831253, 0.0019478212343528867), (-0.015399999916553497, -0.020899999886751175, -0.0020000000949949026), (-0.01549999974668026, -0.020899999886751175, -0.0019000001484528184), (-0.015399999916553497, -0.020800000056624413, -0.0019000001484528184), (-0.01544993370771408, -0.020899999886751175, -0.0019866405054926872), (-0.015399999916553497, -0.02085006609559059, -0.0019866405054926872), (-0.015447821468114853, -0.02085217833518982, -0.001973663456737995), (-0.0154866399243474, -0.02085006609559059, -0.0019000001484528184), (-0.0154866399243474, -0.020899999886751175, -0.001949934521690011), (-0.015473662875592709, -0.02085217833518982, -0.0019478212343528867), (-0.015399999916553497, -0.020813358947634697, -0.001949934521690011), (-0.01544993370771408, -0.020813358947634697, -0.0019000001484528184), (-0.015447821468114853, -0.02082633599638939, -0.0019478212343528867), (-0.015399999916553497, -0.020899999886751175, 0.0020000000949949026), (-0.015399999916553497, -0.020800000056624413, 0.0019000001484528184), (-0.01549999974668026, -0.020899999886751175, 0.0019000001484528184), (-0.015399999916553497, -0.02085006609559059, 0.0019866405054926872), (-0.01544993370771408, -0.020899999886751175, 0.0019866405054926872), (-0.015447821468114853, -0.02085217833518982, 0.001973663456737995), (-0.01544993370771408, -0.020813358947634697, 0.0019000001484528184), (-0.015399999916553497, -0.020813358947634697, 0.001949934521690011), (-0.015447821468114853, -0.02082633599638939, 0.0019478212343528867), (-0.0154866399243474, -0.020899999886751175, 0.001949934521690011), (-0.0154866399243474, -0.02085006609559059, 0.0019000001484528184), (-0.015473662875592709, -0.02085217833518982, 0.0019478212343528867), (-0.006599999964237213, -0.020899999886751175, -0.0020000000949949026), (-0.006500000134110451, -0.020899999886751175, -0.0019000001484528184), (-0.006599999964237213, -0.020999999716877937, -0.0019000001484528184), (-0.006550065707415342, -0.020899999886751175, -0.0019866405054926872), (-0.006599999964237213, -0.02094993367791176, -0.0019866405054926872), (-0.006552178878337145, -0.02094782143831253, -0.001973663456737995), (-0.00651335995644331, -0.02094993367791176, -0.0019000001484528184), (-0.00651335995644331, -0.020899999886751175, -0.001949934521690011), (-0.006526337005198002, -0.02094782143831253, -0.0019478212343528867), (-0.006599999964237213, -0.020986640825867653, -0.001949934521690011), (-0.006550065707415342, -0.020986640825867653, -0.0019000001484528184), (-0.006552178878337145, -0.02097366377711296, -0.0019478212343528867), (-0.006599999964237213, -0.020899999886751175, 0.0020000000949949026), (-0.006599999964237213, -0.020999999716877937, 0.0019000001484528184), (-0.006500000134110451, -0.020899999886751175, 0.0019000001484528184), (-0.006599999964237213, -0.02094993367791176, 0.0019866405054926872), (-0.006550065707415342, -0.020899999886751175, 0.0019866405054926872), (-0.006552178878337145, -0.02094782143831253, 0.001973663456737995), (-0.006550065707415342, -0.020986640825867653, 0.0019000001484528184), (-0.006599999964237213, -0.020986640825867653, 0.001949934521690011), (-0.006552178878337145, -0.02097366377711296, 0.0019478212343528867), (-0.00651335995644331, -0.020899999886751175, 0.001949934521690011), (-0.00651335995644331, -0.02094993367791176, 0.0019000001484528184), (-0.006526337005198002, -0.02094782143831253, 0.0019478212343528867), (-0.006599999964237213, -0.020899999886751175, -0.0020000000949949026), (-0.006599999964237213, -0.020800000056624413, -0.0019000001484528184), (-0.006500000134110451, -0.020899999886751175, -0.0019000001484528184), (-0.006599999964237213, -0.02085006609559059, -0.0019866405054926872), (-0.006550065707415342, -0.020899999886751175, -0.0019866405054926872), (-0.006552178878337145, -0.02085217833518982, -0.001973663456737995), (-0.006550065707415342, -0.020813358947634697, -0.0019000001484528184), (-0.006599999964237213, -0.020813358947634697, -0.001949934521690011), (-0.006552178878337145, -0.02082633599638939, -0.0019478212343528867), (-0.00651335995644331, -0.020899999886751175, -0.001949934521690011), (-0.00651335995644331, -0.02085006609559059, -0.0019000001484528184), (-0.006526337005198002, -0.02085217833518982, -0.0019478212343528867), (-0.006599999964237213, -0.020899999886751175, 0.0020000000949949026), (-0.006500000134110451, -0.020899999886751175, 0.0019000001484528184), (-0.006599999964237213, -0.020800000056624413, 0.0019000001484528184), (-0.006550065707415342, -0.020899999886751175, 0.0019866405054926872), (-0.006599999964237213, -0.02085006609559059, 0.0019866405054926872), (-0.006552178878337145, -0.02085217833518982, 0.001973663456737995), (-0.00651335995644331, -0.02085006609559059, 0.0019000001484528184), (-0.00651335995644331, -0.020899999886751175, 0.001949934521690011), (-0.006526337005198002, -0.02085217833518982, 0.0019478212343528867), (-0.006599999964237213, -0.020813358947634697, 0.001949934521690011), (-0.006550065707415342, -0.020813358947634697, 0.0019000001484528184), (-0.006552178878337145, -0.02082633599638939, 0.0019478212343528867)]
int[] faceVertexCounts = [4, 4, 4, 4, 4, 4, 4, 4, 4, 4, 4, 3, 4, 4, 4, 4, 4, 4, 3, 4, 4, 4, 4, 4, 4, 3, 4, 4, 4, 4, 4, 4, 3, 4, 4, 4, 4, 4, 4, 3, 4, 4, 4, 4, 4, 4, 3, 4, 4, 4, 4, 4, 4, 3, 4, 4, 4, 4, 4, 4, 3, 4, 4, 4, 4, 4, 4, 4, 4, 4, 4, 4, 4, 4, 4, 4, 4, 4, 4, 4, 4, 4, 4, 4, 4, 4, 4, 4, 4, 4, 4, 4, 4, 4, 4, 4, 4, 4]
int[] faceVertexIndices = [50, 61, 12, 1, 74, 85, 62, 49, 84, 36, 13, 60, 2, 14, 38, 25, 26, 37, 86, 73, 0, 3, 5, 4, 3, 7, 8, 5, 1, 6, 8, 7, 6, 10, 11, 8, 2, 9, 11, 10, 9, 4, 5, 11, 5, 8, 11, 12, 15, 17, 16, 15, 19, 20, 17, 13, 18, 20, 19, 18, 22, 23, 20, 14, 21, 23, 22, 21, 16, 17, 23, 17, 20, 23, 24, 27, 29, 28, 27, 31, 32, 29, 25, 30, 32, 31, 30, 34, 35, 32, 26, 33, 35, 34, 33, 28, 29, 35, 29, 32, 35, 36, 39, 41, 40, 39, 43, 44, 41, 37, 42, 44, 43, 42, 46, 47, 44, 38, 45, 47, 46, 45, 40, 41, 47, 41, 44, 47, 48, 51, 53, 52, 51, 55, 56, 53, 49, 54, 56, 55, 54, 58, 59, 56, 50, 57, 59, 58, 57, 52, 53, 59, 53, 56, 59, 60, 63, 65, 64, 63, 67, 68, 65, 61, 66, 68, 67, 66, 70, 71, 68, 62, 69, 71, 70, 69, 64, 65, 71, 65, 68, 71, 72, 75, 77, 76, 75, 79, 80, 77, 73, 78, 80, 79, 78, 82, 83, 80, 74, 81, 83, 82, 81, 76, 77, 83, 77, 80, 83, 84, 87, 89, 88, 87, 91, 92, 89, 85, 90, 92, 91, 90, 94, 95, 92, 86, 93, 95, 94, 93, 88, 89, 95, 89, 92, 95, 24, 0, 4, 27, 27, 4, 9, 31, 31, 9, 2, 25, 1, 12, 16, 6, 6, 16, 21, 10, 10, 21, 14, 2, 13, 36, 40, 18, 18, 40, 45, 22, 22, 45, 38, 14, 37, 26, 34, 42, 42, 34, 30, 46, 46, 30, 25, 38, 72, 24, 28, 75, 75, 28, 33, 79, 79, 33, 26, 73, 36, 84, 88, 39, 39, 88, 93, 43, 43, 93, 86, 37, 85, 74, 82, 90, 90, 82, 78, 94, 94, 78, 73, 86, 48, 72, 76, 51, 51, 76, 81, 55, 55, 81, 74, 49, 84, 60, 64, 87, 87, 64, 69, 91, 91, 69, 62, 85, 61, 50, 58, 66, 66, 58, 54, 70, 70, 54, 49, 62, 0, 48, 52, 3, 3, 52, 57, 7, 7, 57, 50, 1, 60, 13, 19, 63, 63, 19, 15, 67, 67, 15, 12, 61, 24, 72, 48, 0]
uniform token subdivisionScheme = "none"
rel material:binding = </Component/Looks/Slot_and_fastener>
}
def Mesh "USB_screw" (prepend apiSchemas = ["MaterialBindingAPI"]) {
point3f[] points = [(-0.010999999940395355, -0.020800000056624413, -0.01080000028014183), (-0.010999999940395355, -0.020999999716877937, -0.01080000028014183), (-0.010843368247151375, -0.020800000056624413, -0.010810266248881817), (-0.010843368247151375, -0.020999999716877937, -0.010810266248881817), (-0.010689416900277138, -0.020800000056624413, -0.010840889066457748), (-0.010689416900277138, -0.020999999716877937, -0.010840889066457748), (-0.010540779680013657, -0.020800000056624413, -0.010891344398260117), (-0.010540779680013657, -0.020999999716877937, -0.010891344398260117), (-0.010400000028312206, -0.020800000056624413, -0.010960769839584827), (-0.010400000028312206, -0.020999999716877937, -0.010960769839584827), (-0.010269486345350742, -0.020800000056624413, -0.011047976091504097), (-0.010269486345350742, -0.020999999716877937, -0.011047976091504097), (-0.010151471942663193, -0.020800000056624413, -0.011151472106575966), (-0.010151471942663193, -0.020999999716877937, -0.011151472106575966), (-0.010047975927591324, -0.020800000056624413, -0.011269486509263515), (-0.010047975927591324, -0.020999999716877937, -0.011269486509263515), (-0.009960769675672054, -0.020800000056624413, -0.01140000019222498), (-0.009960769675672054, -0.020999999716877937, -0.01140000019222498), (-0.009891344234347343, -0.020800000056624413, -0.01154077984392643), (-0.009891344234347343, -0.020999999716877937, -0.01154077984392643), (-0.009840888902544975, -0.020800000056624413, -0.011689417064189911), (-0.009840888902544975, -0.020999999716877937, -0.011689417064189911), (-0.009810266084969044, -0.020800000056624413, -0.011843368411064148), (-0.009810266084969044, -0.020999999716877937, -0.011843368411064148), (-0.009800000116229057, -0.020800000056624413, -0.012000000104308128), (-0.009800000116229057, -0.020999999716877937, -0.012000000104308128), (-0.009810266084969044, -0.020800000056624413, -0.012156631797552109), (-0.009810266084969044, -0.020999999716877937, -0.012156631797552109), (-0.009840888902544975, -0.020800000056624413, -0.012310583144426346), (-0.009840888902544975, -0.020999999716877937, -0.012310583144426346), (-0.009891344234347343, -0.020800000056624413, -0.012459220364689827), (-0.009891344234347343, -0.020999999716877937, -0.012459220364689827), (-0.009960769675672054, -0.020800000056624413, -0.012600000016391277), (-0.009960769675672054, -0.020999999716877937, -0.012600000016391277), (-0.010047975927591324, -0.020800000056624413, -0.012730513699352741), (-0.010047975927591324, -0.020999999716877937, -0.012730513699352741), (-0.010151471942663193, -0.020800000056624413, -0.01284852810204029), (-0.010151471942663193, -0.020999999716877937, -0.01284852810204029), (-0.010269486345350742, -0.020800000056624413, -0.01295202411711216), (-0.010269486345350742, -0.020999999716877937, -0.01295202411711216), (-0.010400000028312206, -0.020800000056624413, -0.01303923036903143), (-0.010400000028312206, -0.020999999716877937, -0.01303923036903143), (-0.010540779680013657, -0.020800000056624413, -0.01310865581035614), (-0.010540779680013657, -0.020999999716877937, -0.01310865581035614), (-0.010689416900277138, -0.020800000056624413, -0.013159111142158508), (-0.010689416900277138, -0.020999999716877937, -0.013159111142158508), (-0.010843368247151375, -0.020800000056624413, -0.01318973395973444), (-0.010843368247151375, -0.020999999716877937, -0.01318973395973444), (-0.010999999940395355, -0.020800000056624413, -0.013199999928474426), (-0.010999999940395355, -0.020999999716877937, -0.013199999928474426), (-0.011156631633639336, -0.020800000056624413, -0.01318973395973444), (-0.011156631633639336, -0.020999999716877937, -0.01318973395973444), (-0.011310582980513573, -0.020800000056624413, -0.013159111142158508), (-0.011310582980513573, -0.020999999716877937, -0.013159111142158508), (-0.011459220200777054, -0.020800000056624413, -0.01310865581035614), (-0.011459220200777054, -0.020999999716877937, -0.01310865581035614), (-0.011599999852478504, -0.020800000056624413, -0.01303923036903143), (-0.011599999852478504, -0.020999999716877937, -0.01303923036903143), (-0.011730513535439968, -0.020800000056624413, -0.01295202411711216), (-0.011730513535439968, -0.020999999716877937, -0.01295202411711216), (-0.011848527938127518, -0.020800000056624413, -0.01284852810204029), (-0.011848527938127518, -0.020999999716877937, -0.01284852810204029), (-0.011952023953199387, -0.020800000056624413, -0.012730513699352741), (-0.011952023953199387, -0.020999999716877937, -0.012730513699352741), (-0.012039230205118656, -0.020800000056624413, -0.012600000016391277), (-0.012039230205118656, -0.020999999716877937, -0.012600000016391277), (-0.012108655646443367, -0.020800000056624413, -0.012459220364689827), (-0.012108655646443367, -0.020999999716877937, -0.012459220364689827), (-0.012159110978245735, -0.020800000056624413, -0.012310583144426346), (-0.012159110978245735, -0.020999999716877937, -0.012310583144426346), (-0.012189733795821667, -0.020800000056624413, -0.012156631797552109), (-0.012189733795821667, -0.020999999716877937, -0.012156631797552109), (-0.012199999764561653, -0.020800000056624413, -0.012000000104308128), (-0.012199999764561653, -0.020999999716877937, -0.012000000104308128), (-0.012189733795821667, -0.020800000056624413, -0.011843368411064148), (-0.012189733795821667, -0.020999999716877937, -0.011843368411064148), (-0.012159110978245735, -0.020800000056624413, -0.011689417064189911), (-0.012159110978245735, -0.020999999716877937, -0.011689417064189911), (-0.012108655646443367, -0.020800000056624413, -0.01154077984392643), (-0.012108655646443367, -0.020999999716877937, -0.01154077984392643), (-0.012039230205118656, -0.020800000056624413, -0.01140000019222498), (-0.012039230205118656, -0.020999999716877937, -0.01140000019222498), (-0.011952023953199387, -0.020800000056624413, -0.011269486509263515), (-0.011952023953199387, -0.020999999716877937, -0.011269486509263515), (-0.011848527938127518, -0.020800000056624413, -0.011151472106575966), (-0.011848527938127518, -0.020999999716877937, -0.011151472106575966), (-0.011730513535439968, -0.020800000056624413, -0.011047976091504097), (-0.011730513535439968, -0.020999999716877937, -0.011047976091504097), (-0.011599999852478504, -0.020800000056624413, -0.010960769839584827), (-0.011599999852478504, -0.020999999716877937, -0.010960769839584827), (-0.011459220200777054, -0.020800000056624413, -0.010891344398260117), (-0.011459220200777054, -0.020999999716877937, -0.010891344398260117), (-0.011310582980513573, -0.020800000056624413, -0.010840889066457748), (-0.011310582980513573, -0.020999999716877937, -0.010840889066457748), (-0.011156631633639336, -0.020800000056624413, -0.010810266248881817), (-0.011156631633639336, -0.020999999716877937, -0.010810266248881817)]
int[] faceVertexCounts = [4, 4, 4, 4, 4, 4, 4, 4, 4, 4, 4, 4, 4, 4, 4, 4, 4, 4, 4, 4, 4, 4, 4, 4, 4, 4, 4, 4, 4, 4, 4, 4, 4, 4, 4, 4, 4, 4, 4, 4, 4, 4, 4, 4, 4, 4, 48, 4, 4, 48]
int[] faceVertexIndices = [0, 1, 3, 2, 2, 3, 5, 4, 4, 5, 7, 6, 6, 7, 9, 8, 8, 9, 11, 10, 10, 11, 13, 12, 12, 13, 15, 14, 14, 15, 17, 16, 16, 17, 19, 18, 18, 19, 21, 20, 20, 21, 23, 22, 22, 23, 25, 24, 24, 25, 27, 26, 26, 27, 29, 28, 28, 29, 31, 30, 30, 31, 33, 32, 32, 33, 35, 34, 34, 35, 37, 36, 36, 37, 39, 38, 38, 39, 41, 40, 40, 41, 43, 42, 42, 43, 45, 44, 44, 45, 47, 46, 46, 47, 49, 48, 48, 49, 51, 50, 50, 51, 53, 52, 52, 53, 55, 54, 54, 55, 57, 56, 56, 57, 59, 58, 58, 59, 61, 60, 60, 61, 63, 62, 62, 63, 65, 64, 64, 65, 67, 66, 66, 67, 69, 68, 68, 69, 71, 70, 70, 71, 73, 72, 72, 73, 75, 74, 74, 75, 77, 76, 76, 77, 79, 78, 78, 79, 81, 80, 80, 81, 83, 82, 82, 83, 85, 84, 84, 85, 87, 86, 86, 87, 89, 88, 88, 89, 91, 90, 90, 91, 93, 92, 3, 1, 95, 93, 91, 89, 87, 85, 83, 81, 79, 77, 75, 73, 71, 69, 67, 65, 63, 61, 59, 57, 55, 53, 51, 49, 47, 45, 43, 41, 39, 37, 35, 33, 31, 29, 27, 25, 23, 21, 19, 17, 15, 13, 11, 9, 7, 5, 92, 93, 95, 94, 94, 95, 1, 0, 0, 2, 4, 6, 8, 10, 12, 14, 16, 18, 20, 22, 24, 26, 28, 30, 32, 34, 36, 38, 40, 42, 44, 46, 48, 50, 52, 54, 56, 58, 60, 62, 64, 66, 68, 70, 72, 74, 76, 78, 80, 82, 84, 86, 88, 90, 92, 94]
uniform token subdivisionScheme = "none"
rel material:binding = </Component/Looks/Slot_and_fastener>
}
def Mesh "USB_screw_001" (prepend apiSchemas = ["MaterialBindingAPI"]) {
point3f[] points = [(-0.010999999940395355, -0.020800000056624413, 0.013199999928474426), (-0.010999999940395355, -0.020999999716877937, 0.013199999928474426), (-0.010843368247151375, -0.020800000056624413, 0.01318973395973444), (-0.010843368247151375, -0.020999999716877937, 0.01318973395973444), (-0.010689416900277138, -0.020800000056624413, 0.013159111142158508), (-0.010689416900277138, -0.020999999716877937, 0.013159111142158508), (-0.010540779680013657, -0.020800000056624413, 0.01310865581035614), (-0.010540779680013657, -0.020999999716877937, 0.01310865581035614), (-0.010400000028312206, -0.020800000056624413, 0.01303923036903143), (-0.010400000028312206, -0.020999999716877937, 0.01303923036903143), (-0.010269486345350742, -0.020800000056624413, 0.01295202411711216), (-0.010269486345350742, -0.020999999716877937, 0.01295202411711216), (-0.010151471942663193, -0.020800000056624413, 0.01284852810204029), (-0.010151471942663193, -0.020999999716877937, 0.01284852810204029), (-0.010047975927591324, -0.020800000056624413, 0.012730513699352741), (-0.010047975927591324, -0.020999999716877937, 0.012730513699352741), (-0.009960769675672054, -0.020800000056624413, 0.012600000016391277), (-0.009960769675672054, -0.020999999716877937, 0.012600000016391277), (-0.009891344234347343, -0.020800000056624413, 0.012459220364689827), (-0.009891344234347343, -0.020999999716877937, 0.012459220364689827), (-0.009840888902544975, -0.020800000056624413, 0.012310583144426346), (-0.009840888902544975, -0.020999999716877937, 0.012310583144426346), (-0.009810266084969044, -0.020800000056624413, 0.012156631797552109), (-0.009810266084969044, -0.020999999716877937, 0.012156631797552109), (-0.009800000116229057, -0.020800000056624413, 0.012000000104308128), (-0.009800000116229057, -0.020999999716877937, 0.012000000104308128), (-0.009810266084969044, -0.020800000056624413, 0.011843368411064148), (-0.009810266084969044, -0.020999999716877937, 0.011843368411064148), (-0.009840888902544975, -0.020800000056624413, 0.011689417064189911), (-0.009840888902544975, -0.020999999716877937, 0.011689417064189911), (-0.009891344234347343, -0.020800000056624413, 0.01154077984392643), (-0.009891344234347343, -0.020999999716877937, 0.01154077984392643), (-0.009960769675672054, -0.020800000056624413, 0.01140000019222498), (-0.009960769675672054, -0.020999999716877937, 0.01140000019222498), (-0.010047975927591324, -0.020800000056624413, 0.011269486509263515), (-0.010047975927591324, -0.020999999716877937, 0.011269486509263515), (-0.010151471942663193, -0.020800000056624413, 0.011151472106575966), (-0.010151471942663193, -0.020999999716877937, 0.011151472106575966), (-0.010269486345350742, -0.020800000056624413, 0.011047976091504097), (-0.010269486345350742, -0.020999999716877937, 0.011047976091504097), (-0.010400000028312206, -0.020800000056624413, 0.010960769839584827), (-0.010400000028312206, -0.020999999716877937, 0.010960769839584827), (-0.010540779680013657, -0.020800000056624413, 0.010891344398260117), (-0.010540779680013657, -0.020999999716877937, 0.010891344398260117), (-0.010689416900277138, -0.020800000056624413, 0.010840889066457748), (-0.010689416900277138, -0.020999999716877937, 0.010840889066457748), (-0.010843368247151375, -0.020800000056624413, 0.010810266248881817), (-0.010843368247151375, -0.020999999716877937, 0.010810266248881817), (-0.010999999940395355, -0.020800000056624413, 0.01080000028014183), (-0.010999999940395355, -0.020999999716877937, 0.01080000028014183), (-0.011156631633639336, -0.020800000056624413, 0.010810266248881817), (-0.011156631633639336, -0.020999999716877937, 0.010810266248881817), (-0.011310582980513573, -0.020800000056624413, 0.010840889066457748), (-0.011310582980513573, -0.020999999716877937, 0.010840889066457748), (-0.011459220200777054, -0.020800000056624413, 0.010891344398260117), (-0.011459220200777054, -0.020999999716877937, 0.010891344398260117), (-0.011599999852478504, -0.020800000056624413, 0.010960769839584827), (-0.011599999852478504, -0.020999999716877937, 0.010960769839584827), (-0.011730513535439968, -0.020800000056624413, 0.011047976091504097), (-0.011730513535439968, -0.020999999716877937, 0.011047976091504097), (-0.011848527938127518, -0.020800000056624413, 0.011151472106575966), (-0.011848527938127518, -0.020999999716877937, 0.011151472106575966), (-0.011952023953199387, -0.020800000056624413, 0.011269486509263515), (-0.011952023953199387, -0.020999999716877937, 0.011269486509263515), (-0.012039230205118656, -0.020800000056624413, 0.01140000019222498), (-0.012039230205118656, -0.020999999716877937, 0.01140000019222498), (-0.012108655646443367, -0.020800000056624413, 0.01154077984392643), (-0.012108655646443367, -0.020999999716877937, 0.01154077984392643), (-0.012159110978245735, -0.020800000056624413, 0.011689417064189911), (-0.012159110978245735, -0.020999999716877937, 0.011689417064189911), (-0.012189733795821667, -0.020800000056624413, 0.011843368411064148), (-0.012189733795821667, -0.020999999716877937, 0.011843368411064148), (-0.012199999764561653, -0.020800000056624413, 0.012000000104308128), (-0.012199999764561653, -0.020999999716877937, 0.012000000104308128), (-0.012189733795821667, -0.020800000056624413, 0.012156631797552109), (-0.012189733795821667, -0.020999999716877937, 0.012156631797552109), (-0.012159110978245735, -0.020800000056624413, 0.012310583144426346), (-0.012159110978245735, -0.020999999716877937, 0.012310583144426346), (-0.012108655646443367, -0.020800000056624413, 0.012459220364689827), (-0.012108655646443367, -0.020999999716877937, 0.012459220364689827), (-0.012039230205118656, -0.020800000056624413, 0.012600000016391277), (-0.012039230205118656, -0.020999999716877937, 0.012600000016391277), (-0.011952023953199387, -0.020800000056624413, 0.012730513699352741), (-0.011952023953199387, -0.020999999716877937, 0.012730513699352741), (-0.011848527938127518, -0.020800000056624413, 0.01284852810204029), (-0.011848527938127518, -0.020999999716877937, 0.01284852810204029), (-0.011730513535439968, -0.020800000056624413, 0.01295202411711216), (-0.011730513535439968, -0.020999999716877937, 0.01295202411711216), (-0.011599999852478504, -0.020800000056624413, 0.01303923036903143), (-0.011599999852478504, -0.020999999716877937, 0.01303923036903143), (-0.011459220200777054, -0.020800000056624413, 0.01310865581035614), (-0.011459220200777054, -0.020999999716877937, 0.01310865581035614), (-0.011310582980513573, -0.020800000056624413, 0.013159111142158508), (-0.011310582980513573, -0.020999999716877937, 0.013159111142158508), (-0.011156631633639336, -0.020800000056624413, 0.01318973395973444), (-0.011156631633639336, -0.020999999716877937, 0.01318973395973444)]
int[] faceVertexCounts = [4, 4, 4, 4, 4, 4, 4, 4, 4, 4, 4, 4, 4, 4, 4, 4, 4, 4, 4, 4, 4, 4, 4, 4, 4, 4, 4, 4, 4, 4, 4, 4, 4, 4, 4, 4, 4, 4, 4, 4, 4, 4, 4, 4, 4, 4, 48, 4, 4, 48]
int[] faceVertexIndices = [0, 1, 3, 2, 2, 3, 5, 4, 4, 5, 7, 6, 6, 7, 9, 8, 8, 9, 11, 10, 10, 11, 13, 12, 12, 13, 15, 14, 14, 15, 17, 16, 16, 17, 19, 18, 18, 19, 21, 20, 20, 21, 23, 22, 22, 23, 25, 24, 24, 25, 27, 26, 26, 27, 29, 28, 28, 29, 31, 30, 30, 31, 33, 32, 32, 33, 35, 34, 34, 35, 37, 36, 36, 37, 39, 38, 38, 39, 41, 40, 40, 41, 43, 42, 42, 43, 45, 44, 44, 45, 47, 46, 46, 47, 49, 48, 48, 49, 51, 50, 50, 51, 53, 52, 52, 53, 55, 54, 54, 55, 57, 56, 56, 57, 59, 58, 58, 59, 61, 60, 60, 61, 63, 62, 62, 63, 65, 64, 64, 65, 67, 66, 66, 67, 69, 68, 68, 69, 71, 70, 70, 71, 73, 72, 72, 73, 75, 74, 74, 75, 77, 76, 76, 77, 79, 78, 78, 79, 81, 80, 80, 81, 83, 82, 82, 83, 85, 84, 84, 85, 87, 86, 86, 87, 89, 88, 88, 89, 91, 90, 90, 91, 93, 92, 3, 1, 95, 93, 91, 89, 87, 85, 83, 81, 79, 77, 75, 73, 71, 69, 67, 65, 63, 61, 59, 57, 55, 53, 51, 49, 47, 45, 43, 41, 39, 37, 35, 33, 31, 29, 27, 25, 23, 21, 19, 17, 15, 13, 11, 9, 7, 5, 92, 93, 95, 94, 94, 95, 1, 0, 0, 2, 4, 6, 8, 10, 12, 14, 16, 18, 20, 22, 24, 26, 28, 30, 32, 34, 36, 38, 40, 42, 44, 46, 48, 50, 52, 54, 56, 58, 60, 62, 64, 66, 68, 70, 72, 74, 76, 78, 80, 82, 84, 86, 88, 90, 92, 94]
uniform token subdivisionScheme = "none"
rel material:binding = </Component/Looks/Slot_and_fastener>
}
}