#usda 1.0
(
 defaultPrim = "Component"
 metersPerUnit = 1
 upAxis = "Z"
)
def Xform "Component" {
def Scope "Looks" {
def Material "Anodized_aluminum" {
token outputs:surface.connect = </Component/Looks/Anodized_aluminum/Shader.outputs:surface>
def Shader "Shader" {
 uniform token info:id = "UsdPreviewSurface"
color3f inputs:diffuseColor = (0.5199999809265137, 0.5600000023841858, 0.6000000238418579)
float inputs:metallic = 0.8500000238418579
float inputs:roughness = 0.30000001192092896
token outputs:surface
 }
 }
def Material "Material" {
token outputs:surface.connect = </Component/Looks/Material/Shader.outputs:surface>
def Shader "Shader" {
 uniform token info:id = "UsdPreviewSurface"
color3f inputs:diffuseColor = (0.800000011920929, 0.800000011920929, 0.800000011920929)
float inputs:metallic = 0.0
float inputs:roughness = 0.5
token outputs:surface
 }
 }
def Material "Slot_and_fastener" {
token outputs:surface.connect = </Component/Looks/Slot_and_fastener/Shader.outputs:surface>
def Shader "Shader" {
 uniform token info:id = "UsdPreviewSurface"
color3f inputs:diffuseColor = (0.017999999225139618, 0.02199999988079071, 0.02800000086426735)
float inputs:metallic = 0.4000000059604645
float inputs:roughness = 0.30000001192092896
token outputs:surface
 }
 }
}
def Mesh "Base_plate" (prepend apiSchemas = ["MaterialBindingAPI"]) {
point3f[] points = [(-0.17900000512599945, -0.1589999943971634, 0.0), (-0.17900000512599945, -0.1599999964237213, 0.0010000001639127731), (-0.18000000715255737, -0.1589999943971634, 0.0010000001639127731), (-0.17899999022483826, -0.15949933230876923, 0.00013359636068344116), (-0.1794993281364441, -0.1589999943971634, 0.00013359636068344116), (-0.17947819828987122, -0.15947820246219635, 0.00026336777955293655), (-0.1794993281364441, -0.15986639261245728, 0.0010000003967434168), (-0.17899999022483826, -0.15986639261245728, 0.0005006561987102032), (-0.17947819828987122, -0.15973663330078125, 0.000521788839250803), (-0.17986638844013214, -0.1589999943971634, 0.0005006561987102032), (-0.17986638844013214, -0.15949933230876923, 0.0010000003967434168), (-0.17973662912845612, -0.15947820246219635, 0.000521788839250803), (-0.17900000512599945, -0.1599999964237213, 0.007000000216066837), (-0.17900000512599945, -0.1589999943971634, 0.00800000037997961), (-0.18000000715255737, -0.1589999943971634, 0.007000000216066837), (-0.17899999022483826, -0.15986639261245728, 0.007499344181269407), (-0.1794993281364441, -0.15986639261245728, 0.007000000216066837), (-0.17947819828987122, -0.15973663330078125, 0.0074782115407288074), (-0.1794993281364441, -0.1589999943971634, 0.00786640401929617), (-0.17899999022483826, -0.15949933230876923, 0.00786640401929617), (-0.17947819828987122, -0.15947820246219635, 0.007736632600426674), (-0.17986638844013214, -0.15949933230876923, 0.007000000216066837), (-0.17986638844013214, -0.1589999943971634, 0.007499344181269407), (-0.17973662912845612, -0.15947820246219635, 0.0074782115407288074), (-0.17900000512599945, 0.1589999943971634, 0.0), (-0.18000000715255737, 0.1589999943971634, 0.0010000001639127731), (-0.17900000512599945, 0.1599999964237213, 0.0010000001639127731), (-0.17949935793876648, 0.1589999943971634, 0.00013359636068344116), (-0.17900002002716064, 0.15949933230876923, 0.00013359636068344116), (-0.1794782280921936, 0.15947820246219635, 0.00026336777955293655), (-0.17986641824245453, 0.15949933230876923, 0.0010000003967434168), (-0.17986641824245453, 0.1589999943971634, 0.0005006561987102032), (-0.1797366589307785, 0.15947820246219635, 0.000521788839250803), (-0.17900002002716064, 0.15986639261245728, 0.0005006561987102032), (-0.17949935793876648, 0.15986639261245728, 0.0010000003967434168), (-0.1794782280921936, 0.15973663330078125, 0.000521788839250803), (-0.17900000512599945, 0.1589999943971634, 0.00800000037997961), (-0.17900000512599945, 0.1599999964237213, 0.007000000216066837), (-0.18000000715255737, 0.1589999943971634, 0.007000000216066837), (-0.17899999022483826, 0.15949933230876923, 0.00786640401929617), (-0.1794993281364441, 0.1589999943971634, 0.00786640401929617), (-0.17947819828987122, 0.15947820246219635, 0.007736632600426674), (-0.1794993281364441, 0.15986639261245728, 0.007000000216066837), (-0.17899999022483826, 0.15986639261245728, 0.007499344181269407), (-0.17947819828987122, 0.15973663330078125, 0.0074782115407288074), (-0.17986638844013214, 0.1589999943971634, 0.007499344181269407), (-0.17986638844013214, 0.15949933230876923, 0.007000000216066837), (-0.17973662912845612, 0.15947820246219635, 0.0074782115407288074), (0.17900000512599945, -0.1589999943971634, 0.0), (0.18000000715255737, -0.1589999943971634, 0.0010000001639127731), (0.17900000512599945, -0.1599999964237213, 0.0010000001639127731), (0.17949935793876648, -0.1589999943971634, 0.00013359636068344116), (0.17900002002716064, -0.15949933230876923, 0.00013359636068344116), (0.1794782280921936, -0.15947820246219635, 0.00026336777955293655), (0.17986641824245453, -0.15949933230876923, 0.0010000003967434168), (0.17986641824245453, -0.1589999943971634, 0.0005006561987102032), (0.1797366589307785, -0.15947820246219635, 0.000521788839250803), (0.17900002002716064, -0.15986639261245728, 0.0005006561987102032), (0.17949935793876648, -0.15986639261245728, 0.0010000003967434168), (0.1794782280921936, -0.15973663330078125, 0.000521788839250803), (0.17900000512599945, -0.1589999943971634, 0.00800000037997961), (0.17900000512599945, -0.1599999964237213, 0.007000000216066837), (0.18000000715255737, -0.1589999943971634, 0.007000000216066837), (0.17899999022483826, -0.15949933230876923, 0.00786640401929617), (0.1794993281364441, -0.1589999943971634, 0.00786640401929617), (0.17947819828987122, -0.15947820246219635, 0.007736632600426674), (0.1794993281364441, -0.15986639261245728, 0.007000000216066837), (0.17899999022483826, -0.15986639261245728, 0.007499344181269407), (0.17947819828987122, -0.15973663330078125, 0.0074782115407288074), (0.17986638844013214, -0.1589999943971634, 0.007499344181269407), (0.17986638844013214, -0.15949933230876923, 0.007000000216066837), (0.17973662912845612, -0.15947820246219635, 0.0074782115407288074), (0.17900000512599945, 0.1589999943971634, 0.0), (0.17900000512599945, 0.1599999964237213, 0.0010000001639127731), (0.18000000715255737, 0.1589999943971634, 0.0010000001639127731), (0.17899999022483826, 0.15949933230876923, 0.00013359636068344116), (0.1794993281364441, 0.1589999943971634, 0.00013359636068344116), (0.17947819828987122, 0.15947820246219635, 0.00026336777955293655), (0.1794993281364441, 0.15986639261245728, 0.0010000003967434168), (0.17899999022483826, 0.15986639261245728, 0.0005006561987102032), (0.17947819828987122, 0.15973663330078125, 0.000521788839250803), (0.17986638844013214, 0.1589999943971634, 0.0005006561987102032), (0.17986638844013214, 0.15949933230876923, 0.0010000003967434168), (0.17973662912845612, 0.15947820246219635, 0.000521788839250803), (0.17900000512599945, 0.1589999943971634, 0.00800000037997961), (0.18000000715255737, 0.1589999943971634, 0.007000000216066837), (0.17900000512599945, 0.1599999964237213, 0.007000000216066837), (0.17949935793876648, 0.1589999943971634, 0.00786640401929617), (0.17900002002716064, 0.15949933230876923, 0.00786640401929617), (0.1794782280921936, 0.15947820246219635, 0.007736632600426674), (0.17986641824245453, 0.15949933230876923, 0.007000000216066837), (0.17986641824245453, 0.1589999943971634, 0.007499344181269407), (0.1797366589307785, 0.15947820246219635, 0.0074782115407288074), (0.17900002002716064, 0.15986639261245728, 0.007499344181269407), (0.17949935793876648, 0.15986639261245728, 0.007000000216066837), (0.1794782280921936, 0.15973663330078125, 0.0074782115407288074)]
int[] faceVertexCounts = [4, 4, 4, 4, 4, 4, 4, 4, 4, 4, 4, 3, 4, 4, 4, 4, 4, 4, 3, 4, 4, 4, 4, 4, 4, 3, 4, 4, 4, 4, 4, 4, 3, 4, 4, 4, 4, 4, 4, 3, 4, 4, 4, 4, 4, 4, 3, 4, 4, 4, 4, 4, 4, 3, 4, 4, 4, 4, 4, 4, 3, 4, 4, 4, 4, 4, 4, 4, 4, 4, 4, 4, 4, 4, 4, 4, 4, 4, 4, 4, 4, 4, 4, 4, 4, 4, 4, 4, 4, 4, 4, 4, 4, 4, 4, 4, 4, 4]
int[] faceVertexIndices = [50, 61, 12, 1, 74, 85, 62, 49, 84, 36, 13, 60, 2, 14, 38, 25, 26, 37, 86, 73, 0, 3, 5, 4, 3, 7, 8, 5, 1, 6, 8, 7, 6, 10, 11, 8, 2, 9, 11, 10, 9, 4, 5, 11, 5, 8, 11, 12, 15, 17, 16, 15, 19, 20, 17, 13, 18, 20, 19, 18, 22, 23, 20, 14, 21, 23, 22, 21, 16, 17, 23, 17, 20, 23, 24, 27, 29, 28, 27, 31, 32, 29, 25, 30, 32, 31, 30, 34, 35, 32, 26, 33, 35, 34, 33, 28, 29, 35, 29, 32, 35, 36, 39, 41, 40, 39, 43, 44, 41, 37, 42, 44, 43, 42, 46, 47, 44, 38, 45, 47, 46, 45, 40, 41, 47, 41, 44, 47, 48, 51, 53, 52, 51, 55, 56, 53, 49, 54, 56, 55, 54, 58, 59, 56, 50, 57, 59, 58, 57, 52, 53, 59, 53, 56, 59, 60, 63, 65, 64, 63, 67, 68, 65, 61, 66, 68, 67, 66, 70, 71, 68, 62, 69, 71, 70, 69, 64, 65, 71, 65, 68, 71, 72, 75, 77, 76, 75, 79, 80, 77, 73, 78, 80, 79, 78, 82, 83, 80, 74, 81, 83, 82, 81, 76, 77, 83, 77, 80, 83, 84, 87, 89, 88, 87, 91, 92, 89, 85, 90, 92, 91, 90, 94, 95, 92, 86, 93, 95, 94, 93, 88, 89, 95, 89, 92, 95, 24, 0, 4, 27, 27, 4, 9, 31, 31, 9, 2, 25, 1, 12, 16, 6, 6, 16, 21, 10, 10, 21, 14, 2, 13, 36, 40, 18, 18, 40, 45, 22, 22, 45, 38, 14, 37, 26, 34, 42, 42, 34, 30, 46, 46, 30, 25, 38, 72, 24, 28, 75, 75, 28, 33, 79, 79, 33, 26, 73, 36, 84, 88, 39, 39, 88, 93, 43, 43, 93, 86, 37, 85, 74, 82, 90, 90, 82, 78, 94, 94, 78, 73, 86, 48, 72, 76, 51, 51, 76, 81, 55, 55, 81, 74, 49, 84, 60, 64, 87, 87, 64, 69, 91, 91, 69, 62, 85, 61, 50, 58, 66, 66, 58, 54, 70, 70, 54, 49, 62, 0, 48, 52, 3, 3, 52, 57, 7, 7, 57, 50, 1, 60, 13, 19, 63, 63, 19, 15, 67, 67, 15, 12, 61, 24, 72, 48, 0]
uniform token subdivisionScheme = "none"
rel material:binding = </Component/Looks/Anodized_aluminum>
}
def Mesh "Arm_plate" (prepend apiSchemas = ["MaterialBindingAPI"]) {
point3f[] points = [(-0.1589999943971634, -0.13899999856948853, 0.5419999957084656), (-0.1589999943971634, -0.14000000059604645, 0.5429999828338623), (-0.1599999964237213, -0.13899999856948853, 0.5429999828338623), (-0.1589999943971634, -0.13949933648109436, 0.542133629322052), (-0.15949933230876923, -0.13899999856948853, 0.542133629322052), (-0.15947820246219635, -0.13947820663452148, 0.542263388633728), (-0.15949933230876923, -0.1398663967847824, 0.5429999828338623), (-0.1589999943971634, -0.1398663967847824, 0.5425006747245789), (-0.15947820246219635, -0.13973663747310638, 0.5425217747688293), (-0.15986639261245728, -0.13899999856948853, 0.5425006747245789), (-0.15986639261245728, -0.13949933648109436, 0.5429999828338623), (-0.15973663330078125, -0.13947820663452148, 0.5425217747688293), (-0.1589999943971634, -0.14000000059604645, 0.5490000247955322), (-0.1589999943971634, -0.13899999856948853, 0.550000011920929), (-0.1599999964237213, -0.13899999856948853, 0.5490000247955322), (-0.1589999943971634, -0.1398663967847824, 0.5494993329048157), (-0.15949933230876923, -0.1398663967847824, 0.5490000247955322), (-0.15947820246219635, -0.13973663747310638, 0.5494782328605652), (-0.15949933230876923, -0.13899999856948853, 0.5498663783073425), (-0.1589999943971634, -0.13949933648109436, 0.5498663783073425), (-0.15947820246219635, -0.13947820663452148, 0.5497366189956665), (-0.15986639261245728, -0.13949933648109436, 0.5490000247955322), (-0.15986639261245728, -0.13899999856948853, 0.5494993329048157), (-0.15973663330078125, -0.13947820663452148, 0.5494782328605652), (-0.1589999943971634, 0.13899999856948853, 0.5419999957084656), (-0.1599999964237213, 0.13899999856948853, 0.5429999828338623), (-0.1589999943971634, 0.14000000059604645, 0.5429999828338623), (-0.15949933230876923, 0.13899999856948853, 0.542133629322052), (-0.1589999943971634, 0.13949933648109436, 0.542133629322052), (-0.15947820246219635, 0.13947820663452148, 0.542263388633728), (-0.15986639261245728, 0.13949933648109436, 0.5429999828338623), (-0.15986639261245728, 0.13899999856948853, 0.5425006747245789), (-0.15973663330078125, 0.13947820663452148, 0.5425217747688293), (-0.1589999943971634, 0.1398663967847824, 0.5425006747245789), (-0.15949933230876923, 0.1398663967847824, 0.5429999828338623), (-0.15947820246219635, 0.13973663747310638, 0.5425217747688293), (-0.1589999943971634, 0.13899999856948853, 0.550000011920929), (-0.1589999943971634, 0.14000000059604645, 0.5490000247955322), (-0.1599999964237213, 0.13899999856948853, 0.5490000247955322), (-0.1589999943971634, 0.13949933648109436, 0.5498663783073425), (-0.15949933230876923, 0.13899999856948853, 0.5498663783073425), (-0.15947820246219635, 0.13947820663452148, 0.5497366189956665), (-0.15949933230876923, 0.1398663967847824, 0.5490000247955322), (-0.1589999943971634, 0.1398663967847824, 0.5494993329048157), (-0.15947820246219635, 0.13973663747310638, 0.5494782328605652), (-0.15986639261245728, 0.13899999856948853, 0.5494993329048157), (-0.15986639261245728, 0.13949933648109436, 0.5490000247955322), (-0.15973663330078125, 0.13947820663452148, 0.5494782328605652), (0.1589999943971634, -0.13899999856948853, 0.5419999957084656), (0.1599999964237213, -0.13899999856948853, 0.5429999828338623), (0.1589999943971634, -0.14000000059604645, 0.5429999828338623), (0.15949933230876923, -0.13899999856948853, 0.542133629322052), (0.1589999943971634, -0.13949933648109436, 0.542133629322052), (0.15947820246219635, -0.13947820663452148, 0.542263388633728), (0.15986639261245728, -0.13949933648109436, 0.5429999828338623), (0.15986639261245728, -0.13899999856948853, 0.5425006747245789), (0.15973663330078125, -0.13947820663452148, 0.5425217747688293), (0.1589999943971634, -0.1398663967847824, 0.5425006747245789), (0.15949933230876923, -0.1398663967847824, 0.5429999828338623), (0.15947820246219635, -0.13973663747310638, 0.5425217747688293), (0.1589999943971634, -0.13899999856948853, 0.550000011920929), (0.1589999943971634, -0.14000000059604645, 0.5490000247955322), (0.1599999964237213, -0.13899999856948853, 0.5490000247955322), (0.1589999943971634, -0.13949933648109436, 0.5498663783073425), (0.15949933230876923, -0.13899999856948853, 0.5498663783073425), (0.15947820246219635, -0.13947820663452148, 0.5497366189956665), (0.15949933230876923, -0.1398663967847824, 0.5490000247955322), (0.1589999943971634, -0.1398663967847824, 0.5494993329048157), (0.15947820246219635, -0.13973663747310638, 0.5494782328605652), (0.15986639261245728, -0.13899999856948853, 0.5494993329048157), (0.15986639261245728, -0.13949933648109436, 0.5490000247955322), (0.15973663330078125, -0.13947820663452148, 0.5494782328605652), (0.1589999943971634, 0.13899999856948853, 0.5419999957084656), (0.1589999943971634, 0.14000000059604645, 0.5429999828338623), (0.1599999964237213, 0.13899999856948853, 0.5429999828338623), (0.1589999943971634, 0.13949933648109436, 0.542133629322052), (0.15949933230876923, 0.13899999856948853, 0.542133629322052), (0.15947820246219635, 0.13947820663452148, 0.542263388633728), (0.15949933230876923, 0.1398663967847824, 0.5429999828338623), (0.1589999943971634, 0.1398663967847824, 0.5425006747245789), (0.15947820246219635, 0.13973663747310638, 0.5425217747688293), (0.15986639261245728, 0.13899999856948853, 0.5425006747245789), (0.15986639261245728, 0.13949933648109436, 0.5429999828338623), (0.15973663330078125, 0.13947820663452148, 0.5425217747688293), (0.1589999943971634, 0.13899999856948853, 0.550000011920929), (0.1599999964237213, 0.13899999856948853, 0.5490000247955322), (0.1589999943971634, 0.14000000059604645, 0.5490000247955322), (0.15949933230876923, 0.13899999856948853, 0.5498663783073425), (0.1589999943971634, 0.13949933648109436, 0.5498663783073425), (0.15947820246219635, 0.13947820663452148, 0.5497366189956665), (0.15986639261245728, 0.13949933648109436, 0.5490000247955322), (0.15986639261245728, 0.13899999856948853, 0.5494993329048157), (0.15973663330078125, 0.13947820663452148, 0.5494782328605652), (0.1589999943971634, 0.1398663967847824, 0.5494993329048157), (0.15949933230876923, 0.1398663967847824, 0.5490000247955322), (0.15947820246219635, 0.13973663747310638, 0.5494782328605652)]
int[] faceVertexCounts = [4, 4, 4, 4, 4, 4, 4, 4, 4, 4, 4, 3, 4, 4, 4, 4, 4, 4, 3, 4, 4, 4, 4, 4, 4, 3, 4, 4, 4, 4, 4, 4, 3, 4, 4, 4, 4, 4, 4, 3, 4, 4, 4, 4, 4, 4, 3, 4, 4, 4, 4, 4, 4, 3, 4, 4, 4, 4, 4, 4, 3, 4, 4, 4, 4, 4, 4, 4, 4, 4, 4, 4, 4, 4, 4, 4, 4, 4, 4, 4, 4, 4, 4, 4, 4, 4, 4, 4, 4, 4, 4, 4, 4, 4, 4, 4, 4, 4]
int[] faceVertexIndices = [50, 61, 12, 1, 74, 85, 62, 49, 84, 36, 13, 60, 2, 14, 38, 25, 26, 37, 86, 73, 0, 3, 5, 4, 3, 7, 8, 5, 1, 6, 8, 7, 6, 10, 11, 8, 2, 9, 11, 10, 9, 4, 5, 11, 5, 8, 11, 12, 15, 17, 16, 15, 19, 20, 17, 13, 18, 20, 19, 18, 22, 23, 20, 14, 21, 23, 22, 21, 16, 17, 23, 17, 20, 23, 24, 27, 29, 28, 27, 31, 32, 29, 25, 30, 32, 31, 30, 34, 35, 32, 26, 33, 35, 34, 33, 28, 29, 35, 29, 32, 35, 36, 39, 41, 40, 39, 43, 44, 41, 37, 42, 44, 43, 42, 46, 47, 44, 38, 45, 47, 46, 45, 40, 41, 47, 41, 44, 47, 48, 51, 53, 52, 51, 55, 56, 53, 49, 54, 56, 55, 54, 58, 59, 56, 50, 57, 59, 58, 57, 52, 53, 59, 53, 56, 59, 60, 63, 65, 64, 63, 67, 68, 65, 61, 66, 68, 67, 66, 70, 71, 68, 62, 69, 71, 70, 69, 64, 65, 71, 65, 68, 71, 72, 75, 77, 76, 75, 79, 80, 77, 73, 78, 80, 79, 78, 82, 83, 80, 74, 81, 83, 82, 81, 76, 77, 83, 77, 80, 83, 84, 87, 89, 88, 87, 91, 92, 89, 85, 90, 92, 91, 90, 94, 95, 92, 86, 93, 95, 94, 93, 88, 89, 95, 89, 92, 95, 24, 0, 4, 27, 27, 4, 9, 31, 31, 9, 2, 25, 1, 12, 16, 6, 6, 16, 21, 10, 10, 21, 14, 2, 13, 36, 40, 18, 18, 40, 45, 22, 22, 45, 38, 14, 37, 26, 34, 42, 42, 34, 30, 46, 46, 30, 25, 38, 72, 24, 28, 75, 75, 28, 33, 79, 79, 33, 26, 73, 36, 84, 88, 39, 39, 88, 93, 43, 43, 93, 86, 37, 85, 74, 82, 90, 90, 82, 78, 94, 94, 78, 73, 86, 48, 72, 76, 51, 51, 76, 81, 55, 55, 81, 74, 49, 84, 60, 64, 87, 87, 64, 69, 91, 91, 69, 62, 85, 61, 50, 58, 66, 66, 58, 54, 70, 70, 54, 49, 62, 0, 48, 52, 3, 3, 52, 57, 7, 7, 57, 50, 1, 60, 13, 19, 63, 63, 19, 15, 67, 67, 15, 12, 61, 24, 72, 48, 0]
uniform token subdivisionScheme = "none"
rel material:binding = </Component/Looks/Anodized_aluminum>
}
def Mesh "Extrusion_column" (prepend apiSchemas = ["MaterialBindingAPI"]) {
point3f[] points = [(-0.14900000393390656, -0.1290000081062317, 0.008000016212463379), (-0.14900000393390656, -0.12999999523162842, 0.009000003337860107), (-0.15000000596046448, -0.1290000081062317, 0.009000003337860107), (-0.14900000393390656, -0.12949934601783752, 0.00813359022140503), (-0.1494993418455124, -0.1290000081062317, 0.00813359022140503), (-0.14947821199893951, -0.12947821617126465, 0.008263349533081055), (-0.1494993418455124, -0.12986640632152557, 0.00899997353553772), (-0.14900000393390656, -0.12986640632152557, 0.008500635623931885), (-0.14947821199893951, -0.12973663210868835, 0.00852176547050476), (-0.14986640214920044, -0.1290000081062317, 0.008500635623931885), (-0.14986640214920044, -0.12949934601783752, 0.00899997353553772), (-0.14973664283752441, -0.12947821617126465, 0.00852176547050476), (-0.14900000393390656, -0.12999999523162842, 0.5410000085830688), (-0.14900000393390656, -0.1290000081062317, 0.5419999957084656), (-0.15000000596046448, -0.1290000081062317, 0.5410000085830688), (-0.14900000393390656, -0.12986640632152557, 0.5414993762969971), (-0.1494993418455124, -0.12986640632152557, 0.5410000085830688), (-0.14947821199893951, -0.12973663210868835, 0.5414782762527466), (-0.1494993418455124, -0.1290000081062317, 0.5418664216995239), (-0.14900000393390656, -0.12949934601783752, 0.5418664216995239), (-0.14947821199893951, -0.12947821617126465, 0.5417366623878479), (-0.14986640214920044, -0.12949934601783752, 0.5410000085830688), (-0.14986640214920044, -0.1290000081062317, 0.5414993762969971), (-0.14973664283752441, -0.12947821617126465, 0.5414782762527466), (-0.14900000393390656, -0.10100000351667404, 0.008000016212463379), (-0.15000000596046448, -0.10100000351667404, 0.009000003337860107), (-0.14900000393390656, -0.10000000149011612, 0.009000003337860107), (-0.1494993418455124, -0.10100000351667404, 0.00813359022140503), (-0.14900000393390656, -0.10050065815448761, 0.00813359022140503), (-0.14947821199893951, -0.10052178800106049, 0.008263349533081055), (-0.14986640214920044, -0.10050065815448761, 0.00899997353553772), (-0.14986640214920044, -0.10100000351667404, 0.008500635623931885), (-0.14973664283752441, -0.10052178800106049, 0.00852176547050476), (-0.14900000393390656, -0.10013359785079956, 0.008500635623931885), (-0.1494993418455124, -0.10013359785079956, 0.00899997353553772), (-0.14947821199893951, -0.10026337206363678, 0.00852176547050476), (-0.14900000393390656, -0.10100000351667404, 0.5419999957084656), (-0.14900000393390656, -0.10000000149011612, 0.5410000085830688), (-0.15000000596046448, -0.10100000351667404, 0.5410000085830688), (-0.14900000393390656, -0.10050065815448761, 0.5418664216995239), (-0.1494993418455124, -0.10100000351667404, 0.5418664216995239), (-0.14947821199893951, -0.10052178800106049, 0.5417366623878479), (-0.1494993418455124, -0.10013359785079956, 0.5410000085830688), (-0.14900000393390656, -0.10013359785079956, 0.5414993762969971), (-0.14947821199893951, -0.10026337206363678, 0.5414782762527466), (-0.14986640214920044, -0.10100000351667404, 0.5414993762969971), (-0.14986640214920044, -0.10050065815448761, 0.5410000085830688), (-0.14973664283752441, -0.10052178800106049, 0.5414782762527466), (-0.1210000067949295, -0.1290000081062317, 0.008000016212463379), (-0.12000000476837158, -0.1290000081062317, 0.009000003337860107), (-0.1210000067949295, -0.12999999523162842, 0.009000003337860107), (-0.12050066143274307, -0.1290000081062317, 0.00813359022140503), (-0.1210000067949295, -0.12949934601783752, 0.00813359022140503), (-0.12052179872989655, -0.12947821617126465, 0.008263349533081055), (-0.12013360112905502, -0.12949934601783752, 0.00899997353553772), (-0.12013360112905502, -0.1290000081062317, 0.008500635623931885), (-0.12026337534189224, -0.12947821617126465, 0.00852176547050476), (-0.1210000067949295, -0.12986640632152557, 0.008500635623931885), (-0.12050066143274307, -0.12986640632152557, 0.00899997353553772), (-0.12052179872989655, -0.12973663210868835, 0.00852176547050476), (-0.1210000067949295, -0.1290000081062317, 0.5419999957084656), (-0.1210000067949295, -0.12999999523162842, 0.5410000085830688), (-0.12000000476837158, -0.1290000081062317, 0.5410000085830688), (-0.1210000067949295, -0.12949934601783752, 0.5418664216995239), (-0.12050066143274307, -0.1290000081062317, 0.5418664216995239), (-0.12052179872989655, -0.12947821617126465, 0.5417366623878479), (-0.12050066143274307, -0.12986640632152557, 0.5410000085830688), (-0.1210000067949295, -0.12986640632152557, 0.5414993762969971), (-0.12052179872989655, -0.12973663210868835, 0.5414782762527466), (-0.12013360112905502, -0.1290000081062317, 0.5414993762969971), (-0.12013360112905502, -0.12949934601783752, 0.5410000085830688), (-0.12026337534189224, -0.12947821617126465, 0.5414782762527466), (-0.1210000067949295, -0.10100000351667404, 0.008000016212463379), (-0.1210000067949295, -0.10000000149011612, 0.009000003337860107), (-0.12000000476837158, -0.10100000351667404, 0.009000003337860107), (-0.1210000067949295, -0.10050065815448761, 0.00813359022140503), (-0.12050066143274307, -0.10100000351667404, 0.00813359022140503), (-0.12052179872989655, -0.10052178800106049, 0.008263349533081055), (-0.12050066143274307, -0.10013359785079956, 0.00899997353553772), (-0.1210000067949295, -0.10013359785079956, 0.008500635623931885), (-0.12052179872989655, -0.10026337206363678, 0.00852176547050476), (-0.12013360112905502, -0.10100000351667404, 0.008500635623931885), (-0.12013360112905502, -0.10050065815448761, 0.00899997353553772), (-0.12026337534189224, -0.10052178800106049, 0.00852176547050476), (-0.1210000067949295, -0.10100000351667404, 0.5419999957084656), (-0.12000000476837158, -0.10100000351667404, 0.5410000085830688), (-0.1210000067949295, -0.10000000149011612, 0.5410000085830688), (-0.12050066143274307, -0.10100000351667404, 0.5418664216995239), (-0.1210000067949295, -0.10050065815448761, 0.5418664216995239), (-0.12052179872989655, -0.10052178800106049, 0.5417366623878479), (-0.12013360112905502, -0.10050065815448761, 0.5410000085830688), (-0.12013360112905502, -0.10100000351667404, 0.5414993762969971), (-0.12026337534189224, -0.10052178800106049, 0.5414782762527466), (-0.1210000067949295, -0.10013359785079956, 0.5414993762969971), (-0.12050066143274307, -0.10013359785079956, 0.5410000085830688), (-0.12052179872989655, -0.10026337206363678, 0.5414782762527466)]
int[] faceVertexCounts = [4, 4, 4, 4, 4, 4, 4, 4, 4, 4, 4, 3, 4, 4, 4, 4, 4, 4, 3, 4, 4, 4, 4, 4, 4, 3, 4, 4, 4, 4, 4, 4, 3, 4, 4, 4, 4, 4, 4, 3, 4, 4, 4, 4, 4, 4, 3, 4, 4, 4, 4, 4, 4, 3, 4, 4, 4, 4, 4, 4, 3, 4, 4, 4, 4, 4, 4, 4, 4, 4, 4, 4, 4, 4, 4, 4, 4, 4, 4, 4, 4, 4, 4, 4, 4, 4, 4, 4, 4, 4, 4, 4, 4, 4, 4, 4, 4, 4]
int[] faceVertexIndices = [50, 61, 12, 1, 74, 85, 62, 49, 84, 36, 13, 60, 2, 14, 38, 25, 26, 37, 86, 73, 0, 3, 5, 4, 3, 7, 8, 5, 1, 6, 8, 7, 6, 10, 11, 8, 2, 9, 11, 10, 9, 4, 5, 11, 5, 8, 11, 12, 15, 17, 16, 15, 19, 20, 17, 13, 18, 20, 19, 18, 22, 23, 20, 14, 21, 23, 22, 21, 16, 17, 23, 17, 20, 23, 24, 27, 29, 28, 27, 31, 32, 29, 25, 30, 32, 31, 30, 34, 35, 32, 26, 33, 35, 34, 33, 28, 29, 35, 29, 32, 35, 36, 39, 41, 40, 39, 43, 44, 41, 37, 42, 44, 43, 42, 46, 47, 44, 38, 45, 47, 46, 45, 40, 41, 47, 41, 44, 47, 48, 51, 53, 52, 51, 55, 56, 53, 49, 54, 56, 55, 54, 58, 59, 56, 50, 57, 59, 58, 57, 52, 53, 59, 53, 56, 59, 60, 63, 65, 64, 63, 67, 68, 65, 61, 66, 68, 67, 66, 70, 71, 68, 62, 69, 71, 70, 69, 64, 65, 71, 65, 68, 71, 72, 75, 77, 76, 75, 79, 80, 77, 73, 78, 80, 79, 78, 82, 83, 80, 74, 81, 83, 82, 81, 76, 77, 83, 77, 80, 83, 84, 87, 89, 88, 87, 91, 92, 89, 85, 90, 92, 91, 90, 94, 95, 92, 86, 93, 95, 94, 93, 88, 89, 95, 89, 92, 95, 24, 0, 4, 27, 27, 4, 9, 31, 31, 9, 2, 25, 1, 12, 16, 6, 6, 16, 21, 10, 10, 21, 14, 2, 13, 36, 40, 18, 18, 40, 45, 22, 22, 45, 38, 14, 37, 26, 34, 42, 42, 34, 30, 46, 46, 30, 25, 38, 72, 24, 28, 75, 75, 28, 33, 79, 79, 33, 26, 73, 36, 84, 88, 39, 39, 88, 93, 43, 43, 93, 86, 37, 85, 74, 82, 90, 90, 82, 78, 94, 94, 78, 73, 86, 48, 72, 76, 51, 51, 76, 81, 55, 55, 81, 74, 49, 84, 60, 64, 87, 87, 64, 69, 91, 91, 69, 62, 85, 61, 50, 58, 66, 66, 58, 54, 70, 70, 54, 49, 62, 0, 48, 52, 3, 3, 52, 57, 7, 7, 57, 50, 1, 60, 13, 19, 63, 63, 19, 15, 67, 67, 15, 12, 61, 24, 72, 48, 0]
uniform token subdivisionScheme = "none"
rel material:binding = </Component/Looks/Anodized_aluminum>
}
def Mesh "T_slot" (prepend apiSchemas = ["MaterialBindingAPI"]) {
point3f[] points = [(-0.13770000636577606, -0.13019999861717224, 0.02000001072883606), (-0.13770000636577606, -0.13050000369548798, 0.0203000009059906), (-0.1380000114440918, -0.13019999861717224, 0.0203000009059906), (-0.13770000636577606, -0.130349799990654, 0.02004009485244751), (-0.1378498077392578, -0.13019999861717224, 0.02004009485244751), (-0.13784347474575043, -0.1303434669971466, 0.02007901668548584), (-0.1378498077392578, -0.13045991957187653, 0.0203000009059906), (-0.13770000636577606, -0.13045991957187653, 0.020150214433670044), (-0.13784347474575043, -0.130420982837677, 0.020156532526016235), (-0.13795992732048035, -0.13019999861717224, 0.020150214433670044), (-0.13795992732048035, -0.130349799990654, 0.0203000009059906), (-0.13792099058628082, -0.1303434669971466, 0.020156532526016235), (-0.13770000636577606, -0.13050000369548798, 0.5297000408172607), (-0.13770000636577606, -0.13019999861717224, 0.5299999713897705), (-0.1380000114440918, -0.13019999861717224, 0.5297000408172607), (-0.13770000636577606, -0.13045991957187653, 0.5298497676849365), (-0.1378498077392578, -0.13045991957187653, 0.5297000408172607), (-0.13784347474575043, -0.130420982837677, 0.5298434495925903), (-0.1378498077392578, -0.13019999861717224, 0.5299599170684814), (-0.13770000636577606, -0.130349799990654, 0.5299599170684814), (-0.13784347474575043, -0.1303434669971466, 0.5299209952354431), (-0.13795992732048035, -0.130349799990654, 0.5297000408172607), (-0.13795992732048035, -0.13019999861717224, 0.5298497676849365), (-0.13792099058628082, -0.1303434669971466, 0.5298434495925903), (-0.13770000636577606, -0.12999999523162842, 0.02000001072883606), (-0.1380000114440918, -0.12999999523162842, 0.0203000009059906), (-0.13770000636577606, -0.12969999015331268, 0.0203000009059906), (-0.1378498077392578, -0.12999999523162842, 0.02004009485244751), (-0.13770000636577606, -0.12985019385814667, 0.02004009485244751), (-0.13784347474575043, -0.12985652685165405, 0.02007901668548584), (-0.13795992732048035, -0.12985019385814667, 0.0203000009059906), (-0.13795992732048035, -0.12999999523162842, 0.020150214433670044), (-0.13792099058628082, -0.12985652685165405, 0.020156532526016235), (-0.13770000636577606, -0.12974007427692413, 0.020150214433670044), (-0.1378498077392578, -0.12974007427692413, 0.0203000009059906), (-0.13784347474575043, -0.12977901101112366, 0.020156532526016235), (-0.13770000636577606, -0.12999999523162842, 0.5299999713897705), (-0.13770000636577606, -0.12969999015331268, 0.5297000408172607), (-0.1380000114440918, -0.12999999523162842, 0.5297000408172607), (-0.13770000636577606, -0.12985019385814667, 0.5299599170684814), (-0.1378498077392578, -0.12999999523162842, 0.5299599170684814), (-0.13784347474575043, -0.12985652685165405, 0.5299209952354431), (-0.1378498077392578, -0.12974007427692413, 0.5297000408172607), (-0.13770000636577606, -0.12974007427692413, 0.5298497676849365), (-0.13784347474575043, -0.12977901101112366, 0.5298434495925903), (-0.13795992732048035, -0.12999999523162842, 0.5298497676849365), (-0.13795992732048035, -0.12985019385814667, 0.5297000408172607), (-0.13792099058628082, -0.12985652685165405, 0.5298434495925903), (-0.13230000436306, -0.13019999861717224, 0.02000001072883606), (-0.13199999928474426, -0.13019999861717224, 0.0203000009059906), (-0.13230000436306, -0.13050000369548798, 0.0203000009059906), (-0.13215020298957825, -0.13019999861717224, 0.02004009485244751), (-0.13230000436306, -0.130349799990654, 0.02004009485244751), (-0.13215653598308563, -0.1303434669971466, 0.02007901668548584), (-0.1320400834083557, -0.130349799990654, 0.0203000009059906), (-0.1320400834083557, -0.13019999861717224, 0.020150214433670044), (-0.13207902014255524, -0.1303434669971466, 0.020156532526016235), (-0.13230000436306, -0.13045991957187653, 0.020150214433670044), (-0.13215020298957825, -0.13045991957187653, 0.0203000009059906), (-0.13215653598308563, -0.130420982837677, 0.020156532526016235), (-0.13230000436306, -0.13019999861717224, 0.5299999713897705), (-0.13230000436306, -0.13050000369548798, 0.5297000408172607), (-0.13199999928474426, -0.13019999861717224, 0.5297000408172607), (-0.13230000436306, -0.130349799990654, 0.5299599170684814), (-0.13215020298957825, -0.13019999861717224, 0.5299599170684814), (-0.13215653598308563, -0.1303434669971466, 0.5299209952354431), (-0.13215020298957825, -0.13045991957187653, 0.5297000408172607), (-0.13230000436306, -0.13045991957187653, 0.5298497676849365), (-0.13215653598308563, -0.130420982837677, 0.5298434495925903), (-0.1320400834083557, -0.13019999861717224, 0.5298497676849365), (-0.1320400834083557, -0.130349799990654, 0.5297000408172607), (-0.13207902014255524, -0.1303434669971466, 0.5298434495925903), (-0.13230000436306, -0.12999999523162842, 0.02000001072883606), (-0.13230000436306, -0.12969999015331268, 0.0203000009059906), (-0.13199999928474426, -0.12999999523162842, 0.0203000009059906), (-0.13230000436306, -0.12985019385814667, 0.02004009485244751), (-0.13215020298957825, -0.12999999523162842, 0.02004009485244751), (-0.13215653598308563, -0.12985652685165405, 0.02007901668548584), (-0.13215020298957825, -0.12974007427692413, 0.0203000009059906), (-0.13230000436306, -0.12974007427692413, 0.020150214433670044), (-0.13215653598308563, -0.12977901101112366, 0.020156532526016235), (-0.1320400834083557, -0.12999999523162842, 0.020150214433670044), (-0.1320400834083557, -0.12985019385814667, 0.0203000009059906), (-0.13207902014255524, -0.12985652685165405, 0.020156532526016235), (-0.13230000436306, -0.12999999523162842, 0.5299999713897705), (-0.13199999928474426, -0.12999999523162842, 0.5297000408172607), (-0.13230000436306, -0.12969999015331268, 0.5297000408172607), (-0.13215020298957825, -0.12999999523162842, 0.5299599170684814), (-0.13230000436306, -0.12985019385814667, 0.5299599170684814), (-0.13215653598308563, -0.12985652685165405, 0.5299209952354431), (-0.1320400834083557, -0.12985019385814667, 0.5297000408172607), (-0.1320400834083557, -0.12999999523162842, 0.5298497676849365), (-0.13207902014255524, -0.12985652685165405, 0.5298434495925903), (-0.13230000436306, -0.12974007427692413, 0.5298497676849365), (-0.13215020298957825, -0.12974007427692413, 0.5297000408172607), (-0.13215653598308563, -0.12977901101112366, 0.5298434495925903)]
int[] faceVertexCounts = [4, 4, 4, 4, 4, 4, 4, 4, 4, 4, 4, 3, 4, 4, 4, 4, 4, 4, 3, 4, 4, 4, 4, 4, 4, 3, 4, 4, 4, 4, 4, 4, 3, 4, 4, 4, 4, 4, 4, 3, 4, 4, 4, 4, 4, 4, 3, 4, 4, 4, 4, 4, 4, 3, 4, 4, 4, 4, 4, 4, 3, 4, 4, 4, 4, 4, 4, 4, 4, 4, 4, 4, 4, 4, 4, 4, 4, 4, 4, 4, 4, 4, 4, 4, 4, 4, 4, 4, 4, 4, 4, 4, 4, 4, 4, 4, 4, 4]
int[] faceVertexIndices = [50, 61, 12, 1, 74, 85, 62, 49, 84, 36, 13, 60, 2, 14, 38, 25, 26, 37, 86, 73, 0, 3, 5, 4, 3, 7, 8, 5, 1, 6, 8, 7, 6, 10, 11, 8, 2, 9, 11, 10, 9, 4, 5, 11, 5, 8, 11, 12, 15, 17, 16, 15, 19, 20, 17, 13, 18, 20, 19, 18, 22, 23, 20, 14, 21, 23, 22, 21, 16, 17, 23, 17, 20, 23, 24, 27, 29, 28, 27, 31, 32, 29, 25, 30, 32, 31, 30, 34, 35, 32, 26, 33, 35, 34, 33, 28, 29, 35, 29, 32, 35, 36, 39, 41, 40, 39, 43, 44, 41, 37, 42, 44, 43, 42, 46, 47, 44, 38, 45, 47, 46, 45, 40, 41, 47, 41, 44, 47, 48, 51, 53, 52, 51, 55, 56, 53, 49, 54, 56, 55, 54, 58, 59, 56, 50, 57, 59, 58, 57, 52, 53, 59, 53, 56, 59, 60, 63, 65, 64, 63, 67, 68, 65, 61, 66, 68, 67, 66, 70, 71, 68, 62, 69, 71, 70, 69, 64, 65, 71, 65, 68, 71, 72, 75, 77, 76, 75, 79, 80, 77, 73, 78, 80, 79, 78, 82, 83, 80, 74, 81, 83, 82, 81, 76, 77, 83, 77, 80, 83, 84, 87, 89, 88, 87, 91, 92, 89, 85, 90, 92, 91, 90, 94, 95, 92, 86, 93, 95, 94, 93, 88, 89, 95, 89, 92, 95, 24, 0, 4, 27, 27, 4, 9, 31, 31, 9, 2, 25, 1, 12, 16, 6, 6, 16, 21, 10, 10, 21, 14, 2, 13, 36, 40, 18, 18, 40, 45, 22, 22, 45, 38, 14, 37, 26, 34, 42, 42, 34, 30, 46, 46, 30, 25, 38, 72, 24, 28, 75, 75, 28, 33, 79, 79, 33, 26, 73, 36, 84, 88, 39, 39, 88, 93, 43, 43, 93, 86, 37, 85, 74, 82, 90, 90, 82, 78, 94, 94, 78, 73, 86, 48, 72, 76, 51, 51, 76, 81, 55, 55, 81, 74, 49, 84, 60, 64, 87, 87, 64, 69, 91, 91, 69, 62, 85, 61, 50, 58, 66, 66, 58, 54, 70, 70, 54, 49, 62, 0, 48, 52, 3, 3, 52, 57, 7, 7, 57, 50, 1, 60, 13, 19, 63, 63, 19, 15, 67, 67, 15, 12, 61, 24, 72, 48, 0]
uniform token subdivisionScheme = "none"
rel material:binding = </Component/Looks/Slot_and_fastener>
}
def Mesh "T_slot_001" (prepend apiSchemas = ["MaterialBindingAPI"]) {
point3f[] points = [(-0.1501999944448471, -0.1177000030875206, 0.02000001072883606), (-0.1501999944448471, -0.11800000071525574, 0.0203000009059906), (-0.15049999952316284, -0.1177000030875206, 0.0203000009059906), (-0.1501999944448471, -0.11784980446100235, 0.02004009485244751), (-0.15034979581832886, -0.1177000030875206, 0.02004009485244751), (-0.15034346282482147, -0.11784346401691437, 0.02007901668548584), (-0.15034979581832886, -0.11795992404222488, 0.0203000009059906), (-0.1501999944448471, -0.11795992404222488, 0.020150214433670044), (-0.15034346282482147, -0.11792099475860596, 0.020156532526016235), (-0.1504599153995514, -0.1177000030875206, 0.020150214433670044), (-0.1504599153995514, -0.11784980446100235, 0.0203000009059906), (-0.15042097866535187, -0.11784346401691437, 0.020156532526016235), (-0.1501999944448471, -0.11800000071525574, 0.5297000408172607), (-0.1501999944448471, -0.1177000030875206, 0.5299999713897705), (-0.15049999952316284, -0.1177000030875206, 0.5297000408172607), (-0.1501999944448471, -0.11795992404222488, 0.5298497676849365), (-0.15034979581832886, -0.11795992404222488, 0.5297000408172607), (-0.15034346282482147, -0.11792099475860596, 0.5298434495925903), (-0.15034979581832886, -0.1177000030875206, 0.5299599170684814), (-0.1501999944448471, -0.11784980446100235, 0.5299599170684814), (-0.15034346282482147, -0.11784346401691437, 0.5299209952354431), (-0.1504599153995514, -0.11784980446100235, 0.5297000408172607), (-0.1504599153995514, -0.1177000030875206, 0.5298497676849365), (-0.15042097866535187, -0.11784346401691437, 0.5298434495925903), (-0.1501999944448471, -0.11230000108480453, 0.02000001072883606), (-0.15049999952316284, -0.11230000108480453, 0.0203000009059906), (-0.1501999944448471, -0.1120000034570694, 0.0203000009059906), (-0.15034979581832886, -0.11230000108480453, 0.02004009485244751), (-0.1501999944448471, -0.11215019971132278, 0.02004009485244751), (-0.15034346282482147, -0.11215654015541077, 0.02007901668548584), (-0.1504599153995514, -0.11215019971132278, 0.0203000009059906), (-0.1504599153995514, -0.11230000108480453, 0.020150214433670044), (-0.15042097866535187, -0.11215654015541077, 0.020156532526016235), (-0.1501999944448471, -0.11204008013010025, 0.020150214433670044), (-0.15034979581832886, -0.11204008013010025, 0.0203000009059906), (-0.15034346282482147, -0.11207900941371918, 0.020156532526016235), (-0.1501999944448471, -0.11230000108480453, 0.5299999713897705), (-0.1501999944448471, -0.1120000034570694, 0.5297000408172607), (-0.15049999952316284, -0.11230000108480453, 0.5297000408172607), (-0.1501999944448471, -0.11215019971132278, 0.5299599170684814), (-0.15034979581832886, -0.11230000108480453, 0.5299599170684814), (-0.15034346282482147, -0.11215654015541077, 0.5299209952354431), (-0.15034979581832886, -0.11204008013010025, 0.5297000408172607), (-0.1501999944448471, -0.11204008013010025, 0.5298497676849365), (-0.15034346282482147, -0.11207900941371918, 0.5298434495925903), (-0.1504599153995514, -0.11230000108480453, 0.5298497676849365), (-0.1504599153995514, -0.11215019971132278, 0.5297000408172607), (-0.15042097866535187, -0.11215654015541077, 0.5298434495925903), (-0.14999999105930328, -0.1177000030875206, 0.02000001072883606), (-0.14969998598098755, -0.1177000030875206, 0.0203000009059906), (-0.14999999105930328, -0.11800000071525574, 0.0203000009059906), (-0.14985018968582153, -0.1177000030875206, 0.02004009485244751), (-0.14999999105930328, -0.11784980446100235, 0.02004009485244751), (-0.14985652267932892, -0.11784346401691437, 0.02007901668548584), (-0.149740070104599, -0.11784980446100235, 0.0203000009059906), (-0.149740070104599, -0.1177000030875206, 0.020150214433670044), (-0.14977900683879852, -0.11784346401691437, 0.020156532526016235), (-0.14999999105930328, -0.11795992404222488, 0.020150214433670044), (-0.14985018968582153, -0.11795992404222488, 0.0203000009059906), (-0.14985652267932892, -0.11792099475860596, 0.020156532526016235), (-0.14999999105930328, -0.1177000030875206, 0.5299999713897705), (-0.14999999105930328, -0.11800000071525574, 0.5297000408172607), (-0.14969998598098755, -0.1177000030875206, 0.5297000408172607), (-0.14999999105930328, -0.11784980446100235, 0.5299599170684814), (-0.14985018968582153, -0.1177000030875206, 0.5299599170684814), (-0.14985652267932892, -0.11784346401691437, 0.5299209952354431), (-0.14985018968582153, -0.11795992404222488, 0.5297000408172607), (-0.14999999105930328, -0.11795992404222488, 0.5298497676849365), (-0.14985652267932892, -0.11792099475860596, 0.5298434495925903), (-0.149740070104599, -0.1177000030875206, 0.5298497676849365), (-0.149740070104599, -0.11784980446100235, 0.5297000408172607), (-0.14977900683879852, -0.11784346401691437, 0.5298434495925903), (-0.14999999105930328, -0.11230000108480453, 0.02000001072883606), (-0.14999999105930328, -0.1120000034570694, 0.0203000009059906), (-0.14969998598098755, -0.11230000108480453, 0.0203000009059906), (-0.14999999105930328, -0.11215019971132278, 0.02004009485244751), (-0.14985018968582153, -0.11230000108480453, 0.02004009485244751), (-0.14985652267932892, -0.11215654015541077, 0.02007901668548584), (-0.14985018968582153, -0.11204008013010025, 0.0203000009059906), (-0.14999999105930328, -0.11204008013010025, 0.020150214433670044), (-0.14985652267932892, -0.11207900941371918, 0.020156532526016235), (-0.149740070104599, -0.11230000108480453, 0.020150214433670044), (-0.149740070104599, -0.11215019971132278, 0.0203000009059906), (-0.14977900683879852, -0.11215654015541077, 0.020156532526016235), (-0.14999999105930328, -0.11230000108480453, 0.5299999713897705), (-0.14969998598098755, -0.11230000108480453, 0.5297000408172607), (-0.14999999105930328, -0.1120000034570694, 0.5297000408172607), (-0.14985018968582153, -0.11230000108480453, 0.5299599170684814), (-0.14999999105930328, -0.11215019971132278, 0.5299599170684814), (-0.14985652267932892, -0.11215654015541077, 0.5299209952354431), (-0.149740070104599, -0.11215019971132278, 0.5297000408172607), (-0.149740070104599, -0.11230000108480453, 0.5298497676849365), (-0.14977900683879852, -0.11215654015541077, 0.5298434495925903), (-0.14999999105930328, -0.11204008013010025, 0.5298497676849365), (-0.14985018968582153, -0.11204008013010025, 0.5297000408172607), (-0.14985652267932892, -0.11207900941371918, 0.5298434495925903)]
int[] faceVertexCounts = [4, 4, 4, 4, 4, 4, 4, 4, 4, 4, 4, 3, 4, 4, 4, 4, 4, 4, 3, 4, 4, 4, 4, 4, 4, 3, 4, 4, 4, 4, 4, 4, 3, 4, 4, 4, 4, 4, 4, 3, 4, 4, 4, 4, 4, 4, 3, 4, 4, 4, 4, 4, 4, 3, 4, 4, 4, 4, 4, 4, 3, 4, 4, 4, 4, 4, 4, 4, 4, 4, 4, 4, 4, 4, 4, 4, 4, 4, 4, 4, 4, 4, 4, 4, 4, 4, 4, 4, 4, 4, 4, 4, 4, 4, 4, 4, 4, 4]
int[] faceVertexIndices = [50, 61, 12, 1, 74, 85, 62, 49, 84, 36, 13, 60, 2, 14, 38, 25, 26, 37, 86, 73, 0, 3, 5, 4, 3, 7, 8, 5, 1, 6, 8, 7, 6, 10, 11, 8, 2, 9, 11, 10, 9, 4, 5, 11, 5, 8, 11, 12, 15, 17, 16, 15, 19, 20, 17, 13, 18, 20, 19, 18, 22, 23, 20, 14, 21, 23, 22, 21, 16, 17, 23, 17, 20, 23, 24, 27, 29, 28, 27, 31, 32, 29, 25, 30, 32, 31, 30, 34, 35, 32, 26, 33, 35, 34, 33, 28, 29, 35, 29, 32, 35, 36, 39, 41, 40, 39, 43, 44, 41, 37, 42, 44, 43, 42, 46, 47, 44, 38, 45, 47, 46, 45, 40, 41, 47, 41, 44, 47, 48, 51, 53, 52, 51, 55, 56, 53, 49, 54, 56, 55, 54, 58, 59, 56, 50, 57, 59, 58, 57, 52, 53, 59, 53, 56, 59, 60, 63, 65, 64, 63, 67, 68, 65, 61, 66, 68, 67, 66, 70, 71, 68, 62, 69, 71, 70, 69, 64, 65, 71, 65, 68, 71, 72, 75, 77, 76, 75, 79, 80, 77, 73, 78, 80, 79, 78, 82, 83, 80, 74, 81, 83, 82, 81, 76, 77, 83, 77, 80, 83, 84, 87, 89, 88, 87, 91, 92, 89, 85, 90, 92, 91, 90, 94, 95, 92, 86, 93, 95, 94, 93, 88, 89, 95, 89, 92, 95, 24, 0, 4, 27, 27, 4, 9, 31, 31, 9, 2, 25, 1, 12, 16, 6, 6, 16, 21, 10, 10, 21, 14, 2, 13, 36, 40, 18, 18, 40, 45, 22, 22, 45, 38, 14, 37, 26, 34, 42, 42, 34, 30, 46, 46, 30, 25, 38, 72, 24, 28, 75, 75, 28, 33, 79, 79, 33, 26, 73, 36, 84, 88, 39, 39, 88, 93, 43, 43, 93, 86, 37, 85, 74, 82, 90, 90, 82, 78, 94, 94, 78, 73, 86, 48, 72, 76, 51, 51, 76, 81, 55, 55, 81, 74, 49, 84, 60, 64, 87, 87, 64, 69, 91, 91, 69, 62, 85, 61, 50, 58, 66, 66, 58, 54, 70, 70, 54, 49, 62, 0, 48, 52, 3, 3, 52, 57, 7, 7, 57, 50, 1, 60, 13, 19, 63, 63, 19, 15, 67, 67, 15, 12, 61, 24, 72, 48, 0]
uniform token subdivisionScheme = "none"
rel material:binding = </Component/Looks/Slot_and_fastener>
}
def Mesh "T_slot_002" (prepend apiSchemas = ["MaterialBindingAPI"]) {
point3f[] points = [(-0.13770000636577606, -0.10000000149011612, 0.02000001072883606), (-0.13770000636577606, -0.10029999911785126, 0.0203000009059906), (-0.1380000114440918, -0.10000000149011612, 0.0203000009059906), (-0.13770000636577606, -0.10014980286359787, 0.02004009485244751), (-0.1378498077392578, -0.10000000149011612, 0.02004009485244751), (-0.13784347474575043, -0.10014346241950989, 0.02007901668548584), (-0.1378498077392578, -0.1002599224448204, 0.0203000009059906), (-0.13770000636577606, -0.1002599224448204, 0.020150214433670044), (-0.13784347474575043, -0.10022099316120148, 0.020156532526016235), (-0.13795992732048035, -0.10000000149011612, 0.020150214433670044), (-0.13795992732048035, -0.10014980286359787, 0.0203000009059906), (-0.13792099058628082, -0.10014346241950989, 0.020156532526016235), (-0.13770000636577606, -0.10029999911785126, 0.5297000408172607), (-0.13770000636577606, -0.10000000149011612, 0.5299999713897705), (-0.1380000114440918, -0.10000000149011612, 0.5297000408172607), (-0.13770000636577606, -0.1002599224448204, 0.5298497676849365), (-0.1378498077392578, -0.1002599224448204, 0.5297000408172607), (-0.13784347474575043, -0.10022099316120148, 0.5298434495925903), (-0.1378498077392578, -0.10000000149011612, 0.5299599170684814), (-0.13770000636577606, -0.10014980286359787, 0.5299599170684814), (-0.13784347474575043, -0.10014346241950989, 0.5299209952354431), (-0.13795992732048035, -0.10014980286359787, 0.5297000408172607), (-0.13795992732048035, -0.10000000149011612, 0.5298497676849365), (-0.13792099058628082, -0.10014346241950989, 0.5298434495925903), (-0.13770000636577606, -0.0997999981045723, 0.02000001072883606), (-0.1380000114440918, -0.0997999981045723, 0.0203000009059906), (-0.13770000636577606, -0.09950000047683716, 0.0203000009059906), (-0.1378498077392578, -0.0997999981045723, 0.02004009485244751), (-0.13770000636577606, -0.09965019673109055, 0.02004009485244751), (-0.13784347474575043, -0.09965653717517853, 0.02007901668548584), (-0.13795992732048035, -0.09965019673109055, 0.0203000009059906), (-0.13795992732048035, -0.0997999981045723, 0.020150214433670044), (-0.13792099058628082, -0.09965653717517853, 0.020156532526016235), (-0.13770000636577606, -0.09954007714986801, 0.020150214433670044), (-0.1378498077392578, -0.09954007714986801, 0.0203000009059906), (-0.13784347474575043, -0.09957900643348694, 0.020156532526016235), (-0.13770000636577606, -0.0997999981045723, 0.5299999713897705), (-0.13770000636577606, -0.09950000047683716, 0.5297000408172607), (-0.1380000114440918, -0.0997999981045723, 0.5297000408172607), (-0.13770000636577606, -0.09965019673109055, 0.5299599170684814), (-0.1378498077392578, -0.0997999981045723, 0.5299599170684814), (-0.13784347474575043, -0.09965653717517853, 0.5299209952354431), (-0.1378498077392578, -0.09954007714986801, 0.5297000408172607), (-0.13770000636577606, -0.09954007714986801, 0.5298497676849365), (-0.13784347474575043, -0.09957900643348694, 0.5298434495925903), (-0.13795992732048035, -0.0997999981045723, 0.5298497676849365), (-0.13795992732048035, -0.09965019673109055, 0.5297000408172607), (-0.13792099058628082, -0.09965653717517853, 0.5298434495925903), (-0.13230000436306, -0.10000000149011612, 0.02000001072883606), (-0.13199999928474426, -0.10000000149011612, 0.0203000009059906), (-0.13230000436306, -0.10029999911785126, 0.0203000009059906), (-0.13215020298957825, -0.10000000149011612, 0.02004009485244751), (-0.13230000436306, -0.10014980286359787, 0.02004009485244751), (-0.13215653598308563, -0.10014346241950989, 0.02007901668548584), (-0.1320400834083557, -0.10014980286359787, 0.0203000009059906), (-0.1320400834083557, -0.10000000149011612, 0.020150214433670044), (-0.13207902014255524, -0.10014346241950989, 0.020156532526016235), (-0.13230000436306, -0.1002599224448204, 0.020150214433670044), (-0.13215020298957825, -0.1002599224448204, 0.0203000009059906), (-0.13215653598308563, -0.10022099316120148, 0.020156532526016235), (-0.13230000436306, -0.10000000149011612, 0.5299999713897705), (-0.13230000436306, -0.10029999911785126, 0.5297000408172607), (-0.13199999928474426, -0.10000000149011612, 0.5297000408172607), (-0.13230000436306, -0.10014980286359787, 0.5299599170684814), (-0.13215020298957825, -0.10000000149011612, 0.5299599170684814), (-0.13215653598308563, -0.10014346241950989, 0.5299209952354431), (-0.13215020298957825, -0.1002599224448204, 0.5297000408172607), (-0.13230000436306, -0.1002599224448204, 0.5298497676849365), (-0.13215653598308563, -0.10022099316120148, 0.5298434495925903), (-0.1320400834083557, -0.10000000149011612, 0.5298497676849365), (-0.1320400834083557, -0.10014980286359787, 0.5297000408172607), (-0.13207902014255524, -0.10014346241950989, 0.5298434495925903), (-0.13230000436306, -0.0997999981045723, 0.02000001072883606), (-0.13230000436306, -0.09950000047683716, 0.0203000009059906), (-0.13199999928474426, -0.0997999981045723, 0.0203000009059906), (-0.13230000436306, -0.09965019673109055, 0.02004009485244751), (-0.13215020298957825, -0.0997999981045723, 0.02004009485244751), (-0.13215653598308563, -0.09965653717517853, 0.02007901668548584), (-0.13215020298957825, -0.09954007714986801, 0.0203000009059906), (-0.13230000436306, -0.09954007714986801, 0.020150214433670044), (-0.13215653598308563, -0.09957900643348694, 0.020156532526016235), (-0.1320400834083557, -0.0997999981045723, 0.020150214433670044), (-0.1320400834083557, -0.09965019673109055, 0.0203000009059906), (-0.13207902014255524, -0.09965653717517853, 0.020156532526016235), (-0.13230000436306, -0.0997999981045723, 0.5299999713897705), (-0.13199999928474426, -0.0997999981045723, 0.5297000408172607), (-0.13230000436306, -0.09950000047683716, 0.5297000408172607), (-0.13215020298957825, -0.0997999981045723, 0.5299599170684814), (-0.13230000436306, -0.09965019673109055, 0.5299599170684814), (-0.13215653598308563, -0.09965653717517853, 0.5299209952354431), (-0.1320400834083557, -0.09965019673109055, 0.5297000408172607), (-0.1320400834083557, -0.0997999981045723, 0.5298497676849365), (-0.13207902014255524, -0.09965653717517853, 0.5298434495925903), (-0.13230000436306, -0.09954007714986801, 0.5298497676849365), (-0.13215020298957825, -0.09954007714986801, 0.5297000408172607), (-0.13215653598308563, -0.09957900643348694, 0.5298434495925903)]
int[] faceVertexCounts = [4, 4, 4, 4, 4, 4, 4, 4, 4, 4, 4, 3, 4, 4, 4, 4, 4, 4, 3, 4, 4, 4, 4, 4, 4, 3, 4, 4, 4, 4, 4, 4, 3, 4, 4, 4, 4, 4, 4, 3, 4, 4, 4, 4, 4, 4, 3, 4, 4, 4, 4, 4, 4, 3, 4, 4, 4, 4, 4, 4, 3, 4, 4, 4, 4, 4, 4, 4, 4, 4, 4, 4, 4, 4, 4, 4, 4, 4, 4, 4, 4, 4, 4, 4, 4, 4, 4, 4, 4, 4, 4, 4, 4, 4, 4, 4, 4, 4]
int[] faceVertexIndices = [50, 61, 12, 1, 74, 85, 62, 49, 84, 36, 13, 60, 2, 14, 38, 25, 26, 37, 86, 73, 0, 3, 5, 4, 3, 7, 8, 5, 1, 6, 8, 7, 6, 10, 11, 8, 2, 9, 11, 10, 9, 4, 5, 11, 5, 8, 11, 12, 15, 17, 16, 15, 19, 20, 17, 13, 18, 20, 19, 18, 22, 23, 20, 14, 21, 23, 22, 21, 16, 17, 23, 17, 20, 23, 24, 27, 29, 28, 27, 31, 32, 29, 25, 30, 32, 31, 30, 34, 35, 32, 26, 33, 35, 34, 33, 28, 29, 35, 29, 32, 35, 36, 39, 41, 40, 39, 43, 44, 41, 37, 42, 44, 43, 42, 46, 47, 44, 38, 45, 47, 46, 45, 40, 41, 47, 41, 44, 47, 48, 51, 53, 52, 51, 55, 56, 53, 49, 54, 56, 55, 54, 58, 59, 56, 50, 57, 59, 58, 57, 52, 53, 59, 53, 56, 59, 60, 63, 65, 64, 63, 67, 68, 65, 61, 66, 68, 67, 66, 70, 71, 68, 62, 69, 71, 70, 69, 64, 65, 71, 65, 68, 71, 72, 75, 77, 76, 75, 79, 80, 77, 73, 78, 80, 79, 78, 82, 83, 80, 74, 81, 83, 82, 81, 76, 77, 83, 77, 80, 83, 84, 87, 89, 88, 87, 91, 92, 89, 85, 90, 92, 91, 90, 94, 95, 92, 86, 93, 95, 94, 93, 88, 89, 95, 89, 92, 95, 24, 0, 4, 27, 27, 4, 9, 31, 31, 9, 2, 25, 1, 12, 16, 6, 6, 16, 21, 10, 10, 21, 14, 2, 13, 36, 40, 18, 18, 40, 45, 22, 22, 45, 38, 14, 37, 26, 34, 42, 42, 34, 30, 46, 46, 30, 25, 38, 72, 24, 28, 75, 75, 28, 33, 79, 79, 33, 26, 73, 36, 84, 88, 39, 39, 88, 93, 43, 43, 93, 86, 37, 85, 74, 82, 90, 90, 82, 78, 94, 94, 78, 73, 86, 48, 72, 76, 51, 51, 76, 81, 55, 55, 81, 74, 49, 84, 60, 64, 87, 87, 64, 69, 91, 91, 69, 62, 85, 61, 50, 58, 66, 66, 58, 54, 70, 70, 54, 49, 62, 0, 48, 52, 3, 3, 52, 57, 7, 7, 57, 50, 1, 60, 13, 19, 63, 63, 19, 15, 67, 67, 15, 12, 61, 24, 72, 48, 0]
uniform token subdivisionScheme = "none"
rel material:binding = </Component/Looks/Slot_and_fastener>
}
def Mesh "T_slot_003" (prepend apiSchemas = ["MaterialBindingAPI"]) {
point3f[] points = [(-0.12000000476837158, -0.1177000030875206, 0.02000001072883606), (-0.12000000476837158, -0.11800000071525574, 0.0203000009059906), (-0.12030000239610672, -0.1177000030875206, 0.0203000009059906), (-0.12000000476837158, -0.11784980446100235, 0.02004009485244751), (-0.12014980614185333, -0.1177000030875206, 0.02004009485244751), (-0.12014346569776535, -0.11784346401691437, 0.02007901668548584), (-0.12014980614185333, -0.11795992404222488, 0.0203000009059906), (-0.12000000476837158, -0.11795992404222488, 0.020150214433670044), (-0.12014346569776535, -0.11792099475860596, 0.020156532526016235), (-0.12025992572307587, -0.1177000030875206, 0.020150214433670044), (-0.12025992572307587, -0.11784980446100235, 0.0203000009059906), (-0.12022099643945694, -0.11784346401691437, 0.020156532526016235), (-0.12000000476837158, -0.11800000071525574, 0.5297000408172607), (-0.12000000476837158, -0.1177000030875206, 0.5299999713897705), (-0.12030000239610672, -0.1177000030875206, 0.5297000408172607), (-0.12000000476837158, -0.11795992404222488, 0.5298497676849365), (-0.12014980614185333, -0.11795992404222488, 0.5297000408172607), (-0.12014346569776535, -0.11792099475860596, 0.5298434495925903), (-0.12014980614185333, -0.1177000030875206, 0.5299599170684814), (-0.12000000476837158, -0.11784980446100235, 0.5299599170684814), (-0.12014346569776535, -0.11784346401691437, 0.5299209952354431), (-0.12025992572307587, -0.11784980446100235, 0.5297000408172607), (-0.12025992572307587, -0.1177000030875206, 0.5298497676849365), (-0.12022099643945694, -0.11784346401691437, 0.5298434495925903), (-0.12000000476837158, -0.11230000108480453, 0.02000001072883606), (-0.12030000239610672, -0.11230000108480453, 0.0203000009059906), (-0.12000000476837158, -0.1120000034570694, 0.0203000009059906), (-0.12014980614185333, -0.11230000108480453, 0.02004009485244751), (-0.12000000476837158, -0.11215019971132278, 0.02004009485244751), (-0.12014346569776535, -0.11215654015541077, 0.02007901668548584), (-0.12025992572307587, -0.11215019971132278, 0.0203000009059906), (-0.12025992572307587, -0.11230000108480453, 0.020150214433670044), (-0.12022099643945694, -0.11215654015541077, 0.020156532526016235), (-0.12000000476837158, -0.11204008013010025, 0.020150214433670044), (-0.12014980614185333, -0.11204008013010025, 0.0203000009059906), (-0.12014346569776535, -0.11207900941371918, 0.020156532526016235), (-0.12000000476837158, -0.11230000108480453, 0.5299999713897705), (-0.12000000476837158, -0.1120000034570694, 0.5297000408172607), (-0.12030000239610672, -0.11230000108480453, 0.5297000408172607), (-0.12000000476837158, -0.11215019971132278, 0.5299599170684814), (-0.12014980614185333, -0.11230000108480453, 0.5299599170684814), (-0.12014346569776535, -0.11215654015541077, 0.5299209952354431), (-0.12014980614185333, -0.11204008013010025, 0.5297000408172607), (-0.12000000476837158, -0.11204008013010025, 0.5298497676849365), (-0.12014346569776535, -0.11207900941371918, 0.5298434495925903), (-0.12025992572307587, -0.11230000108480453, 0.5298497676849365), (-0.12025992572307587, -0.11215019971132278, 0.5297000408172607), (-0.12022099643945694, -0.11215654015541077, 0.5298434495925903), (-0.11980000138282776, -0.1177000030875206, 0.02000001072883606), (-0.11950000375509262, -0.1177000030875206, 0.0203000009059906), (-0.11980000138282776, -0.11800000071525574, 0.0203000009059906), (-0.11965020000934601, -0.1177000030875206, 0.02004009485244751), (-0.11980000138282776, -0.11784980446100235, 0.02004009485244751), (-0.11965654045343399, -0.11784346401691437, 0.02007901668548584), (-0.11954008042812347, -0.11784980446100235, 0.0203000009059906), (-0.11954008042812347, -0.1177000030875206, 0.020150214433670044), (-0.1195790097117424, -0.11784346401691437, 0.020156532526016235), (-0.11980000138282776, -0.11795992404222488, 0.020150214433670044), (-0.11965020000934601, -0.11795992404222488, 0.0203000009059906), (-0.11965654045343399, -0.11792099475860596, 0.020156532526016235), (-0.11980000138282776, -0.1177000030875206, 0.5299999713897705), (-0.11980000138282776, -0.11800000071525574, 0.5297000408172607), (-0.11950000375509262, -0.1177000030875206, 0.5297000408172607), (-0.11980000138282776, -0.11784980446100235, 0.5299599170684814), (-0.11965020000934601, -0.1177000030875206, 0.5299599170684814), (-0.11965654045343399, -0.11784346401691437, 0.5299209952354431), (-0.11965020000934601, -0.11795992404222488, 0.5297000408172607), (-0.11980000138282776, -0.11795992404222488, 0.5298497676849365), (-0.11965654045343399, -0.11792099475860596, 0.5298434495925903), (-0.11954008042812347, -0.1177000030875206, 0.5298497676849365), (-0.11954008042812347, -0.11784980446100235, 0.5297000408172607), (-0.1195790097117424, -0.11784346401691437, 0.5298434495925903), (-0.11980000138282776, -0.11230000108480453, 0.02000001072883606), (-0.11980000138282776, -0.1120000034570694, 0.0203000009059906), (-0.11950000375509262, -0.11230000108480453, 0.0203000009059906), (-0.11980000138282776, -0.11215019971132278, 0.02004009485244751), (-0.11965020000934601, -0.11230000108480453, 0.02004009485244751), (-0.11965654045343399, -0.11215654015541077, 0.02007901668548584), (-0.11965020000934601, -0.11204008013010025, 0.0203000009059906), (-0.11980000138282776, -0.11204008013010025, 0.020150214433670044), (-0.11965654045343399, -0.11207900941371918, 0.020156532526016235), (-0.11954008042812347, -0.11230000108480453, 0.020150214433670044), (-0.11954008042812347, -0.11215019971132278, 0.0203000009059906), (-0.1195790097117424, -0.11215654015541077, 0.020156532526016235), (-0.11980000138282776, -0.11230000108480453, 0.5299999713897705), (-0.11950000375509262, -0.11230000108480453, 0.5297000408172607), (-0.11980000138282776, -0.1120000034570694, 0.5297000408172607), (-0.11965020000934601, -0.11230000108480453, 0.5299599170684814), (-0.11980000138282776, -0.11215019971132278, 0.5299599170684814), (-0.11965654045343399, -0.11215654015541077, 0.5299209952354431), (-0.11954008042812347, -0.11215019971132278, 0.5297000408172607), (-0.11954008042812347, -0.11230000108480453, 0.5298497676849365), (-0.1195790097117424, -0.11215654015541077, 0.5298434495925903), (-0.11980000138282776, -0.11204008013010025, 0.5298497676849365), (-0.11965020000934601, -0.11204008013010025, 0.5297000408172607), (-0.11965654045343399, -0.11207900941371918, 0.5298434495925903)]
int[] faceVertexCounts = [4, 4, 4, 4, 4, 4, 4, 4, 4, 4, 4, 3, 4, 4, 4, 4, 4, 4, 3, 4, 4, 4, 4, 4, 4, 3, 4, 4, 4, 4, 4, 4, 3, 4, 4, 4, 4, 4, 4, 3, 4, 4, 4, 4, 4, 4, 3, 4, 4, 4, 4, 4, 4, 3, 4, 4, 4, 4, 4, 4, 3, 4, 4, 4, 4, 4, 4, 4, 4, 4, 4, 4, 4, 4, 4, 4, 4, 4, 4, 4, 4, 4, 4, 4, 4, 4, 4, 4, 4, 4, 4, 4, 4, 4, 4, 4, 4, 4]
int[] faceVertexIndices = [50, 61, 12, 1, 74, 85, 62, 49, 84, 36, 13, 60, 2, 14, 38, 25, 26, 37, 86, 73, 0, 3, 5, 4, 3, 7, 8, 5, 1, 6, 8, 7, 6, 10, 11, 8, 2, 9, 11, 10, 9, 4, 5, 11, 5, 8, 11, 12, 15, 17, 16, 15, 19, 20, 17, 13, 18, 20, 19, 18, 22, 23, 20, 14, 21, 23, 22, 21, 16, 17, 23, 17, 20, 23, 24, 27, 29, 28, 27, 31, 32, 29, 25, 30, 32, 31, 30, 34, 35, 32, 26, 33, 35, 34, 33, 28, 29, 35, 29, 32, 35, 36, 39, 41, 40, 39, 43, 44, 41, 37, 42, 44, 43, 42, 46, 47, 44, 38, 45, 47, 46, 45, 40, 41, 47, 41, 44, 47, 48, 51, 53, 52, 51, 55, 56, 53, 49, 54, 56, 55, 54, 58, 59, 56, 50, 57, 59, 58, 57, 52, 53, 59, 53, 56, 59, 60, 63, 65, 64, 63, 67, 68, 65, 61, 66, 68, 67, 66, 70, 71, 68, 62, 69, 71, 70, 69, 64, 65, 71, 65, 68, 71, 72, 75, 77, 76, 75, 79, 80, 77, 73, 78, 80, 79, 78, 82, 83, 80, 74, 81, 83, 82, 81, 76, 77, 83, 77, 80, 83, 84, 87, 89, 88, 87, 91, 92, 89, 85, 90, 92, 91, 90, 94, 95, 92, 86, 93, 95, 94, 93, 88, 89, 95, 89, 92, 95, 24, 0, 4, 27, 27, 4, 9, 31, 31, 9, 2, 25, 1, 12, 16, 6, 6, 16, 21, 10, 10, 21, 14, 2, 13, 36, 40, 18, 18, 40, 45, 22, 22, 45, 38, 14, 37, 26, 34, 42, 42, 34, 30, 46, 46, 30, 25, 38, 72, 24, 28, 75, 75, 28, 33, 79, 79, 33, 26, 73, 36, 84, 88, 39, 39, 88, 93, 43, 43, 93, 86, 37, 85, 74, 82, 90, 90, 82, 78, 94, 94, 78, 73, 86, 48, 72, 76, 51, 51, 76, 81, 55, 55, 81, 74, 49, 84, 60, 64, 87, 87, 64, 69, 91, 91, 69, 62, 85, 61, 50, 58, 66, 66, 58, 54, 70, 70, 54, 49, 62, 0, 48, 52, 3, 3, 52, 57, 7, 7, 57, 50, 1, 60, 13, 19, 63, 63, 19, 15, 67, 67, 15, 12, 61, 24, 72, 48, 0]
uniform token subdivisionScheme = "none"
rel material:binding = </Component/Looks/Slot_and_fastener>
}
def Mesh "Socket_bolt" (prepend apiSchemas = ["MaterialBindingAPI"]) {
point3f[] points = [(-0.13500000536441803, -0.11050000041723251, 0.007499999366700649), (-0.13500000536441803, -0.11050000041723251, 0.010499999858438969), (-0.13441263139247894, -0.11053849756717682, 0.007499999366700649), (-0.13441263139247894, -0.11053849756717682, 0.010499999858438969), (-0.1338353157043457, -0.1106533333659172, 0.007499999366700649), (-0.1338353157043457, -0.1106533333659172, 0.010499999858438969), (-0.13327792286872864, -0.11084254086017609, 0.007499999366700649), (-0.13327792286872864, -0.11084254086017609, 0.010499999858438969), (-0.132750004529953, -0.1111028864979744, 0.007499999366700649), (-0.132750004529953, -0.1111028864979744, 0.010499999858438969), (-0.13226057589054108, -0.11142991483211517, 0.007499999366700649), (-0.13226057589054108, -0.11142991483211517, 0.010499999858438969), (-0.131818026304245, -0.11181802302598953, 0.007499999366700649), (-0.131818026304245, -0.11181802302598953, 0.010499999858438969), (-0.13142991065979004, -0.11226057261228561, 0.007499999366700649), (-0.13142991065979004, -0.11226057261228561, 0.010499999858438969), (-0.13110288977622986, -0.11275000125169754, 0.007499999366700649), (-0.13110288977622986, -0.11275000125169754, 0.010499999858438969), (-0.13084255158901215, -0.11327792704105377, 0.007499999366700649), (-0.13084255158901215, -0.11327792704105377, 0.010499999858438969), (-0.13065333664417267, -0.11383531987667084, 0.007499999366700649), (-0.13065333664417267, -0.11383531987667084, 0.010499999858438969), (-0.13053850829601288, -0.11441263556480408, 0.007499999366700649), (-0.13053850829601288, -0.11441263556480408, 0.010499999858438969), (-0.13050000369548798, -0.11500000208616257, 0.007499999366700649), (-0.13050000369548798, -0.11500000208616257, 0.010499999858438969), (-0.13053850829601288, -0.11558736860752106, 0.007499999366700649), (-0.13053850829601288, -0.11558736860752106, 0.010499999858438969), (-0.13065333664417267, -0.1161646842956543, 0.007499999366700649), (-0.13065333664417267, -0.1161646842956543, 0.010499999858438969), (-0.13084255158901215, -0.11672207713127136, 0.007499999366700649), (-0.13084255158901215, -0.11672207713127136, 0.010499999858438969), (-0.13110288977622986, -0.1172500029206276, 0.007499999366700649), (-0.13110288977622986, -0.1172500029206276, 0.010499999858438969), (-0.13142991065979004, -0.11773943156003952, 0.007499999366700649), (-0.13142991065979004, -0.11773943156003952, 0.010499999858438969), (-0.131818026304245, -0.1181819811463356, 0.007499999366700649), (-0.131818026304245, -0.1181819811463356, 0.010499999858438969), (-0.13226057589054108, -0.11857008934020996, 0.007499999366700649), (-0.13226057589054108, -0.11857008934020996, 0.010499999858438969), (-0.132750004529953, -0.11889711767435074, 0.007499999366700649), (-0.132750004529953, -0.11889711767435074, 0.010499999858438969), (-0.13327792286872864, -0.11915746331214905, 0.007499999366700649), (-0.13327792286872864, -0.11915746331214905, 0.010499999858438969), (-0.1338353157043457, -0.11934667080640793, 0.007499999366700649), (-0.1338353157043457, -0.11934667080640793, 0.010499999858438969), (-0.13441263139247894, -0.11946150660514832, 0.007499999366700649), (-0.13441263139247894, -0.11946150660514832, 0.010499999858438969), (-0.13500000536441803, -0.11950000375509262, 0.007499999366700649), (-0.13500000536441803, -0.11950000375509262, 0.010499999858438969), (-0.13558737933635712, -0.11946150660514832, 0.007499999366700649), (-0.13558737933635712, -0.11946150660514832, 0.010499999858438969), (-0.13616469502449036, -0.11934667080640793, 0.007499999366700649), (-0.13616469502449036, -0.11934667080640793, 0.010499999858438969), (-0.13672208786010742, -0.11915746331214905, 0.007499999366700649), (-0.13672208786010742, -0.11915746331214905, 0.010499999858438969), (-0.13725000619888306, -0.11889711767435074, 0.007499999366700649), (-0.13725000619888306, -0.11889711767435074, 0.010499999858438969), (-0.13773943483829498, -0.11857008934020996, 0.007499999366700649), (-0.13773943483829498, -0.11857008934020996, 0.010499999858438969), (-0.13818198442459106, -0.1181819811463356, 0.007499999366700649), (-0.13818198442459106, -0.1181819811463356, 0.010499999858438969), (-0.13857010006904602, -0.11773943156003952, 0.007499999366700649), (-0.13857010006904602, -0.11773943156003952, 0.010499999858438969), (-0.1388971209526062, -0.1172500029206276, 0.007499999366700649), (-0.1388971209526062, -0.1172500029206276, 0.010499999858438969), (-0.1391574591398239, -0.11672207713127136, 0.007499999366700649), (-0.1391574591398239, -0.11672207713127136, 0.010499999858438969), (-0.1393466740846634, -0.1161646842956543, 0.007499999366700649), (-0.1393466740846634, -0.1161646842956543, 0.010499999858438969), (-0.13946150243282318, -0.11558736860752106, 0.007499999366700649), (-0.13946150243282318, -0.11558736860752106, 0.010499999858438969), (-0.13950000703334808, -0.11500000208616257, 0.007499999366700649), (-0.13950000703334808, -0.11500000208616257, 0.010499999858438969), (-0.13946150243282318, -0.11441263556480408, 0.007499999366700649), (-0.13946150243282318, -0.11441263556480408, 0.010499999858438969), (-0.1393466740846634, -0.11383531987667084, 0.007499999366700649), (-0.1393466740846634, -0.11383531987667084, 0.010499999858438969), (-0.1391574591398239, -0.11327792704105377, 0.007499999366700649), (-0.1391574591398239, -0.11327792704105377, 0.010499999858438969), (-0.1388971209526062, -0.11275000125169754, 0.007499999366700649), (-0.1388971209526062, -0.11275000125169754, 0.010499999858438969), (-0.13857010006904602, -0.11226057261228561, 0.007499999366700649), (-0.13857010006904602, -0.11226057261228561, 0.010499999858438969), (-0.13818198442459106, -0.11181802302598953, 0.007499999366700649), (-0.13818198442459106, -0.11181802302598953, 0.010499999858438969), (-0.13773943483829498, -0.11142991483211517, 0.007499999366700649), (-0.13773943483829498, -0.11142991483211517, 0.010499999858438969), (-0.13725000619888306, -0.1111028864979744, 0.007499999366700649), (-0.13725000619888306, -0.1111028864979744, 0.010499999858438969), (-0.13672208786010742, -0.11084254086017609, 0.007499999366700649), (-0.13672208786010742, -0.11084254086017609, 0.010499999858438969), (-0.13616469502449036, -0.1106533333659172, 0.007499999366700649), (-0.13616469502449036, -0.1106533333659172, 0.010499999858438969), (-0.13558737933635712, -0.11053849756717682, 0.007499999366700649), (-0.13558737933635712, -0.11053849756717682, 0.010499999858438969)]
int[] faceVertexCounts = [4, 4, 4, 4, 4, 4, 4, 4, 4, 4, 4, 4, 4, 4, 4, 4, 4, 4, 4, 4, 4, 4, 4, 4, 4, 4, 4, 4, 4, 4, 4, 4, 4, 4, 4, 4, 4, 4, 4, 4, 4, 4, 4, 4, 4, 4, 48, 4, 4, 48]
int[] faceVertexIndices = [0, 1, 3, 2, 2, 3, 5, 4, 4, 5, 7, 6, 6, 7, 9, 8, 8, 9, 11, 10, 10, 11, 13, 12, 12, 13, 15, 14, 14, 15, 17, 16, 16, 17, 19, 18, 18, 19, 21, 20, 20, 21, 23, 22, 22, 23, 25, 24, 24, 25, 27, 26, 26, 27, 29, 28, 28, 29, 31, 30, 30, 31, 33, 32, 32, 33, 35, 34, 34, 35, 37, 36, 36, 37, 39, 38, 38, 39, 41, 40, 40, 41, 43, 42, 42, 43, 45, 44, 44, 45, 47, 46, 46, 47, 49, 48, 48, 49, 51, 50, 50, 51, 53, 52, 52, 53, 55, 54, 54, 55, 57, 56, 56, 57, 59, 58, 58, 59, 61, 60, 60, 61, 63, 62, 62, 63, 65, 64, 64, 65, 67, 66, 66, 67, 69, 68, 68, 69, 71, 70, 70, 71, 73, 72, 72, 73, 75, 74, 74, 75, 77, 76, 76, 77, 79, 78, 78, 79, 81, 80, 80, 81, 83, 82, 82, 83, 85, 84, 84, 85, 87, 86, 86, 87, 89, 88, 88, 89, 91, 90, 90, 91, 93, 92, 3, 1, 95, 93, 91, 89, 87, 85, 83, 81, 79, 77, 75, 73, 71, 69, 67, 65, 63, 61, 59, 57, 55, 53, 51, 49, 47, 45, 43, 41, 39, 37, 35, 33, 31, 29, 27, 25, 23, 21, 19, 17, 15, 13, 11, 9, 7, 5, 92, 93, 95, 94, 94, 95, 1, 0, 0, 2, 4, 6, 8, 10, 12, 14, 16, 18, 20, 22, 24, 26, 28, 30, 32, 34, 36, 38, 40, 42, 44, 46, 48, 50, 52, 54, 56, 58, 60, 62, 64, 66, 68, 70, 72, 74, 76, 78, 80, 82, 84, 86, 88, 90, 92, 94]
uniform token subdivisionScheme = "none"
rel material:binding = </Component/Looks/Slot_and_fastener>
}
def Mesh "Gusset_bracket" (prepend apiSchemas = ["MaterialBindingAPI"]) {
point3f[] points = [(-0.15650001168251038, -0.1315000057220459, 0.008499998599290848), (-0.15650001168251038, -0.13250000774860382, 0.009499998763203621), (-0.1574999988079071, -0.1315000057220459, 0.009499998763203621), (-0.15650001168251038, -0.13199934363365173, 0.008633596822619438), (-0.1569993495941162, -0.1315000057220459, 0.008633596822619438), (-0.15697821974754333, -0.13197821378707886, 0.008763367310166359), (-0.1569993495941162, -0.13236640393733978, 0.00950000062584877), (-0.15650001168251038, -0.13236640393733978, 0.009000657126307487), (-0.15697821974754333, -0.13223662972450256, 0.009021788835525513), (-0.15736640989780426, -0.1315000057220459, 0.009000657126307487), (-0.15736640989780426, -0.13199934363365173, 0.00950000062584877), (-0.15723663568496704, -0.13197821378707886, 0.009021788835525513), (-0.15650001168251038, -0.13250000774860382, 0.05250000208616257), (-0.15650001168251038, -0.1315000057220459, 0.05350000038743019), (-0.1574999988079071, -0.1315000057220459, 0.05250000208616257), (-0.15650001168251038, -0.13236640393733978, 0.0529993399977684), (-0.1569993495941162, -0.13236640393733978, 0.05249999836087227), (-0.15697821974754333, -0.13223662972450256, 0.052978210151195526), (-0.1569993495941162, -0.1315000057220459, 0.05336640030145645), (-0.15650001168251038, -0.13199934363365173, 0.05336640030145645), (-0.15697821974754333, -0.13197821378707886, 0.05323663353919983), (-0.15736640989780426, -0.13199934363365173, 0.05249999836087227), (-0.15736640989780426, -0.1315000057220459, 0.0529993399977684), (-0.15723663568496704, -0.13197821378707886, 0.052978210151195526), (-0.15650001168251038, -0.09849999845027924, 0.008499998599290848), (-0.1574999988079071, -0.09849999845027924, 0.009499998763203621), (-0.15650001168251038, -0.09750000387430191, 0.009499998763203621), (-0.1569993495941162, -0.09849999845027924, 0.008633596822619438), (-0.15650001168251038, -0.0980006605386734, 0.008633596822619438), (-0.15697821974754333, -0.09802179038524628, 0.008763367310166359), (-0.15736640989780426, -0.0980006605386734, 0.00950000062584877), (-0.15736640989780426, -0.09849999845027924, 0.009000657126307487), (-0.15723663568496704, -0.09802179038524628, 0.009021788835525513), (-0.15650001168251038, -0.09763360023498535, 0.009000657126307487), (-0.1569993495941162, -0.09763360023498535, 0.00950000062584877), (-0.15697821974754333, -0.09776336699724197, 0.009021788835525513), (-0.15650001168251038, -0.09849999845027924, 0.05350000038743019), (-0.15650001168251038, -0.09750000387430191, 0.05250000208616257), (-0.1574999988079071, -0.09849999845027924, 0.05250000208616257), (-0.15650001168251038, -0.0980006605386734, 0.05336640030145645), (-0.1569993495941162, -0.09849999845027924, 0.05336640030145645), (-0.15697821974754333, -0.09802179038524628, 0.05323663353919983), (-0.1569993495941162, -0.09763360023498535, 0.05249999836087227), (-0.15650001168251038, -0.09763360023498535, 0.0529993399977684), (-0.15697821974754333, -0.09776336699724197, 0.052978210151195526), (-0.15736640989780426, -0.09849999845027924, 0.0529993399977684), (-0.15736640989780426, -0.0980006605386734, 0.05249999836087227), (-0.15723663568496704, -0.09802179038524628, 0.052978210151195526), (-0.11350000649690628, -0.1315000057220459, 0.008499998599290848), (-0.11250000447034836, -0.1315000057220459, 0.009499998763203621), (-0.11350000649690628, -0.13250000774860382, 0.009499998763203621), (-0.11300066113471985, -0.1315000057220459, 0.008633596822619438), (-0.11350000649690628, -0.13199934363365173, 0.008633596822619438), (-0.11302179098129272, -0.13197821378707886, 0.008763367310166359), (-0.1126336008310318, -0.13199934363365173, 0.00950000062584877), (-0.1126336008310318, -0.1315000057220459, 0.009000657126307487), (-0.11276337504386902, -0.13197821378707886, 0.009021788835525513), (-0.11350000649690628, -0.13236640393733978, 0.009000657126307487), (-0.11300066113471985, -0.13236640393733978, 0.00950000062584877), (-0.11302179098129272, -0.13223662972450256, 0.009021788835525513), (-0.11350000649690628, -0.1315000057220459, 0.05350000038743019), (-0.11350000649690628, -0.13250000774860382, 0.05250000208616257), (-0.11250000447034836, -0.1315000057220459, 0.05250000208616257), (-0.11349999904632568, -0.13199934363365173, 0.05336640030145645), (-0.11300066113471985, -0.1315000057220459, 0.05336640030145645), (-0.11302179098129272, -0.13197821378707886, 0.05323663353919983), (-0.11300066113471985, -0.13236640393733978, 0.05249999836087227), (-0.11349999904632568, -0.13236640393733978, 0.0529993399977684), (-0.11302179098129272, -0.13223662972450256, 0.052978210151195526), (-0.1126336008310318, -0.1315000057220459, 0.0529993399977684), (-0.1126336008310318, -0.13199934363365173, 0.05249999836087227), (-0.11276336759328842, -0.13197821378707886, 0.052978210151195526), (-0.11350000649690628, -0.09849999845027924, 0.008499998599290848), (-0.11350000649690628, -0.09750000387430191, 0.009499998763203621), (-0.11250000447034836, -0.09849999845027924, 0.009499998763203621), (-0.11349999904632568, -0.0980006605386734, 0.008633596822619438), (-0.11300066113471985, -0.09849999845027924, 0.008633596822619438), (-0.11302179098129272, -0.09802179038524628, 0.008763367310166359), (-0.11300066113471985, -0.09763360023498535, 0.00950000062584877), (-0.11349999904632568, -0.09763360023498535, 0.009000657126307487), (-0.11302179098129272, -0.09776336699724197, 0.009021788835525513), (-0.1126336008310318, -0.09849999845027924, 0.009000657126307487), (-0.1126336008310318, -0.0980006605386734, 0.00950000062584877), (-0.11276336759328842, -0.09802179038524628, 0.009021788835525513), (-0.11350000649690628, -0.09849999845027924, 0.05350000038743019), (-0.11250000447034836, -0.09849999845027924, 0.05250000208616257), (-0.11350000649690628, -0.09750000387430191, 0.05250000208616257), (-0.11300066113471985, -0.09849999845027924, 0.05336640030145645), (-0.11350000649690628, -0.0980006605386734, 0.05336640030145645), (-0.11302179098129272, -0.09802179038524628, 0.05323663353919983), (-0.1126336008310318, -0.0980006605386734, 0.05249999836087227), (-0.1126336008310318, -0.09849999845027924, 0.0529993399977684), (-0.11276337504386902, -0.09802179038524628, 0.052978210151195526), (-0.11350000649690628, -0.09763360023498535, 0.0529993399977684), (-0.11300066113471985, -0.09763360023498535, 0.05249999836087227), (-0.11302179098129272, -0.09776336699724197, 0.052978210151195526)]
int[] faceVertexCounts = [4, 4, 4, 4, 4, 4, 4, 4, 4, 4, 4, 3, 4, 4, 4, 4, 4, 4, 3, 4, 4, 4, 4, 4, 4, 3, 4, 4, 4, 4, 4, 4, 3, 4, 4, 4, 4, 4, 4, 3, 4, 4, 4, 4, 4, 4, 3, 4, 4, 4, 4, 4, 4, 3, 4, 4, 4, 4, 4, 4, 3, 4, 4, 4, 4, 4, 4, 4, 4, 4, 4, 4, 4, 4, 4, 4, 4, 4, 4, 4, 4, 4, 4, 4, 4, 4, 4, 4, 4, 4, 4, 4, 4, 4, 4, 4, 4, 4]
int[] faceVertexIndices = [50, 61, 12, 1, 74, 85, 62, 49, 84, 36, 13, 60, 2, 14, 38, 25, 26, 37, 86, 73, 0, 3, 5, 4, 3, 7, 8, 5, 1, 6, 8, 7, 6, 10, 11, 8, 2, 9, 11, 10, 9, 4, 5, 11, 5, 8, 11, 12, 15, 17, 16, 15, 19, 20, 17, 13, 18, 20, 19, 18, 22, 23, 20, 14, 21, 23, 22, 21, 16, 17, 23, 17, 20, 23, 24, 27, 29, 28, 27, 31, 32, 29, 25, 30, 32, 31, 30, 34, 35, 32, 26, 33, 35, 34, 33, 28, 29, 35, 29, 32, 35, 36, 39, 41, 40, 39, 43, 44, 41, 37, 42, 44, 43, 42, 46, 47, 44, 38, 45, 47, 46, 45, 40, 41, 47, 41, 44, 47, 48, 51, 53, 52, 51, 55, 56, 53, 49, 54, 56, 55, 54, 58, 59, 56, 50, 57, 59, 58, 57, 52, 53, 59, 53, 56, 59, 60, 63, 65, 64, 63, 67, 68, 65, 61, 66, 68, 67, 66, 70, 71, 68, 62, 69, 71, 70, 69, 64, 65, 71, 65, 68, 71, 72, 75, 77, 76, 75, 79, 80, 77, 73, 78, 80, 79, 78, 82, 83, 80, 74, 81, 83, 82, 81, 76, 77, 83, 77, 80, 83, 84, 87, 89, 88, 87, 91, 92, 89, 85, 90, 92, 91, 90, 94, 95, 92, 86, 93, 95, 94, 93, 88, 89, 95, 89, 92, 95, 24, 0, 4, 27, 27, 4, 9, 31, 31, 9, 2, 25, 1, 12, 16, 6, 6, 16, 21, 10, 10, 21, 14, 2, 13, 36, 40, 18, 18, 40, 45, 22, 22, 45, 38, 14, 37, 26, 34, 42, 42, 34, 30, 46, 46, 30, 25, 38, 72, 24, 28, 75, 75, 28, 33, 79, 79, 33, 26, 73, 36, 84, 88, 39, 39, 88, 93, 43, 43, 93, 86, 37, 85, 74, 82, 90, 90, 82, 78, 94, 94, 78, 73, 86, 48, 72, 76, 51, 51, 76, 81, 55, 55, 81, 74, 49, 84, 60, 64, 87, 87, 64, 69, 91, 91, 69, 62, 85, 61, 50, 58, 66, 66, 58, 54, 70, 70, 54, 49, 62, 0, 48, 52, 3, 3, 52, 57, 7, 7, 57, 50, 1, 60, 13, 19, 63, 63, 19, 15, 67, 67, 15, 12, 61, 24, 72, 48, 0]
uniform token subdivisionScheme = "none"
rel material:binding = </Component/Looks/Anodized_aluminum>
}
def Mesh "Socket_bolt_001" (prepend apiSchemas = ["MaterialBindingAPI"]) {
point3f[] points = [(-0.13500000536441803, -0.11050000041723251, 0.5394999980926514), (-0.13500000536441803, -0.11050000041723251, 0.5425000190734863), (-0.13441263139247894, -0.11053849756717682, 0.5394999980926514), (-0.13441263139247894, -0.11053849756717682, 0.5425000190734863), (-0.1338353157043457, -0.1106533333659172, 0.5394999980926514), (-0.1338353157043457, -0.1106533333659172, 0.5425000190734863), (-0.13327792286872864, -0.11084254086017609, 0.5394999980926514), (-0.13327792286872864, -0.11084254086017609, 0.5425000190734863), (-0.132750004529953, -0.1111028864979744, 0.5394999980926514), (-0.132750004529953, -0.1111028864979744, 0.5425000190734863), (-0.13226057589054108, -0.11142991483211517, 0.5394999980926514), (-0.13226057589054108, -0.11142991483211517, 0.5425000190734863), (-0.131818026304245, -0.11181802302598953, 0.5394999980926514), (-0.131818026304245, -0.11181802302598953, 0.5425000190734863), (-0.13142991065979004, -0.11226057261228561, 0.5394999980926514), (-0.13142991065979004, -0.11226057261228561, 0.5425000190734863), (-0.13110288977622986, -0.11275000125169754, 0.5394999980926514), (-0.13110288977622986, -0.11275000125169754, 0.5425000190734863), (-0.13084255158901215, -0.11327792704105377, 0.5394999980926514), (-0.13084255158901215, -0.11327792704105377, 0.5425000190734863), (-0.13065333664417267, -0.11383531987667084, 0.5394999980926514), (-0.13065333664417267, -0.11383531987667084, 0.5425000190734863), (-0.13053850829601288, -0.11441263556480408, 0.5394999980926514), (-0.13053850829601288, -0.11441263556480408, 0.5425000190734863), (-0.13050000369548798, -0.11500000208616257, 0.5394999980926514), (-0.13050000369548798, -0.11500000208616257, 0.5425000190734863), (-0.13053850829601288, -0.11558736860752106, 0.5394999980926514), (-0.13053850829601288, -0.11558736860752106, 0.5425000190734863), (-0.13065333664417267, -0.1161646842956543, 0.5394999980926514), (-0.13065333664417267, -0.1161646842956543, 0.5425000190734863), (-0.13084255158901215, -0.11672207713127136, 0.5394999980926514), (-0.13084255158901215, -0.11672207713127136, 0.5425000190734863), (-0.13110288977622986, -0.1172500029206276, 0.5394999980926514), (-0.13110288977622986, -0.1172500029206276, 0.5425000190734863), (-0.13142991065979004, -0.11773943156003952, 0.5394999980926514), (-0.13142991065979004, -0.11773943156003952, 0.5425000190734863), (-0.131818026304245, -0.1181819811463356, 0.5394999980926514), (-0.131818026304245, -0.1181819811463356, 0.5425000190734863), (-0.13226057589054108, -0.11857008934020996, 0.5394999980926514), (-0.13226057589054108, -0.11857008934020996, 0.5425000190734863), (-0.132750004529953, -0.11889711767435074, 0.5394999980926514), (-0.132750004529953, -0.11889711767435074, 0.5425000190734863), (-0.13327792286872864, -0.11915746331214905, 0.5394999980926514), (-0.13327792286872864, -0.11915746331214905, 0.5425000190734863), (-0.1338353157043457, -0.11934667080640793, 0.5394999980926514), (-0.1338353157043457, -0.11934667080640793, 0.5425000190734863), (-0.13441263139247894, -0.11946150660514832, 0.5394999980926514), (-0.13441263139247894, -0.11946150660514832, 0.5425000190734863), (-0.13500000536441803, -0.11950000375509262, 0.5394999980926514), (-0.13500000536441803, -0.11950000375509262, 0.5425000190734863), (-0.13558737933635712, -0.11946150660514832, 0.5394999980926514), (-0.13558737933635712, -0.11946150660514832, 0.5425000190734863), (-0.13616469502449036, -0.11934667080640793, 0.5394999980926514), (-0.13616469502449036, -0.11934667080640793, 0.5425000190734863), (-0.13672208786010742, -0.11915746331214905, 0.5394999980926514), (-0.13672208786010742, -0.11915746331214905, 0.5425000190734863), (-0.13725000619888306, -0.11889711767435074, 0.5394999980926514), (-0.13725000619888306, -0.11889711767435074, 0.5425000190734863), (-0.13773943483829498, -0.11857008934020996, 0.5394999980926514), (-0.13773943483829498, -0.11857008934020996, 0.5425000190734863), (-0.13818198442459106, -0.1181819811463356, 0.5394999980926514), (-0.13818198442459106, -0.1181819811463356, 0.5425000190734863), (-0.13857010006904602, -0.11773943156003952, 0.5394999980926514), (-0.13857010006904602, -0.11773943156003952, 0.5425000190734863), (-0.1388971209526062, -0.1172500029206276, 0.5394999980926514), (-0.1388971209526062, -0.1172500029206276, 0.5425000190734863), (-0.1391574591398239, -0.11672207713127136, 0.5394999980926514), (-0.1391574591398239, -0.11672207713127136, 0.5425000190734863), (-0.1393466740846634, -0.1161646842956543, 0.5394999980926514), (-0.1393466740846634, -0.1161646842956543, 0.5425000190734863), (-0.13946150243282318, -0.11558736860752106, 0.5394999980926514), (-0.13946150243282318, -0.11558736860752106, 0.5425000190734863), (-0.13950000703334808, -0.11500000208616257, 0.5394999980926514), (-0.13950000703334808, -0.11500000208616257, 0.5425000190734863), (-0.13946150243282318, -0.11441263556480408, 0.5394999980926514), (-0.13946150243282318, -0.11441263556480408, 0.5425000190734863), (-0.1393466740846634, -0.11383531987667084, 0.5394999980926514), (-0.1393466740846634, -0.11383531987667084, 0.5425000190734863), (-0.1391574591398239, -0.11327792704105377, 0.5394999980926514), (-0.1391574591398239, -0.11327792704105377, 0.5425000190734863), (-0.1388971209526062, -0.11275000125169754, 0.5394999980926514), (-0.1388971209526062, -0.11275000125169754, 0.5425000190734863), (-0.13857010006904602, -0.11226057261228561, 0.5394999980926514), (-0.13857010006904602, -0.11226057261228561, 0.5425000190734863), (-0.13818198442459106, -0.11181802302598953, 0.5394999980926514), (-0.13818198442459106, -0.11181802302598953, 0.5425000190734863), (-0.13773943483829498, -0.11142991483211517, 0.5394999980926514), (-0.13773943483829498, -0.11142991483211517, 0.5425000190734863), (-0.13725000619888306, -0.1111028864979744, 0.5394999980926514), (-0.13725000619888306, -0.1111028864979744, 0.5425000190734863), (-0.13672208786010742, -0.11084254086017609, 0.5394999980926514), (-0.13672208786010742, -0.11084254086017609, 0.5425000190734863), (-0.13616469502449036, -0.1106533333659172, 0.5394999980926514), (-0.13616469502449036, -0.1106533333659172, 0.5425000190734863), (-0.13558737933635712, -0.11053849756717682, 0.5394999980926514), (-0.13558737933635712, -0.11053849756717682, 0.5425000190734863)]
int[] faceVertexCounts = [4, 4, 4, 4, 4, 4, 4, 4, 4, 4, 4, 4, 4, 4, 4, 4, 4, 4, 4, 4, 4, 4, 4, 4, 4, 4, 4, 4, 4, 4, 4, 4, 4, 4, 4, 4, 4, 4, 4, 4, 4, 4, 4, 4, 4, 4, 48, 4, 4, 48]
int[] faceVertexIndices = [0, 1, 3, 2, 2, 3, 5, 4, 4, 5, 7, 6, 6, 7, 9, 8, 8, 9, 11, 10, 10, 11, 13, 12, 12, 13, 15, 14, 14, 15, 17, 16, 16, 17, 19, 18, 18, 19, 21, 20, 20, 21, 23, 22, 22, 23, 25, 24, 24, 25, 27, 26, 26, 27, 29, 28, 28, 29, 31, 30, 30, 31, 33, 32, 32, 33, 35, 34, 34, 35, 37, 36, 36, 37, 39, 38, 38, 39, 41, 40, 40, 41, 43, 42, 42, 43, 45, 44, 44, 45, 47, 46, 46, 47, 49, 48, 48, 49, 51, 50, 50, 51, 53, 52, 52, 53, 55, 54, 54, 55, 57, 56, 56, 57, 59, 58, 58, 59, 61, 60, 60, 61, 63, 62, 62, 63, 65, 64, 64, 65, 67, 66, 66, 67, 69, 68, 68, 69, 71, 70, 70, 71, 73, 72, 72, 73, 75, 74, 74, 75, 77, 76, 76, 77, 79, 78, 78, 79, 81, 80, 80, 81, 83, 82, 82, 83, 85, 84, 84, 85, 87, 86, 86, 87, 89, 88, 88, 89, 91, 90, 90, 91, 93, 92, 3, 1, 95, 93, 91, 89, 87, 85, 83, 81, 79, 77, 75, 73, 71, 69, 67, 65, 63, 61, 59, 57, 55, 53, 51, 49, 47, 45, 43, 41, 39, 37, 35, 33, 31, 29, 27, 25, 23, 21, 19, 17, 15, 13, 11, 9, 7, 5, 92, 93, 95, 94, 94, 95, 1, 0, 0, 2, 4, 6, 8, 10, 12, 14, 16, 18, 20, 22, 24, 26, 28, 30, 32, 34, 36, 38, 40, 42, 44, 46, 48, 50, 52, 54, 56, 58, 60, 62, 64, 66, 68, 70, 72, 74, 76, 78, 80, 82, 84, 86, 88, 90, 92, 94]
uniform token subdivisionScheme = "none"
rel material:binding = </Component/Looks/Slot_and_fastener>
}
def Mesh "Gusset_bracket_001" (prepend apiSchemas = ["MaterialBindingAPI"]) {
point3f[] points = [(-0.15650001168251038, -0.1315000057220459, 0.4964999854564667), (-0.15650001168251038, -0.13250000774860382, 0.4975000023841858), (-0.1574999988079071, -0.1315000057220459, 0.4975000023841858), (-0.15650001168251038, -0.13199934363365173, 0.4966335892677307), (-0.1569993495941162, -0.1315000057220459, 0.4966335892677307), (-0.15697821974754333, -0.13197821378707886, 0.49676334857940674), (-0.1569993495941162, -0.13236640393733978, 0.4975000023841858), (-0.15650001168251038, -0.13236640393733978, 0.49700066447257996), (-0.15697821974754333, -0.13223662972450256, 0.49702179431915283), (-0.15736640989780426, -0.1315000057220459, 0.49700066447257996), (-0.15736640989780426, -0.13199934363365173, 0.4975000023841858), (-0.15723663568496704, -0.13197821378707886, 0.49702179431915283), (-0.15650001168251038, -0.13250000774860382, 0.5404999852180481), (-0.15650001168251038, -0.1315000057220459, 0.5414999723434448), (-0.1574999988079071, -0.1315000057220459, 0.5404999852180481), (-0.15650001168251038, -0.13236640393733978, 0.5409993529319763), (-0.1569993495941162, -0.13236640393733978, 0.5404999852180481), (-0.15697821974754333, -0.13223662972450256, 0.540978193283081), (-0.1569993495941162, -0.1315000057220459, 0.5413663983345032), (-0.15650001168251038, -0.13199934363365173, 0.5413663983345032), (-0.15697821974754333, -0.13197821378707886, 0.5412366390228271), (-0.15736640989780426, -0.13199934363365173, 0.5404999852180481), (-0.15736640989780426, -0.1315000057220459, 0.5409993529319763), (-0.15723663568496704, -0.13197821378707886, 0.540978193283081), (-0.15650001168251038, -0.09849999845027924, 0.4964999854564667), (-0.1574999988079071, -0.09849999845027924, 0.4975000023841858), (-0.15650001168251038, -0.09750000387430191, 0.4975000023841858), (-0.1569993495941162, -0.09849999845027924, 0.4966335892677307), (-0.15650001168251038, -0.0980006605386734, 0.4966335892677307), (-0.15697821974754333, -0.09802179038524628, 0.49676334857940674), (-0.15736640989780426, -0.0980006605386734, 0.4975000023841858), (-0.15736640989780426, -0.09849999845027924, 0.49700066447257996), (-0.15723663568496704, -0.09802179038524628, 0.49702179431915283), (-0.15650001168251038, -0.09763360023498535, 0.49700066447257996), (-0.1569993495941162, -0.09763360023498535, 0.4975000023841858), (-0.15697821974754333, -0.09776336699724197, 0.49702179431915283), (-0.15650001168251038, -0.09849999845027924, 0.5414999723434448), (-0.15650001168251038, -0.09750000387430191, 0.5404999852180481), (-0.1574999988079071, -0.09849999845027924, 0.5404999852180481), (-0.15650001168251038, -0.0980006605386734, 0.5413663983345032), (-0.1569993495941162, -0.09849999845027924, 0.5413663983345032), (-0.15697821974754333, -0.09802179038524628, 0.5412366390228271), (-0.1569993495941162, -0.09763360023498535, 0.5404999852180481), (-0.15650001168251038, -0.09763360023498535, 0.5409993529319763), (-0.15697821974754333, -0.09776336699724197, 0.540978193283081), (-0.15736640989780426, -0.09849999845027924, 0.5409993529319763), (-0.15736640989780426, -0.0980006605386734, 0.5404999852180481), (-0.15723663568496704, -0.09802179038524628, 0.540978193283081), (-0.11350000649690628, -0.1315000057220459, 0.4964999854564667), (-0.11250000447034836, -0.1315000057220459, 0.4975000023841858), (-0.11350000649690628, -0.13250000774860382, 0.4975000023841858), (-0.11300066113471985, -0.1315000057220459, 0.4966335892677307), (-0.11350000649690628, -0.13199934363365173, 0.4966335892677307), (-0.11302179098129272, -0.13197821378707886, 0.49676334857940674), (-0.1126336008310318, -0.13199934363365173, 0.4975000023841858), (-0.1126336008310318, -0.1315000057220459, 0.49700066447257996), (-0.11276337504386902, -0.13197821378707886, 0.49702179431915283), (-0.11350000649690628, -0.13236640393733978, 0.49700066447257996), (-0.11300066113471985, -0.13236640393733978, 0.4975000023841858), (-0.11302179098129272, -0.13223662972450256, 0.49702179431915283), (-0.11350000649690628, -0.1315000057220459, 0.5414999723434448), (-0.11350000649690628, -0.13250000774860382, 0.5404999852180481), (-0.11250000447034836, -0.1315000057220459, 0.5404999852180481), (-0.11349999904632568, -0.13199934363365173, 0.5413663983345032), (-0.11300066113471985, -0.1315000057220459, 0.5413663983345032), (-0.11302179098129272, -0.13197821378707886, 0.5412366390228271), (-0.11300066113471985, -0.13236640393733978, 0.5404999852180481), (-0.11349999904632568, -0.13236640393733978, 0.5409993529319763), (-0.11302179098129272, -0.13223662972450256, 0.540978193283081), (-0.1126336008310318, -0.1315000057220459, 0.5409993529319763), (-0.1126336008310318, -0.13199934363365173, 0.5404999852180481), (-0.11276336759328842, -0.13197821378707886, 0.540978193283081), (-0.11350000649690628, -0.09849999845027924, 0.4964999854564667), (-0.11350000649690628, -0.09750000387430191, 0.4975000023841858), (-0.11250000447034836, -0.09849999845027924, 0.4975000023841858), (-0.11349999904632568, -0.0980006605386734, 0.4966335892677307), (-0.11300066113471985, -0.09849999845027924, 0.4966335892677307), (-0.11302179098129272, -0.09802179038524628, 0.49676334857940674), (-0.11300066113471985, -0.09763360023498535, 0.4975000023841858), (-0.11349999904632568, -0.09763360023498535, 0.49700066447257996), (-0.11302179098129272, -0.09776336699724197, 0.49702179431915283), (-0.1126336008310318, -0.09849999845027924, 0.49700066447257996), (-0.1126336008310318, -0.0980006605386734, 0.4975000023841858), (-0.11276336759328842, -0.09802179038524628, 0.49702179431915283), (-0.11350000649690628, -0.09849999845027924, 0.5414999723434448), (-0.11250000447034836, -0.09849999845027924, 0.5404999852180481), (-0.11350000649690628, -0.09750000387430191, 0.5404999852180481), (-0.11300066113471985, -0.09849999845027924, 0.5413663983345032), (-0.11350000649690628, -0.0980006605386734, 0.5413663983345032), (-0.11302179098129272, -0.09802179038524628, 0.5412366390228271), (-0.1126336008310318, -0.0980006605386734, 0.5404999852180481), (-0.1126336008310318, -0.09849999845027924, 0.5409993529319763), (-0.11276337504386902, -0.09802179038524628, 0.540978193283081), (-0.11350000649690628, -0.09763360023498535, 0.5409993529319763), (-0.11300066113471985, -0.09763360023498535, 0.5404999852180481), (-0.11302179098129272, -0.09776336699724197, 0.540978193283081)]
int[] faceVertexCounts = [4, 4, 4, 4, 4, 4, 4, 4, 4, 4, 4, 3, 4, 4, 4, 4, 4, 4, 3, 4, 4, 4, 4, 4, 4, 3, 4, 4, 4, 4, 4, 4, 3, 4, 4, 4, 4, 4, 4, 3, 4, 4, 4, 4, 4, 4, 3, 4, 4, 4, 4, 4, 4, 3, 4, 4, 4, 4, 4, 4, 3, 4, 4, 4, 4, 4, 4, 4, 4, 4, 4, 4, 4, 4, 4, 4, 4, 4, 4, 4, 4, 4, 4, 4, 4, 4, 4, 4, 4, 4, 4, 4, 4, 4, 4, 4, 4, 4]
int[] faceVertexIndices = [50, 61, 12, 1, 74, 85, 62, 49, 84, 36, 13, 60, 2, 14, 38, 25, 26, 37, 86, 73, 0, 3, 5, 4, 3, 7, 8, 5, 1, 6, 8, 7, 6, 10, 11, 8, 2, 9, 11, 10, 9, 4, 5, 11, 5, 8, 11, 12, 15, 17, 16, 15, 19, 20, 17, 13, 18, 20, 19, 18, 22, 23, 20, 14, 21, 23, 22, 21, 16, 17, 23, 17, 20, 23, 24, 27, 29, 28, 27, 31, 32, 29, 25, 30, 32, 31, 30, 34, 35, 32, 26, 33, 35, 34, 33, 28, 29, 35, 29, 32, 35, 36, 39, 41, 40, 39, 43, 44, 41, 37, 42, 44, 43, 42, 46, 47, 44, 38, 45, 47, 46, 45, 40, 41, 47, 41, 44, 47, 48, 51, 53, 52, 51, 55, 56, 53, 49, 54, 56, 55, 54, 58, 59, 56, 50, 57, 59, 58, 57, 52, 53, 59, 53, 56, 59, 60, 63, 65, 64, 63, 67, 68, 65, 61, 66, 68, 67, 66, 70, 71, 68, 62, 69, 71, 70, 69, 64, 65, 71, 65, 68, 71, 72, 75, 77, 76, 75, 79, 80, 77, 73, 78, 80, 79, 78, 82, 83, 80, 74, 81, 83, 82, 81, 76, 77, 83, 77, 80, 83, 84, 87, 89, 88, 87, 91, 92, 89, 85, 90, 92, 91, 90, 94, 95, 92, 86, 93, 95, 94, 93, 88, 89, 95, 89, 92, 95, 24, 0, 4, 27, 27, 4, 9, 31, 31, 9, 2, 25, 1, 12, 16, 6, 6, 16, 21, 10, 10, 21, 14, 2, 13, 36, 40, 18, 18, 40, 45, 22, 22, 45, 38, 14, 37, 26, 34, 42, 42, 34, 30, 46, 46, 30, 25, 38, 72, 24, 28, 75, 75, 28, 33, 79, 79, 33, 26, 73, 36, 84, 88, 39, 39, 88, 93, 43, 43, 93, 86, 37, 85, 74, 82, 90, 90, 82, 78, 94, 94, 78, 73, 86, 48, 72, 76, 51, 51, 76, 81, 55, 55, 81, 74, 49, 84, 60, 64, 87, 87, 64, 69, 91, 91, 69, 62, 85, 61, 50, 58, 66, 66, 58, 54, 70, 70, 54, 49, 62, 0, 48, 52, 3, 3, 52, 57, 7, 7, 57, 50, 1, 60, 13, 19, 63, 63, 19, 15, 67, 67, 15, 12, 61, 24, 72, 48, 0]
uniform token subdivisionScheme = "none"
rel material:binding = </Component/Looks/Anodized_aluminum>
}
def Mesh "Extrusion_column_001" (prepend apiSchemas = ["MaterialBindingAPI"]) {
point3f[] points = [(-0.14900000393390656, 0.10100000351667404, 0.008000016212463379), (-0.14900000393390656, 0.10000000149011612, 0.009000003337860107), (-0.15000000596046448, 0.10100000351667404, 0.009000003337860107), (-0.14900000393390656, 0.10050065815448761, 0.00813359022140503), (-0.1494993418455124, 0.10100000351667404, 0.00813359022140503), (-0.14947821199893951, 0.10052178800106049, 0.008263349533081055), (-0.1494993418455124, 0.10013359785079956, 0.00899997353553772), (-0.14900000393390656, 0.10013359785079956, 0.008500635623931885), (-0.14947821199893951, 0.10026337206363678, 0.00852176547050476), (-0.14986640214920044, 0.10100000351667404, 0.008500635623931885), (-0.14986640214920044, 0.10050065815448761, 0.00899997353553772), (-0.14973664283752441, 0.10052178800106049, 0.00852176547050476), (-0.14900000393390656, 0.10000000149011612, 0.5410000085830688), (-0.14900000393390656, 0.10100000351667404, 0.5419999957084656), (-0.15000000596046448, 0.10100000351667404, 0.5410000085830688), (-0.14900000393390656, 0.10013359785079956, 0.5414993762969971), (-0.1494993418455124, 0.10013359785079956, 0.5410000085830688), (-0.14947821199893951, 0.10026337206363678, 0.5414782762527466), (-0.1494993418455124, 0.10100000351667404, 0.5418664216995239), (-0.14900000393390656, 0.10050065815448761, 0.5418664216995239), (-0.14947821199893951, 0.10052178800106049, 0.5417366623878479), (-0.14986640214920044, 0.10050065815448761, 0.5410000085830688), (-0.14986640214920044, 0.10100000351667404, 0.5414993762969971), (-0.14973664283752441, 0.10052178800106049, 0.5414782762527466), (-0.14900000393390656, 0.1290000081062317, 0.008000016212463379), (-0.15000000596046448, 0.1290000081062317, 0.009000003337860107), (-0.14900000393390656, 0.12999999523162842, 0.009000003337860107), (-0.1494993418455124, 0.1290000081062317, 0.00813359022140503), (-0.14900000393390656, 0.12949934601783752, 0.00813359022140503), (-0.14947821199893951, 0.12947821617126465, 0.008263349533081055), (-0.14986640214920044, 0.12949934601783752, 0.00899997353553772), (-0.14986640214920044, 0.1290000081062317, 0.008500635623931885), (-0.14973664283752441, 0.12947821617126465, 0.00852176547050476), (-0.14900000393390656, 0.12986640632152557, 0.008500635623931885), (-0.1494993418455124, 0.12986640632152557, 0.00899997353553772), (-0.14947821199893951, 0.12973663210868835, 0.00852176547050476), (-0.14900000393390656, 0.1290000081062317, 0.5419999957084656), (-0.14900000393390656, 0.12999999523162842, 0.5410000085830688), (-0.15000000596046448, 0.1290000081062317, 0.5410000085830688), (-0.14900000393390656, 0.12949934601783752, 0.5418664216995239), (-0.1494993418455124, 0.1290000081062317, 0.5418664216995239), (-0.14947821199893951, 0.12947821617126465, 0.5417366623878479), (-0.1494993418455124, 0.12986640632152557, 0.5410000085830688), (-0.14900000393390656, 0.12986640632152557, 0.5414993762969971), (-0.14947821199893951, 0.12973663210868835, 0.5414782762527466), (-0.14986640214920044, 0.1290000081062317, 0.5414993762969971), (-0.14986640214920044, 0.12949934601783752, 0.5410000085830688), (-0.14973664283752441, 0.12947821617126465, 0.5414782762527466), (-0.1210000067949295, 0.10100000351667404, 0.008000016212463379), (-0.12000000476837158, 0.10100000351667404, 0.009000003337860107), (-0.1210000067949295, 0.10000000149011612, 0.009000003337860107), (-0.12050066143274307, 0.10100000351667404, 0.00813359022140503), (-0.1210000067949295, 0.10050065815448761, 0.00813359022140503), (-0.12052179872989655, 0.10052178800106049, 0.008263349533081055), (-0.12013360112905502, 0.10050065815448761, 0.00899997353553772), (-0.12013360112905502, 0.10100000351667404, 0.008500635623931885), (-0.12026337534189224, 0.10052178800106049, 0.00852176547050476), (-0.1210000067949295, 0.10013359785079956, 0.008500635623931885), (-0.12050066143274307, 0.10013359785079956, 0.00899997353553772), (-0.12052179872989655, 0.10026337206363678, 0.00852176547050476), (-0.1210000067949295, 0.10100000351667404, 0.5419999957084656), (-0.1210000067949295, 0.10000000149011612, 0.5410000085830688), (-0.12000000476837158, 0.10100000351667404, 0.5410000085830688), (-0.1210000067949295, 0.10050065815448761, 0.5418664216995239), (-0.12050066143274307, 0.10100000351667404, 0.5418664216995239), (-0.12052179872989655, 0.10052178800106049, 0.5417366623878479), (-0.12050066143274307, 0.10013359785079956, 0.5410000085830688), (-0.1210000067949295, 0.10013359785079956, 0.5414993762969971), (-0.12052179872989655, 0.10026337206363678, 0.5414782762527466), (-0.12013360112905502, 0.10100000351667404, 0.5414993762969971), (-0.12013360112905502, 0.10050065815448761, 0.5410000085830688), (-0.12026337534189224, 0.10052178800106049, 0.5414782762527466), (-0.1210000067949295, 0.1290000081062317, 0.008000016212463379), (-0.1210000067949295, 0.12999999523162842, 0.009000003337860107), (-0.12000000476837158, 0.1290000081062317, 0.009000003337860107), (-0.1210000067949295, 0.12949934601783752, 0.00813359022140503), (-0.12050066143274307, 0.1290000081062317, 0.00813359022140503), (-0.12052179872989655, 0.12947821617126465, 0.008263349533081055), (-0.12050066143274307, 0.12986640632152557, 0.00899997353553772), (-0.1210000067949295, 0.12986640632152557, 0.008500635623931885), (-0.12052179872989655, 0.12973663210868835, 0.00852176547050476), (-0.12013360112905502, 0.1290000081062317, 0.008500635623931885), (-0.12013360112905502, 0.12949934601783752, 0.00899997353553772), (-0.12026337534189224, 0.12947821617126465, 0.00852176547050476), (-0.1210000067949295, 0.1290000081062317, 0.5419999957084656), (-0.12000000476837158, 0.1290000081062317, 0.5410000085830688), (-0.1210000067949295, 0.12999999523162842, 0.5410000085830688), (-0.12050066143274307, 0.1290000081062317, 0.5418664216995239), (-0.1210000067949295, 0.12949934601783752, 0.5418664216995239), (-0.12052179872989655, 0.12947821617126465, 0.5417366623878479), (-0.12013360112905502, 0.12949934601783752, 0.5410000085830688), (-0.12013360112905502, 0.1290000081062317, 0.5414993762969971), (-0.12026337534189224, 0.12947821617126465, 0.5414782762527466), (-0.1210000067949295, 0.12986640632152557, 0.5414993762969971), (-0.12050066143274307, 0.12986640632152557, 0.5410000085830688), (-0.12052179872989655, 0.12973663210868835, 0.5414782762527466)]
int[] faceVertexCounts = [4, 4, 4, 4, 4, 4, 4, 4, 4, 4, 4, 3, 4, 4, 4, 4, 4, 4, 3, 4, 4, 4, 4, 4, 4, 3, 4, 4, 4, 4, 4, 4, 3, 4, 4, 4, 4, 4, 4, 3, 4, 4, 4, 4, 4, 4, 3, 4, 4, 4, 4, 4, 4, 3, 4, 4, 4, 4, 4, 4, 3, 4, 4, 4, 4, 4, 4, 4, 4, 4, 4, 4, 4, 4, 4, 4, 4, 4, 4, 4, 4, 4, 4, 4, 4, 4, 4, 4, 4, 4, 4, 4, 4, 4, 4, 4, 4, 4]
int[] faceVertexIndices = [50, 61, 12, 1, 74, 85, 62, 49, 84, 36, 13, 60, 2, 14, 38, 25, 26, 37, 86, 73, 0, 3, 5, 4, 3, 7, 8, 5, 1, 6, 8, 7, 6, 10, 11, 8, 2, 9, 11, 10, 9, 4, 5, 11, 5, 8, 11, 12, 15, 17, 16, 15, 19, 20, 17, 13, 18, 20, 19, 18, 22, 23, 20, 14, 21, 23, 22, 21, 16, 17, 23, 17, 20, 23, 24, 27, 29, 28, 27, 31, 32, 29, 25, 30, 32, 31, 30, 34, 35, 32, 26, 33, 35, 34, 33, 28, 29, 35, 29, 32, 35, 36, 39, 41, 40, 39, 43, 44, 41, 37, 42, 44, 43, 42, 46, 47, 44, 38, 45, 47, 46, 45, 40, 41, 47, 41, 44, 47, 48, 51, 53, 52, 51, 55, 56, 53, 49, 54, 56, 55, 54, 58, 59, 56, 50, 57, 59, 58, 57, 52, 53, 59, 53, 56, 59, 60, 63, 65, 64, 63, 67, 68, 65, 61, 66, 68, 67, 66, 70, 71, 68, 62, 69, 71, 70, 69, 64, 65, 71, 65, 68, 71, 72, 75, 77, 76, 75, 79, 80, 77, 73, 78, 80, 79, 78, 82, 83, 80, 74, 81, 83, 82, 81, 76, 77, 83, 77, 80, 83, 84, 87, 89, 88, 87, 91, 92, 89, 85, 90, 92, 91, 90, 94, 95, 92, 86, 93, 95, 94, 93, 88, 89, 95, 89, 92, 95, 24, 0, 4, 27, 27, 4, 9, 31, 31, 9, 2, 25, 1, 12, 16, 6, 6, 16, 21, 10, 10, 21, 14, 2, 13, 36, 40, 18, 18, 40, 45, 22, 22, 45, 38, 14, 37, 26, 34, 42, 42, 34, 30, 46, 46, 30, 25, 38, 72, 24, 28, 75, 75, 28, 33, 79, 79, 33, 26, 73, 36, 84, 88, 39, 39, 88, 93, 43, 43, 93, 86, 37, 85, 74, 82, 90, 90, 82, 78, 94, 94, 78, 73, 86, 48, 72, 76, 51, 51, 76, 81, 55, 55, 81, 74, 49, 84, 60, 64, 87, 87, 64, 69, 91, 91, 69, 62, 85, 61, 50, 58, 66, 66, 58, 54, 70, 70, 54, 49, 62, 0, 48, 52, 3, 3, 52, 57, 7, 7, 57, 50, 1, 60, 13, 19, 63, 63, 19, 15, 67, 67, 15, 12, 61, 24, 72, 48, 0]
uniform token subdivisionScheme = "none"
rel material:binding = </Component/Looks/Anodized_aluminum>
}
def Mesh "T_slot_004" (prepend apiSchemas = ["MaterialBindingAPI"]) {
point3f[] points = [(-0.13770000636577606, 0.0997999981045723, 0.02000001072883606), (-0.13770000636577606, 0.09950000047683716, 0.0203000009059906), (-0.1380000114440918, 0.0997999981045723, 0.0203000009059906), (-0.13770000636577606, 0.09965019673109055, 0.02004009485244751), (-0.1378498077392578, 0.0997999981045723, 0.02004009485244751), (-0.13784347474575043, 0.09965653717517853, 0.02007901668548584), (-0.1378498077392578, 0.09954007714986801, 0.0203000009059906), (-0.13770000636577606, 0.09954007714986801, 0.020150214433670044), (-0.13784347474575043, 0.09957900643348694, 0.020156532526016235), (-0.13795992732048035, 0.0997999981045723, 0.020150214433670044), (-0.13795992732048035, 0.09965019673109055, 0.0203000009059906), (-0.13792099058628082, 0.09965653717517853, 0.020156532526016235), (-0.13770000636577606, 0.09950000047683716, 0.5297000408172607), (-0.13770000636577606, 0.0997999981045723, 0.5299999713897705), (-0.1380000114440918, 0.0997999981045723, 0.5297000408172607), (-0.13770000636577606, 0.09954007714986801, 0.5298497676849365), (-0.1378498077392578, 0.09954007714986801, 0.5297000408172607), (-0.13784347474575043, 0.09957900643348694, 0.5298434495925903), (-0.1378498077392578, 0.0997999981045723, 0.5299599170684814), (-0.13770000636577606, 0.09965019673109055, 0.5299599170684814), (-0.13784347474575043, 0.09965653717517853, 0.5299209952354431), (-0.13795992732048035, 0.09965019673109055, 0.5297000408172607), (-0.13795992732048035, 0.0997999981045723, 0.5298497676849365), (-0.13792099058628082, 0.09965653717517853, 0.5298434495925903), (-0.13770000636577606, 0.10000000149011612, 0.02000001072883606), (-0.1380000114440918, 0.10000000149011612, 0.0203000009059906), (-0.13770000636577606, 0.10029999911785126, 0.0203000009059906), (-0.1378498077392578, 0.10000000149011612, 0.02004009485244751), (-0.13770000636577606, 0.10014980286359787, 0.02004009485244751), (-0.13784347474575043, 0.10014346241950989, 0.02007901668548584), (-0.13795992732048035, 0.10014980286359787, 0.0203000009059906), (-0.13795992732048035, 0.10000000149011612, 0.020150214433670044), (-0.13792099058628082, 0.10014346241950989, 0.020156532526016235), (-0.13770000636577606, 0.1002599224448204, 0.020150214433670044), (-0.1378498077392578, 0.1002599224448204, 0.0203000009059906), (-0.13784347474575043, 0.10022099316120148, 0.020156532526016235), (-0.13770000636577606, 0.10000000149011612, 0.5299999713897705), (-0.13770000636577606, 0.10029999911785126, 0.5297000408172607), (-0.1380000114440918, 0.10000000149011612, 0.5297000408172607), (-0.13770000636577606, 0.10014980286359787, 0.5299599170684814), (-0.1378498077392578, 0.10000000149011612, 0.5299599170684814), (-0.13784347474575043, 0.10014346241950989, 0.5299209952354431), (-0.1378498077392578, 0.1002599224448204, 0.5297000408172607), (-0.13770000636577606, 0.1002599224448204, 0.5298497676849365), (-0.13784347474575043, 0.10022099316120148, 0.5298434495925903), (-0.13795992732048035, 0.10000000149011612, 0.5298497676849365), (-0.13795992732048035, 0.10014980286359787, 0.5297000408172607), (-0.13792099058628082, 0.10014346241950989, 0.5298434495925903), (-0.13230000436306, 0.0997999981045723, 0.02000001072883606), (-0.13199999928474426, 0.0997999981045723, 0.0203000009059906), (-0.13230000436306, 0.09950000047683716, 0.0203000009059906), (-0.13215020298957825, 0.0997999981045723, 0.02004009485244751), (-0.13230000436306, 0.09965019673109055, 0.02004009485244751), (-0.13215653598308563, 0.09965653717517853, 0.02007901668548584), (-0.1320400834083557, 0.09965019673109055, 0.0203000009059906), (-0.1320400834083557, 0.0997999981045723, 0.020150214433670044), (-0.13207902014255524, 0.09965653717517853, 0.020156532526016235), (-0.13230000436306, 0.09954007714986801, 0.020150214433670044), (-0.13215020298957825, 0.09954007714986801, 0.0203000009059906), (-0.13215653598308563, 0.09957900643348694, 0.020156532526016235), (-0.13230000436306, 0.0997999981045723, 0.5299999713897705), (-0.13230000436306, 0.09950000047683716, 0.5297000408172607), (-0.13199999928474426, 0.0997999981045723, 0.5297000408172607), (-0.13230000436306, 0.09965019673109055, 0.5299599170684814), (-0.13215020298957825, 0.0997999981045723, 0.5299599170684814), (-0.13215653598308563, 0.09965653717517853, 0.5299209952354431), (-0.13215020298957825, 0.09954007714986801, 0.5297000408172607), (-0.13230000436306, 0.09954007714986801, 0.5298497676849365), (-0.13215653598308563, 0.09957900643348694, 0.5298434495925903), (-0.1320400834083557, 0.0997999981045723, 0.5298497676849365), (-0.1320400834083557, 0.09965019673109055, 0.5297000408172607), (-0.13207902014255524, 0.09965653717517853, 0.5298434495925903), (-0.13230000436306, 0.10000000149011612, 0.02000001072883606), (-0.13230000436306, 0.10029999911785126, 0.0203000009059906), (-0.13199999928474426, 0.10000000149011612, 0.0203000009059906), (-0.13230000436306, 0.10014980286359787, 0.02004009485244751), (-0.13215020298957825, 0.10000000149011612, 0.02004009485244751), (-0.13215653598308563, 0.10014346241950989, 0.02007901668548584), (-0.13215020298957825, 0.1002599224448204, 0.0203000009059906), (-0.13230000436306, 0.1002599224448204, 0.020150214433670044), (-0.13215653598308563, 0.10022099316120148, 0.020156532526016235), (-0.1320400834083557, 0.10000000149011612, 0.020150214433670044), (-0.1320400834083557, 0.10014980286359787, 0.0203000009059906), (-0.13207902014255524, 0.10014346241950989, 0.020156532526016235), (-0.13230000436306, 0.10000000149011612, 0.5299999713897705), (-0.13199999928474426, 0.10000000149011612, 0.5297000408172607), (-0.13230000436306, 0.10029999911785126, 0.5297000408172607), (-0.13215020298957825, 0.10000000149011612, 0.5299599170684814), (-0.13230000436306, 0.10014980286359787, 0.5299599170684814), (-0.13215653598308563, 0.10014346241950989, 0.5299209952354431), (-0.1320400834083557, 0.10014980286359787, 0.5297000408172607), (-0.1320400834083557, 0.10000000149011612, 0.5298497676849365), (-0.13207902014255524, 0.10014346241950989, 0.5298434495925903), (-0.13230000436306, 0.1002599224448204, 0.5298497676849365), (-0.13215020298957825, 0.1002599224448204, 0.5297000408172607), (-0.13215653598308563, 0.10022099316120148, 0.5298434495925903)]
int[] faceVertexCounts = [4, 4, 4, 4, 4, 4, 4, 4, 4, 4, 4, 3, 4, 4, 4, 4, 4, 4, 3, 4, 4, 4, 4, 4, 4, 3, 4, 4, 4, 4, 4, 4, 3, 4, 4, 4, 4, 4, 4, 3, 4, 4, 4, 4, 4, 4, 3, 4, 4, 4, 4, 4, 4, 3, 4, 4, 4, 4, 4, 4, 3, 4, 4, 4, 4, 4, 4, 4, 4, 4, 4, 4, 4, 4, 4, 4, 4, 4, 4, 4, 4, 4, 4, 4, 4, 4, 4, 4, 4, 4, 4, 4, 4, 4, 4, 4, 4, 4]
int[] faceVertexIndices = [50, 61, 12, 1, 74, 85, 62, 49, 84, 36, 13, 60, 2, 14, 38, 25, 26, 37, 86, 73, 0, 3, 5, 4, 3, 7, 8, 5, 1, 6, 8, 7, 6, 10, 11, 8, 2, 9, 11, 10, 9, 4, 5, 11, 5, 8, 11, 12, 15, 17, 16, 15, 19, 20, 17, 13, 18, 20, 19, 18, 22, 23, 20, 14, 21, 23, 22, 21, 16, 17, 23, 17, 20, 23, 24, 27, 29, 28, 27, 31, 32, 29, 25, 30, 32, 31, 30, 34, 35, 32, 26, 33, 35, 34, 33, 28, 29, 35, 29, 32, 35, 36, 39, 41, 40, 39, 43, 44, 41, 37, 42, 44, 43, 42, 46, 47, 44, 38, 45, 47, 46, 45, 40, 41, 47, 41, 44, 47, 48, 51, 53, 52, 51, 55, 56, 53, 49, 54, 56, 55, 54, 58, 59, 56, 50, 57, 59, 58, 57, 52, 53, 59, 53, 56, 59, 60, 63, 65, 64, 63, 67, 68, 65, 61, 66, 68, 67, 66, 70, 71, 68, 62, 69, 71, 70, 69, 64, 65, 71, 65, 68, 71, 72, 75, 77, 76, 75, 79, 80, 77, 73, 78, 80, 79, 78, 82, 83, 80, 74, 81, 83, 82, 81, 76, 77, 83, 77, 80, 83, 84, 87, 89, 88, 87, 91, 92, 89, 85, 90, 92, 91, 90, 94, 95, 92, 86, 93, 95, 94, 93, 88, 89, 95, 89, 92, 95, 24, 0, 4, 27, 27, 4, 9, 31, 31, 9, 2, 25, 1, 12, 16, 6, 6, 16, 21, 10, 10, 21, 14, 2, 13, 36, 40, 18, 18, 40, 45, 22, 22, 45, 38, 14, 37, 26, 34, 42, 42, 34, 30, 46, 46, 30, 25, 38, 72, 24, 28, 75, 75, 28, 33, 79, 79, 33, 26, 73, 36, 84, 88, 39, 39, 88, 93, 43, 43, 93, 86, 37, 85, 74, 82, 90, 90, 82, 78, 94, 94, 78, 73, 86, 48, 72, 76, 51, 51, 76, 81, 55, 55, 81, 74, 49, 84, 60, 64, 87, 87, 64, 69, 91, 91, 69, 62, 85, 61, 50, 58, 66, 66, 58, 54, 70, 70, 54, 49, 62, 0, 48, 52, 3, 3, 52, 57, 7, 7, 57, 50, 1, 60, 13, 19, 63, 63, 19, 15, 67, 67, 15, 12, 61, 24, 72, 48, 0]
uniform token subdivisionScheme = "none"
rel material:binding = </Component/Looks/Slot_and_fastener>
}
def Mesh "T_slot_005" (prepend apiSchemas = ["MaterialBindingAPI"]) {
point3f[] points = [(-0.1501999944448471, 0.11230000108480453, 0.02000001072883606), (-0.1501999944448471, 0.1120000034570694, 0.0203000009059906), (-0.15049999952316284, 0.11230000108480453, 0.0203000009059906), (-0.1501999944448471, 0.11215019971132278, 0.02004009485244751), (-0.15034979581832886, 0.11230000108480453, 0.02004009485244751), (-0.15034346282482147, 0.11215654015541077, 0.02007901668548584), (-0.15034979581832886, 0.11204008013010025, 0.0203000009059906), (-0.1501999944448471, 0.11204008013010025, 0.020150214433670044), (-0.15034346282482147, 0.11207900941371918, 0.020156532526016235), (-0.1504599153995514, 0.11230000108480453, 0.020150214433670044), (-0.1504599153995514, 0.11215019971132278, 0.0203000009059906), (-0.15042097866535187, 0.11215654015541077, 0.020156532526016235), (-0.1501999944448471, 0.1120000034570694, 0.5297000408172607), (-0.1501999944448471, 0.11230000108480453, 0.5299999713897705), (-0.15049999952316284, 0.11230000108480453, 0.5297000408172607), (-0.1501999944448471, 0.11204008013010025, 0.5298497676849365), (-0.15034979581832886, 0.11204008013010025, 0.5297000408172607), (-0.15034346282482147, 0.11207900941371918, 0.5298434495925903), (-0.15034979581832886, 0.11230000108480453, 0.5299599170684814), (-0.1501999944448471, 0.11215019971132278, 0.5299599170684814), (-0.15034346282482147, 0.11215654015541077, 0.5299209952354431), (-0.1504599153995514, 0.11215019971132278, 0.5297000408172607), (-0.1504599153995514, 0.11230000108480453, 0.5298497676849365), (-0.15042097866535187, 0.11215654015541077, 0.5298434495925903), (-0.1501999944448471, 0.1177000030875206, 0.02000001072883606), (-0.15049999952316284, 0.1177000030875206, 0.0203000009059906), (-0.1501999944448471, 0.11800000071525574, 0.0203000009059906), (-0.15034979581832886, 0.1177000030875206, 0.02004009485244751), (-0.1501999944448471, 0.11784980446100235, 0.02004009485244751), (-0.15034346282482147, 0.11784346401691437, 0.02007901668548584), (-0.1504599153995514, 0.11784980446100235, 0.0203000009059906), (-0.1504599153995514, 0.1177000030875206, 0.020150214433670044), (-0.15042097866535187, 0.11784346401691437, 0.020156532526016235), (-0.1501999944448471, 0.11795992404222488, 0.020150214433670044), (-0.15034979581832886, 0.11795992404222488, 0.0203000009059906), (-0.15034346282482147, 0.11792099475860596, 0.020156532526016235), (-0.1501999944448471, 0.1177000030875206, 0.5299999713897705), (-0.1501999944448471, 0.11800000071525574, 0.5297000408172607), (-0.15049999952316284, 0.1177000030875206, 0.5297000408172607), (-0.1501999944448471, 0.11784980446100235, 0.5299599170684814), (-0.15034979581832886, 0.1177000030875206, 0.5299599170684814), (-0.15034346282482147, 0.11784346401691437, 0.5299209952354431), (-0.15034979581832886, 0.11795992404222488, 0.5297000408172607), (-0.1501999944448471, 0.11795992404222488, 0.5298497676849365), (-0.15034346282482147, 0.11792099475860596, 0.5298434495925903), (-0.1504599153995514, 0.1177000030875206, 0.5298497676849365), (-0.1504599153995514, 0.11784980446100235, 0.5297000408172607), (-0.15042097866535187, 0.11784346401691437, 0.5298434495925903), (-0.14999999105930328, 0.11230000108480453, 0.02000001072883606), (-0.14969998598098755, 0.11230000108480453, 0.0203000009059906), (-0.14999999105930328, 0.1120000034570694, 0.0203000009059906), (-0.14985018968582153, 0.11230000108480453, 0.02004009485244751), (-0.14999999105930328, 0.11215019971132278, 0.02004009485244751), (-0.14985652267932892, 0.11215654015541077, 0.02007901668548584), (-0.149740070104599, 0.11215019971132278, 0.0203000009059906), (-0.149740070104599, 0.11230000108480453, 0.020150214433670044), (-0.14977900683879852, 0.11215654015541077, 0.020156532526016235), (-0.14999999105930328, 0.11204008013010025, 0.020150214433670044), (-0.14985018968582153, 0.11204008013010025, 0.0203000009059906), (-0.14985652267932892, 0.11207900941371918, 0.020156532526016235), (-0.14999999105930328, 0.11230000108480453, 0.5299999713897705), (-0.14999999105930328, 0.1120000034570694, 0.5297000408172607), (-0.14969998598098755, 0.11230000108480453, 0.5297000408172607), (-0.14999999105930328, 0.11215019971132278, 0.5299599170684814), (-0.14985018968582153, 0.11230000108480453, 0.5299599170684814), (-0.14985652267932892, 0.11215654015541077, 0.5299209952354431), (-0.14985018968582153, 0.11204008013010025, 0.5297000408172607), (-0.14999999105930328, 0.11204008013010025, 0.5298497676849365), (-0.14985652267932892, 0.11207900941371918, 0.5298434495925903), (-0.149740070104599, 0.11230000108480453, 0.5298497676849365), (-0.149740070104599, 0.11215019971132278, 0.5297000408172607), (-0.14977900683879852, 0.11215654015541077, 0.5298434495925903), (-0.14999999105930328, 0.1177000030875206, 0.02000001072883606), (-0.14999999105930328, 0.11800000071525574, 0.0203000009059906), (-0.14969998598098755, 0.1177000030875206, 0.0203000009059906), (-0.14999999105930328, 0.11784980446100235, 0.02004009485244751), (-0.14985018968582153, 0.1177000030875206, 0.02004009485244751), (-0.14985652267932892, 0.11784346401691437, 0.02007901668548584), (-0.14985018968582153, 0.11795992404222488, 0.0203000009059906), (-0.14999999105930328, 0.11795992404222488, 0.020150214433670044), (-0.14985652267932892, 0.11792099475860596, 0.020156532526016235), (-0.149740070104599, 0.1177000030875206, 0.020150214433670044), (-0.149740070104599, 0.11784980446100235, 0.0203000009059906), (-0.14977900683879852, 0.11784346401691437, 0.020156532526016235), (-0.14999999105930328, 0.1177000030875206, 0.5299999713897705), (-0.14969998598098755, 0.1177000030875206, 0.5297000408172607), (-0.14999999105930328, 0.11800000071525574, 0.5297000408172607), (-0.14985018968582153, 0.1177000030875206, 0.5299599170684814), (-0.14999999105930328, 0.11784980446100235, 0.5299599170684814), (-0.14985652267932892, 0.11784346401691437, 0.5299209952354431), (-0.149740070104599, 0.11784980446100235, 0.5297000408172607), (-0.149740070104599, 0.1177000030875206, 0.5298497676849365), (-0.14977900683879852, 0.11784346401691437, 0.5298434495925903), (-0.14999999105930328, 0.11795992404222488, 0.5298497676849365), (-0.14985018968582153, 0.11795992404222488, 0.5297000408172607), (-0.14985652267932892, 0.11792099475860596, 0.5298434495925903)]
int[] faceVertexCounts = [4, 4, 4, 4, 4, 4, 4, 4, 4, 4, 4, 3, 4, 4, 4, 4, 4, 4, 3, 4, 4, 4, 4, 4, 4, 3, 4, 4, 4, 4, 4, 4, 3, 4, 4, 4, 4, 4, 4, 3, 4, 4, 4, 4, 4, 4, 3, 4, 4, 4, 4, 4, 4, 3, 4, 4, 4, 4, 4, 4, 3, 4, 4, 4, 4, 4, 4, 4, 4, 4, 4, 4, 4, 4, 4, 4, 4, 4, 4, 4, 4, 4, 4, 4, 4, 4, 4, 4, 4, 4, 4, 4, 4, 4, 4, 4, 4, 4]
int[] faceVertexIndices = [50, 61, 12, 1, 74, 85, 62, 49, 84, 36, 13, 60, 2, 14, 38, 25, 26, 37, 86, 73, 0, 3, 5, 4, 3, 7, 8, 5, 1, 6, 8, 7, 6, 10, 11, 8, 2, 9, 11, 10, 9, 4, 5, 11, 5, 8, 11, 12, 15, 17, 16, 15, 19, 20, 17, 13, 18, 20, 19, 18, 22, 23, 20, 14, 21, 23, 22, 21, 16, 17, 23, 17, 20, 23, 24, 27, 29, 28, 27, 31, 32, 29, 25, 30, 32, 31, 30, 34, 35, 32, 26, 33, 35, 34, 33, 28, 29, 35, 29, 32, 35, 36, 39, 41, 40, 39, 43, 44, 41, 37, 42, 44, 43, 42, 46, 47, 44, 38, 45, 47, 46, 45, 40, 41, 47, 41, 44, 47, 48, 51, 53, 52, 51, 55, 56, 53, 49, 54, 56, 55, 54, 58, 59, 56, 50, 57, 59, 58, 57, 52, 53, 59, 53, 56, 59, 60, 63, 65, 64, 63, 67, 68, 65, 61, 66, 68, 67, 66, 70, 71, 68, 62, 69, 71, 70, 69, 64, 65, 71, 65, 68, 71, 72, 75, 77, 76, 75, 79, 80, 77, 73, 78, 80, 79, 78, 82, 83, 80, 74, 81, 83, 82, 81, 76, 77, 83, 77, 80, 83, 84, 87, 89, 88, 87, 91, 92, 89, 85, 90, 92, 91, 90, 94, 95, 92, 86, 93, 95, 94, 93, 88, 89, 95, 89, 92, 95, 24, 0, 4, 27, 27, 4, 9, 31, 31, 9, 2, 25, 1, 12, 16, 6, 6, 16, 21, 10, 10, 21, 14, 2, 13, 36, 40, 18, 18, 40, 45, 22, 22, 45, 38, 14, 37, 26, 34, 42, 42, 34, 30, 46, 46, 30, 25, 38, 72, 24, 28, 75, 75, 28, 33, 79, 79, 33, 26, 73, 36, 84, 88, 39, 39, 88, 93, 43, 43, 93, 86, 37, 85, 74, 82, 90, 90, 82, 78, 94, 94, 78, 73, 86, 48, 72, 76, 51, 51, 76, 81, 55, 55, 81, 74, 49, 84, 60, 64, 87, 87, 64, 69, 91, 91, 69, 62, 85, 61, 50, 58, 66, 66, 58, 54, 70, 70, 54, 49, 62, 0, 48, 52, 3, 3, 52, 57, 7, 7, 57, 50, 1, 60, 13, 19, 63, 63, 19, 15, 67, 67, 15, 12, 61, 24, 72, 48, 0]
uniform token subdivisionScheme = "none"
rel material:binding = </Component/Looks/Slot_and_fastener>
}
def Mesh "T_slot_006" (prepend apiSchemas = ["MaterialBindingAPI"]) {
point3f[] points = [(-0.13770000636577606, 0.12999999523162842, 0.02000001072883606), (-0.13770000636577606, 0.12969999015331268, 0.0203000009059906), (-0.1380000114440918, 0.12999999523162842, 0.0203000009059906), (-0.13770000636577606, 0.12985019385814667, 0.02004009485244751), (-0.1378498077392578, 0.12999999523162842, 0.02004009485244751), (-0.13784347474575043, 0.12985652685165405, 0.02007901668548584), (-0.1378498077392578, 0.12974007427692413, 0.0203000009059906), (-0.13770000636577606, 0.12974007427692413, 0.020150214433670044), (-0.13784347474575043, 0.12977901101112366, 0.020156532526016235), (-0.13795992732048035, 0.12999999523162842, 0.020150214433670044), (-0.13795992732048035, 0.12985019385814667, 0.0203000009059906), (-0.13792099058628082, 0.12985652685165405, 0.020156532526016235), (-0.13770000636577606, 0.12969999015331268, 0.5297000408172607), (-0.13770000636577606, 0.12999999523162842, 0.5299999713897705), (-0.1380000114440918, 0.12999999523162842, 0.5297000408172607), (-0.13770000636577606, 0.12974007427692413, 0.5298497676849365), (-0.1378498077392578, 0.12974007427692413, 0.5297000408172607), (-0.13784347474575043, 0.12977901101112366, 0.5298434495925903), (-0.1378498077392578, 0.12999999523162842, 0.5299599170684814), (-0.13770000636577606, 0.12985019385814667, 0.5299599170684814), (-0.13784347474575043, 0.12985652685165405, 0.5299209952354431), (-0.13795992732048035, 0.12985019385814667, 0.5297000408172607), (-0.13795992732048035, 0.12999999523162842, 0.5298497676849365), (-0.13792099058628082, 0.12985652685165405, 0.5298434495925903), (-0.13770000636577606, 0.13019999861717224, 0.02000001072883606), (-0.1380000114440918, 0.13019999861717224, 0.0203000009059906), (-0.13770000636577606, 0.13050000369548798, 0.0203000009059906), (-0.1378498077392578, 0.13019999861717224, 0.02004009485244751), (-0.13770000636577606, 0.130349799990654, 0.02004009485244751), (-0.13784347474575043, 0.1303434669971466, 0.02007901668548584), (-0.13795992732048035, 0.130349799990654, 0.0203000009059906), (-0.13795992732048035, 0.13019999861717224, 0.020150214433670044), (-0.13792099058628082, 0.1303434669971466, 0.020156532526016235), (-0.13770000636577606, 0.13045991957187653, 0.020150214433670044), (-0.1378498077392578, 0.13045991957187653, 0.0203000009059906), (-0.13784347474575043, 0.130420982837677, 0.020156532526016235), (-0.13770000636577606, 0.13019999861717224, 0.5299999713897705), (-0.13770000636577606, 0.13050000369548798, 0.5297000408172607), (-0.1380000114440918, 0.13019999861717224, 0.5297000408172607), (-0.13770000636577606, 0.130349799990654, 0.5299599170684814), (-0.1378498077392578, 0.13019999861717224, 0.5299599170684814), (-0.13784347474575043, 0.1303434669971466, 0.5299209952354431), (-0.1378498077392578, 0.13045991957187653, 0.5297000408172607), (-0.13770000636577606, 0.13045991957187653, 0.5298497676849365), (-0.13784347474575043, 0.130420982837677, 0.5298434495925903), (-0.13795992732048035, 0.13019999861717224, 0.5298497676849365), (-0.13795992732048035, 0.130349799990654, 0.5297000408172607), (-0.13792099058628082, 0.1303434669971466, 0.5298434495925903), (-0.13230000436306, 0.12999999523162842, 0.02000001072883606), (-0.13199999928474426, 0.12999999523162842, 0.0203000009059906), (-0.13230000436306, 0.12969999015331268, 0.0203000009059906), (-0.13215020298957825, 0.12999999523162842, 0.02004009485244751), (-0.13230000436306, 0.12985019385814667, 0.02004009485244751), (-0.13215653598308563, 0.12985652685165405, 0.02007901668548584), (-0.1320400834083557, 0.12985019385814667, 0.0203000009059906), (-0.1320400834083557, 0.12999999523162842, 0.020150214433670044), (-0.13207902014255524, 0.12985652685165405, 0.020156532526016235), (-0.13230000436306, 0.12974007427692413, 0.020150214433670044), (-0.13215020298957825, 0.12974007427692413, 0.0203000009059906), (-0.13215653598308563, 0.12977901101112366, 0.020156532526016235), (-0.13230000436306, 0.12999999523162842, 0.5299999713897705), (-0.13230000436306, 0.12969999015331268, 0.5297000408172607), (-0.13199999928474426, 0.12999999523162842, 0.5297000408172607), (-0.13230000436306, 0.12985019385814667, 0.5299599170684814), (-0.13215020298957825, 0.12999999523162842, 0.5299599170684814), (-0.13215653598308563, 0.12985652685165405, 0.5299209952354431), (-0.13215020298957825, 0.12974007427692413, 0.5297000408172607), (-0.13230000436306, 0.12974007427692413, 0.5298497676849365), (-0.13215653598308563, 0.12977901101112366, 0.5298434495925903), (-0.1320400834083557, 0.12999999523162842, 0.5298497676849365), (-0.1320400834083557, 0.12985019385814667, 0.5297000408172607), (-0.13207902014255524, 0.12985652685165405, 0.5298434495925903), (-0.13230000436306, 0.13019999861717224, 0.02000001072883606), (-0.13230000436306, 0.13050000369548798, 0.0203000009059906), (-0.13199999928474426, 0.13019999861717224, 0.0203000009059906), (-0.13230000436306, 0.130349799990654, 0.02004009485244751), (-0.13215020298957825, 0.13019999861717224, 0.02004009485244751), (-0.13215653598308563, 0.1303434669971466, 0.02007901668548584), (-0.13215020298957825, 0.13045991957187653, 0.0203000009059906), (-0.13230000436306, 0.13045991957187653, 0.020150214433670044), (-0.13215653598308563, 0.130420982837677, 0.020156532526016235), (-0.1320400834083557, 0.13019999861717224, 0.020150214433670044), (-0.1320400834083557, 0.130349799990654, 0.0203000009059906), (-0.13207902014255524, 0.1303434669971466, 0.020156532526016235), (-0.13230000436306, 0.13019999861717224, 0.5299999713897705), (-0.13199999928474426, 0.13019999861717224, 0.5297000408172607), (-0.13230000436306, 0.13050000369548798, 0.5297000408172607), (-0.13215020298957825, 0.13019999861717224, 0.5299599170684814), (-0.13230000436306, 0.130349799990654, 0.5299599170684814), (-0.13215653598308563, 0.1303434669971466, 0.5299209952354431), (-0.1320400834083557, 0.130349799990654, 0.5297000408172607), (-0.1320400834083557, 0.13019999861717224, 0.5298497676849365), (-0.13207902014255524, 0.1303434669971466, 0.5298434495925903), (-0.13230000436306, 0.13045991957187653, 0.5298497676849365), (-0.13215020298957825, 0.13045991957187653, 0.5297000408172607), (-0.13215653598308563, 0.130420982837677, 0.5298434495925903)]
int[] faceVertexCounts = [4, 4, 4, 4, 4, 4, 4, 4, 4, 4, 4, 3, 4, 4, 4, 4, 4, 4, 3, 4, 4, 4, 4, 4, 4, 3, 4, 4, 4, 4, 4, 4, 3, 4, 4, 4, 4, 4, 4, 3, 4, 4, 4, 4, 4, 4, 3, 4, 4, 4, 4, 4, 4, 3, 4, 4, 4, 4, 4, 4, 3, 4, 4, 4, 4, 4, 4, 4, 4, 4, 4, 4, 4, 4, 4, 4, 4, 4, 4, 4, 4, 4, 4, 4, 4, 4, 4, 4, 4, 4, 4, 4, 4, 4, 4, 4, 4, 4]
int[] faceVertexIndices = [50, 61, 12, 1, 74, 85, 62, 49, 84, 36, 13, 60, 2, 14, 38, 25, 26, 37, 86, 73, 0, 3, 5, 4, 3, 7, 8, 5, 1, 6, 8, 7, 6, 10, 11, 8, 2, 9, 11, 10, 9, 4, 5, 11, 5, 8, 11, 12, 15, 17, 16, 15, 19, 20, 17, 13, 18, 20, 19, 18, 22, 23, 20, 14, 21, 23, 22, 21, 16, 17, 23, 17, 20, 23, 24, 27, 29, 28, 27, 31, 32, 29, 25, 30, 32, 31, 30, 34, 35, 32, 26, 33, 35, 34, 33, 28, 29, 35, 29, 32, 35, 36, 39, 41, 40, 39, 43, 44, 41, 37, 42, 44, 43, 42, 46, 47, 44, 38, 45, 47, 46, 45, 40, 41, 47, 41, 44, 47, 48, 51, 53, 52, 51, 55, 56, 53, 49, 54, 56, 55, 54, 58, 59, 56, 50, 57, 59, 58, 57, 52, 53, 59, 53, 56, 59, 60, 63, 65, 64, 63, 67, 68, 65, 61, 66, 68, 67, 66, 70, 71, 68, 62, 69, 71, 70, 69, 64, 65, 71, 65, 68, 71, 72, 75, 77, 76, 75, 79, 80, 77, 73, 78, 80, 79, 78, 82, 83, 80, 74, 81, 83, 82, 81, 76, 77, 83, 77, 80, 83, 84, 87, 89, 88, 87, 91, 92, 89, 85, 90, 92, 91, 90, 94, 95, 92, 86, 93, 95, 94, 93, 88, 89, 95, 89, 92, 95, 24, 0, 4, 27, 27, 4, 9, 31, 31, 9, 2, 25, 1, 12, 16, 6, 6, 16, 21, 10, 10, 21, 14, 2, 13, 36, 40, 18, 18, 40, 45, 22, 22, 45, 38, 14, 37, 26, 34, 42, 42, 34, 30, 46, 46, 30, 25, 38, 72, 24, 28, 75, 75, 28, 33, 79, 79, 33, 26, 73, 36, 84, 88, 39, 39, 88, 93, 43, 43, 93, 86, 37, 85, 74, 82, 90, 90, 82, 78, 94, 94, 78, 73, 86, 48, 72, 76, 51, 51, 76, 81, 55, 55, 81, 74, 49, 84, 60, 64, 87, 87, 64, 69, 91, 91, 69, 62, 85, 61, 50, 58, 66, 66, 58, 54, 70, 70, 54, 49, 62, 0, 48, 52, 3, 3, 52, 57, 7, 7, 57, 50, 1, 60, 13, 19, 63, 63, 19, 15, 67, 67, 15, 12, 61, 24, 72, 48, 0]
uniform token subdivisionScheme = "none"
rel material:binding = </Component/Looks/Slot_and_fastener>
}
def Mesh "T_slot_007" (prepend apiSchemas = ["MaterialBindingAPI"]) {
point3f[] points = [(-0.12000000476837158, 0.11230000108480453, 0.02000001072883606), (-0.12000000476837158, 0.1120000034570694, 0.0203000009059906), (-0.12030000239610672, 0.11230000108480453, 0.0203000009059906), (-0.12000000476837158, 0.11215019971132278, 0.02004009485244751), (-0.12014980614185333, 0.11230000108480453, 0.02004009485244751), (-0.12014346569776535, 0.11215654015541077, 0.02007901668548584), (-0.12014980614185333, 0.11204008013010025, 0.0203000009059906), (-0.12000000476837158, 0.11204008013010025, 0.020150214433670044), (-0.12014346569776535, 0.11207900941371918, 0.020156532526016235), (-0.12025992572307587, 0.11230000108480453, 0.020150214433670044), (-0.12025992572307587, 0.11215019971132278, 0.0203000009059906), (-0.12022099643945694, 0.11215654015541077, 0.020156532526016235), (-0.12000000476837158, 0.1120000034570694, 0.5297000408172607), (-0.12000000476837158, 0.11230000108480453, 0.5299999713897705), (-0.12030000239610672, 0.11230000108480453, 0.5297000408172607), (-0.12000000476837158, 0.11204008013010025, 0.5298497676849365), (-0.12014980614185333, 0.11204008013010025, 0.5297000408172607), (-0.12014346569776535, 0.11207900941371918, 0.5298434495925903), (-0.12014980614185333, 0.11230000108480453, 0.5299599170684814), (-0.12000000476837158, 0.11215019971132278, 0.5299599170684814), (-0.12014346569776535, 0.11215654015541077, 0.5299209952354431), (-0.12025992572307587, 0.11215019971132278, 0.5297000408172607), (-0.12025992572307587, 0.11230000108480453, 0.5298497676849365), (-0.12022099643945694, 0.11215654015541077, 0.5298434495925903), (-0.12000000476837158, 0.1177000030875206, 0.02000001072883606), (-0.12030000239610672, 0.1177000030875206, 0.0203000009059906), (-0.12000000476837158, 0.11800000071525574, 0.0203000009059906), (-0.12014980614185333, 0.1177000030875206, 0.02004009485244751), (-0.12000000476837158, 0.11784980446100235, 0.02004009485244751), (-0.12014346569776535, 0.11784346401691437, 0.02007901668548584), (-0.12025992572307587, 0.11784980446100235, 0.0203000009059906), (-0.12025992572307587, 0.1177000030875206, 0.020150214433670044), (-0.12022099643945694, 0.11784346401691437, 0.020156532526016235), (-0.12000000476837158, 0.11795992404222488, 0.020150214433670044), (-0.12014980614185333, 0.11795992404222488, 0.0203000009059906), (-0.12014346569776535, 0.11792099475860596, 0.020156532526016235), (-0.12000000476837158, 0.1177000030875206, 0.5299999713897705), (-0.12000000476837158, 0.11800000071525574, 0.5297000408172607), (-0.12030000239610672, 0.1177000030875206, 0.5297000408172607), (-0.12000000476837158, 0.11784980446100235, 0.5299599170684814), (-0.12014980614185333, 0.1177000030875206, 0.5299599170684814), (-0.12014346569776535, 0.11784346401691437, 0.5299209952354431), (-0.12014980614185333, 0.11795992404222488, 0.5297000408172607), (-0.12000000476837158, 0.11795992404222488, 0.5298497676849365), (-0.12014346569776535, 0.11792099475860596, 0.5298434495925903), (-0.12025992572307587, 0.1177000030875206, 0.5298497676849365), (-0.12025992572307587, 0.11784980446100235, 0.5297000408172607), (-0.12022099643945694, 0.11784346401691437, 0.5298434495925903), (-0.11980000138282776, 0.11230000108480453, 0.02000001072883606), (-0.11950000375509262, 0.11230000108480453, 0.0203000009059906), (-0.11980000138282776, 0.1120000034570694, 0.0203000009059906), (-0.11965020000934601, 0.11230000108480453, 0.02004009485244751), (-0.11980000138282776, 0.11215019971132278, 0.02004009485244751), (-0.11965654045343399, 0.11215654015541077, 0.02007901668548584), (-0.11954008042812347, 0.11215019971132278, 0.0203000009059906), (-0.11954008042812347, 0.11230000108480453, 0.020150214433670044), (-0.1195790097117424, 0.11215654015541077, 0.020156532526016235), (-0.11980000138282776, 0.11204008013010025, 0.020150214433670044), (-0.11965020000934601, 0.11204008013010025, 0.0203000009059906), (-0.11965654045343399, 0.11207900941371918, 0.020156532526016235), (-0.11980000138282776, 0.11230000108480453, 0.5299999713897705), (-0.11980000138282776, 0.1120000034570694, 0.5297000408172607), (-0.11950000375509262, 0.11230000108480453, 0.5297000408172607), (-0.11980000138282776, 0.11215019971132278, 0.5299599170684814), (-0.11965020000934601, 0.11230000108480453, 0.5299599170684814), (-0.11965654045343399, 0.11215654015541077, 0.5299209952354431), (-0.11965020000934601, 0.11204008013010025, 0.5297000408172607), (-0.11980000138282776, 0.11204008013010025, 0.5298497676849365), (-0.11965654045343399, 0.11207900941371918, 0.5298434495925903), (-0.11954008042812347, 0.11230000108480453, 0.5298497676849365), (-0.11954008042812347, 0.11215019971132278, 0.5297000408172607), (-0.1195790097117424, 0.11215654015541077, 0.5298434495925903), (-0.11980000138282776, 0.1177000030875206, 0.02000001072883606), (-0.11980000138282776, 0.11800000071525574, 0.0203000009059906), (-0.11950000375509262, 0.1177000030875206, 0.0203000009059906), (-0.11980000138282776, 0.11784980446100235, 0.02004009485244751), (-0.11965020000934601, 0.1177000030875206, 0.02004009485244751), (-0.11965654045343399, 0.11784346401691437, 0.02007901668548584), (-0.11965020000934601, 0.11795992404222488, 0.0203000009059906), (-0.11980000138282776, 0.11795992404222488, 0.020150214433670044), (-0.11965654045343399, 0.11792099475860596, 0.020156532526016235), (-0.11954008042812347, 0.1177000030875206, 0.020150214433670044), (-0.11954008042812347, 0.11784980446100235, 0.0203000009059906), (-0.1195790097117424, 0.11784346401691437, 0.020156532526016235), (-0.11980000138282776, 0.1177000030875206, 0.5299999713897705), (-0.11950000375509262, 0.1177000030875206, 0.5297000408172607), (-0.11980000138282776, 0.11800000071525574, 0.5297000408172607), (-0.11965020000934601, 0.1177000030875206, 0.5299599170684814), (-0.11980000138282776, 0.11784980446100235, 0.5299599170684814), (-0.11965654045343399, 0.11784346401691437, 0.5299209952354431), (-0.11954008042812347, 0.11784980446100235, 0.5297000408172607), (-0.11954008042812347, 0.1177000030875206, 0.5298497676849365), (-0.1195790097117424, 0.11784346401691437, 0.5298434495925903), (-0.11980000138282776, 0.11795992404222488, 0.5298497676849365), (-0.11965020000934601, 0.11795992404222488, 0.5297000408172607), (-0.11965654045343399, 0.11792099475860596, 0.5298434495925903)]
int[] faceVertexCounts = [4, 4, 4, 4, 4, 4, 4, 4, 4, 4, 4, 3, 4, 4, 4, 4, 4, 4, 3, 4, 4, 4, 4, 4, 4, 3, 4, 4, 4, 4, 4, 4, 3, 4, 4, 4, 4, 4, 4, 3, 4, 4, 4, 4, 4, 4, 3, 4, 4, 4, 4, 4, 4, 3, 4, 4, 4, 4, 4, 4, 3, 4, 4, 4, 4, 4, 4, 4, 4, 4, 4, 4, 4, 4, 4, 4, 4, 4, 4, 4, 4, 4, 4, 4, 4, 4, 4, 4, 4, 4, 4, 4, 4, 4, 4, 4, 4, 4]
int[] faceVertexIndices = [50, 61, 12, 1, 74, 85, 62, 49, 84, 36, 13, 60, 2, 14, 38, 25, 26, 37, 86, 73, 0, 3, 5, 4, 3, 7, 8, 5, 1, 6, 8, 7, 6, 10, 11, 8, 2, 9, 11, 10, 9, 4, 5, 11, 5, 8, 11, 12, 15, 17, 16, 15, 19, 20, 17, 13, 18, 20, 19, 18, 22, 23, 20, 14, 21, 23, 22, 21, 16, 17, 23, 17, 20, 23, 24, 27, 29, 28, 27, 31, 32, 29, 25, 30, 32, 31, 30, 34, 35, 32, 26, 33, 35, 34, 33, 28, 29, 35, 29, 32, 35, 36, 39, 41, 40, 39, 43, 44, 41, 37, 42, 44, 43, 42, 46, 47, 44, 38, 45, 47, 46, 45, 40, 41, 47, 41, 44, 47, 48, 51, 53, 52, 51, 55, 56, 53, 49, 54, 56, 55, 54, 58, 59, 56, 50, 57, 59, 58, 57, 52, 53, 59, 53, 56, 59, 60, 63, 65, 64, 63, 67, 68, 65, 61, 66, 68, 67, 66, 70, 71, 68, 62, 69, 71, 70, 69, 64, 65, 71, 65, 68, 71, 72, 75, 77, 76, 75, 79, 80, 77, 73, 78, 80, 79, 78, 82, 83, 80, 74, 81, 83, 82, 81, 76, 77, 83, 77, 80, 83, 84, 87, 89, 88, 87, 91, 92, 89, 85, 90, 92, 91, 90, 94, 95, 92, 86, 93, 95, 94, 93, 88, 89, 95, 89, 92, 95, 24, 0, 4, 27, 27, 4, 9, 31, 31, 9, 2, 25, 1, 12, 16, 6, 6, 16, 21, 10, 10, 21, 14, 2, 13, 36, 40, 18, 18, 40, 45, 22, 22, 45, 38, 14, 37, 26, 34, 42, 42, 34, 30, 46, 46, 30, 25, 38, 72, 24, 28, 75, 75, 28, 33, 79, 79, 33, 26, 73, 36, 84, 88, 39, 39, 88, 93, 43, 43, 93, 86, 37, 85, 74, 82, 90, 90, 82, 78, 94, 94, 78, 73, 86, 48, 72, 76, 51, 51, 76, 81, 55, 55, 81, 74, 49, 84, 60, 64, 87, 87, 64, 69, 91, 91, 69, 62, 85, 61, 50, 58, 66, 66, 58, 54, 70, 70, 54, 49, 62, 0, 48, 52, 3, 3, 52, 57, 7, 7, 57, 50, 1, 60, 13, 19, 63, 63, 19, 15, 67, 67, 15, 12, 61, 24, 72, 48, 0]
uniform token subdivisionScheme = "none"
rel material:binding = </Component/Looks/Slot_and_fastener>
}
def Mesh "Socket_bolt_002" (prepend apiSchemas = ["MaterialBindingAPI"]) {
point3f[] points = [(-0.13500000536441803, 0.11950000375509262, 0.007499999366700649), (-0.13500000536441803, 0.11950000375509262, 0.010499999858438969), (-0.13441263139247894, 0.11946150660514832, 0.007499999366700649), (-0.13441263139247894, 0.11946150660514832, 0.010499999858438969), (-0.1338353157043457, 0.11934667080640793, 0.007499999366700649), (-0.1338353157043457, 0.11934667080640793, 0.010499999858438969), (-0.13327792286872864, 0.11915746331214905, 0.007499999366700649), (-0.13327792286872864, 0.11915746331214905, 0.010499999858438969), (-0.132750004529953, 0.11889711767435074, 0.007499999366700649), (-0.132750004529953, 0.11889711767435074, 0.010499999858438969), (-0.13226057589054108, 0.11857008934020996, 0.007499999366700649), (-0.13226057589054108, 0.11857008934020996, 0.010499999858438969), (-0.131818026304245, 0.1181819811463356, 0.007499999366700649), (-0.131818026304245, 0.1181819811463356, 0.010499999858438969), (-0.13142991065979004, 0.11773943156003952, 0.007499999366700649), (-0.13142991065979004, 0.11773943156003952, 0.010499999858438969), (-0.13110288977622986, 0.1172500029206276, 0.007499999366700649), (-0.13110288977622986, 0.1172500029206276, 0.010499999858438969), (-0.13084255158901215, 0.11672207713127136, 0.007499999366700649), (-0.13084255158901215, 0.11672207713127136, 0.010499999858438969), (-0.13065333664417267, 0.1161646842956543, 0.007499999366700649), (-0.13065333664417267, 0.1161646842956543, 0.010499999858438969), (-0.13053850829601288, 0.11558736860752106, 0.007499999366700649), (-0.13053850829601288, 0.11558736860752106, 0.010499999858438969), (-0.13050000369548798, 0.11500000208616257, 0.007499999366700649), (-0.13050000369548798, 0.11500000208616257, 0.010499999858438969), (-0.13053850829601288, 0.11441263556480408, 0.007499999366700649), (-0.13053850829601288, 0.11441263556480408, 0.010499999858438969), (-0.13065333664417267, 0.11383531987667084, 0.007499999366700649), (-0.13065333664417267, 0.11383531987667084, 0.010499999858438969), (-0.13084255158901215, 0.11327792704105377, 0.007499999366700649), (-0.13084255158901215, 0.11327792704105377, 0.010499999858438969), (-0.13110288977622986, 0.11275000125169754, 0.007499999366700649), (-0.13110288977622986, 0.11275000125169754, 0.010499999858438969), (-0.13142991065979004, 0.11226057261228561, 0.007499999366700649), (-0.13142991065979004, 0.11226057261228561, 0.010499999858438969), (-0.131818026304245, 0.11181802302598953, 0.007499999366700649), (-0.131818026304245, 0.11181802302598953, 0.010499999858438969), (-0.13226057589054108, 0.11142991483211517, 0.007499999366700649), (-0.13226057589054108, 0.11142991483211517, 0.010499999858438969), (-0.132750004529953, 0.1111028864979744, 0.007499999366700649), (-0.132750004529953, 0.1111028864979744, 0.010499999858438969), (-0.13327792286872864, 0.11084254086017609, 0.007499999366700649), (-0.13327792286872864, 0.11084254086017609, 0.010499999858438969), (-0.1338353157043457, 0.1106533333659172, 0.007499999366700649), (-0.1338353157043457, 0.1106533333659172, 0.010499999858438969), (-0.13441263139247894, 0.11053849756717682, 0.007499999366700649), (-0.13441263139247894, 0.11053849756717682, 0.010499999858438969), (-0.13500000536441803, 0.11050000041723251, 0.007499999366700649), (-0.13500000536441803, 0.11050000041723251, 0.010499999858438969), (-0.13558737933635712, 0.11053849756717682, 0.007499999366700649), (-0.13558737933635712, 0.11053849756717682, 0.010499999858438969), (-0.13616469502449036, 0.1106533333659172, 0.007499999366700649), (-0.13616469502449036, 0.1106533333659172, 0.010499999858438969), (-0.13672208786010742, 0.11084254086017609, 0.007499999366700649), (-0.13672208786010742, 0.11084254086017609, 0.010499999858438969), (-0.13725000619888306, 0.1111028864979744, 0.007499999366700649), (-0.13725000619888306, 0.1111028864979744, 0.010499999858438969), (-0.13773943483829498, 0.11142991483211517, 0.007499999366700649), (-0.13773943483829498, 0.11142991483211517, 0.010499999858438969), (-0.13818198442459106, 0.11181802302598953, 0.007499999366700649), (-0.13818198442459106, 0.11181802302598953, 0.010499999858438969), (-0.13857010006904602, 0.11226057261228561, 0.007499999366700649), (-0.13857010006904602, 0.11226057261228561, 0.010499999858438969), (-0.1388971209526062, 0.11275000125169754, 0.007499999366700649), (-0.1388971209526062, 0.11275000125169754, 0.010499999858438969), (-0.1391574591398239, 0.11327792704105377, 0.007499999366700649), (-0.1391574591398239, 0.11327792704105377, 0.010499999858438969), (-0.1393466740846634, 0.11383531987667084, 0.007499999366700649), (-0.1393466740846634, 0.11383531987667084, 0.010499999858438969), (-0.13946150243282318, 0.11441263556480408, 0.007499999366700649), (-0.13946150243282318, 0.11441263556480408, 0.010499999858438969), (-0.13950000703334808, 0.11500000208616257, 0.007499999366700649), (-0.13950000703334808, 0.11500000208616257, 0.010499999858438969), (-0.13946150243282318, 0.11558736860752106, 0.007499999366700649), (-0.13946150243282318, 0.11558736860752106, 0.010499999858438969), (-0.1393466740846634, 0.1161646842956543, 0.007499999366700649), (-0.1393466740846634, 0.1161646842956543, 0.010499999858438969), (-0.1391574591398239, 0.11672207713127136, 0.007499999366700649), (-0.1391574591398239, 0.11672207713127136, 0.010499999858438969), (-0.1388971209526062, 0.1172500029206276, 0.007499999366700649), (-0.1388971209526062, 0.1172500029206276, 0.010499999858438969), (-0.13857010006904602, 0.11773943156003952, 0.007499999366700649), (-0.13857010006904602, 0.11773943156003952, 0.010499999858438969), (-0.13818198442459106, 0.1181819811463356, 0.007499999366700649), (-0.13818198442459106, 0.1181819811463356, 0.010499999858438969), (-0.13773943483829498, 0.11857008934020996, 0.007499999366700649), (-0.13773943483829498, 0.11857008934020996, 0.010499999858438969), (-0.13725000619888306, 0.11889711767435074, 0.007499999366700649), (-0.13725000619888306, 0.11889711767435074, 0.010499999858438969), (-0.13672208786010742, 0.11915746331214905, 0.007499999366700649), (-0.13672208786010742, 0.11915746331214905, 0.010499999858438969), (-0.13616469502449036, 0.11934667080640793, 0.007499999366700649), (-0.13616469502449036, 0.11934667080640793, 0.010499999858438969), (-0.13558737933635712, 0.11946150660514832, 0.007499999366700649), (-0.13558737933635712, 0.11946150660514832, 0.010499999858438969)]
int[] faceVertexCounts = [4, 4, 4, 4, 4, 4, 4, 4, 4, 4, 4, 4, 4, 4, 4, 4, 4, 4, 4, 4, 4, 4, 4, 4, 4, 4, 4, 4, 4, 4, 4, 4, 4, 4, 4, 4, 4, 4, 4, 4, 4, 4, 4, 4, 4, 4, 48, 4, 4, 48]
int[] faceVertexIndices = [0, 1, 3, 2, 2, 3, 5, 4, 4, 5, 7, 6, 6, 7, 9, 8, 8, 9, 11, 10, 10, 11, 13, 12, 12, 13, 15, 14, 14, 15, 17, 16, 16, 17, 19, 18, 18, 19, 21, 20, 20, 21, 23, 22, 22, 23, 25, 24, 24, 25, 27, 26, 26, 27, 29, 28, 28, 29, 31, 30, 30, 31, 33, 32, 32, 33, 35, 34, 34, 35, 37, 36, 36, 37, 39, 38, 38, 39, 41, 40, 40, 41, 43, 42, 42, 43, 45, 44, 44, 45, 47, 46, 46, 47, 49, 48, 48, 49, 51, 50, 50, 51, 53, 52, 52, 53, 55, 54, 54, 55, 57, 56, 56, 57, 59, 58, 58, 59, 61, 60, 60, 61, 63, 62, 62, 63, 65, 64, 64, 65, 67, 66, 66, 67, 69, 68, 68, 69, 71, 70, 70, 71, 73, 72, 72, 73, 75, 74, 74, 75, 77, 76, 76, 77, 79, 78, 78, 79, 81, 80, 80, 81, 83, 82, 82, 83, 85, 84, 84, 85, 87, 86, 86, 87, 89, 88, 88, 89, 91, 90, 90, 91, 93, 92, 3, 1, 95, 93, 91, 89, 87, 85, 83, 81, 79, 77, 75, 73, 71, 69, 67, 65, 63, 61, 59, 57, 55, 53, 51, 49, 47, 45, 43, 41, 39, 37, 35, 33, 31, 29, 27, 25, 23, 21, 19, 17, 15, 13, 11, 9, 7, 5, 92, 93, 95, 94, 94, 95, 1, 0, 0, 2, 4, 6, 8, 10, 12, 14, 16, 18, 20, 22, 24, 26, 28, 30, 32, 34, 36, 38, 40, 42, 44, 46, 48, 50, 52, 54, 56, 58, 60, 62, 64, 66, 68, 70, 72, 74, 76, 78, 80, 82, 84, 86, 88, 90, 92, 94]
uniform token subdivisionScheme = "none"
rel material:binding = </Component/Looks/Slot_and_fastener>
}
def Mesh "Gusset_bracket_002" (prepend apiSchemas = ["MaterialBindingAPI"]) {
point3f[] points = [(-0.15650001168251038, 0.09849999845027924, 0.008499998599290848), (-0.15650001168251038, 0.09750000387430191, 0.009499998763203621), (-0.1574999988079071, 0.09849999845027924, 0.009499998763203621), (-0.15650001168251038, 0.0980006605386734, 0.008633596822619438), (-0.1569993495941162, 0.09849999845027924, 0.008633596822619438), (-0.15697821974754333, 0.09802179038524628, 0.008763367310166359), (-0.1569993495941162, 0.09763360023498535, 0.00950000062584877), (-0.15650001168251038, 0.09763360023498535, 0.009000657126307487), (-0.15697821974754333, 0.09776336699724197, 0.009021788835525513), (-0.15736640989780426, 0.09849999845027924, 0.009000657126307487), (-0.15736640989780426, 0.0980006605386734, 0.00950000062584877), (-0.15723663568496704, 0.09802179038524628, 0.009021788835525513), (-0.15650001168251038, 0.09750000387430191, 0.05250000208616257), (-0.15650001168251038, 0.09849999845027924, 0.05350000038743019), (-0.1574999988079071, 0.09849999845027924, 0.05250000208616257), (-0.15650001168251038, 0.09763360023498535, 0.0529993399977684), (-0.1569993495941162, 0.09763360023498535, 0.05249999836087227), (-0.15697821974754333, 0.09776336699724197, 0.052978210151195526), (-0.1569993495941162, 0.09849999845027924, 0.05336640030145645), (-0.15650001168251038, 0.0980006605386734, 0.05336640030145645), (-0.15697821974754333, 0.09802179038524628, 0.05323663353919983), (-0.15736640989780426, 0.0980006605386734, 0.05249999836087227), (-0.15736640989780426, 0.09849999845027924, 0.0529993399977684), (-0.15723663568496704, 0.09802179038524628, 0.052978210151195526), (-0.15650001168251038, 0.1315000057220459, 0.008499998599290848), (-0.1574999988079071, 0.1315000057220459, 0.009499998763203621), (-0.15650001168251038, 0.13250000774860382, 0.009499998763203621), (-0.1569993495941162, 0.1315000057220459, 0.008633596822619438), (-0.15650001168251038, 0.13199934363365173, 0.008633596822619438), (-0.15697821974754333, 0.13197821378707886, 0.008763367310166359), (-0.15736640989780426, 0.13199934363365173, 0.00950000062584877), (-0.15736640989780426, 0.1315000057220459, 0.009000657126307487), (-0.15723663568496704, 0.13197821378707886, 0.009021788835525513), (-0.15650001168251038, 0.13236640393733978, 0.009000657126307487), (-0.1569993495941162, 0.13236640393733978, 0.00950000062584877), (-0.15697821974754333, 0.13223662972450256, 0.009021788835525513), (-0.15650001168251038, 0.1315000057220459, 0.05350000038743019), (-0.15650001168251038, 0.13250000774860382, 0.05250000208616257), (-0.1574999988079071, 0.1315000057220459, 0.05250000208616257), (-0.15650001168251038, 0.13199934363365173, 0.05336640030145645), (-0.1569993495941162, 0.1315000057220459, 0.05336640030145645), (-0.15697821974754333, 0.13197821378707886, 0.05323663353919983), (-0.1569993495941162, 0.13236640393733978, 0.05249999836087227), (-0.15650001168251038, 0.13236640393733978, 0.0529993399977684), (-0.15697821974754333, 0.13223662972450256, 0.052978210151195526), (-0.15736640989780426, 0.1315000057220459, 0.0529993399977684), (-0.15736640989780426, 0.13199934363365173, 0.05249999836087227), (-0.15723663568496704, 0.13197821378707886, 0.052978210151195526), (-0.11350000649690628, 0.09849999845027924, 0.008499998599290848), (-0.11250000447034836, 0.09849999845027924, 0.009499998763203621), (-0.11350000649690628, 0.09750000387430191, 0.009499998763203621), (-0.11300066113471985, 0.09849999845027924, 0.008633596822619438), (-0.11350000649690628, 0.0980006605386734, 0.008633596822619438), (-0.11302179098129272, 0.09802179038524628, 0.008763367310166359), (-0.1126336008310318, 0.0980006605386734, 0.00950000062584877), (-0.1126336008310318, 0.09849999845027924, 0.009000657126307487), (-0.11276337504386902, 0.09802179038524628, 0.009021788835525513), (-0.11350000649690628, 0.09763360023498535, 0.009000657126307487), (-0.11300066113471985, 0.09763360023498535, 0.00950000062584877), (-0.11302179098129272, 0.09776336699724197, 0.009021788835525513), (-0.11350000649690628, 0.09849999845027924, 0.05350000038743019), (-0.11350000649690628, 0.09750000387430191, 0.05250000208616257), (-0.11250000447034836, 0.09849999845027924, 0.05250000208616257), (-0.11349999904632568, 0.0980006605386734, 0.05336640030145645), (-0.11300066113471985, 0.09849999845027924, 0.05336640030145645), (-0.11302179098129272, 0.09802179038524628, 0.05323663353919983), (-0.11300066113471985, 0.09763360023498535, 0.05249999836087227), (-0.11349999904632568, 0.09763360023498535, 0.0529993399977684), (-0.11302179098129272, 0.09776336699724197, 0.052978210151195526), (-0.1126336008310318, 0.09849999845027924, 0.0529993399977684), (-0.1126336008310318, 0.0980006605386734, 0.05249999836087227), (-0.11276336759328842, 0.09802179038524628, 0.052978210151195526), (-0.11350000649690628, 0.1315000057220459, 0.008499998599290848), (-0.11350000649690628, 0.13250000774860382, 0.009499998763203621), (-0.11250000447034836, 0.1315000057220459, 0.009499998763203621), (-0.11349999904632568, 0.13199934363365173, 0.008633596822619438), (-0.11300066113471985, 0.1315000057220459, 0.008633596822619438), (-0.11302179098129272, 0.13197821378707886, 0.008763367310166359), (-0.11300066113471985, 0.13236640393733978, 0.00950000062584877), (-0.11349999904632568, 0.13236640393733978, 0.009000657126307487), (-0.11302179098129272, 0.13223662972450256, 0.009021788835525513), (-0.1126336008310318, 0.1315000057220459, 0.009000657126307487), (-0.1126336008310318, 0.13199934363365173, 0.00950000062584877), (-0.11276336759328842, 0.13197821378707886, 0.009021788835525513), (-0.11350000649690628, 0.1315000057220459, 0.05350000038743019), (-0.11250000447034836, 0.1315000057220459, 0.05250000208616257), (-0.11350000649690628, 0.13250000774860382, 0.05250000208616257), (-0.11300066113471985, 0.1315000057220459, 0.05336640030145645), (-0.11350000649690628, 0.13199934363365173, 0.05336640030145645), (-0.11302179098129272, 0.13197821378707886, 0.05323663353919983), (-0.1126336008310318, 0.13199934363365173, 0.05249999836087227), (-0.1126336008310318, 0.1315000057220459, 0.0529993399977684), (-0.11276337504386902, 0.13197821378707886, 0.052978210151195526), (-0.11350000649690628, 0.13236640393733978, 0.0529993399977684), (-0.11300066113471985, 0.13236640393733978, 0.05249999836087227), (-0.11302179098129272, 0.13223662972450256, 0.052978210151195526)]
int[] faceVertexCounts = [4, 4, 4, 4, 4, 4, 4, 4, 4, 4, 4, 3, 4, 4, 4, 4, 4, 4, 3, 4, 4, 4, 4, 4, 4, 3, 4, 4, 4, 4, 4, 4, 3, 4, 4, 4, 4, 4, 4, 3, 4, 4, 4, 4, 4, 4, 3, 4, 4, 4, 4, 4, 4, 3, 4, 4, 4, 4, 4, 4, 3, 4, 4, 4, 4, 4, 4, 4, 4, 4, 4, 4, 4, 4, 4, 4, 4, 4, 4, 4, 4, 4, 4, 4, 4, 4, 4, 4, 4, 4, 4, 4, 4, 4, 4, 4, 4, 4]
int[] faceVertexIndices = [50, 61, 12, 1, 74, 85, 62, 49, 84, 36, 13, 60, 2, 14, 38, 25, 26, 37, 86, 73, 0, 3, 5, 4, 3, 7, 8, 5, 1, 6, 8, 7, 6, 10, 11, 8, 2, 9, 11, 10, 9, 4, 5, 11, 5, 8, 11, 12, 15, 17, 16, 15, 19, 20, 17, 13, 18, 20, 19, 18, 22, 23, 20, 14, 21, 23, 22, 21, 16, 17, 23, 17, 20, 23, 24, 27, 29, 28, 27, 31, 32, 29, 25, 30, 32, 31, 30, 34, 35, 32, 26, 33, 35, 34, 33, 28, 29, 35, 29, 32, 35, 36, 39, 41, 40, 39, 43, 44, 41, 37, 42, 44, 43, 42, 46, 47, 44, 38, 45, 47, 46, 45, 40, 41, 47, 41, 44, 47, 48, 51, 53, 52, 51, 55, 56, 53, 49, 54, 56, 55, 54, 58, 59, 56, 50, 57, 59, 58, 57, 52, 53, 59, 53, 56, 59, 60, 63, 65, 64, 63, 67, 68, 65, 61, 66, 68, 67, 66, 70, 71, 68, 62, 69, 71, 70, 69, 64, 65, 71, 65, 68, 71, 72, 75, 77, 76, 75, 79, 80, 77, 73, 78, 80, 79, 78, 82, 83, 80, 74, 81, 83, 82, 81, 76, 77, 83, 77, 80, 83, 84, 87, 89, 88, 87, 91, 92, 89, 85, 90, 92, 91, 90, 94, 95, 92, 86, 93, 95, 94, 93, 88, 89, 95, 89, 92, 95, 24, 0, 4, 27, 27, 4, 9, 31, 31, 9, 2, 25, 1, 12, 16, 6, 6, 16, 21, 10, 10, 21, 14, 2, 13, 36, 40, 18, 18, 40, 45, 22, 22, 45, 38, 14, 37, 26, 34, 42, 42, 34, 30, 46, 46, 30, 25, 38, 72, 24, 28, 75, 75, 28, 33, 79, 79, 33, 26, 73, 36, 84, 88, 39, 39, 88, 93, 43, 43, 93, 86, 37, 85, 74, 82, 90, 90, 82, 78, 94, 94, 78, 73, 86, 48, 72, 76, 51, 51, 76, 81, 55, 55, 81, 74, 49, 84, 60, 64, 87, 87, 64, 69, 91, 91, 69, 62, 85, 61, 50, 58, 66, 66, 58, 54, 70, 70, 54, 49, 62, 0, 48, 52, 3, 3, 52, 57, 7, 7, 57, 50, 1, 60, 13, 19, 63, 63, 19, 15, 67, 67, 15, 12, 61, 24, 72, 48, 0]
uniform token subdivisionScheme = "none"
rel material:binding = </Component/Looks/Anodized_aluminum>
}
def Mesh "Socket_bolt_003" (prepend apiSchemas = ["MaterialBindingAPI"]) {
point3f[] points = [(-0.13500000536441803, 0.11950000375509262, 0.5394999980926514), (-0.13500000536441803, 0.11950000375509262, 0.5425000190734863), (-0.13441263139247894, 0.11946150660514832, 0.5394999980926514), (-0.13441263139247894, 0.11946150660514832, 0.5425000190734863), (-0.1338353157043457, 0.11934667080640793, 0.5394999980926514), (-0.1338353157043457, 0.11934667080640793, 0.5425000190734863), (-0.13327792286872864, 0.11915746331214905, 0.5394999980926514), (-0.13327792286872864, 0.11915746331214905, 0.5425000190734863), (-0.132750004529953, 0.11889711767435074, 0.5394999980926514), (-0.132750004529953, 0.11889711767435074, 0.5425000190734863), (-0.13226057589054108, 0.11857008934020996, 0.5394999980926514), (-0.13226057589054108, 0.11857008934020996, 0.5425000190734863), (-0.131818026304245, 0.1181819811463356, 0.5394999980926514), (-0.131818026304245, 0.1181819811463356, 0.5425000190734863), (-0.13142991065979004, 0.11773943156003952, 0.5394999980926514), (-0.13142991065979004, 0.11773943156003952, 0.5425000190734863), (-0.13110288977622986, 0.1172500029206276, 0.5394999980926514), (-0.13110288977622986, 0.1172500029206276, 0.5425000190734863), (-0.13084255158901215, 0.11672207713127136, 0.5394999980926514), (-0.13084255158901215, 0.11672207713127136, 0.5425000190734863), (-0.13065333664417267, 0.1161646842956543, 0.5394999980926514), (-0.13065333664417267, 0.1161646842956543, 0.5425000190734863), (-0.13053850829601288, 0.11558736860752106, 0.5394999980926514), (-0.13053850829601288, 0.11558736860752106, 0.5425000190734863), (-0.13050000369548798, 0.11500000208616257, 0.5394999980926514), (-0.13050000369548798, 0.11500000208616257, 0.5425000190734863), (-0.13053850829601288, 0.11441263556480408, 0.5394999980926514), (-0.13053850829601288, 0.11441263556480408, 0.5425000190734863), (-0.13065333664417267, 0.11383531987667084, 0.5394999980926514), (-0.13065333664417267, 0.11383531987667084, 0.5425000190734863), (-0.13084255158901215, 0.11327792704105377, 0.5394999980926514), (-0.13084255158901215, 0.11327792704105377, 0.5425000190734863), (-0.13110288977622986, 0.11275000125169754, 0.5394999980926514), (-0.13110288977622986, 0.11275000125169754, 0.5425000190734863), (-0.13142991065979004, 0.11226057261228561, 0.5394999980926514), (-0.13142991065979004, 0.11226057261228561, 0.5425000190734863), (-0.131818026304245, 0.11181802302598953, 0.5394999980926514), (-0.131818026304245, 0.11181802302598953, 0.5425000190734863), (-0.13226057589054108, 0.11142991483211517, 0.5394999980926514), (-0.13226057589054108, 0.11142991483211517, 0.5425000190734863), (-0.132750004529953, 0.1111028864979744, 0.5394999980926514), (-0.132750004529953, 0.1111028864979744, 0.5425000190734863), (-0.13327792286872864, 0.11084254086017609, 0.5394999980926514), (-0.13327792286872864, 0.11084254086017609, 0.5425000190734863), (-0.1338353157043457, 0.1106533333659172, 0.5394999980926514), (-0.1338353157043457, 0.1106533333659172, 0.5425000190734863), (-0.13441263139247894, 0.11053849756717682, 0.5394999980926514), (-0.13441263139247894, 0.11053849756717682, 0.5425000190734863), (-0.13500000536441803, 0.11050000041723251, 0.5394999980926514), (-0.13500000536441803, 0.11050000041723251, 0.5425000190734863), (-0.13558737933635712, 0.11053849756717682, 0.5394999980926514), (-0.13558737933635712, 0.11053849756717682, 0.5425000190734863), (-0.13616469502449036, 0.1106533333659172, 0.5394999980926514), (-0.13616469502449036, 0.1106533333659172, 0.5425000190734863), (-0.13672208786010742, 0.11084254086017609, 0.5394999980926514), (-0.13672208786010742, 0.11084254086017609, 0.5425000190734863), (-0.13725000619888306, 0.1111028864979744, 0.5394999980926514), (-0.13725000619888306, 0.1111028864979744, 0.5425000190734863), (-0.13773943483829498, 0.11142991483211517, 0.5394999980926514), (-0.13773943483829498, 0.11142991483211517, 0.5425000190734863), (-0.13818198442459106, 0.11181802302598953, 0.5394999980926514), (-0.13818198442459106, 0.11181802302598953, 0.5425000190734863), (-0.13857010006904602, 0.11226057261228561, 0.5394999980926514), (-0.13857010006904602, 0.11226057261228561, 0.5425000190734863), (-0.1388971209526062, 0.11275000125169754, 0.5394999980926514), (-0.1388971209526062, 0.11275000125169754, 0.5425000190734863), (-0.1391574591398239, 0.11327792704105377, 0.5394999980926514), (-0.1391574591398239, 0.11327792704105377, 0.5425000190734863), (-0.1393466740846634, 0.11383531987667084, 0.5394999980926514), (-0.1393466740846634, 0.11383531987667084, 0.5425000190734863), (-0.13946150243282318, 0.11441263556480408, 0.5394999980926514), (-0.13946150243282318, 0.11441263556480408, 0.5425000190734863), (-0.13950000703334808, 0.11500000208616257, 0.5394999980926514), (-0.13950000703334808, 0.11500000208616257, 0.5425000190734863), (-0.13946150243282318, 0.11558736860752106, 0.5394999980926514), (-0.13946150243282318, 0.11558736860752106, 0.5425000190734863), (-0.1393466740846634, 0.1161646842956543, 0.5394999980926514), (-0.1393466740846634, 0.1161646842956543, 0.5425000190734863), (-0.1391574591398239, 0.11672207713127136, 0.5394999980926514), (-0.1391574591398239, 0.11672207713127136, 0.5425000190734863), (-0.1388971209526062, 0.1172500029206276, 0.5394999980926514), (-0.1388971209526062, 0.1172500029206276, 0.5425000190734863), (-0.13857010006904602, 0.11773943156003952, 0.5394999980926514), (-0.13857010006904602, 0.11773943156003952, 0.5425000190734863), (-0.13818198442459106, 0.1181819811463356, 0.5394999980926514), (-0.13818198442459106, 0.1181819811463356, 0.5425000190734863), (-0.13773943483829498, 0.11857008934020996, 0.5394999980926514), (-0.13773943483829498, 0.11857008934020996, 0.5425000190734863), (-0.13725000619888306, 0.11889711767435074, 0.5394999980926514), (-0.13725000619888306, 0.11889711767435074, 0.5425000190734863), (-0.13672208786010742, 0.11915746331214905, 0.5394999980926514), (-0.13672208786010742, 0.11915746331214905, 0.5425000190734863), (-0.13616469502449036, 0.11934667080640793, 0.5394999980926514), (-0.13616469502449036, 0.11934667080640793, 0.5425000190734863), (-0.13558737933635712, 0.11946150660514832, 0.5394999980926514), (-0.13558737933635712, 0.11946150660514832, 0.5425000190734863)]
int[] faceVertexCounts = [4, 4, 4, 4, 4, 4, 4, 4, 4, 4, 4, 4, 4, 4, 4, 4, 4, 4, 4, 4, 4, 4, 4, 4, 4, 4, 4, 4, 4, 4, 4, 4, 4, 4, 4, 4, 4, 4, 4, 4, 4, 4, 4, 4, 4, 4, 48, 4, 4, 48]
int[] faceVertexIndices = [0, 1, 3, 2, 2, 3, 5, 4, 4, 5, 7, 6, 6, 7, 9, 8, 8, 9, 11, 10, 10, 11, 13, 12, 12, 13, 15, 14, 14, 15, 17, 16, 16, 17, 19, 18, 18, 19, 21, 20, 20, 21, 23, 22, 22, 23, 25, 24, 24, 25, 27, 26, 26, 27, 29, 28, 28, 29, 31, 30, 30, 31, 33, 32, 32, 33, 35, 34, 34, 35, 37, 36, 36, 37, 39, 38, 38, 39, 41, 40, 40, 41, 43, 42, 42, 43, 45, 44, 44, 45, 47, 46, 46, 47, 49, 48, 48, 49, 51, 50, 50, 51, 53, 52, 52, 53, 55, 54, 54, 55, 57, 56, 56, 57, 59, 58, 58, 59, 61, 60, 60, 61, 63, 62, 62, 63, 65, 64, 64, 65, 67, 66, 66, 67, 69, 68, 68, 69, 71, 70, 70, 71, 73, 72, 72, 73, 75, 74, 74, 75, 77, 76, 76, 77, 79, 78, 78, 79, 81, 80, 80, 81, 83, 82, 82, 83, 85, 84, 84, 85, 87, 86, 86, 87, 89, 88, 88, 89, 91, 90, 90, 91, 93, 92, 3, 1, 95, 93, 91, 89, 87, 85, 83, 81, 79, 77, 75, 73, 71, 69, 67, 65, 63, 61, 59, 57, 55, 53, 51, 49, 47, 45, 43, 41, 39, 37, 35, 33, 31, 29, 27, 25, 23, 21, 19, 17, 15, 13, 11, 9, 7, 5, 92, 93, 95, 94, 94, 95, 1, 0, 0, 2, 4, 6, 8, 10, 12, 14, 16, 18, 20, 22, 24, 26, 28, 30, 32, 34, 36, 38, 40, 42, 44, 46, 48, 50, 52, 54, 56, 58, 60, 62, 64, 66, 68, 70, 72, 74, 76, 78, 80, 82, 84, 86, 88, 90, 92, 94]
uniform token subdivisionScheme = "none"
rel material:binding = </Component/Looks/Slot_and_fastener>
}
def Mesh "Gusset_bracket_003" (prepend apiSchemas = ["MaterialBindingAPI"]) {
point3f[] points = [(-0.15650001168251038, 0.09849999845027924, 0.4964999854564667), (-0.15650001168251038, 0.09750000387430191, 0.4975000023841858), (-0.1574999988079071, 0.09849999845027924, 0.4975000023841858), (-0.15650001168251038, 0.0980006605386734, 0.4966335892677307), (-0.1569993495941162, 0.09849999845027924, 0.4966335892677307), (-0.15697821974754333, 0.09802179038524628, 0.49676334857940674), (-0.1569993495941162, 0.09763360023498535, 0.4975000023841858), (-0.15650001168251038, 0.09763360023498535, 0.49700066447257996), (-0.15697821974754333, 0.09776336699724197, 0.49702179431915283), (-0.15736640989780426, 0.09849999845027924, 0.49700066447257996), (-0.15736640989780426, 0.0980006605386734, 0.4975000023841858), (-0.15723663568496704, 0.09802179038524628, 0.49702179431915283), (-0.15650001168251038, 0.09750000387430191, 0.5404999852180481), (-0.15650001168251038, 0.09849999845027924, 0.5414999723434448), (-0.1574999988079071, 0.09849999845027924, 0.5404999852180481), (-0.15650001168251038, 0.09763360023498535, 0.5409993529319763), (-0.1569993495941162, 0.09763360023498535, 0.5404999852180481), (-0.15697821974754333, 0.09776336699724197, 0.540978193283081), (-0.1569993495941162, 0.09849999845027924, 0.5413663983345032), (-0.15650001168251038, 0.0980006605386734, 0.5413663983345032), (-0.15697821974754333, 0.09802179038524628, 0.5412366390228271), (-0.15736640989780426, 0.0980006605386734, 0.5404999852180481), (-0.15736640989780426, 0.09849999845027924, 0.5409993529319763), (-0.15723663568496704, 0.09802179038524628, 0.540978193283081), (-0.15650001168251038, 0.1315000057220459, 0.4964999854564667), (-0.1574999988079071, 0.1315000057220459, 0.4975000023841858), (-0.15650001168251038, 0.13250000774860382, 0.4975000023841858), (-0.1569993495941162, 0.1315000057220459, 0.4966335892677307), (-0.15650001168251038, 0.13199934363365173, 0.4966335892677307), (-0.15697821974754333, 0.13197821378707886, 0.49676334857940674), (-0.15736640989780426, 0.13199934363365173, 0.4975000023841858), (-0.15736640989780426, 0.1315000057220459, 0.49700066447257996), (-0.15723663568496704, 0.13197821378707886, 0.49702179431915283), (-0.15650001168251038, 0.13236640393733978, 0.49700066447257996), (-0.1569993495941162, 0.13236640393733978, 0.4975000023841858), (-0.15697821974754333, 0.13223662972450256, 0.49702179431915283), (-0.15650001168251038, 0.1315000057220459, 0.5414999723434448), (-0.15650001168251038, 0.13250000774860382, 0.5404999852180481), (-0.1574999988079071, 0.1315000057220459, 0.5404999852180481), (-0.15650001168251038, 0.13199934363365173, 0.5413663983345032), (-0.1569993495941162, 0.1315000057220459, 0.5413663983345032), (-0.15697821974754333, 0.13197821378707886, 0.5412366390228271), (-0.1569993495941162, 0.13236640393733978, 0.5404999852180481), (-0.15650001168251038, 0.13236640393733978, 0.5409993529319763), (-0.15697821974754333, 0.13223662972450256, 0.540978193283081), (-0.15736640989780426, 0.1315000057220459, 0.5409993529319763), (-0.15736640989780426, 0.13199934363365173, 0.5404999852180481), (-0.15723663568496704, 0.13197821378707886, 0.540978193283081), (-0.11350000649690628, 0.09849999845027924, 0.4964999854564667), (-0.11250000447034836, 0.09849999845027924, 0.4975000023841858), (-0.11350000649690628, 0.09750000387430191, 0.4975000023841858), (-0.11300066113471985, 0.09849999845027924, 0.4966335892677307), (-0.11350000649690628, 0.0980006605386734, 0.4966335892677307), (-0.11302179098129272, 0.09802179038524628, 0.49676334857940674), (-0.1126336008310318, 0.0980006605386734, 0.4975000023841858), (-0.1126336008310318, 0.09849999845027924, 0.49700066447257996), (-0.11276337504386902, 0.09802179038524628, 0.49702179431915283), (-0.11350000649690628, 0.09763360023498535, 0.49700066447257996), (-0.11300066113471985, 0.09763360023498535, 0.4975000023841858), (-0.11302179098129272, 0.09776336699724197, 0.49702179431915283), (-0.11350000649690628, 0.09849999845027924, 0.5414999723434448), (-0.11350000649690628, 0.09750000387430191, 0.5404999852180481), (-0.11250000447034836, 0.09849999845027924, 0.5404999852180481), (-0.11349999904632568, 0.0980006605386734, 0.5413663983345032), (-0.11300066113471985, 0.09849999845027924, 0.5413663983345032), (-0.11302179098129272, 0.09802179038524628, 0.5412366390228271), (-0.11300066113471985, 0.09763360023498535, 0.5404999852180481), (-0.11349999904632568, 0.09763360023498535, 0.5409993529319763), (-0.11302179098129272, 0.09776336699724197, 0.540978193283081), (-0.1126336008310318, 0.09849999845027924, 0.5409993529319763), (-0.1126336008310318, 0.0980006605386734, 0.5404999852180481), (-0.11276336759328842, 0.09802179038524628, 0.540978193283081), (-0.11350000649690628, 0.1315000057220459, 0.4964999854564667), (-0.11350000649690628, 0.13250000774860382, 0.4975000023841858), (-0.11250000447034836, 0.1315000057220459, 0.4975000023841858), (-0.11349999904632568, 0.13199934363365173, 0.4966335892677307), (-0.11300066113471985, 0.1315000057220459, 0.4966335892677307), (-0.11302179098129272, 0.13197821378707886, 0.49676334857940674), (-0.11300066113471985, 0.13236640393733978, 0.4975000023841858), (-0.11349999904632568, 0.13236640393733978, 0.49700066447257996), (-0.11302179098129272, 0.13223662972450256, 0.49702179431915283), (-0.1126336008310318, 0.1315000057220459, 0.49700066447257996), (-0.1126336008310318, 0.13199934363365173, 0.4975000023841858), (-0.11276336759328842, 0.13197821378707886, 0.49702179431915283), (-0.11350000649690628, 0.1315000057220459, 0.5414999723434448), (-0.11250000447034836, 0.1315000057220459, 0.5404999852180481), (-0.11350000649690628, 0.13250000774860382, 0.5404999852180481), (-0.11300066113471985, 0.1315000057220459, 0.5413663983345032), (-0.11350000649690628, 0.13199934363365173, 0.5413663983345032), (-0.11302179098129272, 0.13197821378707886, 0.5412366390228271), (-0.1126336008310318, 0.13199934363365173, 0.5404999852180481), (-0.1126336008310318, 0.1315000057220459, 0.5409993529319763), (-0.11276337504386902, 0.13197821378707886, 0.540978193283081), (-0.11350000649690628, 0.13236640393733978, 0.5409993529319763), (-0.11300066113471985, 0.13236640393733978, 0.5404999852180481), (-0.11302179098129272, 0.13223662972450256, 0.540978193283081)]
int[] faceVertexCounts = [4, 4, 4, 4, 4, 4, 4, 4, 4, 4, 4, 3, 4, 4, 4, 4, 4, 4, 3, 4, 4, 4, 4, 4, 4, 3, 4, 4, 4, 4, 4, 4, 3, 4, 4, 4, 4, 4, 4, 3, 4, 4, 4, 4, 4, 4, 3, 4, 4, 4, 4, 4, 4, 3, 4, 4, 4, 4, 4, 4, 3, 4, 4, 4, 4, 4, 4, 4, 4, 4, 4, 4, 4, 4, 4, 4, 4, 4, 4, 4, 4, 4, 4, 4, 4, 4, 4, 4, 4, 4, 4, 4, 4, 4, 4, 4, 4, 4]
int[] faceVertexIndices = [50, 61, 12, 1, 74, 85, 62, 49, 84, 36, 13, 60, 2, 14, 38, 25, 26, 37, 86, 73, 0, 3, 5, 4, 3, 7, 8, 5, 1, 6, 8, 7, 6, 10, 11, 8, 2, 9, 11, 10, 9, 4, 5, 11, 5, 8, 11, 12, 15, 17, 16, 15, 19, 20, 17, 13, 18, 20, 19, 18, 22, 23, 20, 14, 21, 23, 22, 21, 16, 17, 23, 17, 20, 23, 24, 27, 29, 28, 27, 31, 32, 29, 25, 30, 32, 31, 30, 34, 35, 32, 26, 33, 35, 34, 33, 28, 29, 35, 29, 32, 35, 36, 39, 41, 40, 39, 43, 44, 41, 37, 42, 44, 43, 42, 46, 47, 44, 38, 45, 47, 46, 45, 40, 41, 47, 41, 44, 47, 48, 51, 53, 52, 51, 55, 56, 53, 49, 54, 56, 55, 54, 58, 59, 56, 50, 57, 59, 58, 57, 52, 53, 59, 53, 56, 59, 60, 63, 65, 64, 63, 67, 68, 65, 61, 66, 68, 67, 66, 70, 71, 68, 62, 69, 71, 70, 69, 64, 65, 71, 65, 68, 71, 72, 75, 77, 76, 75, 79, 80, 77, 73, 78, 80, 79, 78, 82, 83, 80, 74, 81, 83, 82, 81, 76, 77, 83, 77, 80, 83, 84, 87, 89, 88, 87, 91, 92, 89, 85, 90, 92, 91, 90, 94, 95, 92, 86, 93, 95, 94, 93, 88, 89, 95, 89, 92, 95, 24, 0, 4, 27, 27, 4, 9, 31, 31, 9, 2, 25, 1, 12, 16, 6, 6, 16, 21, 10, 10, 21, 14, 2, 13, 36, 40, 18, 18, 40, 45, 22, 22, 45, 38, 14, 37, 26, 34, 42, 42, 34, 30, 46, 46, 30, 25, 38, 72, 24, 28, 75, 75, 28, 33, 79, 79, 33, 26, 73, 36, 84, 88, 39, 39, 88, 93, 43, 43, 93, 86, 37, 85, 74, 82, 90, 90, 82, 78, 94, 94, 78, 73, 86, 48, 72, 76, 51, 51, 76, 81, 55, 55, 81, 74, 49, 84, 60, 64, 87, 87, 64, 69, 91, 91, 69, 62, 85, 61, 50, 58, 66, 66, 58, 54, 70, 70, 54, 49, 62, 0, 48, 52, 3, 3, 52, 57, 7, 7, 57, 50, 1, 60, 13, 19, 63, 63, 19, 15, 67, 67, 15, 12, 61, 24, 72, 48, 0]
uniform token subdivisionScheme = "none"
rel material:binding = </Component/Looks/Anodized_aluminum>
}
def Mesh "Extrusion_column_002" (prepend apiSchemas = ["MaterialBindingAPI"]) {
point3f[] points = [(0.1210000067949295, -0.1290000081062317, 0.008000016212463379), (0.1210000067949295, -0.12999999523162842, 0.009000003337860107), (0.12000000476837158, -0.1290000081062317, 0.009000003337860107), (0.1210000067949295, -0.12949934601783752, 0.00813359022140503), (0.12050066143274307, -0.1290000081062317, 0.00813359022140503), (0.12052179872989655, -0.12947821617126465, 0.008263349533081055), (0.12050066143274307, -0.12986640632152557, 0.00899997353553772), (0.1210000067949295, -0.12986640632152557, 0.008500635623931885), (0.12052179872989655, -0.12973663210868835, 0.00852176547050476), (0.12013360112905502, -0.1290000081062317, 0.008500635623931885), (0.12013360112905502, -0.12949934601783752, 0.00899997353553772), (0.12026337534189224, -0.12947821617126465, 0.00852176547050476), (0.1210000067949295, -0.12999999523162842, 0.5410000085830688), (0.1210000067949295, -0.1290000081062317, 0.5419999957084656), (0.12000000476837158, -0.1290000081062317, 0.5410000085830688), (0.1210000067949295, -0.12986640632152557, 0.5414993762969971), (0.12050066143274307, -0.12986640632152557, 0.5410000085830688), (0.12052179872989655, -0.12973663210868835, 0.5414782762527466), (0.12050066143274307, -0.1290000081062317, 0.5418664216995239), (0.1210000067949295, -0.12949934601783752, 0.5418664216995239), (0.12052179872989655, -0.12947821617126465, 0.5417366623878479), (0.12013360112905502, -0.12949934601783752, 0.5410000085830688), (0.12013360112905502, -0.1290000081062317, 0.5414993762969971), (0.12026337534189224, -0.12947821617126465, 0.5414782762527466), (0.1210000067949295, -0.10100000351667404, 0.008000016212463379), (0.12000000476837158, -0.10100000351667404, 0.009000003337860107), (0.1210000067949295, -0.10000000149011612, 0.009000003337860107), (0.12050066143274307, -0.10100000351667404, 0.00813359022140503), (0.1210000067949295, -0.10050065815448761, 0.00813359022140503), (0.12052179872989655, -0.10052178800106049, 0.008263349533081055), (0.12013360112905502, -0.10050065815448761, 0.00899997353553772), (0.12013360112905502, -0.10100000351667404, 0.008500635623931885), (0.12026337534189224, -0.10052178800106049, 0.00852176547050476), (0.1210000067949295, -0.10013359785079956, 0.008500635623931885), (0.12050066143274307, -0.10013359785079956, 0.00899997353553772), (0.12052179872989655, -0.10026337206363678, 0.00852176547050476), (0.1210000067949295, -0.10100000351667404, 0.5419999957084656), (0.1210000067949295, -0.10000000149011612, 0.5410000085830688), (0.12000000476837158, -0.10100000351667404, 0.5410000085830688), (0.1210000067949295, -0.10050065815448761, 0.5418664216995239), (0.12050066143274307, -0.10100000351667404, 0.5418664216995239), (0.12052179872989655, -0.10052178800106049, 0.5417366623878479), (0.12050066143274307, -0.10013359785079956, 0.5410000085830688), (0.1210000067949295, -0.10013359785079956, 0.5414993762969971), (0.12052179872989655, -0.10026337206363678, 0.5414782762527466), (0.12013360112905502, -0.10100000351667404, 0.5414993762969971), (0.12013360112905502, -0.10050065815448761, 0.5410000085830688), (0.12026337534189224, -0.10052178800106049, 0.5414782762527466), (0.14900000393390656, -0.1290000081062317, 0.008000016212463379), (0.15000000596046448, -0.1290000081062317, 0.009000003337860107), (0.14900000393390656, -0.12999999523162842, 0.009000003337860107), (0.1494993418455124, -0.1290000081062317, 0.00813359022140503), (0.14900000393390656, -0.12949934601783752, 0.00813359022140503), (0.14947821199893951, -0.12947821617126465, 0.008263349533081055), (0.14986640214920044, -0.12949934601783752, 0.00899997353553772), (0.14986640214920044, -0.1290000081062317, 0.008500635623931885), (0.14973664283752441, -0.12947821617126465, 0.00852176547050476), (0.14900000393390656, -0.12986640632152557, 0.008500635623931885), (0.1494993418455124, -0.12986640632152557, 0.00899997353553772), (0.14947821199893951, -0.12973663210868835, 0.00852176547050476), (0.14900000393390656, -0.1290000081062317, 0.5419999957084656), (0.14900000393390656, -0.12999999523162842, 0.5410000085830688), (0.15000000596046448, -0.1290000081062317, 0.5410000085830688), (0.14900000393390656, -0.12949934601783752, 0.5418664216995239), (0.1494993418455124, -0.1290000081062317, 0.5418664216995239), (0.14947821199893951, -0.12947821617126465, 0.5417366623878479), (0.1494993418455124, -0.12986640632152557, 0.5410000085830688), (0.14900000393390656, -0.12986640632152557, 0.5414993762969971), (0.14947821199893951, -0.12973663210868835, 0.5414782762527466), (0.14986640214920044, -0.1290000081062317, 0.5414993762969971), (0.14986640214920044, -0.12949934601783752, 0.5410000085830688), (0.14973664283752441, -0.12947821617126465, 0.5414782762527466), (0.14900000393390656, -0.10100000351667404, 0.008000016212463379), (0.14900000393390656, -0.10000000149011612, 0.009000003337860107), (0.15000000596046448, -0.10100000351667404, 0.009000003337860107), (0.14900000393390656, -0.10050065815448761, 0.00813359022140503), (0.1494993418455124, -0.10100000351667404, 0.00813359022140503), (0.14947821199893951, -0.10052178800106049, 0.008263349533081055), (0.1494993418455124, -0.10013359785079956, 0.00899997353553772), (0.14900000393390656, -0.10013359785079956, 0.008500635623931885), (0.14947821199893951, -0.10026337206363678, 0.00852176547050476), (0.14986640214920044, -0.10100000351667404, 0.008500635623931885), (0.14986640214920044, -0.10050065815448761, 0.00899997353553772), (0.14973664283752441, -0.10052178800106049, 0.00852176547050476), (0.14900000393390656, -0.10100000351667404, 0.5419999957084656), (0.15000000596046448, -0.10100000351667404, 0.5410000085830688), (0.14900000393390656, -0.10000000149011612, 0.5410000085830688), (0.1494993418455124, -0.10100000351667404, 0.5418664216995239), (0.14900000393390656, -0.10050065815448761, 0.5418664216995239), (0.14947821199893951, -0.10052178800106049, 0.5417366623878479), (0.14986640214920044, -0.10050065815448761, 0.5410000085830688), (0.14986640214920044, -0.10100000351667404, 0.5414993762969971), (0.14973664283752441, -0.10052178800106049, 0.5414782762527466), (0.14900000393390656, -0.10013359785079956, 0.5414993762969971), (0.1494993418455124, -0.10013359785079956, 0.5410000085830688), (0.14947821199893951, -0.10026337206363678, 0.5414782762527466)]
int[] faceVertexCounts = [4, 4, 4, 4, 4, 4, 4, 4, 4, 4, 4, 3, 4, 4, 4, 4, 4, 4, 3, 4, 4, 4, 4, 4, 4, 3, 4, 4, 4, 4, 4, 4, 3, 4, 4, 4, 4, 4, 4, 3, 4, 4, 4, 4, 4, 4, 3, 4, 4, 4, 4, 4, 4, 3, 4, 4, 4, 4, 4, 4, 3, 4, 4, 4, 4, 4, 4, 4, 4, 4, 4, 4, 4, 4, 4, 4, 4, 4, 4, 4, 4, 4, 4, 4, 4, 4, 4, 4, 4, 4, 4, 4, 4, 4, 4, 4, 4, 4]
int[] faceVertexIndices = [50, 61, 12, 1, 74, 85, 62, 49, 84, 36, 13, 60, 2, 14, 38, 25, 26, 37, 86, 73, 0, 3, 5, 4, 3, 7, 8, 5, 1, 6, 8, 7, 6, 10, 11, 8, 2, 9, 11, 10, 9, 4, 5, 11, 5, 8, 11, 12, 15, 17, 16, 15, 19, 20, 17, 13, 18, 20, 19, 18, 22, 23, 20, 14, 21, 23, 22, 21, 16, 17, 23, 17, 20, 23, 24, 27, 29, 28, 27, 31, 32, 29, 25, 30, 32, 31, 30, 34, 35, 32, 26, 33, 35, 34, 33, 28, 29, 35, 29, 32, 35, 36, 39, 41, 40, 39, 43, 44, 41, 37, 42, 44, 43, 42, 46, 47, 44, 38, 45, 47, 46, 45, 40, 41, 47, 41, 44, 47, 48, 51, 53, 52, 51, 55, 56, 53, 49, 54, 56, 55, 54, 58, 59, 56, 50, 57, 59, 58, 57, 52, 53, 59, 53, 56, 59, 60, 63, 65, 64, 63, 67, 68, 65, 61, 66, 68, 67, 66, 70, 71, 68, 62, 69, 71, 70, 69, 64, 65, 71, 65, 68, 71, 72, 75, 77, 76, 75, 79, 80, 77, 73, 78, 80, 79, 78, 82, 83, 80, 74, 81, 83, 82, 81, 76, 77, 83, 77, 80, 83, 84, 87, 89, 88, 87, 91, 92, 89, 85, 90, 92, 91, 90, 94, 95, 92, 86, 93, 95, 94, 93, 88, 89, 95, 89, 92, 95, 24, 0, 4, 27, 27, 4, 9, 31, 31, 9, 2, 25, 1, 12, 16, 6, 6, 16, 21, 10, 10, 21, 14, 2, 13, 36, 40, 18, 18, 40, 45, 22, 22, 45, 38, 14, 37, 26, 34, 42, 42, 34, 30, 46, 46, 30, 25, 38, 72, 24, 28, 75, 75, 28, 33, 79, 79, 33, 26, 73, 36, 84, 88, 39, 39, 88, 93, 43, 43, 93, 86, 37, 85, 74, 82, 90, 90, 82, 78, 94, 94, 78, 73, 86, 48, 72, 76, 51, 51, 76, 81, 55, 55, 81, 74, 49, 84, 60, 64, 87, 87, 64, 69, 91, 91, 69, 62, 85, 61, 50, 58, 66, 66, 58, 54, 70, 70, 54, 49, 62, 0, 48, 52, 3, 3, 52, 57, 7, 7, 57, 50, 1, 60, 13, 19, 63, 63, 19, 15, 67, 67, 15, 12, 61, 24, 72, 48, 0]
uniform token subdivisionScheme = "none"
rel material:binding = </Component/Looks/Anodized_aluminum>
}
def Mesh "T_slot_008" (prepend apiSchemas = ["MaterialBindingAPI"]) {
point3f[] points = [(0.13230000436306, -0.13019999861717224, 0.02000001072883606), (0.13230000436306, -0.13050000369548798, 0.0203000009059906), (0.13199999928474426, -0.13019999861717224, 0.0203000009059906), (0.13230000436306, -0.130349799990654, 0.02004009485244751), (0.13215020298957825, -0.13019999861717224, 0.02004009485244751), (0.13215653598308563, -0.1303434669971466, 0.02007901668548584), (0.13215020298957825, -0.13045991957187653, 0.0203000009059906), (0.13230000436306, -0.13045991957187653, 0.020150214433670044), (0.13215653598308563, -0.130420982837677, 0.020156532526016235), (0.1320400834083557, -0.13019999861717224, 0.020150214433670044), (0.1320400834083557, -0.130349799990654, 0.0203000009059906), (0.13207902014255524, -0.1303434669971466, 0.020156532526016235), (0.13230000436306, -0.13050000369548798, 0.5297000408172607), (0.13230000436306, -0.13019999861717224, 0.5299999713897705), (0.13199999928474426, -0.13019999861717224, 0.5297000408172607), (0.13230000436306, -0.13045991957187653, 0.5298497676849365), (0.13215020298957825, -0.13045991957187653, 0.5297000408172607), (0.13215653598308563, -0.130420982837677, 0.5298434495925903), (0.13215020298957825, -0.13019999861717224, 0.5299599170684814), (0.13230000436306, -0.130349799990654, 0.5299599170684814), (0.13215653598308563, -0.1303434669971466, 0.5299209952354431), (0.1320400834083557, -0.130349799990654, 0.5297000408172607), (0.1320400834083557, -0.13019999861717224, 0.5298497676849365), (0.13207902014255524, -0.1303434669971466, 0.5298434495925903), (0.13230000436306, -0.12999999523162842, 0.02000001072883606), (0.13199999928474426, -0.12999999523162842, 0.0203000009059906), (0.13230000436306, -0.12969999015331268, 0.0203000009059906), (0.13215020298957825, -0.12999999523162842, 0.02004009485244751), (0.13230000436306, -0.12985019385814667, 0.02004009485244751), (0.13215653598308563, -0.12985652685165405, 0.02007901668548584), (0.1320400834083557, -0.12985019385814667, 0.0203000009059906), (0.1320400834083557, -0.12999999523162842, 0.020150214433670044), (0.13207902014255524, -0.12985652685165405, 0.020156532526016235), (0.13230000436306, -0.12974007427692413, 0.020150214433670044), (0.13215020298957825, -0.12974007427692413, 0.0203000009059906), (0.13215653598308563, -0.12977901101112366, 0.020156532526016235), (0.13230000436306, -0.12999999523162842, 0.5299999713897705), (0.13230000436306, -0.12969999015331268, 0.5297000408172607), (0.13199999928474426, -0.12999999523162842, 0.5297000408172607), (0.13230000436306, -0.12985019385814667, 0.5299599170684814), (0.13215020298957825, -0.12999999523162842, 0.5299599170684814), (0.13215653598308563, -0.12985652685165405, 0.5299209952354431), (0.13215020298957825, -0.12974007427692413, 0.5297000408172607), (0.13230000436306, -0.12974007427692413, 0.5298497676849365), (0.13215653598308563, -0.12977901101112366, 0.5298434495925903), (0.1320400834083557, -0.12999999523162842, 0.5298497676849365), (0.1320400834083557, -0.12985019385814667, 0.5297000408172607), (0.13207902014255524, -0.12985652685165405, 0.5298434495925903), (0.13770000636577606, -0.13019999861717224, 0.02000001072883606), (0.1380000114440918, -0.13019999861717224, 0.0203000009059906), (0.13770000636577606, -0.13050000369548798, 0.0203000009059906), (0.1378498077392578, -0.13019999861717224, 0.02004009485244751), (0.13770000636577606, -0.130349799990654, 0.02004009485244751), (0.13784347474575043, -0.1303434669971466, 0.02007901668548584), (0.13795992732048035, -0.130349799990654, 0.0203000009059906), (0.13795992732048035, -0.13019999861717224, 0.020150214433670044), (0.13792099058628082, -0.1303434669971466, 0.020156532526016235), (0.13770000636577606, -0.13045991957187653, 0.020150214433670044), (0.1378498077392578, -0.13045991957187653, 0.0203000009059906), (0.13784347474575043, -0.130420982837677, 0.020156532526016235), (0.13770000636577606, -0.13019999861717224, 0.5299999713897705), (0.13770000636577606, -0.13050000369548798, 0.5297000408172607), (0.1380000114440918, -0.13019999861717224, 0.5297000408172607), (0.13770000636577606, -0.130349799990654, 0.5299599170684814), (0.1378498077392578, -0.13019999861717224, 0.5299599170684814), (0.13784347474575043, -0.1303434669971466, 0.5299209952354431), (0.1378498077392578, -0.13045991957187653, 0.5297000408172607), (0.13770000636577606, -0.13045991957187653, 0.5298497676849365), (0.13784347474575043, -0.130420982837677, 0.5298434495925903), (0.13795992732048035, -0.13019999861717224, 0.5298497676849365), (0.13795992732048035, -0.130349799990654, 0.5297000408172607), (0.13792099058628082, -0.1303434669971466, 0.5298434495925903), (0.13770000636577606, -0.12999999523162842, 0.02000001072883606), (0.13770000636577606, -0.12969999015331268, 0.0203000009059906), (0.1380000114440918, -0.12999999523162842, 0.0203000009059906), (0.13770000636577606, -0.12985019385814667, 0.02004009485244751), (0.1378498077392578, -0.12999999523162842, 0.02004009485244751), (0.13784347474575043, -0.12985652685165405, 0.02007901668548584), (0.1378498077392578, -0.12974007427692413, 0.0203000009059906), (0.13770000636577606, -0.12974007427692413, 0.020150214433670044), (0.13784347474575043, -0.12977901101112366, 0.020156532526016235), (0.13795992732048035, -0.12999999523162842, 0.020150214433670044), (0.13795992732048035, -0.12985019385814667, 0.0203000009059906), (0.13792099058628082, -0.12985652685165405, 0.020156532526016235), (0.13770000636577606, -0.12999999523162842, 0.5299999713897705), (0.1380000114440918, -0.12999999523162842, 0.5297000408172607), (0.13770000636577606, -0.12969999015331268, 0.5297000408172607), (0.1378498077392578, -0.12999999523162842, 0.5299599170684814), (0.13770000636577606, -0.12985019385814667, 0.5299599170684814), (0.13784347474575043, -0.12985652685165405, 0.5299209952354431), (0.13795992732048035, -0.12985019385814667, 0.5297000408172607), (0.13795992732048035, -0.12999999523162842, 0.5298497676849365), (0.13792099058628082, -0.12985652685165405, 0.5298434495925903), (0.13770000636577606, -0.12974007427692413, 0.5298497676849365), (0.1378498077392578, -0.12974007427692413, 0.5297000408172607), (0.13784347474575043, -0.12977901101112366, 0.5298434495925903)]
int[] faceVertexCounts = [4, 4, 4, 4, 4, 4, 4, 4, 4, 4, 4, 3, 4, 4, 4, 4, 4, 4, 3, 4, 4, 4, 4, 4, 4, 3, 4, 4, 4, 4, 4, 4, 3, 4, 4, 4, 4, 4, 4, 3, 4, 4, 4, 4, 4, 4, 3, 4, 4, 4, 4, 4, 4, 3, 4, 4, 4, 4, 4, 4, 3, 4, 4, 4, 4, 4, 4, 4, 4, 4, 4, 4, 4, 4, 4, 4, 4, 4, 4, 4, 4, 4, 4, 4, 4, 4, 4, 4, 4, 4, 4, 4, 4, 4, 4, 4, 4, 4]
int[] faceVertexIndices = [50, 61, 12, 1, 74, 85, 62, 49, 84, 36, 13, 60, 2, 14, 38, 25, 26, 37, 86, 73, 0, 3, 5, 4, 3, 7, 8, 5, 1, 6, 8, 7, 6, 10, 11, 8, 2, 9, 11, 10, 9, 4, 5, 11, 5, 8, 11, 12, 15, 17, 16, 15, 19, 20, 17, 13, 18, 20, 19, 18, 22, 23, 20, 14, 21, 23, 22, 21, 16, 17, 23, 17, 20, 23, 24, 27, 29, 28, 27, 31, 32, 29, 25, 30, 32, 31, 30, 34, 35, 32, 26, 33, 35, 34, 33, 28, 29, 35, 29, 32, 35, 36, 39, 41, 40, 39, 43, 44, 41, 37, 42, 44, 43, 42, 46, 47, 44, 38, 45, 47, 46, 45, 40, 41, 47, 41, 44, 47, 48, 51, 53, 52, 51, 55, 56, 53, 49, 54, 56, 55, 54, 58, 59, 56, 50, 57, 59, 58, 57, 52, 53, 59, 53, 56, 59, 60, 63, 65, 64, 63, 67, 68, 65, 61, 66, 68, 67, 66, 70, 71, 68, 62, 69, 71, 70, 69, 64, 65, 71, 65, 68, 71, 72, 75, 77, 76, 75, 79, 80, 77, 73, 78, 80, 79, 78, 82, 83, 80, 74, 81, 83, 82, 81, 76, 77, 83, 77, 80, 83, 84, 87, 89, 88, 87, 91, 92, 89, 85, 90, 92, 91, 90, 94, 95, 92, 86, 93, 95, 94, 93, 88, 89, 95, 89, 92, 95, 24, 0, 4, 27, 27, 4, 9, 31, 31, 9, 2, 25, 1, 12, 16, 6, 6, 16, 21, 10, 10, 21, 14, 2, 13, 36, 40, 18, 18, 40, 45, 22, 22, 45, 38, 14, 37, 26, 34, 42, 42, 34, 30, 46, 46, 30, 25, 38, 72, 24, 28, 75, 75, 28, 33, 79, 79, 33, 26, 73, 36, 84, 88, 39, 39, 88, 93, 43, 43, 93, 86, 37, 85, 74, 82, 90, 90, 82, 78, 94, 94, 78, 73, 86, 48, 72, 76, 51, 51, 76, 81, 55, 55, 81, 74, 49, 84, 60, 64, 87, 87, 64, 69, 91, 91, 69, 62, 85, 61, 50, 58, 66, 66, 58, 54, 70, 70, 54, 49, 62, 0, 48, 52, 3, 3, 52, 57, 7, 7, 57, 50, 1, 60, 13, 19, 63, 63, 19, 15, 67, 67, 15, 12, 61, 24, 72, 48, 0]
uniform token subdivisionScheme = "none"
rel material:binding = </Component/Looks/Slot_and_fastener>
}
def Mesh "T_slot_009" (prepend apiSchemas = ["MaterialBindingAPI"]) {
point3f[] points = [(0.11980000138282776, -0.1177000030875206, 0.02000001072883606), (0.11980000138282776, -0.11800000071525574, 0.0203000009059906), (0.11950000375509262, -0.1177000030875206, 0.0203000009059906), (0.11980000138282776, -0.11784980446100235, 0.02004009485244751), (0.11965020000934601, -0.1177000030875206, 0.02004009485244751), (0.11965654045343399, -0.11784346401691437, 0.02007901668548584), (0.11965020000934601, -0.11795992404222488, 0.0203000009059906), (0.11980000138282776, -0.11795992404222488, 0.020150214433670044), (0.11965654045343399, -0.11792099475860596, 0.020156532526016235), (0.11954008042812347, -0.1177000030875206, 0.020150214433670044), (0.11954008042812347, -0.11784980446100235, 0.0203000009059906), (0.1195790097117424, -0.11784346401691437, 0.020156532526016235), (0.11980000138282776, -0.11800000071525574, 0.5297000408172607), (0.11980000138282776, -0.1177000030875206, 0.5299999713897705), (0.11950000375509262, -0.1177000030875206, 0.5297000408172607), (0.11980000138282776, -0.11795992404222488, 0.5298497676849365), (0.11965020000934601, -0.11795992404222488, 0.5297000408172607), (0.11965654045343399, -0.11792099475860596, 0.5298434495925903), (0.11965020000934601, -0.1177000030875206, 0.5299599170684814), (0.11980000138282776, -0.11784980446100235, 0.5299599170684814), (0.11965654045343399, -0.11784346401691437, 0.5299209952354431), (0.11954008042812347, -0.11784980446100235, 0.5297000408172607), (0.11954008042812347, -0.1177000030875206, 0.5298497676849365), (0.1195790097117424, -0.11784346401691437, 0.5298434495925903), (0.11980000138282776, -0.11230000108480453, 0.02000001072883606), (0.11950000375509262, -0.11230000108480453, 0.0203000009059906), (0.11980000138282776, -0.1120000034570694, 0.0203000009059906), (0.11965020000934601, -0.11230000108480453, 0.02004009485244751), (0.11980000138282776, -0.11215019971132278, 0.02004009485244751), (0.11965654045343399, -0.11215654015541077, 0.02007901668548584), (0.11954008042812347, -0.11215019971132278, 0.0203000009059906), (0.11954008042812347, -0.11230000108480453, 0.020150214433670044), (0.1195790097117424, -0.11215654015541077, 0.020156532526016235), (0.11980000138282776, -0.11204008013010025, 0.020150214433670044), (0.11965020000934601, -0.11204008013010025, 0.0203000009059906), (0.11965654045343399, -0.11207900941371918, 0.020156532526016235), (0.11980000138282776, -0.11230000108480453, 0.5299999713897705), (0.11980000138282776, -0.1120000034570694, 0.5297000408172607), (0.11950000375509262, -0.11230000108480453, 0.5297000408172607), (0.11980000138282776, -0.11215019971132278, 0.5299599170684814), (0.11965020000934601, -0.11230000108480453, 0.5299599170684814), (0.11965654045343399, -0.11215654015541077, 0.5299209952354431), (0.11965020000934601, -0.11204008013010025, 0.5297000408172607), (0.11980000138282776, -0.11204008013010025, 0.5298497676849365), (0.11965654045343399, -0.11207900941371918, 0.5298434495925903), (0.11954008042812347, -0.11230000108480453, 0.5298497676849365), (0.11954008042812347, -0.11215019971132278, 0.5297000408172607), (0.1195790097117424, -0.11215654015541077, 0.5298434495925903), (0.12000000476837158, -0.1177000030875206, 0.02000001072883606), (0.12030000239610672, -0.1177000030875206, 0.0203000009059906), (0.12000000476837158, -0.11800000071525574, 0.0203000009059906), (0.12014980614185333, -0.1177000030875206, 0.02004009485244751), (0.12000000476837158, -0.11784980446100235, 0.02004009485244751), (0.12014346569776535, -0.11784346401691437, 0.02007901668548584), (0.12025992572307587, -0.11784980446100235, 0.0203000009059906), (0.12025992572307587, -0.1177000030875206, 0.020150214433670044), (0.12022099643945694, -0.11784346401691437, 0.020156532526016235), (0.12000000476837158, -0.11795992404222488, 0.020150214433670044), (0.12014980614185333, -0.11795992404222488, 0.0203000009059906), (0.12014346569776535, -0.11792099475860596, 0.020156532526016235), (0.12000000476837158, -0.1177000030875206, 0.5299999713897705), (0.12000000476837158, -0.11800000071525574, 0.5297000408172607), (0.12030000239610672, -0.1177000030875206, 0.5297000408172607), (0.12000000476837158, -0.11784980446100235, 0.5299599170684814), (0.12014980614185333, -0.1177000030875206, 0.5299599170684814), (0.12014346569776535, -0.11784346401691437, 0.5299209952354431), (0.12014980614185333, -0.11795992404222488, 0.5297000408172607), (0.12000000476837158, -0.11795992404222488, 0.5298497676849365), (0.12014346569776535, -0.11792099475860596, 0.5298434495925903), (0.12025992572307587, -0.1177000030875206, 0.5298497676849365), (0.12025992572307587, -0.11784980446100235, 0.5297000408172607), (0.12022099643945694, -0.11784346401691437, 0.5298434495925903), (0.12000000476837158, -0.11230000108480453, 0.02000001072883606), (0.12000000476837158, -0.1120000034570694, 0.0203000009059906), (0.12030000239610672, -0.11230000108480453, 0.0203000009059906), (0.12000000476837158, -0.11215019971132278, 0.02004009485244751), (0.12014980614185333, -0.11230000108480453, 0.02004009485244751), (0.12014346569776535, -0.11215654015541077, 0.02007901668548584), (0.12014980614185333, -0.11204008013010025, 0.0203000009059906), (0.12000000476837158, -0.11204008013010025, 0.020150214433670044), (0.12014346569776535, -0.11207900941371918, 0.020156532526016235), (0.12025992572307587, -0.11230000108480453, 0.020150214433670044), (0.12025992572307587, -0.11215019971132278, 0.0203000009059906), (0.12022099643945694, -0.11215654015541077, 0.020156532526016235), (0.12000000476837158, -0.11230000108480453, 0.5299999713897705), (0.12030000239610672, -0.11230000108480453, 0.5297000408172607), (0.12000000476837158, -0.1120000034570694, 0.5297000408172607), (0.12014980614185333, -0.11230000108480453, 0.5299599170684814), (0.12000000476837158, -0.11215019971132278, 0.5299599170684814), (0.12014346569776535, -0.11215654015541077, 0.5299209952354431), (0.12025992572307587, -0.11215019971132278, 0.5297000408172607), (0.12025992572307587, -0.11230000108480453, 0.5298497676849365), (0.12022099643945694, -0.11215654015541077, 0.5298434495925903), (0.12000000476837158, -0.11204008013010025, 0.5298497676849365), (0.12014980614185333, -0.11204008013010025, 0.5297000408172607), (0.12014346569776535, -0.11207900941371918, 0.5298434495925903)]
int[] faceVertexCounts = [4, 4, 4, 4, 4, 4, 4, 4, 4, 4, 4, 3, 4, 4, 4, 4, 4, 4, 3, 4, 4, 4, 4, 4, 4, 3, 4, 4, 4, 4, 4, 4, 3, 4, 4, 4, 4, 4, 4, 3, 4, 4, 4, 4, 4, 4, 3, 4, 4, 4, 4, 4, 4, 3, 4, 4, 4, 4, 4, 4, 3, 4, 4, 4, 4, 4, 4, 4, 4, 4, 4, 4, 4, 4, 4, 4, 4, 4, 4, 4, 4, 4, 4, 4, 4, 4, 4, 4, 4, 4, 4, 4, 4, 4, 4, 4, 4, 4]
int[] faceVertexIndices = [50, 61, 12, 1, 74, 85, 62, 49, 84, 36, 13, 60, 2, 14, 38, 25, 26, 37, 86, 73, 0, 3, 5, 4, 3, 7, 8, 5, 1, 6, 8, 7, 6, 10, 11, 8, 2, 9, 11, 10, 9, 4, 5, 11, 5, 8, 11, 12, 15, 17, 16, 15, 19, 20, 17, 13, 18, 20, 19, 18, 22, 23, 20, 14, 21, 23, 22, 21, 16, 17, 23, 17, 20, 23, 24, 27, 29, 28, 27, 31, 32, 29, 25, 30, 32, 31, 30, 34, 35, 32, 26, 33, 35, 34, 33, 28, 29, 35, 29, 32, 35, 36, 39, 41, 40, 39, 43, 44, 41, 37, 42, 44, 43, 42, 46, 47, 44, 38, 45, 47, 46, 45, 40, 41, 47, 41, 44, 47, 48, 51, 53, 52, 51, 55, 56, 53, 49, 54, 56, 55, 54, 58, 59, 56, 50, 57, 59, 58, 57, 52, 53, 59, 53, 56, 59, 60, 63, 65, 64, 63, 67, 68, 65, 61, 66, 68, 67, 66, 70, 71, 68, 62, 69, 71, 70, 69, 64, 65, 71, 65, 68, 71, 72, 75, 77, 76, 75, 79, 80, 77, 73, 78, 80, 79, 78, 82, 83, 80, 74, 81, 83, 82, 81, 76, 77, 83, 77, 80, 83, 84, 87, 89, 88, 87, 91, 92, 89, 85, 90, 92, 91, 90, 94, 95, 92, 86, 93, 95, 94, 93, 88, 89, 95, 89, 92, 95, 24, 0, 4, 27, 27, 4, 9, 31, 31, 9, 2, 25, 1, 12, 16, 6, 6, 16, 21, 10, 10, 21, 14, 2, 13, 36, 40, 18, 18, 40, 45, 22, 22, 45, 38, 14, 37, 26, 34, 42, 42, 34, 30, 46, 46, 30, 25, 38, 72, 24, 28, 75, 75, 28, 33, 79, 79, 33, 26, 73, 36, 84, 88, 39, 39, 88, 93, 43, 43, 93, 86, 37, 85, 74, 82, 90, 90, 82, 78, 94, 94, 78, 73, 86, 48, 72, 76, 51, 51, 76, 81, 55, 55, 81, 74, 49, 84, 60, 64, 87, 87, 64, 69, 91, 91, 69, 62, 85, 61, 50, 58, 66, 66, 58, 54, 70, 70, 54, 49, 62, 0, 48, 52, 3, 3, 52, 57, 7, 7, 57, 50, 1, 60, 13, 19, 63, 63, 19, 15, 67, 67, 15, 12, 61, 24, 72, 48, 0]
uniform token subdivisionScheme = "none"
rel material:binding = </Component/Looks/Slot_and_fastener>
}
def Mesh "T_slot_010" (prepend apiSchemas = ["MaterialBindingAPI"]) {
point3f[] points = [(0.13230000436306, -0.10000000149011612, 0.02000001072883606), (0.13230000436306, -0.10029999911785126, 0.0203000009059906), (0.13199999928474426, -0.10000000149011612, 0.0203000009059906), (0.13230000436306, -0.10014980286359787, 0.02004009485244751), (0.13215020298957825, -0.10000000149011612, 0.02004009485244751), (0.13215653598308563, -0.10014346241950989, 0.02007901668548584), (0.13215020298957825, -0.1002599224448204, 0.0203000009059906), (0.13230000436306, -0.1002599224448204, 0.020150214433670044), (0.13215653598308563, -0.10022099316120148, 0.020156532526016235), (0.1320400834083557, -0.10000000149011612, 0.020150214433670044), (0.1320400834083557, -0.10014980286359787, 0.0203000009059906), (0.13207902014255524, -0.10014346241950989, 0.020156532526016235), (0.13230000436306, -0.10029999911785126, 0.5297000408172607), (0.13230000436306, -0.10000000149011612, 0.5299999713897705), (0.13199999928474426, -0.10000000149011612, 0.5297000408172607), (0.13230000436306, -0.1002599224448204, 0.5298497676849365), (0.13215020298957825, -0.1002599224448204, 0.5297000408172607), (0.13215653598308563, -0.10022099316120148, 0.5298434495925903), (0.13215020298957825, -0.10000000149011612, 0.5299599170684814), (0.13230000436306, -0.10014980286359787, 0.5299599170684814), (0.13215653598308563, -0.10014346241950989, 0.5299209952354431), (0.1320400834083557, -0.10014980286359787, 0.5297000408172607), (0.1320400834083557, -0.10000000149011612, 0.5298497676849365), (0.13207902014255524, -0.10014346241950989, 0.5298434495925903), (0.13230000436306, -0.0997999981045723, 0.02000001072883606), (0.13199999928474426, -0.0997999981045723, 0.0203000009059906), (0.13230000436306, -0.09950000047683716, 0.0203000009059906), (0.13215020298957825, -0.0997999981045723, 0.02004009485244751), (0.13230000436306, -0.09965019673109055, 0.02004009485244751), (0.13215653598308563, -0.09965653717517853, 0.02007901668548584), (0.1320400834083557, -0.09965019673109055, 0.0203000009059906), (0.1320400834083557, -0.0997999981045723, 0.020150214433670044), (0.13207902014255524, -0.09965653717517853, 0.020156532526016235), (0.13230000436306, -0.09954007714986801, 0.020150214433670044), (0.13215020298957825, -0.09954007714986801, 0.0203000009059906), (0.13215653598308563, -0.09957900643348694, 0.020156532526016235), (0.13230000436306, -0.0997999981045723, 0.5299999713897705), (0.13230000436306, -0.09950000047683716, 0.5297000408172607), (0.13199999928474426, -0.0997999981045723, 0.5297000408172607), (0.13230000436306, -0.09965019673109055, 0.5299599170684814), (0.13215020298957825, -0.0997999981045723, 0.5299599170684814), (0.13215653598308563, -0.09965653717517853, 0.5299209952354431), (0.13215020298957825, -0.09954007714986801, 0.5297000408172607), (0.13230000436306, -0.09954007714986801, 0.5298497676849365), (0.13215653598308563, -0.09957900643348694, 0.5298434495925903), (0.1320400834083557, -0.0997999981045723, 0.5298497676849365), (0.1320400834083557, -0.09965019673109055, 0.5297000408172607), (0.13207902014255524, -0.09965653717517853, 0.5298434495925903), (0.13770000636577606, -0.10000000149011612, 0.02000001072883606), (0.1380000114440918, -0.10000000149011612, 0.0203000009059906), (0.13770000636577606, -0.10029999911785126, 0.0203000009059906), (0.1378498077392578, -0.10000000149011612, 0.02004009485244751), (0.13770000636577606, -0.10014980286359787, 0.02004009485244751), (0.13784347474575043, -0.10014346241950989, 0.02007901668548584), (0.13795992732048035, -0.10014980286359787, 0.0203000009059906), (0.13795992732048035, -0.10000000149011612, 0.020150214433670044), (0.13792099058628082, -0.10014346241950989, 0.020156532526016235), (0.13770000636577606, -0.1002599224448204, 0.020150214433670044), (0.1378498077392578, -0.1002599224448204, 0.0203000009059906), (0.13784347474575043, -0.10022099316120148, 0.020156532526016235), (0.13770000636577606, -0.10000000149011612, 0.5299999713897705), (0.13770000636577606, -0.10029999911785126, 0.5297000408172607), (0.1380000114440918, -0.10000000149011612, 0.5297000408172607), (0.13770000636577606, -0.10014980286359787, 0.5299599170684814), (0.1378498077392578, -0.10000000149011612, 0.5299599170684814), (0.13784347474575043, -0.10014346241950989, 0.5299209952354431), (0.1378498077392578, -0.1002599224448204, 0.5297000408172607), (0.13770000636577606, -0.1002599224448204, 0.5298497676849365), (0.13784347474575043, -0.10022099316120148, 0.5298434495925903), (0.13795992732048035, -0.10000000149011612, 0.5298497676849365), (0.13795992732048035, -0.10014980286359787, 0.5297000408172607), (0.13792099058628082, -0.10014346241950989, 0.5298434495925903), (0.13770000636577606, -0.0997999981045723, 0.02000001072883606), (0.13770000636577606, -0.09950000047683716, 0.0203000009059906), (0.1380000114440918, -0.0997999981045723, 0.0203000009059906), (0.13770000636577606, -0.09965019673109055, 0.02004009485244751), (0.1378498077392578, -0.0997999981045723, 0.02004009485244751), (0.13784347474575043, -0.09965653717517853, 0.02007901668548584), (0.1378498077392578, -0.09954007714986801, 0.0203000009059906), (0.13770000636577606, -0.09954007714986801, 0.020150214433670044), (0.13784347474575043, -0.09957900643348694, 0.020156532526016235), (0.13795992732048035, -0.0997999981045723, 0.020150214433670044), (0.13795992732048035, -0.09965019673109055, 0.0203000009059906), (0.13792099058628082, -0.09965653717517853, 0.020156532526016235), (0.13770000636577606, -0.0997999981045723, 0.5299999713897705), (0.1380000114440918, -0.0997999981045723, 0.5297000408172607), (0.13770000636577606, -0.09950000047683716, 0.5297000408172607), (0.1378498077392578, -0.0997999981045723, 0.5299599170684814), (0.13770000636577606, -0.09965019673109055, 0.5299599170684814), (0.13784347474575043, -0.09965653717517853, 0.5299209952354431), (0.13795992732048035, -0.09965019673109055, 0.5297000408172607), (0.13795992732048035, -0.0997999981045723, 0.5298497676849365), (0.13792099058628082, -0.09965653717517853, 0.5298434495925903), (0.13770000636577606, -0.09954007714986801, 0.5298497676849365), (0.1378498077392578, -0.09954007714986801, 0.5297000408172607), (0.13784347474575043, -0.09957900643348694, 0.5298434495925903)]
int[] faceVertexCounts = [4, 4, 4, 4, 4, 4, 4, 4, 4, 4, 4, 3, 4, 4, 4, 4, 4, 4, 3, 4, 4, 4, 4, 4, 4, 3, 4, 4, 4, 4, 4, 4, 3, 4, 4, 4, 4, 4, 4, 3, 4, 4, 4, 4, 4, 4, 3, 4, 4, 4, 4, 4, 4, 3, 4, 4, 4, 4, 4, 4, 3, 4, 4, 4, 4, 4, 4, 4, 4, 4, 4, 4, 4, 4, 4, 4, 4, 4, 4, 4, 4, 4, 4, 4, 4, 4, 4, 4, 4, 4, 4, 4, 4, 4, 4, 4, 4, 4]
int[] faceVertexIndices = [50, 61, 12, 1, 74, 85, 62, 49, 84, 36, 13, 60, 2, 14, 38, 25, 26, 37, 86, 73, 0, 3, 5, 4, 3, 7, 8, 5, 1, 6, 8, 7, 6, 10, 11, 8, 2, 9, 11, 10, 9, 4, 5, 11, 5, 8, 11, 12, 15, 17, 16, 15, 19, 20, 17, 13, 18, 20, 19, 18, 22, 23, 20, 14, 21, 23, 22, 21, 16, 17, 23, 17, 20, 23, 24, 27, 29, 28, 27, 31, 32, 29, 25, 30, 32, 31, 30, 34, 35, 32, 26, 33, 35, 34, 33, 28, 29, 35, 29, 32, 35, 36, 39, 41, 40, 39, 43, 44, 41, 37, 42, 44, 43, 42, 46, 47, 44, 38, 45, 47, 46, 45, 40, 41, 47, 41, 44, 47, 48, 51, 53, 52, 51, 55, 56, 53, 49, 54, 56, 55, 54, 58, 59, 56, 50, 57, 59, 58, 57, 52, 53, 59, 53, 56, 59, 60, 63, 65, 64, 63, 67, 68, 65, 61, 66, 68, 67, 66, 70, 71, 68, 62, 69, 71, 70, 69, 64, 65, 71, 65, 68, 71, 72, 75, 77, 76, 75, 79, 80, 77, 73, 78, 80, 79, 78, 82, 83, 80, 74, 81, 83, 82, 81, 76, 77, 83, 77, 80, 83, 84, 87, 89, 88, 87, 91, 92, 89, 85, 90, 92, 91, 90, 94, 95, 92, 86, 93, 95, 94, 93, 88, 89, 95, 89, 92, 95, 24, 0, 4, 27, 27, 4, 9, 31, 31, 9, 2, 25, 1, 12, 16, 6, 6, 16, 21, 10, 10, 21, 14, 2, 13, 36, 40, 18, 18, 40, 45, 22, 22, 45, 38, 14, 37, 26, 34, 42, 42, 34, 30, 46, 46, 30, 25, 38, 72, 24, 28, 75, 75, 28, 33, 79, 79, 33, 26, 73, 36, 84, 88, 39, 39, 88, 93, 43, 43, 93, 86, 37, 85, 74, 82, 90, 90, 82, 78, 94, 94, 78, 73, 86, 48, 72, 76, 51, 51, 76, 81, 55, 55, 81, 74, 49, 84, 60, 64, 87, 87, 64, 69, 91, 91, 69, 62, 85, 61, 50, 58, 66, 66, 58, 54, 70, 70, 54, 49, 62, 0, 48, 52, 3, 3, 52, 57, 7, 7, 57, 50, 1, 60, 13, 19, 63, 63, 19, 15, 67, 67, 15, 12, 61, 24, 72, 48, 0]
uniform token subdivisionScheme = "none"
rel material:binding = </Component/Looks/Slot_and_fastener>
}
def Mesh "T_slot_011" (prepend apiSchemas = ["MaterialBindingAPI"]) {
point3f[] points = [(0.14999999105930328, -0.1177000030875206, 0.02000001072883606), (0.14999999105930328, -0.11800000071525574, 0.0203000009059906), (0.14969998598098755, -0.1177000030875206, 0.0203000009059906), (0.14999999105930328, -0.11784980446100235, 0.02004009485244751), (0.14985018968582153, -0.1177000030875206, 0.02004009485244751), (0.14985652267932892, -0.11784346401691437, 0.02007901668548584), (0.14985018968582153, -0.11795992404222488, 0.0203000009059906), (0.14999999105930328, -0.11795992404222488, 0.020150214433670044), (0.14985652267932892, -0.11792099475860596, 0.020156532526016235), (0.149740070104599, -0.1177000030875206, 0.020150214433670044), (0.149740070104599, -0.11784980446100235, 0.0203000009059906), (0.14977900683879852, -0.11784346401691437, 0.020156532526016235), (0.14999999105930328, -0.11800000071525574, 0.5297000408172607), (0.14999999105930328, -0.1177000030875206, 0.5299999713897705), (0.14969998598098755, -0.1177000030875206, 0.5297000408172607), (0.14999999105930328, -0.11795992404222488, 0.5298497676849365), (0.14985018968582153, -0.11795992404222488, 0.5297000408172607), (0.14985652267932892, -0.11792099475860596, 0.5298434495925903), (0.14985018968582153, -0.1177000030875206, 0.5299599170684814), (0.14999999105930328, -0.11784980446100235, 0.5299599170684814), (0.14985652267932892, -0.11784346401691437, 0.5299209952354431), (0.149740070104599, -0.11784980446100235, 0.5297000408172607), (0.149740070104599, -0.1177000030875206, 0.5298497676849365), (0.14977900683879852, -0.11784346401691437, 0.5298434495925903), (0.14999999105930328, -0.11230000108480453, 0.02000001072883606), (0.14969998598098755, -0.11230000108480453, 0.0203000009059906), (0.14999999105930328, -0.1120000034570694, 0.0203000009059906), (0.14985018968582153, -0.11230000108480453, 0.02004009485244751), (0.14999999105930328, -0.11215019971132278, 0.02004009485244751), (0.14985652267932892, -0.11215654015541077, 0.02007901668548584), (0.149740070104599, -0.11215019971132278, 0.0203000009059906), (0.149740070104599, -0.11230000108480453, 0.020150214433670044), (0.14977900683879852, -0.11215654015541077, 0.020156532526016235), (0.14999999105930328, -0.11204008013010025, 0.020150214433670044), (0.14985018968582153, -0.11204008013010025, 0.0203000009059906), (0.14985652267932892, -0.11207900941371918, 0.020156532526016235), (0.14999999105930328, -0.11230000108480453, 0.5299999713897705), (0.14999999105930328, -0.1120000034570694, 0.5297000408172607), (0.14969998598098755, -0.11230000108480453, 0.5297000408172607), (0.14999999105930328, -0.11215019971132278, 0.5299599170684814), (0.14985018968582153, -0.11230000108480453, 0.5299599170684814), (0.14985652267932892, -0.11215654015541077, 0.5299209952354431), (0.14985018968582153, -0.11204008013010025, 0.5297000408172607), (0.14999999105930328, -0.11204008013010025, 0.5298497676849365), (0.14985652267932892, -0.11207900941371918, 0.5298434495925903), (0.149740070104599, -0.11230000108480453, 0.5298497676849365), (0.149740070104599, -0.11215019971132278, 0.5297000408172607), (0.14977900683879852, -0.11215654015541077, 0.5298434495925903), (0.1501999944448471, -0.1177000030875206, 0.02000001072883606), (0.15049999952316284, -0.1177000030875206, 0.0203000009059906), (0.1501999944448471, -0.11800000071525574, 0.0203000009059906), (0.15034979581832886, -0.1177000030875206, 0.02004009485244751), (0.1501999944448471, -0.11784980446100235, 0.02004009485244751), (0.15034346282482147, -0.11784346401691437, 0.02007901668548584), (0.1504599153995514, -0.11784980446100235, 0.0203000009059906), (0.1504599153995514, -0.1177000030875206, 0.020150214433670044), (0.15042097866535187, -0.11784346401691437, 0.020156532526016235), (0.1501999944448471, -0.11795992404222488, 0.020150214433670044), (0.15034979581832886, -0.11795992404222488, 0.0203000009059906), (0.15034346282482147, -0.11792099475860596, 0.020156532526016235), (0.1501999944448471, -0.1177000030875206, 0.5299999713897705), (0.1501999944448471, -0.11800000071525574, 0.5297000408172607), (0.15049999952316284, -0.1177000030875206, 0.5297000408172607), (0.1501999944448471, -0.11784980446100235, 0.5299599170684814), (0.15034979581832886, -0.1177000030875206, 0.5299599170684814), (0.15034346282482147, -0.11784346401691437, 0.5299209952354431), (0.15034979581832886, -0.11795992404222488, 0.5297000408172607), (0.1501999944448471, -0.11795992404222488, 0.5298497676849365), (0.15034346282482147, -0.11792099475860596, 0.5298434495925903), (0.1504599153995514, -0.1177000030875206, 0.5298497676849365), (0.1504599153995514, -0.11784980446100235, 0.5297000408172607), (0.15042097866535187, -0.11784346401691437, 0.5298434495925903), (0.1501999944448471, -0.11230000108480453, 0.02000001072883606), (0.1501999944448471, -0.1120000034570694, 0.0203000009059906), (0.15049999952316284, -0.11230000108480453, 0.0203000009059906), (0.1501999944448471, -0.11215019971132278, 0.02004009485244751), (0.15034979581832886, -0.11230000108480453, 0.02004009485244751), (0.15034346282482147, -0.11215654015541077, 0.02007901668548584), (0.15034979581832886, -0.11204008013010025, 0.0203000009059906), (0.1501999944448471, -0.11204008013010025, 0.020150214433670044), (0.15034346282482147, -0.11207900941371918, 0.020156532526016235), (0.1504599153995514, -0.11230000108480453, 0.020150214433670044), (0.1504599153995514, -0.11215019971132278, 0.0203000009059906), (0.15042097866535187, -0.11215654015541077, 0.020156532526016235), (0.1501999944448471, -0.11230000108480453, 0.5299999713897705), (0.15049999952316284, -0.11230000108480453, 0.5297000408172607), (0.1501999944448471, -0.1120000034570694, 0.5297000408172607), (0.15034979581832886, -0.11230000108480453, 0.5299599170684814), (0.1501999944448471, -0.11215019971132278, 0.5299599170684814), (0.15034346282482147, -0.11215654015541077, 0.5299209952354431), (0.1504599153995514, -0.11215019971132278, 0.5297000408172607), (0.1504599153995514, -0.11230000108480453, 0.5298497676849365), (0.15042097866535187, -0.11215654015541077, 0.5298434495925903), (0.1501999944448471, -0.11204008013010025, 0.5298497676849365), (0.15034979581832886, -0.11204008013010025, 0.5297000408172607), (0.15034346282482147, -0.11207900941371918, 0.5298434495925903)]
int[] faceVertexCounts = [4, 4, 4, 4, 4, 4, 4, 4, 4, 4, 4, 3, 4, 4, 4, 4, 4, 4, 3, 4, 4, 4, 4, 4, 4, 3, 4, 4, 4, 4, 4, 4, 3, 4, 4, 4, 4, 4, 4, 3, 4, 4, 4, 4, 4, 4, 3, 4, 4, 4, 4, 4, 4, 3, 4, 4, 4, 4, 4, 4, 3, 4, 4, 4, 4, 4, 4, 4, 4, 4, 4, 4, 4, 4, 4, 4, 4, 4, 4, 4, 4, 4, 4, 4, 4, 4, 4, 4, 4, 4, 4, 4, 4, 4, 4, 4, 4, 4]
int[] faceVertexIndices = [50, 61, 12, 1, 74, 85, 62, 49, 84, 36, 13, 60, 2, 14, 38, 25, 26, 37, 86, 73, 0, 3, 5, 4, 3, 7, 8, 5, 1, 6, 8, 7, 6, 10, 11, 8, 2, 9, 11, 10, 9, 4, 5, 11, 5, 8, 11, 12, 15, 17, 16, 15, 19, 20, 17, 13, 18, 20, 19, 18, 22, 23, 20, 14, 21, 23, 22, 21, 16, 17, 23, 17, 20, 23, 24, 27, 29, 28, 27, 31, 32, 29, 25, 30, 32, 31, 30, 34, 35, 32, 26, 33, 35, 34, 33, 28, 29, 35, 29, 32, 35, 36, 39, 41, 40, 39, 43, 44, 41, 37, 42, 44, 43, 42, 46, 47, 44, 38, 45, 47, 46, 45, 40, 41, 47, 41, 44, 47, 48, 51, 53, 52, 51, 55, 56, 53, 49, 54, 56, 55, 54, 58, 59, 56, 50, 57, 59, 58, 57, 52, 53, 59, 53, 56, 59, 60, 63, 65, 64, 63, 67, 68, 65, 61, 66, 68, 67, 66, 70, 71, 68, 62, 69, 71, 70, 69, 64, 65, 71, 65, 68, 71, 72, 75, 77, 76, 75, 79, 80, 77, 73, 78, 80, 79, 78, 82, 83, 80, 74, 81, 83, 82, 81, 76, 77, 83, 77, 80, 83, 84, 87, 89, 88, 87, 91, 92, 89, 85, 90, 92, 91, 90, 94, 95, 92, 86, 93, 95, 94, 93, 88, 89, 95, 89, 92, 95, 24, 0, 4, 27, 27, 4, 9, 31, 31, 9, 2, 25, 1, 12, 16, 6, 6, 16, 21, 10, 10, 21, 14, 2, 13, 36, 40, 18, 18, 40, 45, 22, 22, 45, 38, 14, 37, 26, 34, 42, 42, 34, 30, 46, 46, 30, 25, 38, 72, 24, 28, 75, 75, 28, 33, 79, 79, 33, 26, 73, 36, 84, 88, 39, 39, 88, 93, 43, 43, 93, 86, 37, 85, 74, 82, 90, 90, 82, 78, 94, 94, 78, 73, 86, 48, 72, 76, 51, 51, 76, 81, 55, 55, 81, 74, 49, 84, 60, 64, 87, 87, 64, 69, 91, 91, 69, 62, 85, 61, 50, 58, 66, 66, 58, 54, 70, 70, 54, 49, 62, 0, 48, 52, 3, 3, 52, 57, 7, 7, 57, 50, 1, 60, 13, 19, 63, 63, 19, 15, 67, 67, 15, 12, 61, 24, 72, 48, 0]
uniform token subdivisionScheme = "none"
rel material:binding = </Component/Looks/Slot_and_fastener>
}
def Mesh "Socket_bolt_004" (prepend apiSchemas = ["MaterialBindingAPI"]) {
point3f[] points = [(0.13500000536441803, -0.11050000041723251, 0.007499999366700649), (0.13500000536441803, -0.11050000041723251, 0.010499999858438969), (0.13558737933635712, -0.11053849756717682, 0.007499999366700649), (0.13558737933635712, -0.11053849756717682, 0.010499999858438969), (0.13616469502449036, -0.1106533333659172, 0.007499999366700649), (0.13616469502449036, -0.1106533333659172, 0.010499999858438969), (0.13672208786010742, -0.11084254086017609, 0.007499999366700649), (0.13672208786010742, -0.11084254086017609, 0.010499999858438969), (0.13725000619888306, -0.1111028864979744, 0.007499999366700649), (0.13725000619888306, -0.1111028864979744, 0.010499999858438969), (0.13773943483829498, -0.11142991483211517, 0.007499999366700649), (0.13773943483829498, -0.11142991483211517, 0.010499999858438969), (0.13818198442459106, -0.11181802302598953, 0.007499999366700649), (0.13818198442459106, -0.11181802302598953, 0.010499999858438969), (0.13857010006904602, -0.11226057261228561, 0.007499999366700649), (0.13857010006904602, -0.11226057261228561, 0.010499999858438969), (0.1388971209526062, -0.11275000125169754, 0.007499999366700649), (0.1388971209526062, -0.11275000125169754, 0.010499999858438969), (0.1391574591398239, -0.11327792704105377, 0.007499999366700649), (0.1391574591398239, -0.11327792704105377, 0.010499999858438969), (0.1393466740846634, -0.11383531987667084, 0.007499999366700649), (0.1393466740846634, -0.11383531987667084, 0.010499999858438969), (0.13946150243282318, -0.11441263556480408, 0.007499999366700649), (0.13946150243282318, -0.11441263556480408, 0.010499999858438969), (0.13950000703334808, -0.11500000208616257, 0.007499999366700649), (0.13950000703334808, -0.11500000208616257, 0.010499999858438969), (0.13946150243282318, -0.11558736860752106, 0.007499999366700649), (0.13946150243282318, -0.11558736860752106, 0.010499999858438969), (0.1393466740846634, -0.1161646842956543, 0.007499999366700649), (0.1393466740846634, -0.1161646842956543, 0.010499999858438969), (0.1391574591398239, -0.11672207713127136, 0.007499999366700649), (0.1391574591398239, -0.11672207713127136, 0.010499999858438969), (0.1388971209526062, -0.1172500029206276, 0.007499999366700649), (0.1388971209526062, -0.1172500029206276, 0.010499999858438969), (0.13857010006904602, -0.11773943156003952, 0.007499999366700649), (0.13857010006904602, -0.11773943156003952, 0.010499999858438969), (0.13818198442459106, -0.1181819811463356, 0.007499999366700649), (0.13818198442459106, -0.1181819811463356, 0.010499999858438969), (0.13773943483829498, -0.11857008934020996, 0.007499999366700649), (0.13773943483829498, -0.11857008934020996, 0.010499999858438969), (0.13725000619888306, -0.11889711767435074, 0.007499999366700649), (0.13725000619888306, -0.11889711767435074, 0.010499999858438969), (0.13672208786010742, -0.11915746331214905, 0.007499999366700649), (0.13672208786010742, -0.11915746331214905, 0.010499999858438969), (0.13616469502449036, -0.11934667080640793, 0.007499999366700649), (0.13616469502449036, -0.11934667080640793, 0.010499999858438969), (0.13558737933635712, -0.11946150660514832, 0.007499999366700649), (0.13558737933635712, -0.11946150660514832, 0.010499999858438969), (0.13500000536441803, -0.11950000375509262, 0.007499999366700649), (0.13500000536441803, -0.11950000375509262, 0.010499999858438969), (0.13441263139247894, -0.11946150660514832, 0.007499999366700649), (0.13441263139247894, -0.11946150660514832, 0.010499999858438969), (0.1338353157043457, -0.11934667080640793, 0.007499999366700649), (0.1338353157043457, -0.11934667080640793, 0.010499999858438969), (0.13327792286872864, -0.11915746331214905, 0.007499999366700649), (0.13327792286872864, -0.11915746331214905, 0.010499999858438969), (0.132750004529953, -0.11889711767435074, 0.007499999366700649), (0.132750004529953, -0.11889711767435074, 0.010499999858438969), (0.13226057589054108, -0.11857008934020996, 0.007499999366700649), (0.13226057589054108, -0.11857008934020996, 0.010499999858438969), (0.131818026304245, -0.1181819811463356, 0.007499999366700649), (0.131818026304245, -0.1181819811463356, 0.010499999858438969), (0.13142991065979004, -0.11773943156003952, 0.007499999366700649), (0.13142991065979004, -0.11773943156003952, 0.010499999858438969), (0.13110288977622986, -0.1172500029206276, 0.007499999366700649), (0.13110288977622986, -0.1172500029206276, 0.010499999858438969), (0.13084255158901215, -0.11672207713127136, 0.007499999366700649), (0.13084255158901215, -0.11672207713127136, 0.010499999858438969), (0.13065333664417267, -0.1161646842956543, 0.007499999366700649), (0.13065333664417267, -0.1161646842956543, 0.010499999858438969), (0.13053850829601288, -0.11558736860752106, 0.007499999366700649), (0.13053850829601288, -0.11558736860752106, 0.010499999858438969), (0.13050000369548798, -0.11500000208616257, 0.007499999366700649), (0.13050000369548798, -0.11500000208616257, 0.010499999858438969), (0.13053850829601288, -0.11441263556480408, 0.007499999366700649), (0.13053850829601288, -0.11441263556480408, 0.010499999858438969), (0.13065333664417267, -0.11383531987667084, 0.007499999366700649), (0.13065333664417267, -0.11383531987667084, 0.010499999858438969), (0.13084255158901215, -0.11327792704105377, 0.007499999366700649), (0.13084255158901215, -0.11327792704105377, 0.010499999858438969), (0.13110288977622986, -0.11275000125169754, 0.007499999366700649), (0.13110288977622986, -0.11275000125169754, 0.010499999858438969), (0.13142991065979004, -0.11226057261228561, 0.007499999366700649), (0.13142991065979004, -0.11226057261228561, 0.010499999858438969), (0.131818026304245, -0.11181802302598953, 0.007499999366700649), (0.131818026304245, -0.11181802302598953, 0.010499999858438969), (0.13226057589054108, -0.11142991483211517, 0.007499999366700649), (0.13226057589054108, -0.11142991483211517, 0.010499999858438969), (0.132750004529953, -0.1111028864979744, 0.007499999366700649), (0.132750004529953, -0.1111028864979744, 0.010499999858438969), (0.13327792286872864, -0.11084254086017609, 0.007499999366700649), (0.13327792286872864, -0.11084254086017609, 0.010499999858438969), (0.1338353157043457, -0.1106533333659172, 0.007499999366700649), (0.1338353157043457, -0.1106533333659172, 0.010499999858438969), (0.13441263139247894, -0.11053849756717682, 0.007499999366700649), (0.13441263139247894, -0.11053849756717682, 0.010499999858438969)]
int[] faceVertexCounts = [4, 4, 4, 4, 4, 4, 4, 4, 4, 4, 4, 4, 4, 4, 4, 4, 4, 4, 4, 4, 4, 4, 4, 4, 4, 4, 4, 4, 4, 4, 4, 4, 4, 4, 4, 4, 4, 4, 4, 4, 4, 4, 4, 4, 4, 4, 48, 4, 4, 48]
int[] faceVertexIndices = [0, 1, 3, 2, 2, 3, 5, 4, 4, 5, 7, 6, 6, 7, 9, 8, 8, 9, 11, 10, 10, 11, 13, 12, 12, 13, 15, 14, 14, 15, 17, 16, 16, 17, 19, 18, 18, 19, 21, 20, 20, 21, 23, 22, 22, 23, 25, 24, 24, 25, 27, 26, 26, 27, 29, 28, 28, 29, 31, 30, 30, 31, 33, 32, 32, 33, 35, 34, 34, 35, 37, 36, 36, 37, 39, 38, 38, 39, 41, 40, 40, 41, 43, 42, 42, 43, 45, 44, 44, 45, 47, 46, 46, 47, 49, 48, 48, 49, 51, 50, 50, 51, 53, 52, 52, 53, 55, 54, 54, 55, 57, 56, 56, 57, 59, 58, 58, 59, 61, 60, 60, 61, 63, 62, 62, 63, 65, 64, 64, 65, 67, 66, 66, 67, 69, 68, 68, 69, 71, 70, 70, 71, 73, 72, 72, 73, 75, 74, 74, 75, 77, 76, 76, 77, 79, 78, 78, 79, 81, 80, 80, 81, 83, 82, 82, 83, 85, 84, 84, 85, 87, 86, 86, 87, 89, 88, 88, 89, 91, 90, 90, 91, 93, 92, 3, 1, 95, 93, 91, 89, 87, 85, 83, 81, 79, 77, 75, 73, 71, 69, 67, 65, 63, 61, 59, 57, 55, 53, 51, 49, 47, 45, 43, 41, 39, 37, 35, 33, 31, 29, 27, 25, 23, 21, 19, 17, 15, 13, 11, 9, 7, 5, 92, 93, 95, 94, 94, 95, 1, 0, 0, 2, 4, 6, 8, 10, 12, 14, 16, 18, 20, 22, 24, 26, 28, 30, 32, 34, 36, 38, 40, 42, 44, 46, 48, 50, 52, 54, 56, 58, 60, 62, 64, 66, 68, 70, 72, 74, 76, 78, 80, 82, 84, 86, 88, 90, 92, 94]
uniform token subdivisionScheme = "none"
rel material:binding = </Component/Looks/Slot_and_fastener>
}
def Mesh "Gusset_bracket_004" (prepend apiSchemas = ["MaterialBindingAPI"]) {
point3f[] points = [(0.11350000649690628, -0.1315000057220459, 0.008499998599290848), (0.11350000649690628, -0.13250000774860382, 0.009499998763203621), (0.11250000447034836, -0.1315000057220459, 0.009499998763203621), (0.11349999904632568, -0.13199934363365173, 0.008633596822619438), (0.11300066113471985, -0.1315000057220459, 0.008633596822619438), (0.11302179098129272, -0.13197821378707886, 0.008763367310166359), (0.11300066113471985, -0.13236640393733978, 0.00950000062584877), (0.11349999904632568, -0.13236640393733978, 0.009000657126307487), (0.11302179098129272, -0.13223662972450256, 0.009021788835525513), (0.1126336008310318, -0.1315000057220459, 0.009000657126307487), (0.1126336008310318, -0.13199934363365173, 0.00950000062584877), (0.11276336759328842, -0.13197821378707886, 0.009021788835525513), (0.11350000649690628, -0.13250000774860382, 0.05250000208616257), (0.11350000649690628, -0.1315000057220459, 0.05350000038743019), (0.11250000447034836, -0.1315000057220459, 0.05250000208616257), (0.11349999904632568, -0.13236640393733978, 0.0529993399977684), (0.11300066113471985, -0.13236640393733978, 0.05249999836087227), (0.11302179098129272, -0.13223662972450256, 0.052978210151195526), (0.11300066113471985, -0.1315000057220459, 0.05336640030145645), (0.11349999904632568, -0.13199934363365173, 0.05336640030145645), (0.11302179098129272, -0.13197821378707886, 0.05323663353919983), (0.1126336008310318, -0.13199934363365173, 0.05249999836087227), (0.1126336008310318, -0.1315000057220459, 0.0529993399977684), (0.11276336759328842, -0.13197821378707886, 0.052978210151195526), (0.11350000649690628, -0.09849999845027924, 0.008499998599290848), (0.11250000447034836, -0.09849999845027924, 0.009499998763203621), (0.11350000649690628, -0.09750000387430191, 0.009499998763203621), (0.11300066113471985, -0.09849999845027924, 0.008633596822619438), (0.11350000649690628, -0.0980006605386734, 0.008633596822619438), (0.11302179098129272, -0.09802179038524628, 0.008763367310166359), (0.1126336008310318, -0.0980006605386734, 0.00950000062584877), (0.1126336008310318, -0.09849999845027924, 0.009000657126307487), (0.11276337504386902, -0.09802179038524628, 0.009021788835525513), (0.11350000649690628, -0.09763360023498535, 0.009000657126307487), (0.11300066113471985, -0.09763360023498535, 0.00950000062584877), (0.11302179098129272, -0.09776336699724197, 0.009021788835525513), (0.11350000649690628, -0.09849999845027924, 0.05350000038743019), (0.11350000649690628, -0.09750000387430191, 0.05250000208616257), (0.11250000447034836, -0.09849999845027924, 0.05250000208616257), (0.11349999904632568, -0.0980006605386734, 0.05336640030145645), (0.11300066113471985, -0.09849999845027924, 0.05336640030145645), (0.11302179098129272, -0.09802179038524628, 0.05323663353919983), (0.11300066113471985, -0.09763360023498535, 0.05249999836087227), (0.11349999904632568, -0.09763360023498535, 0.0529993399977684), (0.11302179098129272, -0.09776336699724197, 0.052978210151195526), (0.1126336008310318, -0.09849999845027924, 0.0529993399977684), (0.1126336008310318, -0.0980006605386734, 0.05249999836087227), (0.11276336759328842, -0.09802179038524628, 0.052978210151195526), (0.15650001168251038, -0.1315000057220459, 0.008499998599290848), (0.1574999988079071, -0.1315000057220459, 0.009499998763203621), (0.15650001168251038, -0.13250000774860382, 0.009499998763203621), (0.1569993495941162, -0.1315000057220459, 0.008633596822619438), (0.15650001168251038, -0.13199934363365173, 0.008633596822619438), (0.15697821974754333, -0.13197821378707886, 0.008763367310166359), (0.15736640989780426, -0.13199934363365173, 0.00950000062584877), (0.15736640989780426, -0.1315000057220459, 0.009000657126307487), (0.15723663568496704, -0.13197821378707886, 0.009021788835525513), (0.15650001168251038, -0.13236640393733978, 0.009000657126307487), (0.1569993495941162, -0.13236640393733978, 0.00950000062584877), (0.15697821974754333, -0.13223662972450256, 0.009021788835525513), (0.15650001168251038, -0.1315000057220459, 0.05350000038743019), (0.15650001168251038, -0.13250000774860382, 0.05250000208616257), (0.1574999988079071, -0.1315000057220459, 0.05250000208616257), (0.15650001168251038, -0.13199934363365173, 0.05336640030145645), (0.1569993495941162, -0.1315000057220459, 0.05336640030145645), (0.15697821974754333, -0.13197821378707886, 0.05323663353919983), (0.1569993495941162, -0.13236640393733978, 0.05249999836087227), (0.15650001168251038, -0.13236640393733978, 0.0529993399977684), (0.15697821974754333, -0.13223662972450256, 0.052978210151195526), (0.15736640989780426, -0.1315000057220459, 0.0529993399977684), (0.15736640989780426, -0.13199934363365173, 0.05249999836087227), (0.15723663568496704, -0.13197821378707886, 0.052978210151195526), (0.15650001168251038, -0.09849999845027924, 0.008499998599290848), (0.15650001168251038, -0.09750000387430191, 0.009499998763203621), (0.1574999988079071, -0.09849999845027924, 0.009499998763203621), (0.15650001168251038, -0.0980006605386734, 0.008633596822619438), (0.1569993495941162, -0.09849999845027924, 0.008633596822619438), (0.15697821974754333, -0.09802179038524628, 0.008763367310166359), (0.1569993495941162, -0.09763360023498535, 0.00950000062584877), (0.15650001168251038, -0.09763360023498535, 0.009000657126307487), (0.15697821974754333, -0.09776336699724197, 0.009021788835525513), (0.15736640989780426, -0.09849999845027924, 0.009000657126307487), (0.15736640989780426, -0.0980006605386734, 0.00950000062584877), (0.15723663568496704, -0.09802179038524628, 0.009021788835525513), (0.15650001168251038, -0.09849999845027924, 0.05350000038743019), (0.1574999988079071, -0.09849999845027924, 0.05250000208616257), (0.15650001168251038, -0.09750000387430191, 0.05250000208616257), (0.1569993495941162, -0.09849999845027924, 0.05336640030145645), (0.15650001168251038, -0.0980006605386734, 0.05336640030145645), (0.15697821974754333, -0.09802179038524628, 0.05323663353919983), (0.15736640989780426, -0.0980006605386734, 0.05249999836087227), (0.15736640989780426, -0.09849999845027924, 0.0529993399977684), (0.15723663568496704, -0.09802179038524628, 0.052978210151195526), (0.15650001168251038, -0.09763360023498535, 0.0529993399977684), (0.1569993495941162, -0.09763360023498535, 0.05249999836087227), (0.15697821974754333, -0.09776336699724197, 0.052978210151195526)]
int[] faceVertexCounts = [4, 4, 4, 4, 4, 4, 4, 4, 4, 4, 4, 3, 4, 4, 4, 4, 4, 4, 3, 4, 4, 4, 4, 4, 4, 3, 4, 4, 4, 4, 4, 4, 3, 4, 4, 4, 4, 4, 4, 3, 4, 4, 4, 4, 4, 4, 3, 4, 4, 4, 4, 4, 4, 3, 4, 4, 4, 4, 4, 4, 3, 4, 4, 4, 4, 4, 4, 4, 4, 4, 4, 4, 4, 4, 4, 4, 4, 4, 4, 4, 4, 4, 4, 4, 4, 4, 4, 4, 4, 4, 4, 4, 4, 4, 4, 4, 4, 4]
int[] faceVertexIndices = [50, 61, 12, 1, 74, 85, 62, 49, 84, 36, 13, 60, 2, 14, 38, 25, 26, 37, 86, 73, 0, 3, 5, 4, 3, 7, 8, 5, 1, 6, 8, 7, 6, 10, 11, 8, 2, 9, 11, 10, 9, 4, 5, 11, 5, 8, 11, 12, 15, 17, 16, 15, 19, 20, 17, 13, 18, 20, 19, 18, 22, 23, 20, 14, 21, 23, 22, 21, 16, 17, 23, 17, 20, 23, 24, 27, 29, 28, 27, 31, 32, 29, 25, 30, 32, 31, 30, 34, 35, 32, 26, 33, 35, 34, 33, 28, 29, 35, 29, 32, 35, 36, 39, 41, 40, 39, 43, 44, 41, 37, 42, 44, 43, 42, 46, 47, 44, 38, 45, 47, 46, 45, 40, 41, 47, 41, 44, 47, 48, 51, 53, 52, 51, 55, 56, 53, 49, 54, 56, 55, 54, 58, 59, 56, 50, 57, 59, 58, 57, 52, 53, 59, 53, 56, 59, 60, 63, 65, 64, 63, 67, 68, 65, 61, 66, 68, 67, 66, 70, 71, 68, 62, 69, 71, 70, 69, 64, 65, 71, 65, 68, 71, 72, 75, 77, 76, 75, 79, 80, 77, 73, 78, 80, 79, 78, 82, 83, 80, 74, 81, 83, 82, 81, 76, 77, 83, 77, 80, 83, 84, 87, 89, 88, 87, 91, 92, 89, 85, 90, 92, 91, 90, 94, 95, 92, 86, 93, 95, 94, 93, 88, 89, 95, 89, 92, 95, 24, 0, 4, 27, 27, 4, 9, 31, 31, 9, 2, 25, 1, 12, 16, 6, 6, 16, 21, 10, 10, 21, 14, 2, 13, 36, 40, 18, 18, 40, 45, 22, 22, 45, 38, 14, 37, 26, 34, 42, 42, 34, 30, 46, 46, 30, 25, 38, 72, 24, 28, 75, 75, 28, 33, 79, 79, 33, 26, 73, 36, 84, 88, 39, 39, 88, 93, 43, 43, 93, 86, 37, 85, 74, 82, 90, 90, 82, 78, 94, 94, 78, 73, 86, 48, 72, 76, 51, 51, 76, 81, 55, 55, 81, 74, 49, 84, 60, 64, 87, 87, 64, 69, 91, 91, 69, 62, 85, 61, 50, 58, 66, 66, 58, 54, 70, 70, 54, 49, 62, 0, 48, 52, 3, 3, 52, 57, 7, 7, 57, 50, 1, 60, 13, 19, 63, 63, 19, 15, 67, 67, 15, 12, 61, 24, 72, 48, 0]
uniform token subdivisionScheme = "none"
rel material:binding = </Component/Looks/Anodized_aluminum>
}
def Mesh "Socket_bolt_005" (prepend apiSchemas = ["MaterialBindingAPI"]) {
point3f[] points = [(0.13500000536441803, -0.11050000041723251, 0.5394999980926514), (0.13500000536441803, -0.11050000041723251, 0.5425000190734863), (0.13558737933635712, -0.11053849756717682, 0.5394999980926514), (0.13558737933635712, -0.11053849756717682, 0.5425000190734863), (0.13616469502449036, -0.1106533333659172, 0.5394999980926514), (0.13616469502449036, -0.1106533333659172, 0.5425000190734863), (0.13672208786010742, -0.11084254086017609, 0.5394999980926514), (0.13672208786010742, -0.11084254086017609, 0.5425000190734863), (0.13725000619888306, -0.1111028864979744, 0.5394999980926514), (0.13725000619888306, -0.1111028864979744, 0.5425000190734863), (0.13773943483829498, -0.11142991483211517, 0.5394999980926514), (0.13773943483829498, -0.11142991483211517, 0.5425000190734863), (0.13818198442459106, -0.11181802302598953, 0.5394999980926514), (0.13818198442459106, -0.11181802302598953, 0.5425000190734863), (0.13857010006904602, -0.11226057261228561, 0.5394999980926514), (0.13857010006904602, -0.11226057261228561, 0.5425000190734863), (0.1388971209526062, -0.11275000125169754, 0.5394999980926514), (0.1388971209526062, -0.11275000125169754, 0.5425000190734863), (0.1391574591398239, -0.11327792704105377, 0.5394999980926514), (0.1391574591398239, -0.11327792704105377, 0.5425000190734863), (0.1393466740846634, -0.11383531987667084, 0.5394999980926514), (0.1393466740846634, -0.11383531987667084, 0.5425000190734863), (0.13946150243282318, -0.11441263556480408, 0.5394999980926514), (0.13946150243282318, -0.11441263556480408, 0.5425000190734863), (0.13950000703334808, -0.11500000208616257, 0.5394999980926514), (0.13950000703334808, -0.11500000208616257, 0.5425000190734863), (0.13946150243282318, -0.11558736860752106, 0.5394999980926514), (0.13946150243282318, -0.11558736860752106, 0.5425000190734863), (0.1393466740846634, -0.1161646842956543, 0.5394999980926514), (0.1393466740846634, -0.1161646842956543, 0.5425000190734863), (0.1391574591398239, -0.11672207713127136, 0.5394999980926514), (0.1391574591398239, -0.11672207713127136, 0.5425000190734863), (0.1388971209526062, -0.1172500029206276, 0.5394999980926514), (0.1388971209526062, -0.1172500029206276, 0.5425000190734863), (0.13857010006904602, -0.11773943156003952, 0.5394999980926514), (0.13857010006904602, -0.11773943156003952, 0.5425000190734863), (0.13818198442459106, -0.1181819811463356, 0.5394999980926514), (0.13818198442459106, -0.1181819811463356, 0.5425000190734863), (0.13773943483829498, -0.11857008934020996, 0.5394999980926514), (0.13773943483829498, -0.11857008934020996, 0.5425000190734863), (0.13725000619888306, -0.11889711767435074, 0.5394999980926514), (0.13725000619888306, -0.11889711767435074, 0.5425000190734863), (0.13672208786010742, -0.11915746331214905, 0.5394999980926514), (0.13672208786010742, -0.11915746331214905, 0.5425000190734863), (0.13616469502449036, -0.11934667080640793, 0.5394999980926514), (0.13616469502449036, -0.11934667080640793, 0.5425000190734863), (0.13558737933635712, -0.11946150660514832, 0.5394999980926514), (0.13558737933635712, -0.11946150660514832, 0.5425000190734863), (0.13500000536441803, -0.11950000375509262, 0.5394999980926514), (0.13500000536441803, -0.11950000375509262, 0.5425000190734863), (0.13441263139247894, -0.11946150660514832, 0.5394999980926514), (0.13441263139247894, -0.11946150660514832, 0.5425000190734863), (0.1338353157043457, -0.11934667080640793, 0.5394999980926514), (0.1338353157043457, -0.11934667080640793, 0.5425000190734863), (0.13327792286872864, -0.11915746331214905, 0.5394999980926514), (0.13327792286872864, -0.11915746331214905, 0.5425000190734863), (0.132750004529953, -0.11889711767435074, 0.5394999980926514), (0.132750004529953, -0.11889711767435074, 0.5425000190734863), (0.13226057589054108, -0.11857008934020996, 0.5394999980926514), (0.13226057589054108, -0.11857008934020996, 0.5425000190734863), (0.131818026304245, -0.1181819811463356, 0.5394999980926514), (0.131818026304245, -0.1181819811463356, 0.5425000190734863), (0.13142991065979004, -0.11773943156003952, 0.5394999980926514), (0.13142991065979004, -0.11773943156003952, 0.5425000190734863), (0.13110288977622986, -0.1172500029206276, 0.5394999980926514), (0.13110288977622986, -0.1172500029206276, 0.5425000190734863), (0.13084255158901215, -0.11672207713127136, 0.5394999980926514), (0.13084255158901215, -0.11672207713127136, 0.5425000190734863), (0.13065333664417267, -0.1161646842956543, 0.5394999980926514), (0.13065333664417267, -0.1161646842956543, 0.5425000190734863), (0.13053850829601288, -0.11558736860752106, 0.5394999980926514), (0.13053850829601288, -0.11558736860752106, 0.5425000190734863), (0.13050000369548798, -0.11500000208616257, 0.5394999980926514), (0.13050000369548798, -0.11500000208616257, 0.5425000190734863), (0.13053850829601288, -0.11441263556480408, 0.5394999980926514), (0.13053850829601288, -0.11441263556480408, 0.5425000190734863), (0.13065333664417267, -0.11383531987667084, 0.5394999980926514), (0.13065333664417267, -0.11383531987667084, 0.5425000190734863), (0.13084255158901215, -0.11327792704105377, 0.5394999980926514), (0.13084255158901215, -0.11327792704105377, 0.5425000190734863), (0.13110288977622986, -0.11275000125169754, 0.5394999980926514), (0.13110288977622986, -0.11275000125169754, 0.5425000190734863), (0.13142991065979004, -0.11226057261228561, 0.5394999980926514), (0.13142991065979004, -0.11226057261228561, 0.5425000190734863), (0.131818026304245, -0.11181802302598953, 0.5394999980926514), (0.131818026304245, -0.11181802302598953, 0.5425000190734863), (0.13226057589054108, -0.11142991483211517, 0.5394999980926514), (0.13226057589054108, -0.11142991483211517, 0.5425000190734863), (0.132750004529953, -0.1111028864979744, 0.5394999980926514), (0.132750004529953, -0.1111028864979744, 0.5425000190734863), (0.13327792286872864, -0.11084254086017609, 0.5394999980926514), (0.13327792286872864, -0.11084254086017609, 0.5425000190734863), (0.1338353157043457, -0.1106533333659172, 0.5394999980926514), (0.1338353157043457, -0.1106533333659172, 0.5425000190734863), (0.13441263139247894, -0.11053849756717682, 0.5394999980926514), (0.13441263139247894, -0.11053849756717682, 0.5425000190734863)]
int[] faceVertexCounts = [4, 4, 4, 4, 4, 4, 4, 4, 4, 4, 4, 4, 4, 4, 4, 4, 4, 4, 4, 4, 4, 4, 4, 4, 4, 4, 4, 4, 4, 4, 4, 4, 4, 4, 4, 4, 4, 4, 4, 4, 4, 4, 4, 4, 4, 4, 48, 4, 4, 48]
int[] faceVertexIndices = [0, 1, 3, 2, 2, 3, 5, 4, 4, 5, 7, 6, 6, 7, 9, 8, 8, 9, 11, 10, 10, 11, 13, 12, 12, 13, 15, 14, 14, 15, 17, 16, 16, 17, 19, 18, 18, 19, 21, 20, 20, 21, 23, 22, 22, 23, 25, 24, 24, 25, 27, 26, 26, 27, 29, 28, 28, 29, 31, 30, 30, 31, 33, 32, 32, 33, 35, 34, 34, 35, 37, 36, 36, 37, 39, 38, 38, 39, 41, 40, 40, 41, 43, 42, 42, 43, 45, 44, 44, 45, 47, 46, 46, 47, 49, 48, 48, 49, 51, 50, 50, 51, 53, 52, 52, 53, 55, 54, 54, 55, 57, 56, 56, 57, 59, 58, 58, 59, 61, 60, 60, 61, 63, 62, 62, 63, 65, 64, 64, 65, 67, 66, 66, 67, 69, 68, 68, 69, 71, 70, 70, 71, 73, 72, 72, 73, 75, 74, 74, 75, 77, 76, 76, 77, 79, 78, 78, 79, 81, 80, 80, 81, 83, 82, 82, 83, 85, 84, 84, 85, 87, 86, 86, 87, 89, 88, 88, 89, 91, 90, 90, 91, 93, 92, 3, 1, 95, 93, 91, 89, 87, 85, 83, 81, 79, 77, 75, 73, 71, 69, 67, 65, 63, 61, 59, 57, 55, 53, 51, 49, 47, 45, 43, 41, 39, 37, 35, 33, 31, 29, 27, 25, 23, 21, 19, 17, 15, 13, 11, 9, 7, 5, 92, 93, 95, 94, 94, 95, 1, 0, 0, 2, 4, 6, 8, 10, 12, 14, 16, 18, 20, 22, 24, 26, 28, 30, 32, 34, 36, 38, 40, 42, 44, 46, 48, 50, 52, 54, 56, 58, 60, 62, 64, 66, 68, 70, 72, 74, 76, 78, 80, 82, 84, 86, 88, 90, 92, 94]
uniform token subdivisionScheme = "none"
rel material:binding = </Component/Looks/Slot_and_fastener>
}
def Mesh "Gusset_bracket_005" (prepend apiSchemas = ["MaterialBindingAPI"]) {
point3f[] points = [(0.11350000649690628, -0.1315000057220459, 0.4964999854564667), (0.11350000649690628, -0.13250000774860382, 0.4975000023841858), (0.11250000447034836, -0.1315000057220459, 0.4975000023841858), (0.11349999904632568, -0.13199934363365173, 0.4966335892677307), (0.11300066113471985, -0.1315000057220459, 0.4966335892677307), (0.11302179098129272, -0.13197821378707886, 0.49676334857940674), (0.11300066113471985, -0.13236640393733978, 0.4975000023841858), (0.11349999904632568, -0.13236640393733978, 0.49700066447257996), (0.11302179098129272, -0.13223662972450256, 0.49702179431915283), (0.1126336008310318, -0.1315000057220459, 0.49700066447257996), (0.1126336008310318, -0.13199934363365173, 0.4975000023841858), (0.11276336759328842, -0.13197821378707886, 0.49702179431915283), (0.11350000649690628, -0.13250000774860382, 0.5404999852180481), (0.11350000649690628, -0.1315000057220459, 0.5414999723434448), (0.11250000447034836, -0.1315000057220459, 0.5404999852180481), (0.11349999904632568, -0.13236640393733978, 0.5409993529319763), (0.11300066113471985, -0.13236640393733978, 0.5404999852180481), (0.11302179098129272, -0.13223662972450256, 0.540978193283081), (0.11300066113471985, -0.1315000057220459, 0.5413663983345032), (0.11349999904632568, -0.13199934363365173, 0.5413663983345032), (0.11302179098129272, -0.13197821378707886, 0.5412366390228271), (0.1126336008310318, -0.13199934363365173, 0.5404999852180481), (0.1126336008310318, -0.1315000057220459, 0.5409993529319763), (0.11276336759328842, -0.13197821378707886, 0.540978193283081), (0.11350000649690628, -0.09849999845027924, 0.4964999854564667), (0.11250000447034836, -0.09849999845027924, 0.4975000023841858), (0.11350000649690628, -0.09750000387430191, 0.4975000023841858), (0.11300066113471985, -0.09849999845027924, 0.4966335892677307), (0.11350000649690628, -0.0980006605386734, 0.4966335892677307), (0.11302179098129272, -0.09802179038524628, 0.49676334857940674), (0.1126336008310318, -0.0980006605386734, 0.4975000023841858), (0.1126336008310318, -0.09849999845027924, 0.49700066447257996), (0.11276337504386902, -0.09802179038524628, 0.49702179431915283), (0.11350000649690628, -0.09763360023498535, 0.49700066447257996), (0.11300066113471985, -0.09763360023498535, 0.4975000023841858), (0.11302179098129272, -0.09776336699724197, 0.49702179431915283), (0.11350000649690628, -0.09849999845027924, 0.5414999723434448), (0.11350000649690628, -0.09750000387430191, 0.5404999852180481), (0.11250000447034836, -0.09849999845027924, 0.5404999852180481), (0.11349999904632568, -0.0980006605386734, 0.5413663983345032), (0.11300066113471985, -0.09849999845027924, 0.5413663983345032), (0.11302179098129272, -0.09802179038524628, 0.5412366390228271), (0.11300066113471985, -0.09763360023498535, 0.5404999852180481), (0.11349999904632568, -0.09763360023498535, 0.5409993529319763), (0.11302179098129272, -0.09776336699724197, 0.540978193283081), (0.1126336008310318, -0.09849999845027924, 0.5409993529319763), (0.1126336008310318, -0.0980006605386734, 0.5404999852180481), (0.11276336759328842, -0.09802179038524628, 0.540978193283081), (0.15650001168251038, -0.1315000057220459, 0.4964999854564667), (0.1574999988079071, -0.1315000057220459, 0.4975000023841858), (0.15650001168251038, -0.13250000774860382, 0.4975000023841858), (0.1569993495941162, -0.1315000057220459, 0.4966335892677307), (0.15650001168251038, -0.13199934363365173, 0.4966335892677307), (0.15697821974754333, -0.13197821378707886, 0.49676334857940674), (0.15736640989780426, -0.13199934363365173, 0.4975000023841858), (0.15736640989780426, -0.1315000057220459, 0.49700066447257996), (0.15723663568496704, -0.13197821378707886, 0.49702179431915283), (0.15650001168251038, -0.13236640393733978, 0.49700066447257996), (0.1569993495941162, -0.13236640393733978, 0.4975000023841858), (0.15697821974754333, -0.13223662972450256, 0.49702179431915283), (0.15650001168251038, -0.1315000057220459, 0.5414999723434448), (0.15650001168251038, -0.13250000774860382, 0.5404999852180481), (0.1574999988079071, -0.1315000057220459, 0.5404999852180481), (0.15650001168251038, -0.13199934363365173, 0.5413663983345032), (0.1569993495941162, -0.1315000057220459, 0.5413663983345032), (0.15697821974754333, -0.13197821378707886, 0.5412366390228271), (0.1569993495941162, -0.13236640393733978, 0.5404999852180481), (0.15650001168251038, -0.13236640393733978, 0.5409993529319763), (0.15697821974754333, -0.13223662972450256, 0.540978193283081), (0.15736640989780426, -0.1315000057220459, 0.5409993529319763), (0.15736640989780426, -0.13199934363365173, 0.5404999852180481), (0.15723663568496704, -0.13197821378707886, 0.540978193283081), (0.15650001168251038, -0.09849999845027924, 0.4964999854564667), (0.15650001168251038, -0.09750000387430191, 0.4975000023841858), (0.1574999988079071, -0.09849999845027924, 0.4975000023841858), (0.15650001168251038, -0.0980006605386734, 0.4966335892677307), (0.1569993495941162, -0.09849999845027924, 0.4966335892677307), (0.15697821974754333, -0.09802179038524628, 0.49676334857940674), (0.1569993495941162, -0.09763360023498535, 0.4975000023841858), (0.15650001168251038, -0.09763360023498535, 0.49700066447257996), (0.15697821974754333, -0.09776336699724197, 0.49702179431915283), (0.15736640989780426, -0.09849999845027924, 0.49700066447257996), (0.15736640989780426, -0.0980006605386734, 0.4975000023841858), (0.15723663568496704, -0.09802179038524628, 0.49702179431915283), (0.15650001168251038, -0.09849999845027924, 0.5414999723434448), (0.1574999988079071, -0.09849999845027924, 0.5404999852180481), (0.15650001168251038, -0.09750000387430191, 0.5404999852180481), (0.1569993495941162, -0.09849999845027924, 0.5413663983345032), (0.15650001168251038, -0.0980006605386734, 0.5413663983345032), (0.15697821974754333, -0.09802179038524628, 0.5412366390228271), (0.15736640989780426, -0.0980006605386734, 0.5404999852180481), (0.15736640989780426, -0.09849999845027924, 0.5409993529319763), (0.15723663568496704, -0.09802179038524628, 0.540978193283081), (0.15650001168251038, -0.09763360023498535, 0.5409993529319763), (0.1569993495941162, -0.09763360023498535, 0.5404999852180481), (0.15697821974754333, -0.09776336699724197, 0.540978193283081)]
int[] faceVertexCounts = [4, 4, 4, 4, 4, 4, 4, 4, 4, 4, 4, 3, 4, 4, 4, 4, 4, 4, 3, 4, 4, 4, 4, 4, 4, 3, 4, 4, 4, 4, 4, 4, 3, 4, 4, 4, 4, 4, 4, 3, 4, 4, 4, 4, 4, 4, 3, 4, 4, 4, 4, 4, 4, 3, 4, 4, 4, 4, 4, 4, 3, 4, 4, 4, 4, 4, 4, 4, 4, 4, 4, 4, 4, 4, 4, 4, 4, 4, 4, 4, 4, 4, 4, 4, 4, 4, 4, 4, 4, 4, 4, 4, 4, 4, 4, 4, 4, 4]
int[] faceVertexIndices = [50, 61, 12, 1, 74, 85, 62, 49, 84, 36, 13, 60, 2, 14, 38, 25, 26, 37, 86, 73, 0, 3, 5, 4, 3, 7, 8, 5, 1, 6, 8, 7, 6, 10, 11, 8, 2, 9, 11, 10, 9, 4, 5, 11, 5, 8, 11, 12, 15, 17, 16, 15, 19, 20, 17, 13, 18, 20, 19, 18, 22, 23, 20, 14, 21, 23, 22, 21, 16, 17, 23, 17, 20, 23, 24, 27, 29, 28, 27, 31, 32, 29, 25, 30, 32, 31, 30, 34, 35, 32, 26, 33, 35, 34, 33, 28, 29, 35, 29, 32, 35, 36, 39, 41, 40, 39, 43, 44, 41, 37, 42, 44, 43, 42, 46, 47, 44, 38, 45, 47, 46, 45, 40, 41, 47, 41, 44, 47, 48, 51, 53, 52, 51, 55, 56, 53, 49, 54, 56, 55, 54, 58, 59, 56, 50, 57, 59, 58, 57, 52, 53, 59, 53, 56, 59, 60, 63, 65, 64, 63, 67, 68, 65, 61, 66, 68, 67, 66, 70, 71, 68, 62, 69, 71, 70, 69, 64, 65, 71, 65, 68, 71, 72, 75, 77, 76, 75, 79, 80, 77, 73, 78, 80, 79, 78, 82, 83, 80, 74, 81, 83, 82, 81, 76, 77, 83, 77, 80, 83, 84, 87, 89, 88, 87, 91, 92, 89, 85, 90, 92, 91, 90, 94, 95, 92, 86, 93, 95, 94, 93, 88, 89, 95, 89, 92, 95, 24, 0, 4, 27, 27, 4, 9, 31, 31, 9, 2, 25, 1, 12, 16, 6, 6, 16, 21, 10, 10, 21, 14, 2, 13, 36, 40, 18, 18, 40, 45, 22, 22, 45, 38, 14, 37, 26, 34, 42, 42, 34, 30, 46, 46, 30, 25, 38, 72, 24, 28, 75, 75, 28, 33, 79, 79, 33, 26, 73, 36, 84, 88, 39, 39, 88, 93, 43, 43, 93, 86, 37, 85, 74, 82, 90, 90, 82, 78, 94, 94, 78, 73, 86, 48, 72, 76, 51, 51, 76, 81, 55, 55, 81, 74, 49, 84, 60, 64, 87, 87, 64, 69, 91, 91, 69, 62, 85, 61, 50, 58, 66, 66, 58, 54, 70, 70, 54, 49, 62, 0, 48, 52, 3, 3, 52, 57, 7, 7, 57, 50, 1, 60, 13, 19, 63, 63, 19, 15, 67, 67, 15, 12, 61, 24, 72, 48, 0]
uniform token subdivisionScheme = "none"
rel material:binding = </Component/Looks/Anodized_aluminum>
}
def Mesh "Extrusion_column_003" (prepend apiSchemas = ["MaterialBindingAPI"]) {
point3f[] points = [(0.1210000067949295, 0.10100000351667404, 0.008000016212463379), (0.1210000067949295, 0.10000000149011612, 0.009000003337860107), (0.12000000476837158, 0.10100000351667404, 0.009000003337860107), (0.1210000067949295, 0.10050065815448761, 0.00813359022140503), (0.12050066143274307, 0.10100000351667404, 0.00813359022140503), (0.12052179872989655, 0.10052178800106049, 0.008263349533081055), (0.12050066143274307, 0.10013359785079956, 0.00899997353553772), (0.1210000067949295, 0.10013359785079956, 0.008500635623931885), (0.12052179872989655, 0.10026337206363678, 0.00852176547050476), (0.12013360112905502, 0.10100000351667404, 0.008500635623931885), (0.12013360112905502, 0.10050065815448761, 0.00899997353553772), (0.12026337534189224, 0.10052178800106049, 0.00852176547050476), (0.1210000067949295, 0.10000000149011612, 0.5410000085830688), (0.1210000067949295, 0.10100000351667404, 0.5419999957084656), (0.12000000476837158, 0.10100000351667404, 0.5410000085830688), (0.1210000067949295, 0.10013359785079956, 0.5414993762969971), (0.12050066143274307, 0.10013359785079956, 0.5410000085830688), (0.12052179872989655, 0.10026337206363678, 0.5414782762527466), (0.12050066143274307, 0.10100000351667404, 0.5418664216995239), (0.1210000067949295, 0.10050065815448761, 0.5418664216995239), (0.12052179872989655, 0.10052178800106049, 0.5417366623878479), (0.12013360112905502, 0.10050065815448761, 0.5410000085830688), (0.12013360112905502, 0.10100000351667404, 0.5414993762969971), (0.12026337534189224, 0.10052178800106049, 0.5414782762527466), (0.1210000067949295, 0.1290000081062317, 0.008000016212463379), (0.12000000476837158, 0.1290000081062317, 0.009000003337860107), (0.1210000067949295, 0.12999999523162842, 0.009000003337860107), (0.12050066143274307, 0.1290000081062317, 0.00813359022140503), (0.1210000067949295, 0.12949934601783752, 0.00813359022140503), (0.12052179872989655, 0.12947821617126465, 0.008263349533081055), (0.12013360112905502, 0.12949934601783752, 0.00899997353553772), (0.12013360112905502, 0.1290000081062317, 0.008500635623931885), (0.12026337534189224, 0.12947821617126465, 0.00852176547050476), (0.1210000067949295, 0.12986640632152557, 0.008500635623931885), (0.12050066143274307, 0.12986640632152557, 0.00899997353553772), (0.12052179872989655, 0.12973663210868835, 0.00852176547050476), (0.1210000067949295, 0.1290000081062317, 0.5419999957084656), (0.1210000067949295, 0.12999999523162842, 0.5410000085830688), (0.12000000476837158, 0.1290000081062317, 0.5410000085830688), (0.1210000067949295, 0.12949934601783752, 0.5418664216995239), (0.12050066143274307, 0.1290000081062317, 0.5418664216995239), (0.12052179872989655, 0.12947821617126465, 0.5417366623878479), (0.12050066143274307, 0.12986640632152557, 0.5410000085830688), (0.1210000067949295, 0.12986640632152557, 0.5414993762969971), (0.12052179872989655, 0.12973663210868835, 0.5414782762527466), (0.12013360112905502, 0.1290000081062317, 0.5414993762969971), (0.12013360112905502, 0.12949934601783752, 0.5410000085830688), (0.12026337534189224, 0.12947821617126465, 0.5414782762527466), (0.14900000393390656, 0.10100000351667404, 0.008000016212463379), (0.15000000596046448, 0.10100000351667404, 0.009000003337860107), (0.14900000393390656, 0.10000000149011612, 0.009000003337860107), (0.1494993418455124, 0.10100000351667404, 0.00813359022140503), (0.14900000393390656, 0.10050065815448761, 0.00813359022140503), (0.14947821199893951, 0.10052178800106049, 0.008263349533081055), (0.14986640214920044, 0.10050065815448761, 0.00899997353553772), (0.14986640214920044, 0.10100000351667404, 0.008500635623931885), (0.14973664283752441, 0.10052178800106049, 0.00852176547050476), (0.14900000393390656, 0.10013359785079956, 0.008500635623931885), (0.1494993418455124, 0.10013359785079956, 0.00899997353553772), (0.14947821199893951, 0.10026337206363678, 0.00852176547050476), (0.14900000393390656, 0.10100000351667404, 0.5419999957084656), (0.14900000393390656, 0.10000000149011612, 0.5410000085830688), (0.15000000596046448, 0.10100000351667404, 0.5410000085830688), (0.14900000393390656, 0.10050065815448761, 0.5418664216995239), (0.1494993418455124, 0.10100000351667404, 0.5418664216995239), (0.14947821199893951, 0.10052178800106049, 0.5417366623878479), (0.1494993418455124, 0.10013359785079956, 0.5410000085830688), (0.14900000393390656, 0.10013359785079956, 0.5414993762969971), (0.14947821199893951, 0.10026337206363678, 0.5414782762527466), (0.14986640214920044, 0.10100000351667404, 0.5414993762969971), (0.14986640214920044, 0.10050065815448761, 0.5410000085830688), (0.14973664283752441, 0.10052178800106049, 0.5414782762527466), (0.14900000393390656, 0.1290000081062317, 0.008000016212463379), (0.14900000393390656, 0.12999999523162842, 0.009000003337860107), (0.15000000596046448, 0.1290000081062317, 0.009000003337860107), (0.14900000393390656, 0.12949934601783752, 0.00813359022140503), (0.1494993418455124, 0.1290000081062317, 0.00813359022140503), (0.14947821199893951, 0.12947821617126465, 0.008263349533081055), (0.1494993418455124, 0.12986640632152557, 0.00899997353553772), (0.14900000393390656, 0.12986640632152557, 0.008500635623931885), (0.14947821199893951, 0.12973663210868835, 0.00852176547050476), (0.14986640214920044, 0.1290000081062317, 0.008500635623931885), (0.14986640214920044, 0.12949934601783752, 0.00899997353553772), (0.14973664283752441, 0.12947821617126465, 0.00852176547050476), (0.14900000393390656, 0.1290000081062317, 0.5419999957084656), (0.15000000596046448, 0.1290000081062317, 0.5410000085830688), (0.14900000393390656, 0.12999999523162842, 0.5410000085830688), (0.1494993418455124, 0.1290000081062317, 0.5418664216995239), (0.14900000393390656, 0.12949934601783752, 0.5418664216995239), (0.14947821199893951, 0.12947821617126465, 0.5417366623878479), (0.14986640214920044, 0.12949934601783752, 0.5410000085830688), (0.14986640214920044, 0.1290000081062317, 0.5414993762969971), (0.14973664283752441, 0.12947821617126465, 0.5414782762527466), (0.14900000393390656, 0.12986640632152557, 0.5414993762969971), (0.1494993418455124, 0.12986640632152557, 0.5410000085830688), (0.14947821199893951, 0.12973663210868835, 0.5414782762527466)]
int[] faceVertexCounts = [4, 4, 4, 4, 4, 4, 4, 4, 4, 4, 4, 3, 4, 4, 4, 4, 4, 4, 3, 4, 4, 4, 4, 4, 4, 3, 4, 4, 4, 4, 4, 4, 3, 4, 4, 4, 4, 4, 4, 3, 4, 4, 4, 4, 4, 4, 3, 4, 4, 4, 4, 4, 4, 3, 4, 4, 4, 4, 4, 4, 3, 4, 4, 4, 4, 4, 4, 4, 4, 4, 4, 4, 4, 4, 4, 4, 4, 4, 4, 4, 4, 4, 4, 4, 4, 4, 4, 4, 4, 4, 4, 4, 4, 4, 4, 4, 4, 4]
int[] faceVertexIndices = [50, 61, 12, 1, 74, 85, 62, 49, 84, 36, 13, 60, 2, 14, 38, 25, 26, 37, 86, 73, 0, 3, 5, 4, 3, 7, 8, 5, 1, 6, 8, 7, 6, 10, 11, 8, 2, 9, 11, 10, 9, 4, 5, 11, 5, 8, 11, 12, 15, 17, 16, 15, 19, 20, 17, 13, 18, 20, 19, 18, 22, 23, 20, 14, 21, 23, 22, 21, 16, 17, 23, 17, 20, 23, 24, 27, 29, 28, 27, 31, 32, 29, 25, 30, 32, 31, 30, 34, 35, 32, 26, 33, 35, 34, 33, 28, 29, 35, 29, 32, 35, 36, 39, 41, 40, 39, 43, 44, 41, 37, 42, 44, 43, 42, 46, 47, 44, 38, 45, 47, 46, 45, 40, 41, 47, 41, 44, 47, 48, 51, 53, 52, 51, 55, 56, 53, 49, 54, 56, 55, 54, 58, 59, 56, 50, 57, 59, 58, 57, 52, 53, 59, 53, 56, 59, 60, 63, 65, 64, 63, 67, 68, 65, 61, 66, 68, 67, 66, 70, 71, 68, 62, 69, 71, 70, 69, 64, 65, 71, 65, 68, 71, 72, 75, 77, 76, 75, 79, 80, 77, 73, 78, 80, 79, 78, 82, 83, 80, 74, 81, 83, 82, 81, 76, 77, 83, 77, 80, 83, 84, 87, 89, 88, 87, 91, 92, 89, 85, 90, 92, 91, 90, 94, 95, 92, 86, 93, 95, 94, 93, 88, 89, 95, 89, 92, 95, 24, 0, 4, 27, 27, 4, 9, 31, 31, 9, 2, 25, 1, 12, 16, 6, 6, 16, 21, 10, 10, 21, 14, 2, 13, 36, 40, 18, 18, 40, 45, 22, 22, 45, 38, 14, 37, 26, 34, 42, 42, 34, 30, 46, 46, 30, 25, 38, 72, 24, 28, 75, 75, 28, 33, 79, 79, 33, 26, 73, 36, 84, 88, 39, 39, 88, 93, 43, 43, 93, 86, 37, 85, 74, 82, 90, 90, 82, 78, 94, 94, 78, 73, 86, 48, 72, 76, 51, 51, 76, 81, 55, 55, 81, 74, 49, 84, 60, 64, 87, 87, 64, 69, 91, 91, 69, 62, 85, 61, 50, 58, 66, 66, 58, 54, 70, 70, 54, 49, 62, 0, 48, 52, 3, 3, 52, 57, 7, 7, 57, 50, 1, 60, 13, 19, 63, 63, 19, 15, 67, 67, 15, 12, 61, 24, 72, 48, 0]
uniform token subdivisionScheme = "none"
rel material:binding = </Component/Looks/Anodized_aluminum>
}
def Mesh "T_slot_012" (prepend apiSchemas = ["MaterialBindingAPI"]) {
point3f[] points = [(0.13230000436306, 0.0997999981045723, 0.02000001072883606), (0.13230000436306, 0.09950000047683716, 0.0203000009059906), (0.13199999928474426, 0.0997999981045723, 0.0203000009059906), (0.13230000436306, 0.09965019673109055, 0.02004009485244751), (0.13215020298957825, 0.0997999981045723, 0.02004009485244751), (0.13215653598308563, 0.09965653717517853, 0.02007901668548584), (0.13215020298957825, 0.09954007714986801, 0.0203000009059906), (0.13230000436306, 0.09954007714986801, 0.020150214433670044), (0.13215653598308563, 0.09957900643348694, 0.020156532526016235), (0.1320400834083557, 0.0997999981045723, 0.020150214433670044), (0.1320400834083557, 0.09965019673109055, 0.0203000009059906), (0.13207902014255524, 0.09965653717517853, 0.020156532526016235), (0.13230000436306, 0.09950000047683716, 0.5297000408172607), (0.13230000436306, 0.0997999981045723, 0.5299999713897705), (0.13199999928474426, 0.0997999981045723, 0.5297000408172607), (0.13230000436306, 0.09954007714986801, 0.5298497676849365), (0.13215020298957825, 0.09954007714986801, 0.5297000408172607), (0.13215653598308563, 0.09957900643348694, 0.5298434495925903), (0.13215020298957825, 0.0997999981045723, 0.5299599170684814), (0.13230000436306, 0.09965019673109055, 0.5299599170684814), (0.13215653598308563, 0.09965653717517853, 0.5299209952354431), (0.1320400834083557, 0.09965019673109055, 0.5297000408172607), (0.1320400834083557, 0.0997999981045723, 0.5298497676849365), (0.13207902014255524, 0.09965653717517853, 0.5298434495925903), (0.13230000436306, 0.10000000149011612, 0.02000001072883606), (0.13199999928474426, 0.10000000149011612, 0.0203000009059906), (0.13230000436306, 0.10029999911785126, 0.0203000009059906), (0.13215020298957825, 0.10000000149011612, 0.02004009485244751), (0.13230000436306, 0.10014980286359787, 0.02004009485244751), (0.13215653598308563, 0.10014346241950989, 0.02007901668548584), (0.1320400834083557, 0.10014980286359787, 0.0203000009059906), (0.1320400834083557, 0.10000000149011612, 0.020150214433670044), (0.13207902014255524, 0.10014346241950989, 0.020156532526016235), (0.13230000436306, 0.1002599224448204, 0.020150214433670044), (0.13215020298957825, 0.1002599224448204, 0.0203000009059906), (0.13215653598308563, 0.10022099316120148, 0.020156532526016235), (0.13230000436306, 0.10000000149011612, 0.5299999713897705), (0.13230000436306, 0.10029999911785126, 0.5297000408172607), (0.13199999928474426, 0.10000000149011612, 0.5297000408172607), (0.13230000436306, 0.10014980286359787, 0.5299599170684814), (0.13215020298957825, 0.10000000149011612, 0.5299599170684814), (0.13215653598308563, 0.10014346241950989, 0.5299209952354431), (0.13215020298957825, 0.1002599224448204, 0.5297000408172607), (0.13230000436306, 0.1002599224448204, 0.5298497676849365), (0.13215653598308563, 0.10022099316120148, 0.5298434495925903), (0.1320400834083557, 0.10000000149011612, 0.5298497676849365), (0.1320400834083557, 0.10014980286359787, 0.5297000408172607), (0.13207902014255524, 0.10014346241950989, 0.5298434495925903), (0.13770000636577606, 0.0997999981045723, 0.02000001072883606), (0.1380000114440918, 0.0997999981045723, 0.0203000009059906), (0.13770000636577606, 0.09950000047683716, 0.0203000009059906), (0.1378498077392578, 0.0997999981045723, 0.02004009485244751), (0.13770000636577606, 0.09965019673109055, 0.02004009485244751), (0.13784347474575043, 0.09965653717517853, 0.02007901668548584), (0.13795992732048035, 0.09965019673109055, 0.0203000009059906), (0.13795992732048035, 0.0997999981045723, 0.020150214433670044), (0.13792099058628082, 0.09965653717517853, 0.020156532526016235), (0.13770000636577606, 0.09954007714986801, 0.020150214433670044), (0.1378498077392578, 0.09954007714986801, 0.0203000009059906), (0.13784347474575043, 0.09957900643348694, 0.020156532526016235), (0.13770000636577606, 0.0997999981045723, 0.5299999713897705), (0.13770000636577606, 0.09950000047683716, 0.5297000408172607), (0.1380000114440918, 0.0997999981045723, 0.5297000408172607), (0.13770000636577606, 0.09965019673109055, 0.5299599170684814), (0.1378498077392578, 0.0997999981045723, 0.5299599170684814), (0.13784347474575043, 0.09965653717517853, 0.5299209952354431), (0.1378498077392578, 0.09954007714986801, 0.5297000408172607), (0.13770000636577606, 0.09954007714986801, 0.5298497676849365), (0.13784347474575043, 0.09957900643348694, 0.5298434495925903), (0.13795992732048035, 0.0997999981045723, 0.5298497676849365), (0.13795992732048035, 0.09965019673109055, 0.5297000408172607), (0.13792099058628082, 0.09965653717517853, 0.5298434495925903), (0.13770000636577606, 0.10000000149011612, 0.02000001072883606), (0.13770000636577606, 0.10029999911785126, 0.0203000009059906), (0.1380000114440918, 0.10000000149011612, 0.0203000009059906), (0.13770000636577606, 0.10014980286359787, 0.02004009485244751), (0.1378498077392578, 0.10000000149011612, 0.02004009485244751), (0.13784347474575043, 0.10014346241950989, 0.02007901668548584), (0.1378498077392578, 0.1002599224448204, 0.0203000009059906), (0.13770000636577606, 0.1002599224448204, 0.020150214433670044), (0.13784347474575043, 0.10022099316120148, 0.020156532526016235), (0.13795992732048035, 0.10000000149011612, 0.020150214433670044), (0.13795992732048035, 0.10014980286359787, 0.0203000009059906), (0.13792099058628082, 0.10014346241950989, 0.020156532526016235), (0.13770000636577606, 0.10000000149011612, 0.5299999713897705), (0.1380000114440918, 0.10000000149011612, 0.5297000408172607), (0.13770000636577606, 0.10029999911785126, 0.5297000408172607), (0.1378498077392578, 0.10000000149011612, 0.5299599170684814), (0.13770000636577606, 0.10014980286359787, 0.5299599170684814), (0.13784347474575043, 0.10014346241950989, 0.5299209952354431), (0.13795992732048035, 0.10014980286359787, 0.5297000408172607), (0.13795992732048035, 0.10000000149011612, 0.5298497676849365), (0.13792099058628082, 0.10014346241950989, 0.5298434495925903), (0.13770000636577606, 0.1002599224448204, 0.5298497676849365), (0.1378498077392578, 0.1002599224448204, 0.5297000408172607), (0.13784347474575043, 0.10022099316120148, 0.5298434495925903)]
int[] faceVertexCounts = [4, 4, 4, 4, 4, 4, 4, 4, 4, 4, 4, 3, 4, 4, 4, 4, 4, 4, 3, 4, 4, 4, 4, 4, 4, 3, 4, 4, 4, 4, 4, 4, 3, 4, 4, 4, 4, 4, 4, 3, 4, 4, 4, 4, 4, 4, 3, 4, 4, 4, 4, 4, 4, 3, 4, 4, 4, 4, 4, 4, 3, 4, 4, 4, 4, 4, 4, 4, 4, 4, 4, 4, 4, 4, 4, 4, 4, 4, 4, 4, 4, 4, 4, 4, 4, 4, 4, 4, 4, 4, 4, 4, 4, 4, 4, 4, 4, 4]
int[] faceVertexIndices = [50, 61, 12, 1, 74, 85, 62, 49, 84, 36, 13, 60, 2, 14, 38, 25, 26, 37, 86, 73, 0, 3, 5, 4, 3, 7, 8, 5, 1, 6, 8, 7, 6, 10, 11, 8, 2, 9, 11, 10, 9, 4, 5, 11, 5, 8, 11, 12, 15, 17, 16, 15, 19, 20, 17, 13, 18, 20, 19, 18, 22, 23, 20, 14, 21, 23, 22, 21, 16, 17, 23, 17, 20, 23, 24, 27, 29, 28, 27, 31, 32, 29, 25, 30, 32, 31, 30, 34, 35, 32, 26, 33, 35, 34, 33, 28, 29, 35, 29, 32, 35, 36, 39, 41, 40, 39, 43, 44, 41, 37, 42, 44, 43, 42, 46, 47, 44, 38, 45, 47, 46, 45, 40, 41, 47, 41, 44, 47, 48, 51, 53, 52, 51, 55, 56, 53, 49, 54, 56, 55, 54, 58, 59, 56, 50, 57, 59, 58, 57, 52, 53, 59, 53, 56, 59, 60, 63, 65, 64, 63, 67, 68, 65, 61, 66, 68, 67, 66, 70, 71, 68, 62, 69, 71, 70, 69, 64, 65, 71, 65, 68, 71, 72, 75, 77, 76, 75, 79, 80, 77, 73, 78, 80, 79, 78, 82, 83, 80, 74, 81, 83, 82, 81, 76, 77, 83, 77, 80, 83, 84, 87, 89, 88, 87, 91, 92, 89, 85, 90, 92, 91, 90, 94, 95, 92, 86, 93, 95, 94, 93, 88, 89, 95, 89, 92, 95, 24, 0, 4, 27, 27, 4, 9, 31, 31, 9, 2, 25, 1, 12, 16, 6, 6, 16, 21, 10, 10, 21, 14, 2, 13, 36, 40, 18, 18, 40, 45, 22, 22, 45, 38, 14, 37, 26, 34, 42, 42, 34, 30, 46, 46, 30, 25, 38, 72, 24, 28, 75, 75, 28, 33, 79, 79, 33, 26, 73, 36, 84, 88, 39, 39, 88, 93, 43, 43, 93, 86, 37, 85, 74, 82, 90, 90, 82, 78, 94, 94, 78, 73, 86, 48, 72, 76, 51, 51, 76, 81, 55, 55, 81, 74, 49, 84, 60, 64, 87, 87, 64, 69, 91, 91, 69, 62, 85, 61, 50, 58, 66, 66, 58, 54, 70, 70, 54, 49, 62, 0, 48, 52, 3, 3, 52, 57, 7, 7, 57, 50, 1, 60, 13, 19, 63, 63, 19, 15, 67, 67, 15, 12, 61, 24, 72, 48, 0]
uniform token subdivisionScheme = "none"
rel material:binding = </Component/Looks/Slot_and_fastener>
}
def Mesh "T_slot_013" (prepend apiSchemas = ["MaterialBindingAPI"]) {
point3f[] points = [(0.11980000138282776, 0.11230000108480453, 0.02000001072883606), (0.11980000138282776, 0.1120000034570694, 0.0203000009059906), (0.11950000375509262, 0.11230000108480453, 0.0203000009059906), (0.11980000138282776, 0.11215019971132278, 0.02004009485244751), (0.11965020000934601, 0.11230000108480453, 0.02004009485244751), (0.11965654045343399, 0.11215654015541077, 0.02007901668548584), (0.11965020000934601, 0.11204008013010025, 0.0203000009059906), (0.11980000138282776, 0.11204008013010025, 0.020150214433670044), (0.11965654045343399, 0.11207900941371918, 0.020156532526016235), (0.11954008042812347, 0.11230000108480453, 0.020150214433670044), (0.11954008042812347, 0.11215019971132278, 0.0203000009059906), (0.1195790097117424, 0.11215654015541077, 0.020156532526016235), (0.11980000138282776, 0.1120000034570694, 0.5297000408172607), (0.11980000138282776, 0.11230000108480453, 0.5299999713897705), (0.11950000375509262, 0.11230000108480453, 0.5297000408172607), (0.11980000138282776, 0.11204008013010025, 0.5298497676849365), (0.11965020000934601, 0.11204008013010025, 0.5297000408172607), (0.11965654045343399, 0.11207900941371918, 0.5298434495925903), (0.11965020000934601, 0.11230000108480453, 0.5299599170684814), (0.11980000138282776, 0.11215019971132278, 0.5299599170684814), (0.11965654045343399, 0.11215654015541077, 0.5299209952354431), (0.11954008042812347, 0.11215019971132278, 0.5297000408172607), (0.11954008042812347, 0.11230000108480453, 0.5298497676849365), (0.1195790097117424, 0.11215654015541077, 0.5298434495925903), (0.11980000138282776, 0.1177000030875206, 0.02000001072883606), (0.11950000375509262, 0.1177000030875206, 0.0203000009059906), (0.11980000138282776, 0.11800000071525574, 0.0203000009059906), (0.11965020000934601, 0.1177000030875206, 0.02004009485244751), (0.11980000138282776, 0.11784980446100235, 0.02004009485244751), (0.11965654045343399, 0.11784346401691437, 0.02007901668548584), (0.11954008042812347, 0.11784980446100235, 0.0203000009059906), (0.11954008042812347, 0.1177000030875206, 0.020150214433670044), (0.1195790097117424, 0.11784346401691437, 0.020156532526016235), (0.11980000138282776, 0.11795992404222488, 0.020150214433670044), (0.11965020000934601, 0.11795992404222488, 0.0203000009059906), (0.11965654045343399, 0.11792099475860596, 0.020156532526016235), (0.11980000138282776, 0.1177000030875206, 0.5299999713897705), (0.11980000138282776, 0.11800000071525574, 0.5297000408172607), (0.11950000375509262, 0.1177000030875206, 0.5297000408172607), (0.11980000138282776, 0.11784980446100235, 0.5299599170684814), (0.11965020000934601, 0.1177000030875206, 0.5299599170684814), (0.11965654045343399, 0.11784346401691437, 0.5299209952354431), (0.11965020000934601, 0.11795992404222488, 0.5297000408172607), (0.11980000138282776, 0.11795992404222488, 0.5298497676849365), (0.11965654045343399, 0.11792099475860596, 0.5298434495925903), (0.11954008042812347, 0.1177000030875206, 0.5298497676849365), (0.11954008042812347, 0.11784980446100235, 0.5297000408172607), (0.1195790097117424, 0.11784346401691437, 0.5298434495925903), (0.12000000476837158, 0.11230000108480453, 0.02000001072883606), (0.12030000239610672, 0.11230000108480453, 0.0203000009059906), (0.12000000476837158, 0.1120000034570694, 0.0203000009059906), (0.12014980614185333, 0.11230000108480453, 0.02004009485244751), (0.12000000476837158, 0.11215019971132278, 0.02004009485244751), (0.12014346569776535, 0.11215654015541077, 0.02007901668548584), (0.12025992572307587, 0.11215019971132278, 0.0203000009059906), (0.12025992572307587, 0.11230000108480453, 0.020150214433670044), (0.12022099643945694, 0.11215654015541077, 0.020156532526016235), (0.12000000476837158, 0.11204008013010025, 0.020150214433670044), (0.12014980614185333, 0.11204008013010025, 0.0203000009059906), (0.12014346569776535, 0.11207900941371918, 0.020156532526016235), (0.12000000476837158, 0.11230000108480453, 0.5299999713897705), (0.12000000476837158, 0.1120000034570694, 0.5297000408172607), (0.12030000239610672, 0.11230000108480453, 0.5297000408172607), (0.12000000476837158, 0.11215019971132278, 0.5299599170684814), (0.12014980614185333, 0.11230000108480453, 0.5299599170684814), (0.12014346569776535, 0.11215654015541077, 0.5299209952354431), (0.12014980614185333, 0.11204008013010025, 0.5297000408172607), (0.12000000476837158, 0.11204008013010025, 0.5298497676849365), (0.12014346569776535, 0.11207900941371918, 0.5298434495925903), (0.12025992572307587, 0.11230000108480453, 0.5298497676849365), (0.12025992572307587, 0.11215019971132278, 0.5297000408172607), (0.12022099643945694, 0.11215654015541077, 0.5298434495925903), (0.12000000476837158, 0.1177000030875206, 0.02000001072883606), (0.12000000476837158, 0.11800000071525574, 0.0203000009059906), (0.12030000239610672, 0.1177000030875206, 0.0203000009059906), (0.12000000476837158, 0.11784980446100235, 0.02004009485244751), (0.12014980614185333, 0.1177000030875206, 0.02004009485244751), (0.12014346569776535, 0.11784346401691437, 0.02007901668548584), (0.12014980614185333, 0.11795992404222488, 0.0203000009059906), (0.12000000476837158, 0.11795992404222488, 0.020150214433670044), (0.12014346569776535, 0.11792099475860596, 0.020156532526016235), (0.12025992572307587, 0.1177000030875206, 0.020150214433670044), (0.12025992572307587, 0.11784980446100235, 0.0203000009059906), (0.12022099643945694, 0.11784346401691437, 0.020156532526016235), (0.12000000476837158, 0.1177000030875206, 0.5299999713897705), (0.12030000239610672, 0.1177000030875206, 0.5297000408172607), (0.12000000476837158, 0.11800000071525574, 0.5297000408172607), (0.12014980614185333, 0.1177000030875206, 0.5299599170684814), (0.12000000476837158, 0.11784980446100235, 0.5299599170684814), (0.12014346569776535, 0.11784346401691437, 0.5299209952354431), (0.12025992572307587, 0.11784980446100235, 0.5297000408172607), (0.12025992572307587, 0.1177000030875206, 0.5298497676849365), (0.12022099643945694, 0.11784346401691437, 0.5298434495925903), (0.12000000476837158, 0.11795992404222488, 0.5298497676849365), (0.12014980614185333, 0.11795992404222488, 0.5297000408172607), (0.12014346569776535, 0.11792099475860596, 0.5298434495925903)]
int[] faceVertexCounts = [4, 4, 4, 4, 4, 4, 4, 4, 4, 4, 4, 3, 4, 4, 4, 4, 4, 4, 3, 4, 4, 4, 4, 4, 4, 3, 4, 4, 4, 4, 4, 4, 3, 4, 4, 4, 4, 4, 4, 3, 4, 4, 4, 4, 4, 4, 3, 4, 4, 4, 4, 4, 4, 3, 4, 4, 4, 4, 4, 4, 3, 4, 4, 4, 4, 4, 4, 4, 4, 4, 4, 4, 4, 4, 4, 4, 4, 4, 4, 4, 4, 4, 4, 4, 4, 4, 4, 4, 4, 4, 4, 4, 4, 4, 4, 4, 4, 4]
int[] faceVertexIndices = [50, 61, 12, 1, 74, 85, 62, 49, 84, 36, 13, 60, 2, 14, 38, 25, 26, 37, 86, 73, 0, 3, 5, 4, 3, 7, 8, 5, 1, 6, 8, 7, 6, 10, 11, 8, 2, 9, 11, 10, 9, 4, 5, 11, 5, 8, 11, 12, 15, 17, 16, 15, 19, 20, 17, 13, 18, 20, 19, 18, 22, 23, 20, 14, 21, 23, 22, 21, 16, 17, 23, 17, 20, 23, 24, 27, 29, 28, 27, 31, 32, 29, 25, 30, 32, 31, 30, 34, 35, 32, 26, 33, 35, 34, 33, 28, 29, 35, 29, 32, 35, 36, 39, 41, 40, 39, 43, 44, 41, 37, 42, 44, 43, 42, 46, 47, 44, 38, 45, 47, 46, 45, 40, 41, 47, 41, 44, 47, 48, 51, 53, 52, 51, 55, 56, 53, 49, 54, 56, 55, 54, 58, 59, 56, 50, 57, 59, 58, 57, 52, 53, 59, 53, 56, 59, 60, 63, 65, 64, 63, 67, 68, 65, 61, 66, 68, 67, 66, 70, 71, 68, 62, 69, 71, 70, 69, 64, 65, 71, 65, 68, 71, 72, 75, 77, 76, 75, 79, 80, 77, 73, 78, 80, 79, 78, 82, 83, 80, 74, 81, 83, 82, 81, 76, 77, 83, 77, 80, 83, 84, 87, 89, 88, 87, 91, 92, 89, 85, 90, 92, 91, 90, 94, 95, 92, 86, 93, 95, 94, 93, 88, 89, 95, 89, 92, 95, 24, 0, 4, 27, 27, 4, 9, 31, 31, 9, 2, 25, 1, 12, 16, 6, 6, 16, 21, 10, 10, 21, 14, 2, 13, 36, 40, 18, 18, 40, 45, 22, 22, 45, 38, 14, 37, 26, 34, 42, 42, 34, 30, 46, 46, 30, 25, 38, 72, 24, 28, 75, 75, 28, 33, 79, 79, 33, 26, 73, 36, 84, 88, 39, 39, 88, 93, 43, 43, 93, 86, 37, 85, 74, 82, 90, 90, 82, 78, 94, 94, 78, 73, 86, 48, 72, 76, 51, 51, 76, 81, 55, 55, 81, 74, 49, 84, 60, 64, 87, 87, 64, 69, 91, 91, 69, 62, 85, 61, 50, 58, 66, 66, 58, 54, 70, 70, 54, 49, 62, 0, 48, 52, 3, 3, 52, 57, 7, 7, 57, 50, 1, 60, 13, 19, 63, 63, 19, 15, 67, 67, 15, 12, 61, 24, 72, 48, 0]
uniform token subdivisionScheme = "none"
rel material:binding = </Component/Looks/Slot_and_fastener>
}
def Mesh "T_slot_014" (prepend apiSchemas = ["MaterialBindingAPI"]) {
point3f[] points = [(0.13230000436306, 0.12999999523162842, 0.02000001072883606), (0.13230000436306, 0.12969999015331268, 0.0203000009059906), (0.13199999928474426, 0.12999999523162842, 0.0203000009059906), (0.13230000436306, 0.12985019385814667, 0.02004009485244751), (0.13215020298957825, 0.12999999523162842, 0.02004009485244751), (0.13215653598308563, 0.12985652685165405, 0.02007901668548584), (0.13215020298957825, 0.12974007427692413, 0.0203000009059906), (0.13230000436306, 0.12974007427692413, 0.020150214433670044), (0.13215653598308563, 0.12977901101112366, 0.020156532526016235), (0.1320400834083557, 0.12999999523162842, 0.020150214433670044), (0.1320400834083557, 0.12985019385814667, 0.0203000009059906), (0.13207902014255524, 0.12985652685165405, 0.020156532526016235), (0.13230000436306, 0.12969999015331268, 0.5297000408172607), (0.13230000436306, 0.12999999523162842, 0.5299999713897705), (0.13199999928474426, 0.12999999523162842, 0.5297000408172607), (0.13230000436306, 0.12974007427692413, 0.5298497676849365), (0.13215020298957825, 0.12974007427692413, 0.5297000408172607), (0.13215653598308563, 0.12977901101112366, 0.5298434495925903), (0.13215020298957825, 0.12999999523162842, 0.5299599170684814), (0.13230000436306, 0.12985019385814667, 0.5299599170684814), (0.13215653598308563, 0.12985652685165405, 0.5299209952354431), (0.1320400834083557, 0.12985019385814667, 0.5297000408172607), (0.1320400834083557, 0.12999999523162842, 0.5298497676849365), (0.13207902014255524, 0.12985652685165405, 0.5298434495925903), (0.13230000436306, 0.13019999861717224, 0.02000001072883606), (0.13199999928474426, 0.13019999861717224, 0.0203000009059906), (0.13230000436306, 0.13050000369548798, 0.0203000009059906), (0.13215020298957825, 0.13019999861717224, 0.02004009485244751), (0.13230000436306, 0.130349799990654, 0.02004009485244751), (0.13215653598308563, 0.1303434669971466, 0.02007901668548584), (0.1320400834083557, 0.130349799990654, 0.0203000009059906), (0.1320400834083557, 0.13019999861717224, 0.020150214433670044), (0.13207902014255524, 0.1303434669971466, 0.020156532526016235), (0.13230000436306, 0.13045991957187653, 0.020150214433670044), (0.13215020298957825, 0.13045991957187653, 0.0203000009059906), (0.13215653598308563, 0.130420982837677, 0.020156532526016235), (0.13230000436306, 0.13019999861717224, 0.5299999713897705), (0.13230000436306, 0.13050000369548798, 0.5297000408172607), (0.13199999928474426, 0.13019999861717224, 0.5297000408172607), (0.13230000436306, 0.130349799990654, 0.5299599170684814), (0.13215020298957825, 0.13019999861717224, 0.5299599170684814), (0.13215653598308563, 0.1303434669971466, 0.5299209952354431), (0.13215020298957825, 0.13045991957187653, 0.5297000408172607), (0.13230000436306, 0.13045991957187653, 0.5298497676849365), (0.13215653598308563, 0.130420982837677, 0.5298434495925903), (0.1320400834083557, 0.13019999861717224, 0.5298497676849365), (0.1320400834083557, 0.130349799990654, 0.5297000408172607), (0.13207902014255524, 0.1303434669971466, 0.5298434495925903), (0.13770000636577606, 0.12999999523162842, 0.02000001072883606), (0.1380000114440918, 0.12999999523162842, 0.0203000009059906), (0.13770000636577606, 0.12969999015331268, 0.0203000009059906), (0.1378498077392578, 0.12999999523162842, 0.02004009485244751), (0.13770000636577606, 0.12985019385814667, 0.02004009485244751), (0.13784347474575043, 0.12985652685165405, 0.02007901668548584), (0.13795992732048035, 0.12985019385814667, 0.0203000009059906), (0.13795992732048035, 0.12999999523162842, 0.020150214433670044), (0.13792099058628082, 0.12985652685165405, 0.020156532526016235), (0.13770000636577606, 0.12974007427692413, 0.020150214433670044), (0.1378498077392578, 0.12974007427692413, 0.0203000009059906), (0.13784347474575043, 0.12977901101112366, 0.020156532526016235), (0.13770000636577606, 0.12999999523162842, 0.5299999713897705), (0.13770000636577606, 0.12969999015331268, 0.5297000408172607), (0.1380000114440918, 0.12999999523162842, 0.5297000408172607), (0.13770000636577606, 0.12985019385814667, 0.5299599170684814), (0.1378498077392578, 0.12999999523162842, 0.5299599170684814), (0.13784347474575043, 0.12985652685165405, 0.5299209952354431), (0.1378498077392578, 0.12974007427692413, 0.5297000408172607), (0.13770000636577606, 0.12974007427692413, 0.5298497676849365), (0.13784347474575043, 0.12977901101112366, 0.5298434495925903), (0.13795992732048035, 0.12999999523162842, 0.5298497676849365), (0.13795992732048035, 0.12985019385814667, 0.5297000408172607), (0.13792099058628082, 0.12985652685165405, 0.5298434495925903), (0.13770000636577606, 0.13019999861717224, 0.02000001072883606), (0.13770000636577606, 0.13050000369548798, 0.0203000009059906), (0.1380000114440918, 0.13019999861717224, 0.0203000009059906), (0.13770000636577606, 0.130349799990654, 0.02004009485244751), (0.1378498077392578, 0.13019999861717224, 0.02004009485244751), (0.13784347474575043, 0.1303434669971466, 0.02007901668548584), (0.1378498077392578, 0.13045991957187653, 0.0203000009059906), (0.13770000636577606, 0.13045991957187653, 0.020150214433670044), (0.13784347474575043, 0.130420982837677, 0.020156532526016235), (0.13795992732048035, 0.13019999861717224, 0.020150214433670044), (0.13795992732048035, 0.130349799990654, 0.0203000009059906), (0.13792099058628082, 0.1303434669971466, 0.020156532526016235), (0.13770000636577606, 0.13019999861717224, 0.5299999713897705), (0.1380000114440918, 0.13019999861717224, 0.5297000408172607), (0.13770000636577606, 0.13050000369548798, 0.5297000408172607), (0.1378498077392578, 0.13019999861717224, 0.5299599170684814), (0.13770000636577606, 0.130349799990654, 0.5299599170684814), (0.13784347474575043, 0.1303434669971466, 0.5299209952354431), (0.13795992732048035, 0.130349799990654, 0.5297000408172607), (0.13795992732048035, 0.13019999861717224, 0.5298497676849365), (0.13792099058628082, 0.1303434669971466, 0.5298434495925903), (0.13770000636577606, 0.13045991957187653, 0.5298497676849365), (0.1378498077392578, 0.13045991957187653, 0.5297000408172607), (0.13784347474575043, 0.130420982837677, 0.5298434495925903)]
int[] faceVertexCounts = [4, 4, 4, 4, 4, 4, 4, 4, 4, 4, 4, 3, 4, 4, 4, 4, 4, 4, 3, 4, 4, 4, 4, 4, 4, 3, 4, 4, 4, 4, 4, 4, 3, 4, 4, 4, 4, 4, 4, 3, 4, 4, 4, 4, 4, 4, 3, 4, 4, 4, 4, 4, 4, 3, 4, 4, 4, 4, 4, 4, 3, 4, 4, 4, 4, 4, 4, 4, 4, 4, 4, 4, 4, 4, 4, 4, 4, 4, 4, 4, 4, 4, 4, 4, 4, 4, 4, 4, 4, 4, 4, 4, 4, 4, 4, 4, 4, 4]
int[] faceVertexIndices = [50, 61, 12, 1, 74, 85, 62, 49, 84, 36, 13, 60, 2, 14, 38, 25, 26, 37, 86, 73, 0, 3, 5, 4, 3, 7, 8, 5, 1, 6, 8, 7, 6, 10, 11, 8, 2, 9, 11, 10, 9, 4, 5, 11, 5, 8, 11, 12, 15, 17, 16, 15, 19, 20, 17, 13, 18, 20, 19, 18, 22, 23, 20, 14, 21, 23, 22, 21, 16, 17, 23, 17, 20, 23, 24, 27, 29, 28, 27, 31, 32, 29, 25, 30, 32, 31, 30, 34, 35, 32, 26, 33, 35, 34, 33, 28, 29, 35, 29, 32, 35, 36, 39, 41, 40, 39, 43, 44, 41, 37, 42, 44, 43, 42, 46, 47, 44, 38, 45, 47, 46, 45, 40, 41, 47, 41, 44, 47, 48, 51, 53, 52, 51, 55, 56, 53, 49, 54, 56, 55, 54, 58, 59, 56, 50, 57, 59, 58, 57, 52, 53, 59, 53, 56, 59, 60, 63, 65, 64, 63, 67, 68, 65, 61, 66, 68, 67, 66, 70, 71, 68, 62, 69, 71, 70, 69, 64, 65, 71, 65, 68, 71, 72, 75, 77, 76, 75, 79, 80, 77, 73, 78, 80, 79, 78, 82, 83, 80, 74, 81, 83, 82, 81, 76, 77, 83, 77, 80, 83, 84, 87, 89, 88, 87, 91, 92, 89, 85, 90, 92, 91, 90, 94, 95, 92, 86, 93, 95, 94, 93, 88, 89, 95, 89, 92, 95, 24, 0, 4, 27, 27, 4, 9, 31, 31, 9, 2, 25, 1, 12, 16, 6, 6, 16, 21, 10, 10, 21, 14, 2, 13, 36, 40, 18, 18, 40, 45, 22, 22, 45, 38, 14, 37, 26, 34, 42, 42, 34, 30, 46, 46, 30, 25, 38, 72, 24, 28, 75, 75, 28, 33, 79, 79, 33, 26, 73, 36, 84, 88, 39, 39, 88, 93, 43, 43, 93, 86, 37, 85, 74, 82, 90, 90, 82, 78, 94, 94, 78, 73, 86, 48, 72, 76, 51, 51, 76, 81, 55, 55, 81, 74, 49, 84, 60, 64, 87, 87, 64, 69, 91, 91, 69, 62, 85, 61, 50, 58, 66, 66, 58, 54, 70, 70, 54, 49, 62, 0, 48, 52, 3, 3, 52, 57, 7, 7, 57, 50, 1, 60, 13, 19, 63, 63, 19, 15, 67, 67, 15, 12, 61, 24, 72, 48, 0]
uniform token subdivisionScheme = "none"
rel material:binding = </Component/Looks/Slot_and_fastener>
}
def Mesh "T_slot_015" (prepend apiSchemas = ["MaterialBindingAPI"]) {
point3f[] points = [(0.14999999105930328, 0.11230000108480453, 0.02000001072883606), (0.14999999105930328, 0.1120000034570694, 0.0203000009059906), (0.14969998598098755, 0.11230000108480453, 0.0203000009059906), (0.14999999105930328, 0.11215019971132278, 0.02004009485244751), (0.14985018968582153, 0.11230000108480453, 0.02004009485244751), (0.14985652267932892, 0.11215654015541077, 0.02007901668548584), (0.14985018968582153, 0.11204008013010025, 0.0203000009059906), (0.14999999105930328, 0.11204008013010025, 0.020150214433670044), (0.14985652267932892, 0.11207900941371918, 0.020156532526016235), (0.149740070104599, 0.11230000108480453, 0.020150214433670044), (0.149740070104599, 0.11215019971132278, 0.0203000009059906), (0.14977900683879852, 0.11215654015541077, 0.020156532526016235), (0.14999999105930328, 0.1120000034570694, 0.5297000408172607), (0.14999999105930328, 0.11230000108480453, 0.5299999713897705), (0.14969998598098755, 0.11230000108480453, 0.5297000408172607), (0.14999999105930328, 0.11204008013010025, 0.5298497676849365), (0.14985018968582153, 0.11204008013010025, 0.5297000408172607), (0.14985652267932892, 0.11207900941371918, 0.5298434495925903), (0.14985018968582153, 0.11230000108480453, 0.5299599170684814), (0.14999999105930328, 0.11215019971132278, 0.5299599170684814), (0.14985652267932892, 0.11215654015541077, 0.5299209952354431), (0.149740070104599, 0.11215019971132278, 0.5297000408172607), (0.149740070104599, 0.11230000108480453, 0.5298497676849365), (0.14977900683879852, 0.11215654015541077, 0.5298434495925903), (0.14999999105930328, 0.1177000030875206, 0.02000001072883606), (0.14969998598098755, 0.1177000030875206, 0.0203000009059906), (0.14999999105930328, 0.11800000071525574, 0.0203000009059906), (0.14985018968582153, 0.1177000030875206, 0.02004009485244751), (0.14999999105930328, 0.11784980446100235, 0.02004009485244751), (0.14985652267932892, 0.11784346401691437, 0.02007901668548584), (0.149740070104599, 0.11784980446100235, 0.0203000009059906), (0.149740070104599, 0.1177000030875206, 0.020150214433670044), (0.14977900683879852, 0.11784346401691437, 0.020156532526016235), (0.14999999105930328, 0.11795992404222488, 0.020150214433670044), (0.14985018968582153, 0.11795992404222488, 0.0203000009059906), (0.14985652267932892, 0.11792099475860596, 0.020156532526016235), (0.14999999105930328, 0.1177000030875206, 0.5299999713897705), (0.14999999105930328, 0.11800000071525574, 0.5297000408172607), (0.14969998598098755, 0.1177000030875206, 0.5297000408172607), (0.14999999105930328, 0.11784980446100235, 0.5299599170684814), (0.14985018968582153, 0.1177000030875206, 0.5299599170684814), (0.14985652267932892, 0.11784346401691437, 0.5299209952354431), (0.14985018968582153, 0.11795992404222488, 0.5297000408172607), (0.14999999105930328, 0.11795992404222488, 0.5298497676849365), (0.14985652267932892, 0.11792099475860596, 0.5298434495925903), (0.149740070104599, 0.1177000030875206, 0.5298497676849365), (0.149740070104599, 0.11784980446100235, 0.5297000408172607), (0.14977900683879852, 0.11784346401691437, 0.5298434495925903), (0.1501999944448471, 0.11230000108480453, 0.02000001072883606), (0.15049999952316284, 0.11230000108480453, 0.0203000009059906), (0.1501999944448471, 0.1120000034570694, 0.0203000009059906), (0.15034979581832886, 0.11230000108480453, 0.02004009485244751), (0.1501999944448471, 0.11215019971132278, 0.02004009485244751), (0.15034346282482147, 0.11215654015541077, 0.02007901668548584), (0.1504599153995514, 0.11215019971132278, 0.0203000009059906), (0.1504599153995514, 0.11230000108480453, 0.020150214433670044), (0.15042097866535187, 0.11215654015541077, 0.020156532526016235), (0.1501999944448471, 0.11204008013010025, 0.020150214433670044), (0.15034979581832886, 0.11204008013010025, 0.0203000009059906), (0.15034346282482147, 0.11207900941371918, 0.020156532526016235), (0.1501999944448471, 0.11230000108480453, 0.5299999713897705), (0.1501999944448471, 0.1120000034570694, 0.5297000408172607), (0.15049999952316284, 0.11230000108480453, 0.5297000408172607), (0.1501999944448471, 0.11215019971132278, 0.5299599170684814), (0.15034979581832886, 0.11230000108480453, 0.5299599170684814), (0.15034346282482147, 0.11215654015541077, 0.5299209952354431), (0.15034979581832886, 0.11204008013010025, 0.5297000408172607), (0.1501999944448471, 0.11204008013010025, 0.5298497676849365), (0.15034346282482147, 0.11207900941371918, 0.5298434495925903), (0.1504599153995514, 0.11230000108480453, 0.5298497676849365), (0.1504599153995514, 0.11215019971132278, 0.5297000408172607), (0.15042097866535187, 0.11215654015541077, 0.5298434495925903), (0.1501999944448471, 0.1177000030875206, 0.02000001072883606), (0.1501999944448471, 0.11800000071525574, 0.0203000009059906), (0.15049999952316284, 0.1177000030875206, 0.0203000009059906), (0.1501999944448471, 0.11784980446100235, 0.02004009485244751), (0.15034979581832886, 0.1177000030875206, 0.02004009485244751), (0.15034346282482147, 0.11784346401691437, 0.02007901668548584), (0.15034979581832886, 0.11795992404222488, 0.0203000009059906), (0.1501999944448471, 0.11795992404222488, 0.020150214433670044), (0.15034346282482147, 0.11792099475860596, 0.020156532526016235), (0.1504599153995514, 0.1177000030875206, 0.020150214433670044), (0.1504599153995514, 0.11784980446100235, 0.0203000009059906), (0.15042097866535187, 0.11784346401691437, 0.020156532526016235), (0.1501999944448471, 0.1177000030875206, 0.5299999713897705), (0.15049999952316284, 0.1177000030875206, 0.5297000408172607), (0.1501999944448471, 0.11800000071525574, 0.5297000408172607), (0.15034979581832886, 0.1177000030875206, 0.5299599170684814), (0.1501999944448471, 0.11784980446100235, 0.5299599170684814), (0.15034346282482147, 0.11784346401691437, 0.5299209952354431), (0.1504599153995514, 0.11784980446100235, 0.5297000408172607), (0.1504599153995514, 0.1177000030875206, 0.5298497676849365), (0.15042097866535187, 0.11784346401691437, 0.5298434495925903), (0.1501999944448471, 0.11795992404222488, 0.5298497676849365), (0.15034979581832886, 0.11795992404222488, 0.5297000408172607), (0.15034346282482147, 0.11792099475860596, 0.5298434495925903)]
int[] faceVertexCounts = [4, 4, 4, 4, 4, 4, 4, 4, 4, 4, 4, 3, 4, 4, 4, 4, 4, 4, 3, 4, 4, 4, 4, 4, 4, 3, 4, 4, 4, 4, 4, 4, 3, 4, 4, 4, 4, 4, 4, 3, 4, 4, 4, 4, 4, 4, 3, 4, 4, 4, 4, 4, 4, 3, 4, 4, 4, 4, 4, 4, 3, 4, 4, 4, 4, 4, 4, 4, 4, 4, 4, 4, 4, 4, 4, 4, 4, 4, 4, 4, 4, 4, 4, 4, 4, 4, 4, 4, 4, 4, 4, 4, 4, 4, 4, 4, 4, 4]
int[] faceVertexIndices = [50, 61, 12, 1, 74, 85, 62, 49, 84, 36, 13, 60, 2, 14, 38, 25, 26, 37, 86, 73, 0, 3, 5, 4, 3, 7, 8, 5, 1, 6, 8, 7, 6, 10, 11, 8, 2, 9, 11, 10, 9, 4, 5, 11, 5, 8, 11, 12, 15, 17, 16, 15, 19, 20, 17, 13, 18, 20, 19, 18, 22, 23, 20, 14, 21, 23, 22, 21, 16, 17, 23, 17, 20, 23, 24, 27, 29, 28, 27, 31, 32, 29, 25, 30, 32, 31, 30, 34, 35, 32, 26, 33, 35, 34, 33, 28, 29, 35, 29, 32, 35, 36, 39, 41, 40, 39, 43, 44, 41, 37, 42, 44, 43, 42, 46, 47, 44, 38, 45, 47, 46, 45, 40, 41, 47, 41, 44, 47, 48, 51, 53, 52, 51, 55, 56, 53, 49, 54, 56, 55, 54, 58, 59, 56, 50, 57, 59, 58, 57, 52, 53, 59, 53, 56, 59, 60, 63, 65, 64, 63, 67, 68, 65, 61, 66, 68, 67, 66, 70, 71, 68, 62, 69, 71, 70, 69, 64, 65, 71, 65, 68, 71, 72, 75, 77, 76, 75, 79, 80, 77, 73, 78, 80, 79, 78, 82, 83, 80, 74, 81, 83, 82, 81, 76, 77, 83, 77, 80, 83, 84, 87, 89, 88, 87, 91, 92, 89, 85, 90, 92, 91, 90, 94, 95, 92, 86, 93, 95, 94, 93, 88, 89, 95, 89, 92, 95, 24, 0, 4, 27, 27, 4, 9, 31, 31, 9, 2, 25, 1, 12, 16, 6, 6, 16, 21, 10, 10, 21, 14, 2, 13, 36, 40, 18, 18, 40, 45, 22, 22, 45, 38, 14, 37, 26, 34, 42, 42, 34, 30, 46, 46, 30, 25, 38, 72, 24, 28, 75, 75, 28, 33, 79, 79, 33, 26, 73, 36, 84, 88, 39, 39, 88, 93, 43, 43, 93, 86, 37, 85, 74, 82, 90, 90, 82, 78, 94, 94, 78, 73, 86, 48, 72, 76, 51, 51, 76, 81, 55, 55, 81, 74, 49, 84, 60, 64, 87, 87, 64, 69, 91, 91, 69, 62, 85, 61, 50, 58, 66, 66, 58, 54, 70, 70, 54, 49, 62, 0, 48, 52, 3, 3, 52, 57, 7, 7, 57, 50, 1, 60, 13, 19, 63, 63, 19, 15, 67, 67, 15, 12, 61, 24, 72, 48, 0]
uniform token subdivisionScheme = "none"
rel material:binding = </Component/Looks/Slot_and_fastener>
}
def Mesh "Socket_bolt_006" (prepend apiSchemas = ["MaterialBindingAPI"]) {
point3f[] points = [(0.13500000536441803, 0.11950000375509262, 0.007499999366700649), (0.13500000536441803, 0.11950000375509262, 0.010499999858438969), (0.13558737933635712, 0.11946150660514832, 0.007499999366700649), (0.13558737933635712, 0.11946150660514832, 0.010499999858438969), (0.13616469502449036, 0.11934667080640793, 0.007499999366700649), (0.13616469502449036, 0.11934667080640793, 0.010499999858438969), (0.13672208786010742, 0.11915746331214905, 0.007499999366700649), (0.13672208786010742, 0.11915746331214905, 0.010499999858438969), (0.13725000619888306, 0.11889711767435074, 0.007499999366700649), (0.13725000619888306, 0.11889711767435074, 0.010499999858438969), (0.13773943483829498, 0.11857008934020996, 0.007499999366700649), (0.13773943483829498, 0.11857008934020996, 0.010499999858438969), (0.13818198442459106, 0.1181819811463356, 0.007499999366700649), (0.13818198442459106, 0.1181819811463356, 0.010499999858438969), (0.13857010006904602, 0.11773943156003952, 0.007499999366700649), (0.13857010006904602, 0.11773943156003952, 0.010499999858438969), (0.1388971209526062, 0.1172500029206276, 0.007499999366700649), (0.1388971209526062, 0.1172500029206276, 0.010499999858438969), (0.1391574591398239, 0.11672207713127136, 0.007499999366700649), (0.1391574591398239, 0.11672207713127136, 0.010499999858438969), (0.1393466740846634, 0.1161646842956543, 0.007499999366700649), (0.1393466740846634, 0.1161646842956543, 0.010499999858438969), (0.13946150243282318, 0.11558736860752106, 0.007499999366700649), (0.13946150243282318, 0.11558736860752106, 0.010499999858438969), (0.13950000703334808, 0.11500000208616257, 0.007499999366700649), (0.13950000703334808, 0.11500000208616257, 0.010499999858438969), (0.13946150243282318, 0.11441263556480408, 0.007499999366700649), (0.13946150243282318, 0.11441263556480408, 0.010499999858438969), (0.1393466740846634, 0.11383531987667084, 0.007499999366700649), (0.1393466740846634, 0.11383531987667084, 0.010499999858438969), (0.1391574591398239, 0.11327792704105377, 0.007499999366700649), (0.1391574591398239, 0.11327792704105377, 0.010499999858438969), (0.1388971209526062, 0.11275000125169754, 0.007499999366700649), (0.1388971209526062, 0.11275000125169754, 0.010499999858438969), (0.13857010006904602, 0.11226057261228561, 0.007499999366700649), (0.13857010006904602, 0.11226057261228561, 0.010499999858438969), (0.13818198442459106, 0.11181802302598953, 0.007499999366700649), (0.13818198442459106, 0.11181802302598953, 0.010499999858438969), (0.13773943483829498, 0.11142991483211517, 0.007499999366700649), (0.13773943483829498, 0.11142991483211517, 0.010499999858438969), (0.13725000619888306, 0.1111028864979744, 0.007499999366700649), (0.13725000619888306, 0.1111028864979744, 0.010499999858438969), (0.13672208786010742, 0.11084254086017609, 0.007499999366700649), (0.13672208786010742, 0.11084254086017609, 0.010499999858438969), (0.13616469502449036, 0.1106533333659172, 0.007499999366700649), (0.13616469502449036, 0.1106533333659172, 0.010499999858438969), (0.13558737933635712, 0.11053849756717682, 0.007499999366700649), (0.13558737933635712, 0.11053849756717682, 0.010499999858438969), (0.13500000536441803, 0.11050000041723251, 0.007499999366700649), (0.13500000536441803, 0.11050000041723251, 0.010499999858438969), (0.13441263139247894, 0.11053849756717682, 0.007499999366700649), (0.13441263139247894, 0.11053849756717682, 0.010499999858438969), (0.1338353157043457, 0.1106533333659172, 0.007499999366700649), (0.1338353157043457, 0.1106533333659172, 0.010499999858438969), (0.13327792286872864, 0.11084254086017609, 0.007499999366700649), (0.13327792286872864, 0.11084254086017609, 0.010499999858438969), (0.132750004529953, 0.1111028864979744, 0.007499999366700649), (0.132750004529953, 0.1111028864979744, 0.010499999858438969), (0.13226057589054108, 0.11142991483211517, 0.007499999366700649), (0.13226057589054108, 0.11142991483211517, 0.010499999858438969), (0.131818026304245, 0.11181802302598953, 0.007499999366700649), (0.131818026304245, 0.11181802302598953, 0.010499999858438969), (0.13142991065979004, 0.11226057261228561, 0.007499999366700649), (0.13142991065979004, 0.11226057261228561, 0.010499999858438969), (0.13110288977622986, 0.11275000125169754, 0.007499999366700649), (0.13110288977622986, 0.11275000125169754, 0.010499999858438969), (0.13084255158901215, 0.11327792704105377, 0.007499999366700649), (0.13084255158901215, 0.11327792704105377, 0.010499999858438969), (0.13065333664417267, 0.11383531987667084, 0.007499999366700649), (0.13065333664417267, 0.11383531987667084, 0.010499999858438969), (0.13053850829601288, 0.11441263556480408, 0.007499999366700649), (0.13053850829601288, 0.11441263556480408, 0.010499999858438969), (0.13050000369548798, 0.11500000208616257, 0.007499999366700649), (0.13050000369548798, 0.11500000208616257, 0.010499999858438969), (0.13053850829601288, 0.11558736860752106, 0.007499999366700649), (0.13053850829601288, 0.11558736860752106, 0.010499999858438969), (0.13065333664417267, 0.1161646842956543, 0.007499999366700649), (0.13065333664417267, 0.1161646842956543, 0.010499999858438969), (0.13084255158901215, 0.11672207713127136, 0.007499999366700649), (0.13084255158901215, 0.11672207713127136, 0.010499999858438969), (0.13110288977622986, 0.1172500029206276, 0.007499999366700649), (0.13110288977622986, 0.1172500029206276, 0.010499999858438969), (0.13142991065979004, 0.11773943156003952, 0.007499999366700649), (0.13142991065979004, 0.11773943156003952, 0.010499999858438969), (0.131818026304245, 0.1181819811463356, 0.007499999366700649), (0.131818026304245, 0.1181819811463356, 0.010499999858438969), (0.13226057589054108, 0.11857008934020996, 0.007499999366700649), (0.13226057589054108, 0.11857008934020996, 0.010499999858438969), (0.132750004529953, 0.11889711767435074, 0.007499999366700649), (0.132750004529953, 0.11889711767435074, 0.010499999858438969), (0.13327792286872864, 0.11915746331214905, 0.007499999366700649), (0.13327792286872864, 0.11915746331214905, 0.010499999858438969), (0.1338353157043457, 0.11934667080640793, 0.007499999366700649), (0.1338353157043457, 0.11934667080640793, 0.010499999858438969), (0.13441263139247894, 0.11946150660514832, 0.007499999366700649), (0.13441263139247894, 0.11946150660514832, 0.010499999858438969)]
int[] faceVertexCounts = [4, 4, 4, 4, 4, 4, 4, 4, 4, 4, 4, 4, 4, 4, 4, 4, 4, 4, 4, 4, 4, 4, 4, 4, 4, 4, 4, 4, 4, 4, 4, 4, 4, 4, 4, 4, 4, 4, 4, 4, 4, 4, 4, 4, 4, 4, 48, 4, 4, 48]
int[] faceVertexIndices = [0, 1, 3, 2, 2, 3, 5, 4, 4, 5, 7, 6, 6, 7, 9, 8, 8, 9, 11, 10, 10, 11, 13, 12, 12, 13, 15, 14, 14, 15, 17, 16, 16, 17, 19, 18, 18, 19, 21, 20, 20, 21, 23, 22, 22, 23, 25, 24, 24, 25, 27, 26, 26, 27, 29, 28, 28, 29, 31, 30, 30, 31, 33, 32, 32, 33, 35, 34, 34, 35, 37, 36, 36, 37, 39, 38, 38, 39, 41, 40, 40, 41, 43, 42, 42, 43, 45, 44, 44, 45, 47, 46, 46, 47, 49, 48, 48, 49, 51, 50, 50, 51, 53, 52, 52, 53, 55, 54, 54, 55, 57, 56, 56, 57, 59, 58, 58, 59, 61, 60, 60, 61, 63, 62, 62, 63, 65, 64, 64, 65, 67, 66, 66, 67, 69, 68, 68, 69, 71, 70, 70, 71, 73, 72, 72, 73, 75, 74, 74, 75, 77, 76, 76, 77, 79, 78, 78, 79, 81, 80, 80, 81, 83, 82, 82, 83, 85, 84, 84, 85, 87, 86, 86, 87, 89, 88, 88, 89, 91, 90, 90, 91, 93, 92, 3, 1, 95, 93, 91, 89, 87, 85, 83, 81, 79, 77, 75, 73, 71, 69, 67, 65, 63, 61, 59, 57, 55, 53, 51, 49, 47, 45, 43, 41, 39, 37, 35, 33, 31, 29, 27, 25, 23, 21, 19, 17, 15, 13, 11, 9, 7, 5, 92, 93, 95, 94, 94, 95, 1, 0, 0, 2, 4, 6, 8, 10, 12, 14, 16, 18, 20, 22, 24, 26, 28, 30, 32, 34, 36, 38, 40, 42, 44, 46, 48, 50, 52, 54, 56, 58, 60, 62, 64, 66, 68, 70, 72, 74, 76, 78, 80, 82, 84, 86, 88, 90, 92, 94]
uniform token subdivisionScheme = "none"
rel material:binding = </Component/Looks/Slot_and_fastener>
}
def Mesh "Gusset_bracket_006" (prepend apiSchemas = ["MaterialBindingAPI"]) {
point3f[] points = [(0.11350000649690628, 0.09849999845027924, 0.008499998599290848), (0.11350000649690628, 0.09750000387430191, 0.009499998763203621), (0.11250000447034836, 0.09849999845027924, 0.009499998763203621), (0.11349999904632568, 0.0980006605386734, 0.008633596822619438), (0.11300066113471985, 0.09849999845027924, 0.008633596822619438), (0.11302179098129272, 0.09802179038524628, 0.008763367310166359), (0.11300066113471985, 0.09763360023498535, 0.00950000062584877), (0.11349999904632568, 0.09763360023498535, 0.009000657126307487), (0.11302179098129272, 0.09776336699724197, 0.009021788835525513), (0.1126336008310318, 0.09849999845027924, 0.009000657126307487), (0.1126336008310318, 0.0980006605386734, 0.00950000062584877), (0.11276336759328842, 0.09802179038524628, 0.009021788835525513), (0.11350000649690628, 0.09750000387430191, 0.05250000208616257), (0.11350000649690628, 0.09849999845027924, 0.05350000038743019), (0.11250000447034836, 0.09849999845027924, 0.05250000208616257), (0.11349999904632568, 0.09763360023498535, 0.0529993399977684), (0.11300066113471985, 0.09763360023498535, 0.05249999836087227), (0.11302179098129272, 0.09776336699724197, 0.052978210151195526), (0.11300066113471985, 0.09849999845027924, 0.05336640030145645), (0.11349999904632568, 0.0980006605386734, 0.05336640030145645), (0.11302179098129272, 0.09802179038524628, 0.05323663353919983), (0.1126336008310318, 0.0980006605386734, 0.05249999836087227), (0.1126336008310318, 0.09849999845027924, 0.0529993399977684), (0.11276336759328842, 0.09802179038524628, 0.052978210151195526), (0.11350000649690628, 0.1315000057220459, 0.008499998599290848), (0.11250000447034836, 0.1315000057220459, 0.009499998763203621), (0.11350000649690628, 0.13250000774860382, 0.009499998763203621), (0.11300066113471985, 0.1315000057220459, 0.008633596822619438), (0.11350000649690628, 0.13199934363365173, 0.008633596822619438), (0.11302179098129272, 0.13197821378707886, 0.008763367310166359), (0.1126336008310318, 0.13199934363365173, 0.00950000062584877), (0.1126336008310318, 0.1315000057220459, 0.009000657126307487), (0.11276337504386902, 0.13197821378707886, 0.009021788835525513), (0.11350000649690628, 0.13236640393733978, 0.009000657126307487), (0.11300066113471985, 0.13236640393733978, 0.00950000062584877), (0.11302179098129272, 0.13223662972450256, 0.009021788835525513), (0.11350000649690628, 0.1315000057220459, 0.05350000038743019), (0.11350000649690628, 0.13250000774860382, 0.05250000208616257), (0.11250000447034836, 0.1315000057220459, 0.05250000208616257), (0.11349999904632568, 0.13199934363365173, 0.05336640030145645), (0.11300066113471985, 0.1315000057220459, 0.05336640030145645), (0.11302179098129272, 0.13197821378707886, 0.05323663353919983), (0.11300066113471985, 0.13236640393733978, 0.05249999836087227), (0.11349999904632568, 0.13236640393733978, 0.0529993399977684), (0.11302179098129272, 0.13223662972450256, 0.052978210151195526), (0.1126336008310318, 0.1315000057220459, 0.0529993399977684), (0.1126336008310318, 0.13199934363365173, 0.05249999836087227), (0.11276336759328842, 0.13197821378707886, 0.052978210151195526), (0.15650001168251038, 0.09849999845027924, 0.008499998599290848), (0.1574999988079071, 0.09849999845027924, 0.009499998763203621), (0.15650001168251038, 0.09750000387430191, 0.009499998763203621), (0.1569993495941162, 0.09849999845027924, 0.008633596822619438), (0.15650001168251038, 0.0980006605386734, 0.008633596822619438), (0.15697821974754333, 0.09802179038524628, 0.008763367310166359), (0.15736640989780426, 0.0980006605386734, 0.00950000062584877), (0.15736640989780426, 0.09849999845027924, 0.009000657126307487), (0.15723663568496704, 0.09802179038524628, 0.009021788835525513), (0.15650001168251038, 0.09763360023498535, 0.009000657126307487), (0.1569993495941162, 0.09763360023498535, 0.00950000062584877), (0.15697821974754333, 0.09776336699724197, 0.009021788835525513), (0.15650001168251038, 0.09849999845027924, 0.05350000038743019), (0.15650001168251038, 0.09750000387430191, 0.05250000208616257), (0.1574999988079071, 0.09849999845027924, 0.05250000208616257), (0.15650001168251038, 0.0980006605386734, 0.05336640030145645), (0.1569993495941162, 0.09849999845027924, 0.05336640030145645), (0.15697821974754333, 0.09802179038524628, 0.05323663353919983), (0.1569993495941162, 0.09763360023498535, 0.05249999836087227), (0.15650001168251038, 0.09763360023498535, 0.0529993399977684), (0.15697821974754333, 0.09776336699724197, 0.052978210151195526), (0.15736640989780426, 0.09849999845027924, 0.0529993399977684), (0.15736640989780426, 0.0980006605386734, 0.05249999836087227), (0.15723663568496704, 0.09802179038524628, 0.052978210151195526), (0.15650001168251038, 0.1315000057220459, 0.008499998599290848), (0.15650001168251038, 0.13250000774860382, 0.009499998763203621), (0.1574999988079071, 0.1315000057220459, 0.009499998763203621), (0.15650001168251038, 0.13199934363365173, 0.008633596822619438), (0.1569993495941162, 0.1315000057220459, 0.008633596822619438), (0.15697821974754333, 0.13197821378707886, 0.008763367310166359), (0.1569993495941162, 0.13236640393733978, 0.00950000062584877), (0.15650001168251038, 0.13236640393733978, 0.009000657126307487), (0.15697821974754333, 0.13223662972450256, 0.009021788835525513), (0.15736640989780426, 0.1315000057220459, 0.009000657126307487), (0.15736640989780426, 0.13199934363365173, 0.00950000062584877), (0.15723663568496704, 0.13197821378707886, 0.009021788835525513), (0.15650001168251038, 0.1315000057220459, 0.05350000038743019), (0.1574999988079071, 0.1315000057220459, 0.05250000208616257), (0.15650001168251038, 0.13250000774860382, 0.05250000208616257), (0.1569993495941162, 0.1315000057220459, 0.05336640030145645), (0.15650001168251038, 0.13199934363365173, 0.05336640030145645), (0.15697821974754333, 0.13197821378707886, 0.05323663353919983), (0.15736640989780426, 0.13199934363365173, 0.05249999836087227), (0.15736640989780426, 0.1315000057220459, 0.0529993399977684), (0.15723663568496704, 0.13197821378707886, 0.052978210151195526), (0.15650001168251038, 0.13236640393733978, 0.0529993399977684), (0.1569993495941162, 0.13236640393733978, 0.05249999836087227), (0.15697821974754333, 0.13223662972450256, 0.052978210151195526)]
int[] faceVertexCounts = [4, 4, 4, 4, 4, 4, 4, 4, 4, 4, 4, 3, 4, 4, 4, 4, 4, 4, 3, 4, 4, 4, 4, 4, 4, 3, 4, 4, 4, 4, 4, 4, 3, 4, 4, 4, 4, 4, 4, 3, 4, 4, 4, 4, 4, 4, 3, 4, 4, 4, 4, 4, 4, 3, 4, 4, 4, 4, 4, 4, 3, 4, 4, 4, 4, 4, 4, 4, 4, 4, 4, 4, 4, 4, 4, 4, 4, 4, 4, 4, 4, 4, 4, 4, 4, 4, 4, 4, 4, 4, 4, 4, 4, 4, 4, 4, 4, 4]
int[] faceVertexIndices = [50, 61, 12, 1, 74, 85, 62, 49, 84, 36, 13, 60, 2, 14, 38, 25, 26, 37, 86, 73, 0, 3, 5, 4, 3, 7, 8, 5, 1, 6, 8, 7, 6, 10, 11, 8, 2, 9, 11, 10, 9, 4, 5, 11, 5, 8, 11, 12, 15, 17, 16, 15, 19, 20, 17, 13, 18, 20, 19, 18, 22, 23, 20, 14, 21, 23, 22, 21, 16, 17, 23, 17, 20, 23, 24, 27, 29, 28, 27, 31, 32, 29, 25, 30, 32, 31, 30, 34, 35, 32, 26, 33, 35, 34, 33, 28, 29, 35, 29, 32, 35, 36, 39, 41, 40, 39, 43, 44, 41, 37, 42, 44, 43, 42, 46, 47, 44, 38, 45, 47, 46, 45, 40, 41, 47, 41, 44, 47, 48, 51, 53, 52, 51, 55, 56, 53, 49, 54, 56, 55, 54, 58, 59, 56, 50, 57, 59, 58, 57, 52, 53, 59, 53, 56, 59, 60, 63, 65, 64, 63, 67, 68, 65, 61, 66, 68, 67, 66, 70, 71, 68, 62, 69, 71, 70, 69, 64, 65, 71, 65, 68, 71, 72, 75, 77, 76, 75, 79, 80, 77, 73, 78, 80, 79, 78, 82, 83, 80, 74, 81, 83, 82, 81, 76, 77, 83, 77, 80, 83, 84, 87, 89, 88, 87, 91, 92, 89, 85, 90, 92, 91, 90, 94, 95, 92, 86, 93, 95, 94, 93, 88, 89, 95, 89, 92, 95, 24, 0, 4, 27, 27, 4, 9, 31, 31, 9, 2, 25, 1, 12, 16, 6, 6, 16, 21, 10, 10, 21, 14, 2, 13, 36, 40, 18, 18, 40, 45, 22, 22, 45, 38, 14, 37, 26, 34, 42, 42, 34, 30, 46, 46, 30, 25, 38, 72, 24, 28, 75, 75, 28, 33, 79, 79, 33, 26, 73, 36, 84, 88, 39, 39, 88, 93, 43, 43, 93, 86, 37, 85, 74, 82, 90, 90, 82, 78, 94, 94, 78, 73, 86, 48, 72, 76, 51, 51, 76, 81, 55, 55, 81, 74, 49, 84, 60, 64, 87, 87, 64, 69, 91, 91, 69, 62, 85, 61, 50, 58, 66, 66, 58, 54, 70, 70, 54, 49, 62, 0, 48, 52, 3, 3, 52, 57, 7, 7, 57, 50, 1, 60, 13, 19, 63, 63, 19, 15, 67, 67, 15, 12, 61, 24, 72, 48, 0]
uniform token subdivisionScheme = "none"
rel material:binding = </Component/Looks/Anodized_aluminum>
}
def Mesh "Socket_bolt_007" (prepend apiSchemas = ["MaterialBindingAPI"]) {
point3f[] points = [(0.13500000536441803, 0.11950000375509262, 0.5394999980926514), (0.13500000536441803, 0.11950000375509262, 0.5425000190734863), (0.13558737933635712, 0.11946150660514832, 0.5394999980926514), (0.13558737933635712, 0.11946150660514832, 0.5425000190734863), (0.13616469502449036, 0.11934667080640793, 0.5394999980926514), (0.13616469502449036, 0.11934667080640793, 0.5425000190734863), (0.13672208786010742, 0.11915746331214905, 0.5394999980926514), (0.13672208786010742, 0.11915746331214905, 0.5425000190734863), (0.13725000619888306, 0.11889711767435074, 0.5394999980926514), (0.13725000619888306, 0.11889711767435074, 0.5425000190734863), (0.13773943483829498, 0.11857008934020996, 0.5394999980926514), (0.13773943483829498, 0.11857008934020996, 0.5425000190734863), (0.13818198442459106, 0.1181819811463356, 0.5394999980926514), (0.13818198442459106, 0.1181819811463356, 0.5425000190734863), (0.13857010006904602, 0.11773943156003952, 0.5394999980926514), (0.13857010006904602, 0.11773943156003952, 0.5425000190734863), (0.1388971209526062, 0.1172500029206276, 0.5394999980926514), (0.1388971209526062, 0.1172500029206276, 0.5425000190734863), (0.1391574591398239, 0.11672207713127136, 0.5394999980926514), (0.1391574591398239, 0.11672207713127136, 0.5425000190734863), (0.1393466740846634, 0.1161646842956543, 0.5394999980926514), (0.1393466740846634, 0.1161646842956543, 0.5425000190734863), (0.13946150243282318, 0.11558736860752106, 0.5394999980926514), (0.13946150243282318, 0.11558736860752106, 0.5425000190734863), (0.13950000703334808, 0.11500000208616257, 0.5394999980926514), (0.13950000703334808, 0.11500000208616257, 0.5425000190734863), (0.13946150243282318, 0.11441263556480408, 0.5394999980926514), (0.13946150243282318, 0.11441263556480408, 0.5425000190734863), (0.1393466740846634, 0.11383531987667084, 0.5394999980926514), (0.1393466740846634, 0.11383531987667084, 0.5425000190734863), (0.1391574591398239, 0.11327792704105377, 0.5394999980926514), (0.1391574591398239, 0.11327792704105377, 0.5425000190734863), (0.1388971209526062, 0.11275000125169754, 0.5394999980926514), (0.1388971209526062, 0.11275000125169754, 0.5425000190734863), (0.13857010006904602, 0.11226057261228561, 0.5394999980926514), (0.13857010006904602, 0.11226057261228561, 0.5425000190734863), (0.13818198442459106, 0.11181802302598953, 0.5394999980926514), (0.13818198442459106, 0.11181802302598953, 0.5425000190734863), (0.13773943483829498, 0.11142991483211517, 0.5394999980926514), (0.13773943483829498, 0.11142991483211517, 0.5425000190734863), (0.13725000619888306, 0.1111028864979744, 0.5394999980926514), (0.13725000619888306, 0.1111028864979744, 0.5425000190734863), (0.13672208786010742, 0.11084254086017609, 0.5394999980926514), (0.13672208786010742, 0.11084254086017609, 0.5425000190734863), (0.13616469502449036, 0.1106533333659172, 0.5394999980926514), (0.13616469502449036, 0.1106533333659172, 0.5425000190734863), (0.13558737933635712, 0.11053849756717682, 0.5394999980926514), (0.13558737933635712, 0.11053849756717682, 0.5425000190734863), (0.13500000536441803, 0.11050000041723251, 0.5394999980926514), (0.13500000536441803, 0.11050000041723251, 0.5425000190734863), (0.13441263139247894, 0.11053849756717682, 0.5394999980926514), (0.13441263139247894, 0.11053849756717682, 0.5425000190734863), (0.1338353157043457, 0.1106533333659172, 0.5394999980926514), (0.1338353157043457, 0.1106533333659172, 0.5425000190734863), (0.13327792286872864, 0.11084254086017609, 0.5394999980926514), (0.13327792286872864, 0.11084254086017609, 0.5425000190734863), (0.132750004529953, 0.1111028864979744, 0.5394999980926514), (0.132750004529953, 0.1111028864979744, 0.5425000190734863), (0.13226057589054108, 0.11142991483211517, 0.5394999980926514), (0.13226057589054108, 0.11142991483211517, 0.5425000190734863), (0.131818026304245, 0.11181802302598953, 0.5394999980926514), (0.131818026304245, 0.11181802302598953, 0.5425000190734863), (0.13142991065979004, 0.11226057261228561, 0.5394999980926514), (0.13142991065979004, 0.11226057261228561, 0.5425000190734863), (0.13110288977622986, 0.11275000125169754, 0.5394999980926514), (0.13110288977622986, 0.11275000125169754, 0.5425000190734863), (0.13084255158901215, 0.11327792704105377, 0.5394999980926514), (0.13084255158901215, 0.11327792704105377, 0.5425000190734863), (0.13065333664417267, 0.11383531987667084, 0.5394999980926514), (0.13065333664417267, 0.11383531987667084, 0.5425000190734863), (0.13053850829601288, 0.11441263556480408, 0.5394999980926514), (0.13053850829601288, 0.11441263556480408, 0.5425000190734863), (0.13050000369548798, 0.11500000208616257, 0.5394999980926514), (0.13050000369548798, 0.11500000208616257, 0.5425000190734863), (0.13053850829601288, 0.11558736860752106, 0.5394999980926514), (0.13053850829601288, 0.11558736860752106, 0.5425000190734863), (0.13065333664417267, 0.1161646842956543, 0.5394999980926514), (0.13065333664417267, 0.1161646842956543, 0.5425000190734863), (0.13084255158901215, 0.11672207713127136, 0.5394999980926514), (0.13084255158901215, 0.11672207713127136, 0.5425000190734863), (0.13110288977622986, 0.1172500029206276, 0.5394999980926514), (0.13110288977622986, 0.1172500029206276, 0.5425000190734863), (0.13142991065979004, 0.11773943156003952, 0.5394999980926514), (0.13142991065979004, 0.11773943156003952, 0.5425000190734863), (0.131818026304245, 0.1181819811463356, 0.5394999980926514), (0.131818026304245, 0.1181819811463356, 0.5425000190734863), (0.13226057589054108, 0.11857008934020996, 0.5394999980926514), (0.13226057589054108, 0.11857008934020996, 0.5425000190734863), (0.132750004529953, 0.11889711767435074, 0.5394999980926514), (0.132750004529953, 0.11889711767435074, 0.5425000190734863), (0.13327792286872864, 0.11915746331214905, 0.5394999980926514), (0.13327792286872864, 0.11915746331214905, 0.5425000190734863), (0.1338353157043457, 0.11934667080640793, 0.5394999980926514), (0.1338353157043457, 0.11934667080640793, 0.5425000190734863), (0.13441263139247894, 0.11946150660514832, 0.5394999980926514), (0.13441263139247894, 0.11946150660514832, 0.5425000190734863)]
int[] faceVertexCounts = [4, 4, 4, 4, 4, 4, 4, 4, 4, 4, 4, 4, 4, 4, 4, 4, 4, 4, 4, 4, 4, 4, 4, 4, 4, 4, 4, 4, 4, 4, 4, 4, 4, 4, 4, 4, 4, 4, 4, 4, 4, 4, 4, 4, 4, 4, 48, 4, 4, 48]
int[] faceVertexIndices = [0, 1, 3, 2, 2, 3, 5, 4, 4, 5, 7, 6, 6, 7, 9, 8, 8, 9, 11, 10, 10, 11, 13, 12, 12, 13, 15, 14, 14, 15, 17, 16, 16, 17, 19, 18, 18, 19, 21, 20, 20, 21, 23, 22, 22, 23, 25, 24, 24, 25, 27, 26, 26, 27, 29, 28, 28, 29, 31, 30, 30, 31, 33, 32, 32, 33, 35, 34, 34, 35, 37, 36, 36, 37, 39, 38, 38, 39, 41, 40, 40, 41, 43, 42, 42, 43, 45, 44, 44, 45, 47, 46, 46, 47, 49, 48, 48, 49, 51, 50, 50, 51, 53, 52, 52, 53, 55, 54, 54, 55, 57, 56, 56, 57, 59, 58, 58, 59, 61, 60, 60, 61, 63, 62, 62, 63, 65, 64, 64, 65, 67, 66, 66, 67, 69, 68, 68, 69, 71, 70, 70, 71, 73, 72, 72, 73, 75, 74, 74, 75, 77, 76, 76, 77, 79, 78, 78, 79, 81, 80, 80, 81, 83, 82, 82, 83, 85, 84, 84, 85, 87, 86, 86, 87, 89, 88, 88, 89, 91, 90, 90, 91, 93, 92, 3, 1, 95, 93, 91, 89, 87, 85, 83, 81, 79, 77, 75, 73, 71, 69, 67, 65, 63, 61, 59, 57, 55, 53, 51, 49, 47, 45, 43, 41, 39, 37, 35, 33, 31, 29, 27, 25, 23, 21, 19, 17, 15, 13, 11, 9, 7, 5, 92, 93, 95, 94, 94, 95, 1, 0, 0, 2, 4, 6, 8, 10, 12, 14, 16, 18, 20, 22, 24, 26, 28, 30, 32, 34, 36, 38, 40, 42, 44, 46, 48, 50, 52, 54, 56, 58, 60, 62, 64, 66, 68, 70, 72, 74, 76, 78, 80, 82, 84, 86, 88, 90, 92, 94]
uniform token subdivisionScheme = "none"
rel material:binding = </Component/Looks/Slot_and_fastener>
}
def Mesh "Gusset_bracket_007" (prepend apiSchemas = ["MaterialBindingAPI"]) {
point3f[] points = [(0.11350000649690628, 0.09849999845027924, 0.4964999854564667), (0.11350000649690628, 0.09750000387430191, 0.4975000023841858), (0.11250000447034836, 0.09849999845027924, 0.4975000023841858), (0.11349999904632568, 0.0980006605386734, 0.4966335892677307), (0.11300066113471985, 0.09849999845027924, 0.4966335892677307), (0.11302179098129272, 0.09802179038524628, 0.49676334857940674), (0.11300066113471985, 0.09763360023498535, 0.4975000023841858), (0.11349999904632568, 0.09763360023498535, 0.49700066447257996), (0.11302179098129272, 0.09776336699724197, 0.49702179431915283), (0.1126336008310318, 0.09849999845027924, 0.49700066447257996), (0.1126336008310318, 0.0980006605386734, 0.4975000023841858), (0.11276336759328842, 0.09802179038524628, 0.49702179431915283), (0.11350000649690628, 0.09750000387430191, 0.5404999852180481), (0.11350000649690628, 0.09849999845027924, 0.5414999723434448), (0.11250000447034836, 0.09849999845027924, 0.5404999852180481), (0.11349999904632568, 0.09763360023498535, 0.5409993529319763), (0.11300066113471985, 0.09763360023498535, 0.5404999852180481), (0.11302179098129272, 0.09776336699724197, 0.540978193283081), (0.11300066113471985, 0.09849999845027924, 0.5413663983345032), (0.11349999904632568, 0.0980006605386734, 0.5413663983345032), (0.11302179098129272, 0.09802179038524628, 0.5412366390228271), (0.1126336008310318, 0.0980006605386734, 0.5404999852180481), (0.1126336008310318, 0.09849999845027924, 0.5409993529319763), (0.11276336759328842, 0.09802179038524628, 0.540978193283081), (0.11350000649690628, 0.1315000057220459, 0.4964999854564667), (0.11250000447034836, 0.1315000057220459, 0.4975000023841858), (0.11350000649690628, 0.13250000774860382, 0.4975000023841858), (0.11300066113471985, 0.1315000057220459, 0.4966335892677307), (0.11350000649690628, 0.13199934363365173, 0.4966335892677307), (0.11302179098129272, 0.13197821378707886, 0.49676334857940674), (0.1126336008310318, 0.13199934363365173, 0.4975000023841858), (0.1126336008310318, 0.1315000057220459, 0.49700066447257996), (0.11276337504386902, 0.13197821378707886, 0.49702179431915283), (0.11350000649690628, 0.13236640393733978, 0.49700066447257996), (0.11300066113471985, 0.13236640393733978, 0.4975000023841858), (0.11302179098129272, 0.13223662972450256, 0.49702179431915283), (0.11350000649690628, 0.1315000057220459, 0.5414999723434448), (0.11350000649690628, 0.13250000774860382, 0.5404999852180481), (0.11250000447034836, 0.1315000057220459, 0.5404999852180481), (0.11349999904632568, 0.13199934363365173, 0.5413663983345032), (0.11300066113471985, 0.1315000057220459, 0.5413663983345032), (0.11302179098129272, 0.13197821378707886, 0.5412366390228271), (0.11300066113471985, 0.13236640393733978, 0.5404999852180481), (0.11349999904632568, 0.13236640393733978, 0.5409993529319763), (0.11302179098129272, 0.13223662972450256, 0.540978193283081), (0.1126336008310318, 0.1315000057220459, 0.5409993529319763), (0.1126336008310318, 0.13199934363365173, 0.5404999852180481), (0.11276336759328842, 0.13197821378707886, 0.540978193283081), (0.15650001168251038, 0.09849999845027924, 0.4964999854564667), (0.1574999988079071, 0.09849999845027924, 0.4975000023841858), (0.15650001168251038, 0.09750000387430191, 0.4975000023841858), (0.1569993495941162, 0.09849999845027924, 0.4966335892677307), (0.15650001168251038, 0.0980006605386734, 0.4966335892677307), (0.15697821974754333, 0.09802179038524628, 0.49676334857940674), (0.15736640989780426, 0.0980006605386734, 0.4975000023841858), (0.15736640989780426, 0.09849999845027924, 0.49700066447257996), (0.15723663568496704, 0.09802179038524628, 0.49702179431915283), (0.15650001168251038, 0.09763360023498535, 0.49700066447257996), (0.1569993495941162, 0.09763360023498535, 0.4975000023841858), (0.15697821974754333, 0.09776336699724197, 0.49702179431915283), (0.15650001168251038, 0.09849999845027924, 0.5414999723434448), (0.15650001168251038, 0.09750000387430191, 0.5404999852180481), (0.1574999988079071, 0.09849999845027924, 0.5404999852180481), (0.15650001168251038, 0.0980006605386734, 0.5413663983345032), (0.1569993495941162, 0.09849999845027924, 0.5413663983345032), (0.15697821974754333, 0.09802179038524628, 0.5412366390228271), (0.1569993495941162, 0.09763360023498535, 0.5404999852180481), (0.15650001168251038, 0.09763360023498535, 0.5409993529319763), (0.15697821974754333, 0.09776336699724197, 0.540978193283081), (0.15736640989780426, 0.09849999845027924, 0.5409993529319763), (0.15736640989780426, 0.0980006605386734, 0.5404999852180481), (0.15723663568496704, 0.09802179038524628, 0.540978193283081), (0.15650001168251038, 0.1315000057220459, 0.4964999854564667), (0.15650001168251038, 0.13250000774860382, 0.4975000023841858), (0.1574999988079071, 0.1315000057220459, 0.4975000023841858), (0.15650001168251038, 0.13199934363365173, 0.4966335892677307), (0.1569993495941162, 0.1315000057220459, 0.4966335892677307), (0.15697821974754333, 0.13197821378707886, 0.49676334857940674), (0.1569993495941162, 0.13236640393733978, 0.4975000023841858), (0.15650001168251038, 0.13236640393733978, 0.49700066447257996), (0.15697821974754333, 0.13223662972450256, 0.49702179431915283), (0.15736640989780426, 0.1315000057220459, 0.49700066447257996), (0.15736640989780426, 0.13199934363365173, 0.4975000023841858), (0.15723663568496704, 0.13197821378707886, 0.49702179431915283), (0.15650001168251038, 0.1315000057220459, 0.5414999723434448), (0.1574999988079071, 0.1315000057220459, 0.5404999852180481), (0.15650001168251038, 0.13250000774860382, 0.5404999852180481), (0.1569993495941162, 0.1315000057220459, 0.5413663983345032), (0.15650001168251038, 0.13199934363365173, 0.5413663983345032), (0.15697821974754333, 0.13197821378707886, 0.5412366390228271), (0.15736640989780426, 0.13199934363365173, 0.5404999852180481), (0.15736640989780426, 0.1315000057220459, 0.5409993529319763), (0.15723663568496704, 0.13197821378707886, 0.540978193283081), (0.15650001168251038, 0.13236640393733978, 0.5409993529319763), (0.1569993495941162, 0.13236640393733978, 0.5404999852180481), (0.15697821974754333, 0.13223662972450256, 0.540978193283081)]
int[] faceVertexCounts = [4, 4, 4, 4, 4, 4, 4, 4, 4, 4, 4, 3, 4, 4, 4, 4, 4, 4, 3, 4, 4, 4, 4, 4, 4, 3, 4, 4, 4, 4, 4, 4, 3, 4, 4, 4, 4, 4, 4, 3, 4, 4, 4, 4, 4, 4, 3, 4, 4, 4, 4, 4, 4, 3, 4, 4, 4, 4, 4, 4, 3, 4, 4, 4, 4, 4, 4, 4, 4, 4, 4, 4, 4, 4, 4, 4, 4, 4, 4, 4, 4, 4, 4, 4, 4, 4, 4, 4, 4, 4, 4, 4, 4, 4, 4, 4, 4, 4]
int[] faceVertexIndices = [50, 61, 12, 1, 74, 85, 62, 49, 84, 36, 13, 60, 2, 14, 38, 25, 26, 37, 86, 73, 0, 3, 5, 4, 3, 7, 8, 5, 1, 6, 8, 7, 6, 10, 11, 8, 2, 9, 11, 10, 9, 4, 5, 11, 5, 8, 11, 12, 15, 17, 16, 15, 19, 20, 17, 13, 18, 20, 19, 18, 22, 23, 20, 14, 21, 23, 22, 21, 16, 17, 23, 17, 20, 23, 24, 27, 29, 28, 27, 31, 32, 29, 25, 30, 32, 31, 30, 34, 35, 32, 26, 33, 35, 34, 33, 28, 29, 35, 29, 32, 35, 36, 39, 41, 40, 39, 43, 44, 41, 37, 42, 44, 43, 42, 46, 47, 44, 38, 45, 47, 46, 45, 40, 41, 47, 41, 44, 47, 48, 51, 53, 52, 51, 55, 56, 53, 49, 54, 56, 55, 54, 58, 59, 56, 50, 57, 59, 58, 57, 52, 53, 59, 53, 56, 59, 60, 63, 65, 64, 63, 67, 68, 65, 61, 66, 68, 67, 66, 70, 71, 68, 62, 69, 71, 70, 69, 64, 65, 71, 65, 68, 71, 72, 75, 77, 76, 75, 79, 80, 77, 73, 78, 80, 79, 78, 82, 83, 80, 74, 81, 83, 82, 81, 76, 77, 83, 77, 80, 83, 84, 87, 89, 88, 87, 91, 92, 89, 85, 90, 92, 91, 90, 94, 95, 92, 86, 93, 95, 94, 93, 88, 89, 95, 89, 92, 95, 24, 0, 4, 27, 27, 4, 9, 31, 31, 9, 2, 25, 1, 12, 16, 6, 6, 16, 21, 10, 10, 21, 14, 2, 13, 36, 40, 18, 18, 40, 45, 22, 22, 45, 38, 14, 37, 26, 34, 42, 42, 34, 30, 46, 46, 30, 25, 38, 72, 24, 28, 75, 75, 28, 33, 79, 79, 33, 26, 73, 36, 84, 88, 39, 39, 88, 93, 43, 43, 93, 86, 37, 85, 74, 82, 90, 90, 82, 78, 94, 94, 78, 73, 86, 48, 72, 76, 51, 51, 76, 81, 55, 55, 81, 74, 49, 84, 60, 64, 87, 87, 64, 69, 91, 91, 69, 62, 85, 61, 50, 58, 66, 66, 58, 54, 70, 70, 54, 49, 62, 0, 48, 52, 3, 3, 52, 57, 7, 7, 57, 50, 1, 60, 13, 19, 63, 63, 19, 15, 67, 67, 15, 12, 61, 24, 72, 48, 0]
uniform token subdivisionScheme = "none"
rel material:binding = </Component/Looks/Anodized_aluminum>
}
def Mesh "Cross_rail_001" (prepend apiSchemas = ["MaterialBindingAPI"]) {
point3f[] points = [(-0.11899999529123306, -0.1290000081062317, 0.019999999552965164), (-0.11899999529123306, -0.12999999523162842, 0.021000001579523087), (-0.11999999731779099, -0.1290000081062317, 0.021000001579523087), (-0.11899998784065247, -0.12949934601783752, 0.020133597776293755), (-0.1194993332028389, -0.1290000081062317, 0.020133597776293755), (-0.11947820335626602, -0.12947821617126465, 0.020263370126485825), (-0.1194993332028389, -0.12986640632152557, 0.021000001579523087), (-0.11899998784065247, -0.12986640632152557, 0.020500656217336655), (-0.11947820335626602, -0.12973663210868835, 0.02052178978919983), (-0.11986639350652695, -0.1290000081062317, 0.020500656217336655), (-0.11986639350652695, -0.12949934601783752, 0.021000001579523087), (-0.11973661929368973, -0.12947821617126465, 0.02052178978919983), (-0.11899999529123306, -0.12999999523162842, 0.04899999871850014), (-0.11899999529123306, -0.1290000081062317, 0.05000000074505806), (-0.11999999731779099, -0.1290000081062317, 0.04899999871850014), (-0.11899998784065247, -0.12986640632152557, 0.04949934408068657), (-0.1194993332028389, -0.12986640632152557, 0.04899999871850014), (-0.11947820335626602, -0.12973663210868835, 0.049478210508823395), (-0.1194993332028389, -0.1290000081062317, 0.04986640065908432), (-0.11899998784065247, -0.12949934601783752, 0.04986640065908432), (-0.11947820335626602, -0.12947821617126465, 0.0497366301715374), (-0.11986639350652695, -0.12949934601783752, 0.04899999871850014), (-0.11986639350652695, -0.1290000081062317, 0.04949934408068657), (-0.11973661929368973, -0.12947821617126465, 0.049478210508823395), (-0.11899999529123306, -0.10100000351667404, 0.019999999552965164), (-0.11999999731779099, -0.10100000351667404, 0.021000001579523087), (-0.11899999529123306, -0.10000000149011612, 0.021000001579523087), (-0.1194993332028389, -0.10100000351667404, 0.020133597776293755), (-0.11899998784065247, -0.10050065815448761, 0.020133597776293755), (-0.11947820335626602, -0.10052178800106049, 0.020263370126485825), (-0.11986639350652695, -0.10050065815448761, 0.021000001579523087), (-0.11986639350652695, -0.10100000351667404, 0.020500656217336655), (-0.11973661929368973, -0.10052178800106049, 0.02052178978919983), (-0.11899998784065247, -0.10013359785079956, 0.020500656217336655), (-0.1194993332028389, -0.10013359785079956, 0.021000001579523087), (-0.11947820335626602, -0.10026337206363678, 0.02052178978919983), (-0.11899999529123306, -0.10100000351667404, 0.05000000074505806), (-0.11899999529123306, -0.10000000149011612, 0.04899999871850014), (-0.11999999731779099, -0.10100000351667404, 0.04899999871850014), (-0.11899998784065247, -0.10050065815448761, 0.04986640065908432), (-0.1194993332028389, -0.10100000351667404, 0.04986640065908432), (-0.11947820335626602, -0.10052178800106049, 0.0497366301715374), (-0.1194993332028389, -0.10013359785079956, 0.04899999871850014), (-0.11899998784065247, -0.10013359785079956, 0.04949934408068657), (-0.11947820335626602, -0.10026337206363678, 0.049478210508823395), (-0.11986639350652695, -0.10100000351667404, 0.04949934408068657), (-0.11986639350652695, -0.10050065815448761, 0.04899999871850014), (-0.11973661929368973, -0.10052178800106049, 0.049478210508823395), (0.11899999529123306, -0.1290000081062317, 0.019999999552965164), (0.11999999731779099, -0.1290000081062317, 0.021000001579523087), (0.11899999529123306, -0.12999999523162842, 0.021000001579523087), (0.1194993332028389, -0.1290000081062317, 0.020133597776293755), (0.11899998784065247, -0.12949934601783752, 0.020133597776293755), (0.11947820335626602, -0.12947821617126465, 0.020263370126485825), (0.11986639350652695, -0.12949934601783752, 0.021000001579523087), (0.11986639350652695, -0.1290000081062317, 0.020500656217336655), (0.11973661929368973, -0.12947821617126465, 0.02052178978919983), (0.11899998784065247, -0.12986640632152557, 0.020500656217336655), (0.1194993332028389, -0.12986640632152557, 0.021000001579523087), (0.11947820335626602, -0.12973663210868835, 0.02052178978919983), (0.11899999529123306, -0.1290000081062317, 0.05000000074505806), (0.11899999529123306, -0.12999999523162842, 0.04899999871850014), (0.11999999731779099, -0.1290000081062317, 0.04899999871850014), (0.11899998784065247, -0.12949934601783752, 0.04986640065908432), (0.1194993332028389, -0.1290000081062317, 0.04986640065908432), (0.11947820335626602, -0.12947821617126465, 0.0497366301715374), (0.1194993332028389, -0.12986640632152557, 0.04899999871850014), (0.11899998784065247, -0.12986640632152557, 0.04949934408068657), (0.11947820335626602, -0.12973663210868835, 0.049478210508823395), (0.11986639350652695, -0.1290000081062317, 0.04949934408068657), (0.11986639350652695, -0.12949934601783752, 0.04899999871850014), (0.11973661929368973, -0.12947821617126465, 0.049478210508823395), (0.11899999529123306, -0.10100000351667404, 0.019999999552965164), (0.11899999529123306, -0.10000000149011612, 0.021000001579523087), (0.11999999731779099, -0.10100000351667404, 0.021000001579523087), (0.11899998784065247, -0.10050065815448761, 0.020133597776293755), (0.1194993332028389, -0.10100000351667404, 0.020133597776293755), (0.11947820335626602, -0.10052178800106049, 0.020263370126485825), (0.1194993332028389, -0.10013359785079956, 0.021000001579523087), (0.11899998784065247, -0.10013359785079956, 0.020500656217336655), (0.11947820335626602, -0.10026337206363678, 0.02052178978919983), (0.11986639350652695, -0.10100000351667404, 0.020500656217336655), (0.11986639350652695, -0.10050065815448761, 0.021000001579523087), (0.11973661929368973, -0.10052178800106049, 0.02052178978919983), (0.11899999529123306, -0.10100000351667404, 0.05000000074505806), (0.11999999731779099, -0.10100000351667404, 0.04899999871850014), (0.11899999529123306, -0.10000000149011612, 0.04899999871850014), (0.1194993332028389, -0.10100000351667404, 0.04986640065908432), (0.11899998784065247, -0.10050065815448761, 0.04986640065908432), (0.11947820335626602, -0.10052178800106049, 0.0497366301715374), (0.11986639350652695, -0.10050065815448761, 0.04899999871850014), (0.11986639350652695, -0.10100000351667404, 0.04949934408068657), (0.11973661929368973, -0.10052178800106049, 0.049478210508823395), (0.11899998784065247, -0.10013359785079956, 0.04949934408068657), (0.1194993332028389, -0.10013359785079956, 0.04899999871850014), (0.11947820335626602, -0.10026337206363678, 0.049478210508823395)]
int[] faceVertexCounts = [4, 4, 4, 4, 4, 4, 4, 4, 4, 4, 4, 3, 4, 4, 4, 4, 4, 4, 3, 4, 4, 4, 4, 4, 4, 3, 4, 4, 4, 4, 4, 4, 3, 4, 4, 4, 4, 4, 4, 3, 4, 4, 4, 4, 4, 4, 3, 4, 4, 4, 4, 4, 4, 3, 4, 4, 4, 4, 4, 4, 3, 4, 4, 4, 4, 4, 4, 4, 4, 4, 4, 4, 4, 4, 4, 4, 4, 4, 4, 4, 4, 4, 4, 4, 4, 4, 4, 4, 4, 4, 4, 4, 4, 4, 4, 4, 4, 4]
int[] faceVertexIndices = [50, 61, 12, 1, 74, 85, 62, 49, 84, 36, 13, 60, 2, 14, 38, 25, 26, 37, 86, 73, 0, 3, 5, 4, 3, 7, 8, 5, 1, 6, 8, 7, 6, 10, 11, 8, 2, 9, 11, 10, 9, 4, 5, 11, 5, 8, 11, 12, 15, 17, 16, 15, 19, 20, 17, 13, 18, 20, 19, 18, 22, 23, 20, 14, 21, 23, 22, 21, 16, 17, 23, 17, 20, 23, 24, 27, 29, 28, 27, 31, 32, 29, 25, 30, 32, 31, 30, 34, 35, 32, 26, 33, 35, 34, 33, 28, 29, 35, 29, 32, 35, 36, 39, 41, 40, 39, 43, 44, 41, 37, 42, 44, 43, 42, 46, 47, 44, 38, 45, 47, 46, 45, 40, 41, 47, 41, 44, 47, 48, 51, 53, 52, 51, 55, 56, 53, 49, 54, 56, 55, 54, 58, 59, 56, 50, 57, 59, 58, 57, 52, 53, 59, 53, 56, 59, 60, 63, 65, 64, 63, 67, 68, 65, 61, 66, 68, 67, 66, 70, 71, 68, 62, 69, 71, 70, 69, 64, 65, 71, 65, 68, 71, 72, 75, 77, 76, 75, 79, 80, 77, 73, 78, 80, 79, 78, 82, 83, 80, 74, 81, 83, 82, 81, 76, 77, 83, 77, 80, 83, 84, 87, 89, 88, 87, 91, 92, 89, 85, 90, 92, 91, 90, 94, 95, 92, 86, 93, 95, 94, 93, 88, 89, 95, 89, 92, 95, 24, 0, 4, 27, 27, 4, 9, 31, 31, 9, 2, 25, 1, 12, 16, 6, 6, 16, 21, 10, 10, 21, 14, 2, 13, 36, 40, 18, 18, 40, 45, 22, 22, 45, 38, 14, 37, 26, 34, 42, 42, 34, 30, 46, 46, 30, 25, 38, 72, 24, 28, 75, 75, 28, 33, 79, 79, 33, 26, 73, 36, 84, 88, 39, 39, 88, 93, 43, 43, 93, 86, 37, 85, 74, 82, 90, 90, 82, 78, 94, 94, 78, 73, 86, 48, 72, 76, 51, 51, 76, 81, 55, 55, 81, 74, 49, 84, 60, 64, 87, 87, 64, 69, 91, 91, 69, 62, 85, 61, 50, 58, 66, 66, 58, 54, 70, 70, 54, 49, 62, 0, 48, 52, 3, 3, 52, 57, 7, 7, 57, 50, 1, 60, 13, 19, 63, 63, 19, 15, 67, 67, 15, 12, 61, 24, 72, 48, 0]
uniform token subdivisionScheme = "none"
rel material:binding = </Component/Looks/Anodized_aluminum>
}
def Mesh "Cross_slot_001" (prepend apiSchemas = ["MaterialBindingAPI"]) {
point3f[] points = [(-0.1096000000834465, -0.13009999692440033, 0.03200000151991844), (-0.1096000000834465, -0.13050000369548798, 0.03240000084042549), (-0.10999999940395355, -0.13009999692440033, 0.03240000084042549), (-0.1096000000834465, -0.13029973208904266, 0.03205343708395958), (-0.10979973524808884, -0.13009999692440033, 0.03205343708395958), (-0.10979128628969193, -0.13029128313064575, 0.032105349004268646), (-0.10979973524808884, -0.13044655323028564, 0.03240000084042549), (-0.1096000000834465, -0.13044655323028564, 0.03220026195049286), (-0.10979128628969193, -0.13039465248584747, 0.03220871463418007), (-0.10994656383991241, -0.13009999692440033, 0.03220026195049286), (-0.10994656383991241, -0.13029973208904266, 0.03240000084042549), (-0.10989465564489365, -0.13029128313064575, 0.03220871463418007), (-0.1096000000834465, -0.13050000369548798, 0.03759999945759773), (-0.1096000000834465, -0.13009999692440033, 0.03799999877810478), (-0.10999999940395355, -0.13009999692440033, 0.03759999945759773), (-0.1096000000834465, -0.13044655323028564, 0.037799738347530365), (-0.10979973524808884, -0.13044655323028564, 0.03759999945759773), (-0.10979128628969193, -0.13039465248584747, 0.037791285663843155), (-0.10979973524808884, -0.13009999692440033, 0.037946563214063644), (-0.1096000000834465, -0.13029973208904266, 0.037946563214063644), (-0.10979128628969193, -0.13029128313064575, 0.03789465129375458), (-0.10994656383991241, -0.13029973208904266, 0.03759999945759773), (-0.10994656383991241, -0.13009999692440033, 0.037799738347530365), (-0.10989465564489365, -0.13029128313064575, 0.037791285663843155), (-0.1096000000834465, -0.13009999692440033, 0.03200000151991844), (-0.10999999940395355, -0.13009999692440033, 0.03240000084042549), (-0.1096000000834465, -0.12969999015331268, 0.03240000084042549), (-0.10979973524808884, -0.13009999692440033, 0.03205343708395958), (-0.1096000000834465, -0.129900261759758, 0.03205343708395958), (-0.10979128628969193, -0.1299087107181549, 0.032105349004268646), (-0.10994656383991241, -0.129900261759758, 0.03240000084042549), (-0.10994656383991241, -0.13009999692440033, 0.03220026195049286), (-0.10989465564489365, -0.1299087107181549, 0.03220871463418007), (-0.1096000000834465, -0.12975344061851501, 0.03220026195049286), (-0.10979973524808884, -0.12975344061851501, 0.03240000084042549), (-0.10979128628969193, -0.12980534136295319, 0.03220871463418007), (-0.1096000000834465, -0.13009999692440033, 0.03799999877810478), (-0.1096000000834465, -0.12969999015331268, 0.03759999945759773), (-0.10999999940395355, -0.13009999692440033, 0.03759999945759773), (-0.1096000000834465, -0.129900261759758, 0.037946563214063644), (-0.10979973524808884, -0.13009999692440033, 0.037946563214063644), (-0.10979128628969193, -0.1299087107181549, 0.03789465129375458), (-0.10979973524808884, -0.12975344061851501, 0.03759999945759773), (-0.1096000000834465, -0.12975344061851501, 0.037799738347530365), (-0.10979128628969193, -0.12980534136295319, 0.037791285663843155), (-0.10994656383991241, -0.13009999692440033, 0.037799738347530365), (-0.10994656383991241, -0.129900261759758, 0.03759999945759773), (-0.10989465564489365, -0.1299087107181549, 0.037791285663843155), (0.1096000000834465, -0.13009999692440033, 0.03200000151991844), (0.10999999940395355, -0.13009999692440033, 0.03240000084042549), (0.1096000000834465, -0.13050000369548798, 0.03240000084042549), (0.10979973524808884, -0.13009999692440033, 0.03205343708395958), (0.1096000000834465, -0.13029973208904266, 0.03205343708395958), (0.10979128628969193, -0.13029128313064575, 0.032105349004268646), (0.10994656383991241, -0.13029973208904266, 0.03240000084042549), (0.10994656383991241, -0.13009999692440033, 0.03220026195049286), (0.10989465564489365, -0.13029128313064575, 0.03220871463418007), (0.1096000000834465, -0.13044655323028564, 0.03220026195049286), (0.10979973524808884, -0.13044655323028564, 0.03240000084042549), (0.10979128628969193, -0.13039465248584747, 0.03220871463418007), (0.1096000000834465, -0.13009999692440033, 0.03799999877810478), (0.1096000000834465, -0.13050000369548798, 0.03759999945759773), (0.10999999940395355, -0.13009999692440033, 0.03759999945759773), (0.1096000000834465, -0.13029973208904266, 0.037946563214063644), (0.10979973524808884, -0.13009999692440033, 0.037946563214063644), (0.10979128628969193, -0.13029128313064575, 0.03789465129375458), (0.10979973524808884, -0.13044655323028564, 0.03759999945759773), (0.1096000000834465, -0.13044655323028564, 0.037799738347530365), (0.10979128628969193, -0.13039465248584747, 0.037791285663843155), (0.10994656383991241, -0.13009999692440033, 0.037799738347530365), (0.10994656383991241, -0.13029973208904266, 0.03759999945759773), (0.10989465564489365, -0.13029128313064575, 0.037791285663843155), (0.1096000000834465, -0.13009999692440033, 0.03200000151991844), (0.1096000000834465, -0.12969999015331268, 0.03240000084042549), (0.10999999940395355, -0.13009999692440033, 0.03240000084042549), (0.1096000000834465, -0.129900261759758, 0.03205343708395958), (0.10979973524808884, -0.13009999692440033, 0.03205343708395958), (0.10979128628969193, -0.1299087107181549, 0.032105349004268646), (0.10979973524808884, -0.12975344061851501, 0.03240000084042549), (0.1096000000834465, -0.12975344061851501, 0.03220026195049286), (0.10979128628969193, -0.12980534136295319, 0.03220871463418007), (0.10994656383991241, -0.13009999692440033, 0.03220026195049286), (0.10994656383991241, -0.129900261759758, 0.03240000084042549), (0.10989465564489365, -0.1299087107181549, 0.03220871463418007), (0.1096000000834465, -0.13009999692440033, 0.03799999877810478), (0.10999999940395355, -0.13009999692440033, 0.03759999945759773), (0.1096000000834465, -0.12969999015331268, 0.03759999945759773), (0.10979973524808884, -0.13009999692440033, 0.037946563214063644), (0.1096000000834465, -0.129900261759758, 0.037946563214063644), (0.10979128628969193, -0.1299087107181549, 0.03789465129375458), (0.10994656383991241, -0.129900261759758, 0.03759999945759773), (0.10994656383991241, -0.13009999692440033, 0.037799738347530365), (0.10989465564489365, -0.1299087107181549, 0.037791285663843155), (0.1096000000834465, -0.12975344061851501, 0.037799738347530365), (0.10979973524808884, -0.12975344061851501, 0.03759999945759773), (0.10979128628969193, -0.12980534136295319, 0.037791285663843155)]
int[] faceVertexCounts = [4, 4, 4, 4, 4, 4, 4, 4, 4, 4, 4, 3, 4, 4, 4, 4, 4, 4, 3, 4, 4, 4, 4, 4, 4, 3, 4, 4, 4, 4, 4, 4, 3, 4, 4, 4, 4, 4, 4, 3, 4, 4, 4, 4, 4, 4, 3, 4, 4, 4, 4, 4, 4, 3, 4, 4, 4, 4, 4, 4, 3, 4, 4, 4, 4, 4, 4, 4, 4, 4, 4, 4, 4, 4, 4, 4, 4, 4, 4, 4, 4, 4, 4, 4, 4, 4, 4, 4, 4, 4, 4, 4, 4, 4, 4, 4, 4, 4]
int[] faceVertexIndices = [50, 61, 12, 1, 74, 85, 62, 49, 84, 36, 13, 60, 2, 14, 38, 25, 26, 37, 86, 73, 0, 3, 5, 4, 3, 7, 8, 5, 1, 6, 8, 7, 6, 10, 11, 8, 2, 9, 11, 10, 9, 4, 5, 11, 5, 8, 11, 12, 15, 17, 16, 15, 19, 20, 17, 13, 18, 20, 19, 18, 22, 23, 20, 14, 21, 23, 22, 21, 16, 17, 23, 17, 20, 23, 24, 27, 29, 28, 27, 31, 32, 29, 25, 30, 32, 31, 30, 34, 35, 32, 26, 33, 35, 34, 33, 28, 29, 35, 29, 32, 35, 36, 39, 41, 40, 39, 43, 44, 41, 37, 42, 44, 43, 42, 46, 47, 44, 38, 45, 47, 46, 45, 40, 41, 47, 41, 44, 47, 48, 51, 53, 52, 51, 55, 56, 53, 49, 54, 56, 55, 54, 58, 59, 56, 50, 57, 59, 58, 57, 52, 53, 59, 53, 56, 59, 60, 63, 65, 64, 63, 67, 68, 65, 61, 66, 68, 67, 66, 70, 71, 68, 62, 69, 71, 70, 69, 64, 65, 71, 65, 68, 71, 72, 75, 77, 76, 75, 79, 80, 77, 73, 78, 80, 79, 78, 82, 83, 80, 74, 81, 83, 82, 81, 76, 77, 83, 77, 80, 83, 84, 87, 89, 88, 87, 91, 92, 89, 85, 90, 92, 91, 90, 94, 95, 92, 86, 93, 95, 94, 93, 88, 89, 95, 89, 92, 95, 24, 0, 4, 27, 27, 4, 9, 31, 31, 9, 2, 25, 1, 12, 16, 6, 6, 16, 21, 10, 10, 21, 14, 2, 13, 36, 40, 18, 18, 40, 45, 22, 22, 45, 38, 14, 37, 26, 34, 42, 42, 34, 30, 46, 46, 30, 25, 38, 72, 24, 28, 75, 75, 28, 33, 79, 79, 33, 26, 73, 36, 84, 88, 39, 39, 88, 93, 43, 43, 93, 86, 37, 85, 74, 82, 90, 90, 82, 78, 94, 94, 78, 73, 86, 48, 72, 76, 51, 51, 76, 81, 55, 55, 81, 74, 49, 84, 60, 64, 87, 87, 64, 69, 91, 91, 69, 62, 85, 61, 50, 58, 66, 66, 58, 54, 70, 70, 54, 49, 62, 0, 48, 52, 3, 3, 52, 57, 7, 7, 57, 50, 1, 60, 13, 19, 63, 63, 19, 15, 67, 67, 15, 12, 61, 24, 72, 48, 0]
uniform token subdivisionScheme = "none"
rel material:binding = </Component/Looks/Slot_and_fastener>
}
def Mesh "Cross_rail_002" (prepend apiSchemas = ["MaterialBindingAPI"]) {
point3f[] points = [(-0.11899999529123306, 0.10100000351667404, 0.019999999552965164), (-0.11899999529123306, 0.10000000149011612, 0.021000001579523087), (-0.11999999731779099, 0.10100000351667404, 0.021000001579523087), (-0.11899998784065247, 0.10050065815448761, 0.020133597776293755), (-0.1194993332028389, 0.10100000351667404, 0.020133597776293755), (-0.11947820335626602, 0.10052178800106049, 0.020263370126485825), (-0.1194993332028389, 0.10013359785079956, 0.021000001579523087), (-0.11899998784065247, 0.10013359785079956, 0.020500656217336655), (-0.11947820335626602, 0.10026337206363678, 0.02052178978919983), (-0.11986639350652695, 0.10100000351667404, 0.020500656217336655), (-0.11986639350652695, 0.10050065815448761, 0.021000001579523087), (-0.11973661929368973, 0.10052178800106049, 0.02052178978919983), (-0.11899999529123306, 0.10000000149011612, 0.04899999871850014), (-0.11899999529123306, 0.10100000351667404, 0.05000000074505806), (-0.11999999731779099, 0.10100000351667404, 0.04899999871850014), (-0.11899998784065247, 0.10013359785079956, 0.04949934408068657), (-0.1194993332028389, 0.10013359785079956, 0.04899999871850014), (-0.11947820335626602, 0.10026337206363678, 0.049478210508823395), (-0.1194993332028389, 0.10100000351667404, 0.04986640065908432), (-0.11899998784065247, 0.10050065815448761, 0.04986640065908432), (-0.11947820335626602, 0.10052178800106049, 0.0497366301715374), (-0.11986639350652695, 0.10050065815448761, 0.04899999871850014), (-0.11986639350652695, 0.10100000351667404, 0.04949934408068657), (-0.11973661929368973, 0.10052178800106049, 0.049478210508823395), (-0.11899999529123306, 0.1290000081062317, 0.019999999552965164), (-0.11999999731779099, 0.1290000081062317, 0.021000001579523087), (-0.11899999529123306, 0.12999999523162842, 0.021000001579523087), (-0.1194993332028389, 0.1290000081062317, 0.020133597776293755), (-0.11899998784065247, 0.12949934601783752, 0.020133597776293755), (-0.11947820335626602, 0.12947821617126465, 0.020263370126485825), (-0.11986639350652695, 0.12949934601783752, 0.021000001579523087), (-0.11986639350652695, 0.1290000081062317, 0.020500656217336655), (-0.11973661929368973, 0.12947821617126465, 0.02052178978919983), (-0.11899998784065247, 0.12986640632152557, 0.020500656217336655), (-0.1194993332028389, 0.12986640632152557, 0.021000001579523087), (-0.11947820335626602, 0.12973663210868835, 0.02052178978919983), (-0.11899999529123306, 0.1290000081062317, 0.05000000074505806), (-0.11899999529123306, 0.12999999523162842, 0.04899999871850014), (-0.11999999731779099, 0.1290000081062317, 0.04899999871850014), (-0.11899998784065247, 0.12949934601783752, 0.04986640065908432), (-0.1194993332028389, 0.1290000081062317, 0.04986640065908432), (-0.11947820335626602, 0.12947821617126465, 0.0497366301715374), (-0.1194993332028389, 0.12986640632152557, 0.04899999871850014), (-0.11899998784065247, 0.12986640632152557, 0.04949934408068657), (-0.11947820335626602, 0.12973663210868835, 0.049478210508823395), (-0.11986639350652695, 0.1290000081062317, 0.04949934408068657), (-0.11986639350652695, 0.12949934601783752, 0.04899999871850014), (-0.11973661929368973, 0.12947821617126465, 0.049478210508823395), (0.11899999529123306, 0.10100000351667404, 0.019999999552965164), (0.11999999731779099, 0.10100000351667404, 0.021000001579523087), (0.11899999529123306, 0.10000000149011612, 0.021000001579523087), (0.1194993332028389, 0.10100000351667404, 0.020133597776293755), (0.11899998784065247, 0.10050065815448761, 0.020133597776293755), (0.11947820335626602, 0.10052178800106049, 0.020263370126485825), (0.11986639350652695, 0.10050065815448761, 0.021000001579523087), (0.11986639350652695, 0.10100000351667404, 0.020500656217336655), (0.11973661929368973, 0.10052178800106049, 0.02052178978919983), (0.11899998784065247, 0.10013359785079956, 0.020500656217336655), (0.1194993332028389, 0.10013359785079956, 0.021000001579523087), (0.11947820335626602, 0.10026337206363678, 0.02052178978919983), (0.11899999529123306, 0.10100000351667404, 0.05000000074505806), (0.11899999529123306, 0.10000000149011612, 0.04899999871850014), (0.11999999731779099, 0.10100000351667404, 0.04899999871850014), (0.11899998784065247, 0.10050065815448761, 0.04986640065908432), (0.1194993332028389, 0.10100000351667404, 0.04986640065908432), (0.11947820335626602, 0.10052178800106049, 0.0497366301715374), (0.1194993332028389, 0.10013359785079956, 0.04899999871850014), (0.11899998784065247, 0.10013359785079956, 0.04949934408068657), (0.11947820335626602, 0.10026337206363678, 0.049478210508823395), (0.11986639350652695, 0.10100000351667404, 0.04949934408068657), (0.11986639350652695, 0.10050065815448761, 0.04899999871850014), (0.11973661929368973, 0.10052178800106049, 0.049478210508823395), (0.11899999529123306, 0.1290000081062317, 0.019999999552965164), (0.11899999529123306, 0.12999999523162842, 0.021000001579523087), (0.11999999731779099, 0.1290000081062317, 0.021000001579523087), (0.11899998784065247, 0.12949934601783752, 0.020133597776293755), (0.1194993332028389, 0.1290000081062317, 0.020133597776293755), (0.11947820335626602, 0.12947821617126465, 0.020263370126485825), (0.1194993332028389, 0.12986640632152557, 0.021000001579523087), (0.11899998784065247, 0.12986640632152557, 0.020500656217336655), (0.11947820335626602, 0.12973663210868835, 0.02052178978919983), (0.11986639350652695, 0.1290000081062317, 0.020500656217336655), (0.11986639350652695, 0.12949934601783752, 0.021000001579523087), (0.11973661929368973, 0.12947821617126465, 0.02052178978919983), (0.11899999529123306, 0.1290000081062317, 0.05000000074505806), (0.11999999731779099, 0.1290000081062317, 0.04899999871850014), (0.11899999529123306, 0.12999999523162842, 0.04899999871850014), (0.1194993332028389, 0.1290000081062317, 0.04986640065908432), (0.11899998784065247, 0.12949934601783752, 0.04986640065908432), (0.11947820335626602, 0.12947821617126465, 0.0497366301715374), (0.11986639350652695, 0.12949934601783752, 0.04899999871850014), (0.11986639350652695, 0.1290000081062317, 0.04949934408068657), (0.11973661929368973, 0.12947821617126465, 0.049478210508823395), (0.11899998784065247, 0.12986640632152557, 0.04949934408068657), (0.1194993332028389, 0.12986640632152557, 0.04899999871850014), (0.11947820335626602, 0.12973663210868835, 0.049478210508823395)]
int[] faceVertexCounts = [4, 4, 4, 4, 4, 4, 4, 4, 4, 4, 4, 3, 4, 4, 4, 4, 4, 4, 3, 4, 4, 4, 4, 4, 4, 3, 4, 4, 4, 4, 4, 4, 3, 4, 4, 4, 4, 4, 4, 3, 4, 4, 4, 4, 4, 4, 3, 4, 4, 4, 4, 4, 4, 3, 4, 4, 4, 4, 4, 4, 3, 4, 4, 4, 4, 4, 4, 4, 4, 4, 4, 4, 4, 4, 4, 4, 4, 4, 4, 4, 4, 4, 4, 4, 4, 4, 4, 4, 4, 4, 4, 4, 4, 4, 4, 4, 4, 4]
int[] faceVertexIndices = [50, 61, 12, 1, 74, 85, 62, 49, 84, 36, 13, 60, 2, 14, 38, 25, 26, 37, 86, 73, 0, 3, 5, 4, 3, 7, 8, 5, 1, 6, 8, 7, 6, 10, 11, 8, 2, 9, 11, 10, 9, 4, 5, 11, 5, 8, 11, 12, 15, 17, 16, 15, 19, 20, 17, 13, 18, 20, 19, 18, 22, 23, 20, 14, 21, 23, 22, 21, 16, 17, 23, 17, 20, 23, 24, 27, 29, 28, 27, 31, 32, 29, 25, 30, 32, 31, 30, 34, 35, 32, 26, 33, 35, 34, 33, 28, 29, 35, 29, 32, 35, 36, 39, 41, 40, 39, 43, 44, 41, 37, 42, 44, 43, 42, 46, 47, 44, 38, 45, 47, 46, 45, 40, 41, 47, 41, 44, 47, 48, 51, 53, 52, 51, 55, 56, 53, 49, 54, 56, 55, 54, 58, 59, 56, 50, 57, 59, 58, 57, 52, 53, 59, 53, 56, 59, 60, 63, 65, 64, 63, 67, 68, 65, 61, 66, 68, 67, 66, 70, 71, 68, 62, 69, 71, 70, 69, 64, 65, 71, 65, 68, 71, 72, 75, 77, 76, 75, 79, 80, 77, 73, 78, 80, 79, 78, 82, 83, 80, 74, 81, 83, 82, 81, 76, 77, 83, 77, 80, 83, 84, 87, 89, 88, 87, 91, 92, 89, 85, 90, 92, 91, 90, 94, 95, 92, 86, 93, 95, 94, 93, 88, 89, 95, 89, 92, 95, 24, 0, 4, 27, 27, 4, 9, 31, 31, 9, 2, 25, 1, 12, 16, 6, 6, 16, 21, 10, 10, 21, 14, 2, 13, 36, 40, 18, 18, 40, 45, 22, 22, 45, 38, 14, 37, 26, 34, 42, 42, 34, 30, 46, 46, 30, 25, 38, 72, 24, 28, 75, 75, 28, 33, 79, 79, 33, 26, 73, 36, 84, 88, 39, 39, 88, 93, 43, 43, 93, 86, 37, 85, 74, 82, 90, 90, 82, 78, 94, 94, 78, 73, 86, 48, 72, 76, 51, 51, 76, 81, 55, 55, 81, 74, 49, 84, 60, 64, 87, 87, 64, 69, 91, 91, 69, 62, 85, 61, 50, 58, 66, 66, 58, 54, 70, 70, 54, 49, 62, 0, 48, 52, 3, 3, 52, 57, 7, 7, 57, 50, 1, 60, 13, 19, 63, 63, 19, 15, 67, 67, 15, 12, 61, 24, 72, 48, 0]
uniform token subdivisionScheme = "none"
rel material:binding = </Component/Looks/Anodized_aluminum>
}
def Mesh "Cross_slot_002" (prepend apiSchemas = ["MaterialBindingAPI"]) {
point3f[] points = [(-0.1096000000834465, 0.13009999692440033, 0.03200000151991844), (-0.1096000000834465, 0.12969999015331268, 0.03240000084042549), (-0.10999999940395355, 0.13009999692440033, 0.03240000084042549), (-0.1096000000834465, 0.129900261759758, 0.03205343708395958), (-0.10979973524808884, 0.13009999692440033, 0.03205343708395958), (-0.10979128628969193, 0.1299087107181549, 0.032105349004268646), (-0.10979973524808884, 0.12975344061851501, 0.03240000084042549), (-0.1096000000834465, 0.12975344061851501, 0.03220026195049286), (-0.10979128628969193, 0.12980534136295319, 0.03220871463418007), (-0.10994656383991241, 0.13009999692440033, 0.03220026195049286), (-0.10994656383991241, 0.129900261759758, 0.03240000084042549), (-0.10989465564489365, 0.1299087107181549, 0.03220871463418007), (-0.1096000000834465, 0.12969999015331268, 0.03759999945759773), (-0.1096000000834465, 0.13009999692440033, 0.03799999877810478), (-0.10999999940395355, 0.13009999692440033, 0.03759999945759773), (-0.1096000000834465, 0.12975344061851501, 0.037799738347530365), (-0.10979973524808884, 0.12975344061851501, 0.03759999945759773), (-0.10979128628969193, 0.12980534136295319, 0.037791285663843155), (-0.10979973524808884, 0.13009999692440033, 0.037946563214063644), (-0.1096000000834465, 0.129900261759758, 0.037946563214063644), (-0.10979128628969193, 0.1299087107181549, 0.03789465129375458), (-0.10994656383991241, 0.129900261759758, 0.03759999945759773), (-0.10994656383991241, 0.13009999692440033, 0.037799738347530365), (-0.10989465564489365, 0.1299087107181549, 0.037791285663843155), (-0.1096000000834465, 0.13009999692440033, 0.03200000151991844), (-0.10999999940395355, 0.13009999692440033, 0.03240000084042549), (-0.1096000000834465, 0.13050000369548798, 0.03240000084042549), (-0.10979973524808884, 0.13009999692440033, 0.03205343708395958), (-0.1096000000834465, 0.13029973208904266, 0.03205343708395958), (-0.10979128628969193, 0.13029128313064575, 0.032105349004268646), (-0.10994656383991241, 0.13029973208904266, 0.03240000084042549), (-0.10994656383991241, 0.13009999692440033, 0.03220026195049286), (-0.10989465564489365, 0.13029128313064575, 0.03220871463418007), (-0.1096000000834465, 0.13044655323028564, 0.03220026195049286), (-0.10979973524808884, 0.13044655323028564, 0.03240000084042549), (-0.10979128628969193, 0.13039465248584747, 0.03220871463418007), (-0.1096000000834465, 0.13009999692440033, 0.03799999877810478), (-0.1096000000834465, 0.13050000369548798, 0.03759999945759773), (-0.10999999940395355, 0.13009999692440033, 0.03759999945759773), (-0.1096000000834465, 0.13029973208904266, 0.037946563214063644), (-0.10979973524808884, 0.13009999692440033, 0.037946563214063644), (-0.10979128628969193, 0.13029128313064575, 0.03789465129375458), (-0.10979973524808884, 0.13044655323028564, 0.03759999945759773), (-0.1096000000834465, 0.13044655323028564, 0.037799738347530365), (-0.10979128628969193, 0.13039465248584747, 0.037791285663843155), (-0.10994656383991241, 0.13009999692440033, 0.037799738347530365), (-0.10994656383991241, 0.13029973208904266, 0.03759999945759773), (-0.10989465564489365, 0.13029128313064575, 0.037791285663843155), (0.1096000000834465, 0.13009999692440033, 0.03200000151991844), (0.10999999940395355, 0.13009999692440033, 0.03240000084042549), (0.1096000000834465, 0.12969999015331268, 0.03240000084042549), (0.10979973524808884, 0.13009999692440033, 0.03205343708395958), (0.1096000000834465, 0.129900261759758, 0.03205343708395958), (0.10979128628969193, 0.1299087107181549, 0.032105349004268646), (0.10994656383991241, 0.129900261759758, 0.03240000084042549), (0.10994656383991241, 0.13009999692440033, 0.03220026195049286), (0.10989465564489365, 0.1299087107181549, 0.03220871463418007), (0.1096000000834465, 0.12975344061851501, 0.03220026195049286), (0.10979973524808884, 0.12975344061851501, 0.03240000084042549), (0.10979128628969193, 0.12980534136295319, 0.03220871463418007), (0.1096000000834465, 0.13009999692440033, 0.03799999877810478), (0.1096000000834465, 0.12969999015331268, 0.03759999945759773), (0.10999999940395355, 0.13009999692440033, 0.03759999945759773), (0.1096000000834465, 0.129900261759758, 0.037946563214063644), (0.10979973524808884, 0.13009999692440033, 0.037946563214063644), (0.10979128628969193, 0.1299087107181549, 0.03789465129375458), (0.10979973524808884, 0.12975344061851501, 0.03759999945759773), (0.1096000000834465, 0.12975344061851501, 0.037799738347530365), (0.10979128628969193, 0.12980534136295319, 0.037791285663843155), (0.10994656383991241, 0.13009999692440033, 0.037799738347530365), (0.10994656383991241, 0.129900261759758, 0.03759999945759773), (0.10989465564489365, 0.1299087107181549, 0.037791285663843155), (0.1096000000834465, 0.13009999692440033, 0.03200000151991844), (0.1096000000834465, 0.13050000369548798, 0.03240000084042549), (0.10999999940395355, 0.13009999692440033, 0.03240000084042549), (0.1096000000834465, 0.13029973208904266, 0.03205343708395958), (0.10979973524808884, 0.13009999692440033, 0.03205343708395958), (0.10979128628969193, 0.13029128313064575, 0.032105349004268646), (0.10979973524808884, 0.13044655323028564, 0.03240000084042549), (0.1096000000834465, 0.13044655323028564, 0.03220026195049286), (0.10979128628969193, 0.13039465248584747, 0.03220871463418007), (0.10994656383991241, 0.13009999692440033, 0.03220026195049286), (0.10994656383991241, 0.13029973208904266, 0.03240000084042549), (0.10989465564489365, 0.13029128313064575, 0.03220871463418007), (0.1096000000834465, 0.13009999692440033, 0.03799999877810478), (0.10999999940395355, 0.13009999692440033, 0.03759999945759773), (0.1096000000834465, 0.13050000369548798, 0.03759999945759773), (0.10979973524808884, 0.13009999692440033, 0.037946563214063644), (0.1096000000834465, 0.13029973208904266, 0.037946563214063644), (0.10979128628969193, 0.13029128313064575, 0.03789465129375458), (0.10994656383991241, 0.13029973208904266, 0.03759999945759773), (0.10994656383991241, 0.13009999692440033, 0.037799738347530365), (0.10989465564489365, 0.13029128313064575, 0.037791285663843155), (0.1096000000834465, 0.13044655323028564, 0.037799738347530365), (0.10979973524808884, 0.13044655323028564, 0.03759999945759773), (0.10979128628969193, 0.13039465248584747, 0.037791285663843155)]
int[] faceVertexCounts = [4, 4, 4, 4, 4, 4, 4, 4, 4, 4, 4, 3, 4, 4, 4, 4, 4, 4, 3, 4, 4, 4, 4, 4, 4, 3, 4, 4, 4, 4, 4, 4, 3, 4, 4, 4, 4, 4, 4, 3, 4, 4, 4, 4, 4, 4, 3, 4, 4, 4, 4, 4, 4, 3, 4, 4, 4, 4, 4, 4, 3, 4, 4, 4, 4, 4, 4, 4, 4, 4, 4, 4, 4, 4, 4, 4, 4, 4, 4, 4, 4, 4, 4, 4, 4, 4, 4, 4, 4, 4, 4, 4, 4, 4, 4, 4, 4, 4]
int[] faceVertexIndices = [50, 61, 12, 1, 74, 85, 62, 49, 84, 36, 13, 60, 2, 14, 38, 25, 26, 37, 86, 73, 0, 3, 5, 4, 3, 7, 8, 5, 1, 6, 8, 7, 6, 10, 11, 8, 2, 9, 11, 10, 9, 4, 5, 11, 5, 8, 11, 12, 15, 17, 16, 15, 19, 20, 17, 13, 18, 20, 19, 18, 22, 23, 20, 14, 21, 23, 22, 21, 16, 17, 23, 17, 20, 23, 24, 27, 29, 28, 27, 31, 32, 29, 25, 30, 32, 31, 30, 34, 35, 32, 26, 33, 35, 34, 33, 28, 29, 35, 29, 32, 35, 36, 39, 41, 40, 39, 43, 44, 41, 37, 42, 44, 43, 42, 46, 47, 44, 38, 45, 47, 46, 45, 40, 41, 47, 41, 44, 47, 48, 51, 53, 52, 51, 55, 56, 53, 49, 54, 56, 55, 54, 58, 59, 56, 50, 57, 59, 58, 57, 52, 53, 59, 53, 56, 59, 60, 63, 65, 64, 63, 67, 68, 65, 61, 66, 68, 67, 66, 70, 71, 68, 62, 69, 71, 70, 69, 64, 65, 71, 65, 68, 71, 72, 75, 77, 76, 75, 79, 80, 77, 73, 78, 80, 79, 78, 82, 83, 80, 74, 81, 83, 82, 81, 76, 77, 83, 77, 80, 83, 84, 87, 89, 88, 87, 91, 92, 89, 85, 90, 92, 91, 90, 94, 95, 92, 86, 93, 95, 94, 93, 88, 89, 95, 89, 92, 95, 24, 0, 4, 27, 27, 4, 9, 31, 31, 9, 2, 25, 1, 12, 16, 6, 6, 16, 21, 10, 10, 21, 14, 2, 13, 36, 40, 18, 18, 40, 45, 22, 22, 45, 38, 14, 37, 26, 34, 42, 42, 34, 30, 46, 46, 30, 25, 38, 72, 24, 28, 75, 75, 28, 33, 79, 79, 33, 26, 73, 36, 84, 88, 39, 39, 88, 93, 43, 43, 93, 86, 37, 85, 74, 82, 90, 90, 82, 78, 94, 94, 78, 73, 86, 48, 72, 76, 51, 51, 76, 81, 55, 55, 81, 74, 49, 84, 60, 64, 87, 87, 64, 69, 91, 91, 69, 62, 85, 61, 50, 58, 66, 66, 58, 54, 70, 70, 54, 49, 62, 0, 48, 52, 3, 3, 52, 57, 7, 7, 57, 50, 1, 60, 13, 19, 63, 63, 19, 15, 67, 67, 15, 12, 61, 24, 72, 48, 0]
uniform token subdivisionScheme = "none"
rel material:binding = </Component/Looks/Slot_and_fastener>
}
def Mesh "Side_rail" (prepend apiSchemas = ["MaterialBindingAPI"]) {
point3f[] points = [(-0.14900000393390656, -0.0989999994635582, 0.019999999552965164), (-0.14900000393390656, -0.10000000149011612, 0.021000001579523087), (-0.15000000596046448, -0.0989999994635582, 0.021000001579523087), (-0.14900000393390656, -0.09949935227632523, 0.020133597776293755), (-0.1494993418455124, -0.0990000069141388, 0.020133597776293755), (-0.14947821199893951, -0.09947822242975235, 0.020263370126485825), (-0.1494993418455124, -0.09986641258001328, 0.021000001579523087), (-0.14900000393390656, -0.09986641258001328, 0.020500656217336655), (-0.14947821199893951, -0.09973663836717606, 0.02052178978919983), (-0.14986640214920044, -0.0990000069141388, 0.020500656217336655), (-0.14986640214920044, -0.09949935227632523, 0.021000001579523087), (-0.14973664283752441, -0.09947822242975235, 0.02052178978919983), (-0.14900000393390656, -0.10000000149011612, 0.04899999871850014), (-0.14900000393390656, -0.0989999994635582, 0.05000000074505806), (-0.15000000596046448, -0.0989999994635582, 0.04899999871850014), (-0.14900000393390656, -0.09986641258001328, 0.04949934408068657), (-0.1494993418455124, -0.09986641258001328, 0.04899999871850014), (-0.14947821199893951, -0.09973663836717606, 0.049478210508823395), (-0.1494993418455124, -0.0990000069141388, 0.04986640065908432), (-0.14900000393390656, -0.09949935227632523, 0.04986640065908432), (-0.14947821199893951, -0.09947822242975235, 0.0497366301715374), (-0.14986640214920044, -0.09949935227632523, 0.04899999871850014), (-0.14986640214920044, -0.0990000069141388, 0.04949934408068657), (-0.14973664283752441, -0.09947822242975235, 0.049478210508823395), (-0.14900000393390656, 0.0989999994635582, 0.019999999552965164), (-0.15000000596046448, 0.0989999994635582, 0.021000001579523087), (-0.14900000393390656, 0.10000000149011612, 0.021000001579523087), (-0.1494993418455124, 0.0990000069141388, 0.020133597776293755), (-0.14900000393390656, 0.09949935227632523, 0.020133597776293755), (-0.14947821199893951, 0.09947822242975235, 0.020263370126485825), (-0.14986640214920044, 0.09949935227632523, 0.021000001579523087), (-0.14986640214920044, 0.0990000069141388, 0.020500656217336655), (-0.14973664283752441, 0.09947822242975235, 0.02052178978919983), (-0.14900000393390656, 0.09986641258001328, 0.020500656217336655), (-0.1494993418455124, 0.09986641258001328, 0.021000001579523087), (-0.14947821199893951, 0.09973663836717606, 0.02052178978919983), (-0.14900000393390656, 0.0989999994635582, 0.05000000074505806), (-0.14900000393390656, 0.10000000149011612, 0.04899999871850014), (-0.15000000596046448, 0.0989999994635582, 0.04899999871850014), (-0.14900000393390656, 0.09949935227632523, 0.04986640065908432), (-0.1494993418455124, 0.0990000069141388, 0.04986640065908432), (-0.14947821199893951, 0.09947822242975235, 0.0497366301715374), (-0.1494993418455124, 0.09986641258001328, 0.04899999871850014), (-0.14900000393390656, 0.09986641258001328, 0.04949934408068657), (-0.14947821199893951, 0.09973663836717606, 0.049478210508823395), (-0.14986640214920044, 0.0990000069141388, 0.04949934408068657), (-0.14986640214920044, 0.09949935227632523, 0.04899999871850014), (-0.14973664283752441, 0.09947822242975235, 0.049478210508823395), (-0.1210000067949295, -0.0989999994635582, 0.019999999552965164), (-0.12000000476837158, -0.0989999994635582, 0.021000001579523087), (-0.1210000067949295, -0.10000000149011612, 0.021000001579523087), (-0.12050066143274307, -0.0990000069141388, 0.020133597776293755), (-0.1210000067949295, -0.09949935227632523, 0.020133597776293755), (-0.12052179872989655, -0.09947822242975235, 0.020263370126485825), (-0.12013360112905502, -0.09949935227632523, 0.021000001579523087), (-0.12013360112905502, -0.0990000069141388, 0.020500656217336655), (-0.12026337534189224, -0.09947822242975235, 0.02052178978919983), (-0.1210000067949295, -0.09986641258001328, 0.020500656217336655), (-0.12050066143274307, -0.09986641258001328, 0.021000001579523087), (-0.12052179872989655, -0.09973663836717606, 0.02052178978919983), (-0.1210000067949295, -0.0989999994635582, 0.05000000074505806), (-0.1210000067949295, -0.10000000149011612, 0.04899999871850014), (-0.12000000476837158, -0.0989999994635582, 0.04899999871850014), (-0.1210000067949295, -0.09949935227632523, 0.04986640065908432), (-0.12050066143274307, -0.0990000069141388, 0.04986640065908432), (-0.12052179872989655, -0.09947822242975235, 0.0497366301715374), (-0.12050066143274307, -0.09986641258001328, 0.04899999871850014), (-0.1210000067949295, -0.09986641258001328, 0.04949934408068657), (-0.12052179872989655, -0.09973663836717606, 0.049478210508823395), (-0.12013360112905502, -0.0990000069141388, 0.04949934408068657), (-0.12013360112905502, -0.09949935227632523, 0.04899999871850014), (-0.12026337534189224, -0.09947822242975235, 0.049478210508823395), (-0.1210000067949295, 0.0989999994635582, 0.019999999552965164), (-0.1210000067949295, 0.10000000149011612, 0.021000001579523087), (-0.12000000476837158, 0.0989999994635582, 0.021000001579523087), (-0.1210000067949295, 0.09949935227632523, 0.020133597776293755), (-0.12050066143274307, 0.0990000069141388, 0.020133597776293755), (-0.12052179872989655, 0.09947822242975235, 0.020263370126485825), (-0.12050066143274307, 0.09986641258001328, 0.021000001579523087), (-0.1210000067949295, 0.09986641258001328, 0.020500656217336655), (-0.12052179872989655, 0.09973663836717606, 0.02052178978919983), (-0.12013360112905502, 0.0990000069141388, 0.020500656217336655), (-0.12013360112905502, 0.09949935227632523, 0.021000001579523087), (-0.12026337534189224, 0.09947822242975235, 0.02052178978919983), (-0.1210000067949295, 0.0989999994635582, 0.05000000074505806), (-0.12000000476837158, 0.0989999994635582, 0.04899999871850014), (-0.1210000067949295, 0.10000000149011612, 0.04899999871850014), (-0.12050066143274307, 0.0990000069141388, 0.04986640065908432), (-0.1210000067949295, 0.09949935227632523, 0.04986640065908432), (-0.12052179872989655, 0.09947822242975235, 0.0497366301715374), (-0.12013360112905502, 0.09949935227632523, 0.04899999871850014), (-0.12013360112905502, 0.0990000069141388, 0.04949934408068657), (-0.12026337534189224, 0.09947822242975235, 0.049478210508823395), (-0.1210000067949295, 0.09986641258001328, 0.04949934408068657), (-0.12050066143274307, 0.09986641258001328, 0.04899999871850014), (-0.12052179872989655, 0.09973663836717606, 0.049478210508823395)]
int[] faceVertexCounts = [4, 4, 4, 4, 4, 4, 4, 4, 4, 4, 4, 3, 4, 4, 4, 4, 4, 4, 3, 4, 4, 4, 4, 4, 4, 3, 4, 4, 4, 4, 4, 4, 3, 4, 4, 4, 4, 4, 4, 3, 4, 4, 4, 4, 4, 4, 3, 4, 4, 4, 4, 4, 4, 3, 4, 4, 4, 4, 4, 4, 3, 4, 4, 4, 4, 4, 4, 4, 4, 4, 4, 4, 4, 4, 4, 4, 4, 4, 4, 4, 4, 4, 4, 4, 4, 4, 4, 4, 4, 4, 4, 4, 4, 4, 4, 4, 4, 4]
int[] faceVertexIndices = [50, 61, 12, 1, 74, 85, 62, 49, 84, 36, 13, 60, 2, 14, 38, 25, 26, 37, 86, 73, 0, 3, 5, 4, 3, 7, 8, 5, 1, 6, 8, 7, 6, 10, 11, 8, 2, 9, 11, 10, 9, 4, 5, 11, 5, 8, 11, 12, 15, 17, 16, 15, 19, 20, 17, 13, 18, 20, 19, 18, 22, 23, 20, 14, 21, 23, 22, 21, 16, 17, 23, 17, 20, 23, 24, 27, 29, 28, 27, 31, 32, 29, 25, 30, 32, 31, 30, 34, 35, 32, 26, 33, 35, 34, 33, 28, 29, 35, 29, 32, 35, 36, 39, 41, 40, 39, 43, 44, 41, 37, 42, 44, 43, 42, 46, 47, 44, 38, 45, 47, 46, 45, 40, 41, 47, 41, 44, 47, 48, 51, 53, 52, 51, 55, 56, 53, 49, 54, 56, 55, 54, 58, 59, 56, 50, 57, 59, 58, 57, 52, 53, 59, 53, 56, 59, 60, 63, 65, 64, 63, 67, 68, 65, 61, 66, 68, 67, 66, 70, 71, 68, 62, 69, 71, 70, 69, 64, 65, 71, 65, 68, 71, 72, 75, 77, 76, 75, 79, 80, 77, 73, 78, 80, 79, 78, 82, 83, 80, 74, 81, 83, 82, 81, 76, 77, 83, 77, 80, 83, 84, 87, 89, 88, 87, 91, 92, 89, 85, 90, 92, 91, 90, 94, 95, 92, 86, 93, 95, 94, 93, 88, 89, 95, 89, 92, 95, 24, 0, 4, 27, 27, 4, 9, 31, 31, 9, 2, 25, 1, 12, 16, 6, 6, 16, 21, 10, 10, 21, 14, 2, 13, 36, 40, 18, 18, 40, 45, 22, 22, 45, 38, 14, 37, 26, 34, 42, 42, 34, 30, 46, 46, 30, 25, 38, 72, 24, 28, 75, 75, 28, 33, 79, 79, 33, 26, 73, 36, 84, 88, 39, 39, 88, 93, 43, 43, 93, 86, 37, 85, 74, 82, 90, 90, 82, 78, 94, 94, 78, 73, 86, 48, 72, 76, 51, 51, 76, 81, 55, 55, 81, 74, 49, 84, 60, 64, 87, 87, 64, 69, 91, 91, 69, 62, 85, 61, 50, 58, 66, 66, 58, 54, 70, 70, 54, 49, 62, 0, 48, 52, 3, 3, 52, 57, 7, 7, 57, 50, 1, 60, 13, 19, 63, 63, 19, 15, 67, 67, 15, 12, 61, 24, 72, 48, 0]
uniform token subdivisionScheme = "none"
rel material:binding = </Component/Looks/Anodized_aluminum>
}
def Mesh "Side_rail_001" (prepend apiSchemas = ["MaterialBindingAPI"]) {
point3f[] points = [(0.1210000067949295, -0.0989999994635582, 0.019999999552965164), (0.1210000067949295, -0.10000000149011612, 0.021000001579523087), (0.12000000476837158, -0.0989999994635582, 0.021000001579523087), (0.1210000067949295, -0.09949935227632523, 0.020133597776293755), (0.12050066143274307, -0.0990000069141388, 0.020133597776293755), (0.12052179872989655, -0.09947822242975235, 0.020263370126485825), (0.12050066143274307, -0.09986641258001328, 0.021000001579523087), (0.1210000067949295, -0.09986641258001328, 0.020500656217336655), (0.12052179872989655, -0.09973663836717606, 0.02052178978919983), (0.12013360112905502, -0.0990000069141388, 0.020500656217336655), (0.12013360112905502, -0.09949935227632523, 0.021000001579523087), (0.12026337534189224, -0.09947822242975235, 0.02052178978919983), (0.1210000067949295, -0.10000000149011612, 0.04899999871850014), (0.1210000067949295, -0.0989999994635582, 0.05000000074505806), (0.12000000476837158, -0.0989999994635582, 0.04899999871850014), (0.1210000067949295, -0.09986641258001328, 0.04949934408068657), (0.12050066143274307, -0.09986641258001328, 0.04899999871850014), (0.12052179872989655, -0.09973663836717606, 0.049478210508823395), (0.12050066143274307, -0.0990000069141388, 0.04986640065908432), (0.1210000067949295, -0.09949935227632523, 0.04986640065908432), (0.12052179872989655, -0.09947822242975235, 0.0497366301715374), (0.12013360112905502, -0.09949935227632523, 0.04899999871850014), (0.12013360112905502, -0.0990000069141388, 0.04949934408068657), (0.12026337534189224, -0.09947822242975235, 0.049478210508823395), (0.1210000067949295, 0.0989999994635582, 0.019999999552965164), (0.12000000476837158, 0.0989999994635582, 0.021000001579523087), (0.1210000067949295, 0.10000000149011612, 0.021000001579523087), (0.12050066143274307, 0.0990000069141388, 0.020133597776293755), (0.1210000067949295, 0.09949935227632523, 0.020133597776293755), (0.12052179872989655, 0.09947822242975235, 0.020263370126485825), (0.12013360112905502, 0.09949935227632523, 0.021000001579523087), (0.12013360112905502, 0.0990000069141388, 0.020500656217336655), (0.12026337534189224, 0.09947822242975235, 0.02052178978919983), (0.1210000067949295, 0.09986641258001328, 0.020500656217336655), (0.12050066143274307, 0.09986641258001328, 0.021000001579523087), (0.12052179872989655, 0.09973663836717606, 0.02052178978919983), (0.1210000067949295, 0.0989999994635582, 0.05000000074505806), (0.1210000067949295, 0.10000000149011612, 0.04899999871850014), (0.12000000476837158, 0.0989999994635582, 0.04899999871850014), (0.1210000067949295, 0.09949935227632523, 0.04986640065908432), (0.12050066143274307, 0.0990000069141388, 0.04986640065908432), (0.12052179872989655, 0.09947822242975235, 0.0497366301715374), (0.12050066143274307, 0.09986641258001328, 0.04899999871850014), (0.1210000067949295, 0.09986641258001328, 0.04949934408068657), (0.12052179872989655, 0.09973663836717606, 0.049478210508823395), (0.12013360112905502, 0.0990000069141388, 0.04949934408068657), (0.12013360112905502, 0.09949935227632523, 0.04899999871850014), (0.12026337534189224, 0.09947822242975235, 0.049478210508823395), (0.14900000393390656, -0.0989999994635582, 0.019999999552965164), (0.15000000596046448, -0.0989999994635582, 0.021000001579523087), (0.14900000393390656, -0.10000000149011612, 0.021000001579523087), (0.1494993418455124, -0.0990000069141388, 0.020133597776293755), (0.14900000393390656, -0.09949935227632523, 0.020133597776293755), (0.14947821199893951, -0.09947822242975235, 0.020263370126485825), (0.14986640214920044, -0.09949935227632523, 0.021000001579523087), (0.14986640214920044, -0.0990000069141388, 0.020500656217336655), (0.14973664283752441, -0.09947822242975235, 0.02052178978919983), (0.14900000393390656, -0.09986641258001328, 0.020500656217336655), (0.1494993418455124, -0.09986641258001328, 0.021000001579523087), (0.14947821199893951, -0.09973663836717606, 0.02052178978919983), (0.14900000393390656, -0.0989999994635582, 0.05000000074505806), (0.14900000393390656, -0.10000000149011612, 0.04899999871850014), (0.15000000596046448, -0.0989999994635582, 0.04899999871850014), (0.14900000393390656, -0.09949935227632523, 0.04986640065908432), (0.1494993418455124, -0.0990000069141388, 0.04986640065908432), (0.14947821199893951, -0.09947822242975235, 0.0497366301715374), (0.1494993418455124, -0.09986641258001328, 0.04899999871850014), (0.14900000393390656, -0.09986641258001328, 0.04949934408068657), (0.14947821199893951, -0.09973663836717606, 0.049478210508823395), (0.14986640214920044, -0.0990000069141388, 0.04949934408068657), (0.14986640214920044, -0.09949935227632523, 0.04899999871850014), (0.14973664283752441, -0.09947822242975235, 0.049478210508823395), (0.14900000393390656, 0.0989999994635582, 0.019999999552965164), (0.14900000393390656, 0.10000000149011612, 0.021000001579523087), (0.15000000596046448, 0.0989999994635582, 0.021000001579523087), (0.14900000393390656, 0.09949935227632523, 0.020133597776293755), (0.1494993418455124, 0.0990000069141388, 0.020133597776293755), (0.14947821199893951, 0.09947822242975235, 0.020263370126485825), (0.1494993418455124, 0.09986641258001328, 0.021000001579523087), (0.14900000393390656, 0.09986641258001328, 0.020500656217336655), (0.14947821199893951, 0.09973663836717606, 0.02052178978919983), (0.14986640214920044, 0.0990000069141388, 0.020500656217336655), (0.14986640214920044, 0.09949935227632523, 0.021000001579523087), (0.14973664283752441, 0.09947822242975235, 0.02052178978919983), (0.14900000393390656, 0.0989999994635582, 0.05000000074505806), (0.15000000596046448, 0.0989999994635582, 0.04899999871850014), (0.14900000393390656, 0.10000000149011612, 0.04899999871850014), (0.1494993418455124, 0.0990000069141388, 0.04986640065908432), (0.14900000393390656, 0.09949935227632523, 0.04986640065908432), (0.14947821199893951, 0.09947822242975235, 0.0497366301715374), (0.14986640214920044, 0.09949935227632523, 0.04899999871850014), (0.14986640214920044, 0.0990000069141388, 0.04949934408068657), (0.14973664283752441, 0.09947822242975235, 0.049478210508823395), (0.14900000393390656, 0.09986641258001328, 0.04949934408068657), (0.1494993418455124, 0.09986641258001328, 0.04899999871850014), (0.14947821199893951, 0.09973663836717606, 0.049478210508823395)]
int[] faceVertexCounts = [4, 4, 4, 4, 4, 4, 4, 4, 4, 4, 4, 3, 4, 4, 4, 4, 4, 4, 3, 4, 4, 4, 4, 4, 4, 3, 4, 4, 4, 4, 4, 4, 3, 4, 4, 4, 4, 4, 4, 3, 4, 4, 4, 4, 4, 4, 3, 4, 4, 4, 4, 4, 4, 3, 4, 4, 4, 4, 4, 4, 3, 4, 4, 4, 4, 4, 4, 4, 4, 4, 4, 4, 4, 4, 4, 4, 4, 4, 4, 4, 4, 4, 4, 4, 4, 4, 4, 4, 4, 4, 4, 4, 4, 4, 4, 4, 4, 4]
int[] faceVertexIndices = [50, 61, 12, 1, 74, 85, 62, 49, 84, 36, 13, 60, 2, 14, 38, 25, 26, 37, 86, 73, 0, 3, 5, 4, 3, 7, 8, 5, 1, 6, 8, 7, 6, 10, 11, 8, 2, 9, 11, 10, 9, 4, 5, 11, 5, 8, 11, 12, 15, 17, 16, 15, 19, 20, 17, 13, 18, 20, 19, 18, 22, 23, 20, 14, 21, 23, 22, 21, 16, 17, 23, 17, 20, 23, 24, 27, 29, 28, 27, 31, 32, 29, 25, 30, 32, 31, 30, 34, 35, 32, 26, 33, 35, 34, 33, 28, 29, 35, 29, 32, 35, 36, 39, 41, 40, 39, 43, 44, 41, 37, 42, 44, 43, 42, 46, 47, 44, 38, 45, 47, 46, 45, 40, 41, 47, 41, 44, 47, 48, 51, 53, 52, 51, 55, 56, 53, 49, 54, 56, 55, 54, 58, 59, 56, 50, 57, 59, 58, 57, 52, 53, 59, 53, 56, 59, 60, 63, 65, 64, 63, 67, 68, 65, 61, 66, 68, 67, 66, 70, 71, 68, 62, 69, 71, 70, 69, 64, 65, 71, 65, 68, 71, 72, 75, 77, 76, 75, 79, 80, 77, 73, 78, 80, 79, 78, 82, 83, 80, 74, 81, 83, 82, 81, 76, 77, 83, 77, 80, 83, 84, 87, 89, 88, 87, 91, 92, 89, 85, 90, 92, 91, 90, 94, 95, 92, 86, 93, 95, 94, 93, 88, 89, 95, 89, 92, 95, 24, 0, 4, 27, 27, 4, 9, 31, 31, 9, 2, 25, 1, 12, 16, 6, 6, 16, 21, 10, 10, 21, 14, 2, 13, 36, 40, 18, 18, 40, 45, 22, 22, 45, 38, 14, 37, 26, 34, 42, 42, 34, 30, 46, 46, 30, 25, 38, 72, 24, 28, 75, 75, 28, 33, 79, 79, 33, 26, 73, 36, 84, 88, 39, 39, 88, 93, 43, 43, 93, 86, 37, 85, 74, 82, 90, 90, 82, 78, 94, 94, 78, 73, 86, 48, 72, 76, 51, 51, 76, 81, 55, 55, 81, 74, 49, 84, 60, 64, 87, 87, 64, 69, 91, 91, 69, 62, 85, 61, 50, 58, 66, 66, 58, 54, 70, 70, 54, 49, 62, 0, 48, 52, 3, 3, 52, 57, 7, 7, 57, 50, 1, 60, 13, 19, 63, 63, 19, 15, 67, 67, 15, 12, 61, 24, 72, 48, 0]
uniform token subdivisionScheme = "none"
rel material:binding = </Component/Looks/Anodized_aluminum>
}
def Mesh "Cross_rail_003" (prepend apiSchemas = ["MaterialBindingAPI"]) {
point3f[] points = [(-0.11899999529123306, -0.1290000081062317, 0.5), (-0.11899999529123306, -0.12999999523162842, 0.5009999871253967), (-0.11999999731779099, -0.1290000081062317, 0.5009999871253967), (-0.11899998784065247, -0.12949934601783752, 0.5001335740089417), (-0.1194993332028389, -0.1290000081062317, 0.5001335740089417), (-0.11947820335626602, -0.12947821617126465, 0.5002633333206177), (-0.1194993332028389, -0.12986640632152557, 0.5009999871253967), (-0.11899998784065247, -0.12986640632152557, 0.5005006194114685), (-0.11947820335626602, -0.12973663210868835, 0.5005217790603638), (-0.11986639350652695, -0.1290000081062317, 0.5005006194114685), (-0.11986639350652695, -0.12949934601783752, 0.5009999871253967), (-0.11973661929368973, -0.12947821617126465, 0.5005217790603638), (-0.11899999529123306, -0.12999999523162842, 0.5289999842643738), (-0.11899999529123306, -0.1290000081062317, 0.5299999713897705), (-0.11999999731779099, -0.1290000081062317, 0.5289999842643738), (-0.11899998784065247, -0.12986640632152557, 0.529499351978302), (-0.1194993332028389, -0.12986640632152557, 0.5289999842643738), (-0.11947820335626602, -0.12973663210868835, 0.5294781923294067), (-0.1194993332028389, -0.1290000081062317, 0.5298663973808289), (-0.11899998784065247, -0.12949934601783752, 0.5298663973808289), (-0.11947820335626602, -0.12947821617126465, 0.5297366380691528), (-0.11986639350652695, -0.12949934601783752, 0.5289999842643738), (-0.11986639350652695, -0.1290000081062317, 0.529499351978302), (-0.11973661929368973, -0.12947821617126465, 0.5294781923294067), (-0.11899999529123306, -0.10100000351667404, 0.5), (-0.11999999731779099, -0.10100000351667404, 0.5009999871253967), (-0.11899999529123306, -0.10000000149011612, 0.5009999871253967), (-0.1194993332028389, -0.10100000351667404, 0.5001335740089417), (-0.11899998784065247, -0.10050065815448761, 0.5001335740089417), (-0.11947820335626602, -0.10052178800106049, 0.5002633333206177), (-0.11986639350652695, -0.10050065815448761, 0.5009999871253967), (-0.11986639350652695, -0.10100000351667404, 0.5005006194114685), (-0.11973661929368973, -0.10052178800106049, 0.5005217790603638), (-0.11899998784065247, -0.10013359785079956, 0.5005006194114685), (-0.1194993332028389, -0.10013359785079956, 0.5009999871253967), (-0.11947820335626602, -0.10026337206363678, 0.5005217790603638), (-0.11899999529123306, -0.10100000351667404, 0.5299999713897705), (-0.11899999529123306, -0.10000000149011612, 0.5289999842643738), (-0.11999999731779099, -0.10100000351667404, 0.5289999842643738), (-0.11899998784065247, -0.10050065815448761, 0.5298663973808289), (-0.1194993332028389, -0.10100000351667404, 0.5298663973808289), (-0.11947820335626602, -0.10052178800106049, 0.5297366380691528), (-0.1194993332028389, -0.10013359785079956, 0.5289999842643738), (-0.11899998784065247, -0.10013359785079956, 0.529499351978302), (-0.11947820335626602, -0.10026337206363678, 0.5294781923294067), (-0.11986639350652695, -0.10100000351667404, 0.529499351978302), (-0.11986639350652695, -0.10050065815448761, 0.5289999842643738), (-0.11973661929368973, -0.10052178800106049, 0.5294781923294067), (0.11899999529123306, -0.1290000081062317, 0.5), (0.11999999731779099, -0.1290000081062317, 0.5009999871253967), (0.11899999529123306, -0.12999999523162842, 0.5009999871253967), (0.1194993332028389, -0.1290000081062317, 0.5001335740089417), (0.11899998784065247, -0.12949934601783752, 0.5001335740089417), (0.11947820335626602, -0.12947821617126465, 0.5002633333206177), (0.11986639350652695, -0.12949934601783752, 0.5009999871253967), (0.11986639350652695, -0.1290000081062317, 0.5005006194114685), (0.11973661929368973, -0.12947821617126465, 0.5005217790603638), (0.11899998784065247, -0.12986640632152557, 0.5005006194114685), (0.1194993332028389, -0.12986640632152557, 0.5009999871253967), (0.11947820335626602, -0.12973663210868835, 0.5005217790603638), (0.11899999529123306, -0.1290000081062317, 0.5299999713897705), (0.11899999529123306, -0.12999999523162842, 0.5289999842643738), (0.11999999731779099, -0.1290000081062317, 0.5289999842643738), (0.11899998784065247, -0.12949934601783752, 0.5298663973808289), (0.1194993332028389, -0.1290000081062317, 0.5298663973808289), (0.11947820335626602, -0.12947821617126465, 0.5297366380691528), (0.1194993332028389, -0.12986640632152557, 0.5289999842643738), (0.11899998784065247, -0.12986640632152557, 0.529499351978302), (0.11947820335626602, -0.12973663210868835, 0.5294781923294067), (0.11986639350652695, -0.1290000081062317, 0.529499351978302), (0.11986639350652695, -0.12949934601783752, 0.5289999842643738), (0.11973661929368973, -0.12947821617126465, 0.5294781923294067), (0.11899999529123306, -0.10100000351667404, 0.5), (0.11899999529123306, -0.10000000149011612, 0.5009999871253967), (0.11999999731779099, -0.10100000351667404, 0.5009999871253967), (0.11899998784065247, -0.10050065815448761, 0.5001335740089417), (0.1194993332028389, -0.10100000351667404, 0.5001335740089417), (0.11947820335626602, -0.10052178800106049, 0.5002633333206177), (0.1194993332028389, -0.10013359785079956, 0.5009999871253967), (0.11899998784065247, -0.10013359785079956, 0.5005006194114685), (0.11947820335626602, -0.10026337206363678, 0.5005217790603638), (0.11986639350652695, -0.10100000351667404, 0.5005006194114685), (0.11986639350652695, -0.10050065815448761, 0.5009999871253967), (0.11973661929368973, -0.10052178800106049, 0.5005217790603638), (0.11899999529123306, -0.10100000351667404, 0.5299999713897705), (0.11999999731779099, -0.10100000351667404, 0.5289999842643738), (0.11899999529123306, -0.10000000149011612, 0.5289999842643738), (0.1194993332028389, -0.10100000351667404, 0.5298663973808289), (0.11899998784065247, -0.10050065815448761, 0.5298663973808289), (0.11947820335626602, -0.10052178800106049, 0.5297366380691528), (0.11986639350652695, -0.10050065815448761, 0.5289999842643738), (0.11986639350652695, -0.10100000351667404, 0.529499351978302), (0.11973661929368973, -0.10052178800106049, 0.5294781923294067), (0.11899998784065247, -0.10013359785079956, 0.529499351978302), (0.1194993332028389, -0.10013359785079956, 0.5289999842643738), (0.11947820335626602, -0.10026337206363678, 0.5294781923294067)]
int[] faceVertexCounts = [4, 4, 4, 4, 4, 4, 4, 4, 4, 4, 4, 3, 4, 4, 4, 4, 4, 4, 3, 4, 4, 4, 4, 4, 4, 3, 4, 4, 4, 4, 4, 4, 3, 4, 4, 4, 4, 4, 4, 3, 4, 4, 4, 4, 4, 4, 3, 4, 4, 4, 4, 4, 4, 3, 4, 4, 4, 4, 4, 4, 3, 4, 4, 4, 4, 4, 4, 4, 4, 4, 4, 4, 4, 4, 4, 4, 4, 4, 4, 4, 4, 4, 4, 4, 4, 4, 4, 4, 4, 4, 4, 4, 4, 4, 4, 4, 4, 4]
int[] faceVertexIndices = [50, 61, 12, 1, 74, 85, 62, 49, 84, 36, 13, 60, 2, 14, 38, 25, 26, 37, 86, 73, 0, 3, 5, 4, 3, 7, 8, 5, 1, 6, 8, 7, 6, 10, 11, 8, 2, 9, 11, 10, 9, 4, 5, 11, 5, 8, 11, 12, 15, 17, 16, 15, 19, 20, 17, 13, 18, 20, 19, 18, 22, 23, 20, 14, 21, 23, 22, 21, 16, 17, 23, 17, 20, 23, 24, 27, 29, 28, 27, 31, 32, 29, 25, 30, 32, 31, 30, 34, 35, 32, 26, 33, 35, 34, 33, 28, 29, 35, 29, 32, 35, 36, 39, 41, 40, 39, 43, 44, 41, 37, 42, 44, 43, 42, 46, 47, 44, 38, 45, 47, 46, 45, 40, 41, 47, 41, 44, 47, 48, 51, 53, 52, 51, 55, 56, 53, 49, 54, 56, 55, 54, 58, 59, 56, 50, 57, 59, 58, 57, 52, 53, 59, 53, 56, 59, 60, 63, 65, 64, 63, 67, 68, 65, 61, 66, 68, 67, 66, 70, 71, 68, 62, 69, 71, 70, 69, 64, 65, 71, 65, 68, 71, 72, 75, 77, 76, 75, 79, 80, 77, 73, 78, 80, 79, 78, 82, 83, 80, 74, 81, 83, 82, 81, 76, 77, 83, 77, 80, 83, 84, 87, 89, 88, 87, 91, 92, 89, 85, 90, 92, 91, 90, 94, 95, 92, 86, 93, 95, 94, 93, 88, 89, 95, 89, 92, 95, 24, 0, 4, 27, 27, 4, 9, 31, 31, 9, 2, 25, 1, 12, 16, 6, 6, 16, 21, 10, 10, 21, 14, 2, 13, 36, 40, 18, 18, 40, 45, 22, 22, 45, 38, 14, 37, 26, 34, 42, 42, 34, 30, 46, 46, 30, 25, 38, 72, 24, 28, 75, 75, 28, 33, 79, 79, 33, 26, 73, 36, 84, 88, 39, 39, 88, 93, 43, 43, 93, 86, 37, 85, 74, 82, 90, 90, 82, 78, 94, 94, 78, 73, 86, 48, 72, 76, 51, 51, 76, 81, 55, 55, 81, 74, 49, 84, 60, 64, 87, 87, 64, 69, 91, 91, 69, 62, 85, 61, 50, 58, 66, 66, 58, 54, 70, 70, 54, 49, 62, 0, 48, 52, 3, 3, 52, 57, 7, 7, 57, 50, 1, 60, 13, 19, 63, 63, 19, 15, 67, 67, 15, 12, 61, 24, 72, 48, 0]
uniform token subdivisionScheme = "none"
rel material:binding = </Component/Looks/Anodized_aluminum>
}
def Mesh "Cross_slot_003" (prepend apiSchemas = ["MaterialBindingAPI"]) {
point3f[] points = [(-0.1096000000834465, -0.13009999692440033, 0.5119999647140503), (-0.1096000000834465, -0.13050000369548798, 0.5123999714851379), (-0.10999999940395355, -0.13009999692440033, 0.5123999714851379), (-0.1096000000834465, -0.13029973208904266, 0.5120534300804138), (-0.10979973524808884, -0.13009999692440033, 0.5120534300804138), (-0.10979128628969193, -0.13029128313064575, 0.5121053457260132), (-0.10979973524808884, -0.13044655323028564, 0.5123999714851379), (-0.1096000000834465, -0.13044655323028564, 0.5122002363204956), (-0.10979128628969193, -0.13039465248584747, 0.5122087001800537), (-0.10994656383991241, -0.13009999692440033, 0.5122002363204956), (-0.10994656383991241, -0.13029973208904266, 0.5123999714851379), (-0.10989465564489365, -0.13029128313064575, 0.5122087001800537), (-0.1096000000834465, -0.13050000369548798, 0.5175999999046326), (-0.1096000000834465, -0.13009999692440033, 0.5180000066757202), (-0.10999999940395355, -0.13009999692440033, 0.5175999999046326), (-0.1096000000834465, -0.13044655323028564, 0.5177997350692749), (-0.10979973524808884, -0.13044655323028564, 0.5175999999046326), (-0.10979128628969193, -0.13039465248584747, 0.5177912712097168), (-0.10979973524808884, -0.13009999692440033, 0.5179465413093567), (-0.1096000000834465, -0.13029973208904266, 0.5179465413093567), (-0.10979128628969193, -0.13029128313064575, 0.5178946256637573), (-0.10994656383991241, -0.13029973208904266, 0.5175999999046326), (-0.10994656383991241, -0.13009999692440033, 0.5177997350692749), (-0.10989465564489365, -0.13029128313064575, 0.5177912712097168), (-0.1096000000834465, -0.13009999692440033, 0.5119999647140503), (-0.10999999940395355, -0.13009999692440033, 0.5123999714851379), (-0.1096000000834465, -0.12969999015331268, 0.5123999714851379), (-0.10979973524808884, -0.13009999692440033, 0.5120534300804138), (-0.1096000000834465, -0.129900261759758, 0.5120534300804138), (-0.10979128628969193, -0.1299087107181549, 0.5121053457260132), (-0.10994656383991241, -0.129900261759758, 0.5123999714851379), (-0.10994656383991241, -0.13009999692440033, 0.5122002363204956), (-0.10989465564489365, -0.1299087107181549, 0.5122087001800537), (-0.1096000000834465, -0.12975344061851501, 0.5122002363204956), (-0.10979973524808884, -0.12975344061851501, 0.5123999714851379), (-0.10979128628969193, -0.12980534136295319, 0.5122087001800537), (-0.1096000000834465, -0.13009999692440033, 0.5180000066757202), (-0.1096000000834465, -0.12969999015331268, 0.5175999999046326), (-0.10999999940395355, -0.13009999692440033, 0.5175999999046326), (-0.1096000000834465, -0.129900261759758, 0.5179465413093567), (-0.10979973524808884, -0.13009999692440033, 0.5179465413093567), (-0.10979128628969193, -0.1299087107181549, 0.5178946256637573), (-0.10979973524808884, -0.12975344061851501, 0.5175999999046326), (-0.1096000000834465, -0.12975344061851501, 0.5177997350692749), (-0.10979128628969193, -0.12980534136295319, 0.5177912712097168), (-0.10994656383991241, -0.13009999692440033, 0.5177997350692749), (-0.10994656383991241, -0.129900261759758, 0.5175999999046326), (-0.10989465564489365, -0.1299087107181549, 0.5177912712097168), (0.1096000000834465, -0.13009999692440033, 0.5119999647140503), (0.10999999940395355, -0.13009999692440033, 0.5123999714851379), (0.1096000000834465, -0.13050000369548798, 0.5123999714851379), (0.10979973524808884, -0.13009999692440033, 0.5120534300804138), (0.1096000000834465, -0.13029973208904266, 0.5120534300804138), (0.10979128628969193, -0.13029128313064575, 0.5121053457260132), (0.10994656383991241, -0.13029973208904266, 0.5123999714851379), (0.10994656383991241, -0.13009999692440033, 0.5122002363204956), (0.10989465564489365, -0.13029128313064575, 0.5122087001800537), (0.1096000000834465, -0.13044655323028564, 0.5122002363204956), (0.10979973524808884, -0.13044655323028564, 0.5123999714851379), (0.10979128628969193, -0.13039465248584747, 0.5122087001800537), (0.1096000000834465, -0.13009999692440033, 0.5180000066757202), (0.1096000000834465, -0.13050000369548798, 0.5175999999046326), (0.10999999940395355, -0.13009999692440033, 0.5175999999046326), (0.1096000000834465, -0.13029973208904266, 0.5179465413093567), (0.10979973524808884, -0.13009999692440033, 0.5179465413093567), (0.10979128628969193, -0.13029128313064575, 0.5178946256637573), (0.10979973524808884, -0.13044655323028564, 0.5175999999046326), (0.1096000000834465, -0.13044655323028564, 0.5177997350692749), (0.10979128628969193, -0.13039465248584747, 0.5177912712097168), (0.10994656383991241, -0.13009999692440033, 0.5177997350692749), (0.10994656383991241, -0.13029973208904266, 0.5175999999046326), (0.10989465564489365, -0.13029128313064575, 0.5177912712097168), (0.1096000000834465, -0.13009999692440033, 0.5119999647140503), (0.1096000000834465, -0.12969999015331268, 0.5123999714851379), (0.10999999940395355, -0.13009999692440033, 0.5123999714851379), (0.1096000000834465, -0.129900261759758, 0.5120534300804138), (0.10979973524808884, -0.13009999692440033, 0.5120534300804138), (0.10979128628969193, -0.1299087107181549, 0.5121053457260132), (0.10979973524808884, -0.12975344061851501, 0.5123999714851379), (0.1096000000834465, -0.12975344061851501, 0.5122002363204956), (0.10979128628969193, -0.12980534136295319, 0.5122087001800537), (0.10994656383991241, -0.13009999692440033, 0.5122002363204956), (0.10994656383991241, -0.129900261759758, 0.5123999714851379), (0.10989465564489365, -0.1299087107181549, 0.5122087001800537), (0.1096000000834465, -0.13009999692440033, 0.5180000066757202), (0.10999999940395355, -0.13009999692440033, 0.5175999999046326), (0.1096000000834465, -0.12969999015331268, 0.5175999999046326), (0.10979973524808884, -0.13009999692440033, 0.5179465413093567), (0.1096000000834465, -0.129900261759758, 0.5179465413093567), (0.10979128628969193, -0.1299087107181549, 0.5178946256637573), (0.10994656383991241, -0.129900261759758, 0.5175999999046326), (0.10994656383991241, -0.13009999692440033, 0.5177997350692749), (0.10989465564489365, -0.1299087107181549, 0.5177912712097168), (0.1096000000834465, -0.12975344061851501, 0.5177997350692749), (0.10979973524808884, -0.12975344061851501, 0.5175999999046326), (0.10979128628969193, -0.12980534136295319, 0.5177912712097168)]
int[] faceVertexCounts = [4, 4, 4, 4, 4, 4, 4, 4, 4, 4, 4, 3, 4, 4, 4, 4, 4, 4, 3, 4, 4, 4, 4, 4, 4, 3, 4, 4, 4, 4, 4, 4, 3, 4, 4, 4, 4, 4, 4, 3, 4, 4, 4, 4, 4, 4, 3, 4, 4, 4, 4, 4, 4, 3, 4, 4, 4, 4, 4, 4, 3, 4, 4, 4, 4, 4, 4, 4, 4, 4, 4, 4, 4, 4, 4, 4, 4, 4, 4, 4, 4, 4, 4, 4, 4, 4, 4, 4, 4, 4, 4, 4, 4, 4, 4, 4, 4, 4]
int[] faceVertexIndices = [50, 61, 12, 1, 74, 85, 62, 49, 84, 36, 13, 60, 2, 14, 38, 25, 26, 37, 86, 73, 0, 3, 5, 4, 3, 7, 8, 5, 1, 6, 8, 7, 6, 10, 11, 8, 2, 9, 11, 10, 9, 4, 5, 11, 5, 8, 11, 12, 15, 17, 16, 15, 19, 20, 17, 13, 18, 20, 19, 18, 22, 23, 20, 14, 21, 23, 22, 21, 16, 17, 23, 17, 20, 23, 24, 27, 29, 28, 27, 31, 32, 29, 25, 30, 32, 31, 30, 34, 35, 32, 26, 33, 35, 34, 33, 28, 29, 35, 29, 32, 35, 36, 39, 41, 40, 39, 43, 44, 41, 37, 42, 44, 43, 42, 46, 47, 44, 38, 45, 47, 46, 45, 40, 41, 47, 41, 44, 47, 48, 51, 53, 52, 51, 55, 56, 53, 49, 54, 56, 55, 54, 58, 59, 56, 50, 57, 59, 58, 57, 52, 53, 59, 53, 56, 59, 60, 63, 65, 64, 63, 67, 68, 65, 61, 66, 68, 67, 66, 70, 71, 68, 62, 69, 71, 70, 69, 64, 65, 71, 65, 68, 71, 72, 75, 77, 76, 75, 79, 80, 77, 73, 78, 80, 79, 78, 82, 83, 80, 74, 81, 83, 82, 81, 76, 77, 83, 77, 80, 83, 84, 87, 89, 88, 87, 91, 92, 89, 85, 90, 92, 91, 90, 94, 95, 92, 86, 93, 95, 94, 93, 88, 89, 95, 89, 92, 95, 24, 0, 4, 27, 27, 4, 9, 31, 31, 9, 2, 25, 1, 12, 16, 6, 6, 16, 21, 10, 10, 21, 14, 2, 13, 36, 40, 18, 18, 40, 45, 22, 22, 45, 38, 14, 37, 26, 34, 42, 42, 34, 30, 46, 46, 30, 25, 38, 72, 24, 28, 75, 75, 28, 33, 79, 79, 33, 26, 73, 36, 84, 88, 39, 39, 88, 93, 43, 43, 93, 86, 37, 85, 74, 82, 90, 90, 82, 78, 94, 94, 78, 73, 86, 48, 72, 76, 51, 51, 76, 81, 55, 55, 81, 74, 49, 84, 60, 64, 87, 87, 64, 69, 91, 91, 69, 62, 85, 61, 50, 58, 66, 66, 58, 54, 70, 70, 54, 49, 62, 0, 48, 52, 3, 3, 52, 57, 7, 7, 57, 50, 1, 60, 13, 19, 63, 63, 19, 15, 67, 67, 15, 12, 61, 24, 72, 48, 0]
uniform token subdivisionScheme = "none"
rel material:binding = </Component/Looks/Slot_and_fastener>
}
def Mesh "Cross_rail" (prepend apiSchemas = ["MaterialBindingAPI"]) {
point3f[] points = [(-0.11899999529123306, 0.10100000351667404, 0.5), (-0.11899999529123306, 0.10000000149011612, 0.5009999871253967), (-0.11999999731779099, 0.10100000351667404, 0.5009999871253967), (-0.11899998784065247, 0.10050065815448761, 0.5001335740089417), (-0.1194993332028389, 0.10100000351667404, 0.5001335740089417), (-0.11947820335626602, 0.10052178800106049, 0.5002633333206177), (-0.1194993332028389, 0.10013359785079956, 0.5009999871253967), (-0.11899998784065247, 0.10013359785079956, 0.5005006194114685), (-0.11947820335626602, 0.10026337206363678, 0.5005217790603638), (-0.11986639350652695, 0.10100000351667404, 0.5005006194114685), (-0.11986639350652695, 0.10050065815448761, 0.5009999871253967), (-0.11973661929368973, 0.10052178800106049, 0.5005217790603638), (-0.11899999529123306, 0.10000000149011612, 0.5289999842643738), (-0.11899999529123306, 0.10100000351667404, 0.5299999713897705), (-0.11999999731779099, 0.10100000351667404, 0.5289999842643738), (-0.11899998784065247, 0.10013359785079956, 0.529499351978302), (-0.1194993332028389, 0.10013359785079956, 0.5289999842643738), (-0.11947820335626602, 0.10026337206363678, 0.5294781923294067), (-0.1194993332028389, 0.10100000351667404, 0.5298663973808289), (-0.11899998784065247, 0.10050065815448761, 0.5298663973808289), (-0.11947820335626602, 0.10052178800106049, 0.5297366380691528), (-0.11986639350652695, 0.10050065815448761, 0.5289999842643738), (-0.11986639350652695, 0.10100000351667404, 0.529499351978302), (-0.11973661929368973, 0.10052178800106049, 0.5294781923294067), (-0.11899999529123306, 0.1290000081062317, 0.5), (-0.11999999731779099, 0.1290000081062317, 0.5009999871253967), (-0.11899999529123306, 0.12999999523162842, 0.5009999871253967), (-0.1194993332028389, 0.1290000081062317, 0.5001335740089417), (-0.11899998784065247, 0.12949934601783752, 0.5001335740089417), (-0.11947820335626602, 0.12947821617126465, 0.5002633333206177), (-0.11986639350652695, 0.12949934601783752, 0.5009999871253967), (-0.11986639350652695, 0.1290000081062317, 0.5005006194114685), (-0.11973661929368973, 0.12947821617126465, 0.5005217790603638), (-0.11899998784065247, 0.12986640632152557, 0.5005006194114685), (-0.1194993332028389, 0.12986640632152557, 0.5009999871253967), (-0.11947820335626602, 0.12973663210868835, 0.5005217790603638), (-0.11899999529123306, 0.1290000081062317, 0.5299999713897705), (-0.11899999529123306, 0.12999999523162842, 0.5289999842643738), (-0.11999999731779099, 0.1290000081062317, 0.5289999842643738), (-0.11899998784065247, 0.12949934601783752, 0.5298663973808289), (-0.1194993332028389, 0.1290000081062317, 0.5298663973808289), (-0.11947820335626602, 0.12947821617126465, 0.5297366380691528), (-0.1194993332028389, 0.12986640632152557, 0.5289999842643738), (-0.11899998784065247, 0.12986640632152557, 0.529499351978302), (-0.11947820335626602, 0.12973663210868835, 0.5294781923294067), (-0.11986639350652695, 0.1290000081062317, 0.529499351978302), (-0.11986639350652695, 0.12949934601783752, 0.5289999842643738), (-0.11973661929368973, 0.12947821617126465, 0.5294781923294067), (0.11899999529123306, 0.10100000351667404, 0.5), (0.11999999731779099, 0.10100000351667404, 0.5009999871253967), (0.11899999529123306, 0.10000000149011612, 0.5009999871253967), (0.1194993332028389, 0.10100000351667404, 0.5001335740089417), (0.11899998784065247, 0.10050065815448761, 0.5001335740089417), (0.11947820335626602, 0.10052178800106049, 0.5002633333206177), (0.11986639350652695, 0.10050065815448761, 0.5009999871253967), (0.11986639350652695, 0.10100000351667404, 0.5005006194114685), (0.11973661929368973, 0.10052178800106049, 0.5005217790603638), (0.11899998784065247, 0.10013359785079956, 0.5005006194114685), (0.1194993332028389, 0.10013359785079956, 0.5009999871253967), (0.11947820335626602, 0.10026337206363678, 0.5005217790603638), (0.11899999529123306, 0.10100000351667404, 0.5299999713897705), (0.11899999529123306, 0.10000000149011612, 0.5289999842643738), (0.11999999731779099, 0.10100000351667404, 0.5289999842643738), (0.11899998784065247, 0.10050065815448761, 0.5298663973808289), (0.1194993332028389, 0.10100000351667404, 0.5298663973808289), (0.11947820335626602, 0.10052178800106049, 0.5297366380691528), (0.1194993332028389, 0.10013359785079956, 0.5289999842643738), (0.11899998784065247, 0.10013359785079956, 0.529499351978302), (0.11947820335626602, 0.10026337206363678, 0.5294781923294067), (0.11986639350652695, 0.10100000351667404, 0.529499351978302), (0.11986639350652695, 0.10050065815448761, 0.5289999842643738), (0.11973661929368973, 0.10052178800106049, 0.5294781923294067), (0.11899999529123306, 0.1290000081062317, 0.5), (0.11899999529123306, 0.12999999523162842, 0.5009999871253967), (0.11999999731779099, 0.1290000081062317, 0.5009999871253967), (0.11899998784065247, 0.12949934601783752, 0.5001335740089417), (0.1194993332028389, 0.1290000081062317, 0.5001335740089417), (0.11947820335626602, 0.12947821617126465, 0.5002633333206177), (0.1194993332028389, 0.12986640632152557, 0.5009999871253967), (0.11899998784065247, 0.12986640632152557, 0.5005006194114685), (0.11947820335626602, 0.12973663210868835, 0.5005217790603638), (0.11986639350652695, 0.1290000081062317, 0.5005006194114685), (0.11986639350652695, 0.12949934601783752, 0.5009999871253967), (0.11973661929368973, 0.12947821617126465, 0.5005217790603638), (0.11899999529123306, 0.1290000081062317, 0.5299999713897705), (0.11999999731779099, 0.1290000081062317, 0.5289999842643738), (0.11899999529123306, 0.12999999523162842, 0.5289999842643738), (0.1194993332028389, 0.1290000081062317, 0.5298663973808289), (0.11899998784065247, 0.12949934601783752, 0.5298663973808289), (0.11947820335626602, 0.12947821617126465, 0.5297366380691528), (0.11986639350652695, 0.12949934601783752, 0.5289999842643738), (0.11986639350652695, 0.1290000081062317, 0.529499351978302), (0.11973661929368973, 0.12947821617126465, 0.5294781923294067), (0.11899998784065247, 0.12986640632152557, 0.529499351978302), (0.1194993332028389, 0.12986640632152557, 0.5289999842643738), (0.11947820335626602, 0.12973663210868835, 0.5294781923294067)]
int[] faceVertexCounts = [4, 4, 4, 4, 4, 4, 4, 4, 4, 4, 4, 3, 4, 4, 4, 4, 4, 4, 3, 4, 4, 4, 4, 4, 4, 3, 4, 4, 4, 4, 4, 4, 3, 4, 4, 4, 4, 4, 4, 3, 4, 4, 4, 4, 4, 4, 3, 4, 4, 4, 4, 4, 4, 3, 4, 4, 4, 4, 4, 4, 3, 4, 4, 4, 4, 4, 4, 4, 4, 4, 4, 4, 4, 4, 4, 4, 4, 4, 4, 4, 4, 4, 4, 4, 4, 4, 4, 4, 4, 4, 4, 4, 4, 4, 4, 4, 4, 4]
int[] faceVertexIndices = [50, 61, 12, 1, 74, 85, 62, 49, 84, 36, 13, 60, 2, 14, 38, 25, 26, 37, 86, 73, 0, 3, 5, 4, 3, 7, 8, 5, 1, 6, 8, 7, 6, 10, 11, 8, 2, 9, 11, 10, 9, 4, 5, 11, 5, 8, 11, 12, 15, 17, 16, 15, 19, 20, 17, 13, 18, 20, 19, 18, 22, 23, 20, 14, 21, 23, 22, 21, 16, 17, 23, 17, 20, 23, 24, 27, 29, 28, 27, 31, 32, 29, 25, 30, 32, 31, 30, 34, 35, 32, 26, 33, 35, 34, 33, 28, 29, 35, 29, 32, 35, 36, 39, 41, 40, 39, 43, 44, 41, 37, 42, 44, 43, 42, 46, 47, 44, 38, 45, 47, 46, 45, 40, 41, 47, 41, 44, 47, 48, 51, 53, 52, 51, 55, 56, 53, 49, 54, 56, 55, 54, 58, 59, 56, 50, 57, 59, 58, 57, 52, 53, 59, 53, 56, 59, 60, 63, 65, 64, 63, 67, 68, 65, 61, 66, 68, 67, 66, 70, 71, 68, 62, 69, 71, 70, 69, 64, 65, 71, 65, 68, 71, 72, 75, 77, 76, 75, 79, 80, 77, 73, 78, 80, 79, 78, 82, 83, 80, 74, 81, 83, 82, 81, 76, 77, 83, 77, 80, 83, 84, 87, 89, 88, 87, 91, 92, 89, 85, 90, 92, 91, 90, 94, 95, 92, 86, 93, 95, 94, 93, 88, 89, 95, 89, 92, 95, 24, 0, 4, 27, 27, 4, 9, 31, 31, 9, 2, 25, 1, 12, 16, 6, 6, 16, 21, 10, 10, 21, 14, 2, 13, 36, 40, 18, 18, 40, 45, 22, 22, 45, 38, 14, 37, 26, 34, 42, 42, 34, 30, 46, 46, 30, 25, 38, 72, 24, 28, 75, 75, 28, 33, 79, 79, 33, 26, 73, 36, 84, 88, 39, 39, 88, 93, 43, 43, 93, 86, 37, 85, 74, 82, 90, 90, 82, 78, 94, 94, 78, 73, 86, 48, 72, 76, 51, 51, 76, 81, 55, 55, 81, 74, 49, 84, 60, 64, 87, 87, 64, 69, 91, 91, 69, 62, 85, 61, 50, 58, 66, 66, 58, 54, 70, 70, 54, 49, 62, 0, 48, 52, 3, 3, 52, 57, 7, 7, 57, 50, 1, 60, 13, 19, 63, 63, 19, 15, 67, 67, 15, 12, 61, 24, 72, 48, 0]
uniform token subdivisionScheme = "none"
rel material:binding = </Component/Looks/Anodized_aluminum>
}
def Mesh "Cross_slot" (prepend apiSchemas = ["MaterialBindingAPI"]) {
point3f[] points = [(-0.1096000000834465, 0.13009999692440033, 0.5119999647140503), (-0.1096000000834465, 0.12969999015331268, 0.5123999714851379), (-0.10999999940395355, 0.13009999692440033, 0.5123999714851379), (-0.1096000000834465, 0.129900261759758, 0.5120534300804138), (-0.10979973524808884, 0.13009999692440033, 0.5120534300804138), (-0.10979128628969193, 0.1299087107181549, 0.5121053457260132), (-0.10979973524808884, 0.12975344061851501, 0.5123999714851379), (-0.1096000000834465, 0.12975344061851501, 0.5122002363204956), (-0.10979128628969193, 0.12980534136295319, 0.5122087001800537), (-0.10994656383991241, 0.13009999692440033, 0.5122002363204956), (-0.10994656383991241, 0.129900261759758, 0.5123999714851379), (-0.10989465564489365, 0.1299087107181549, 0.5122087001800537), (-0.1096000000834465, 0.12969999015331268, 0.5175999999046326), (-0.1096000000834465, 0.13009999692440033, 0.5180000066757202), (-0.10999999940395355, 0.13009999692440033, 0.5175999999046326), (-0.1096000000834465, 0.12975344061851501, 0.5177997350692749), (-0.10979973524808884, 0.12975344061851501, 0.5175999999046326), (-0.10979128628969193, 0.12980534136295319, 0.5177912712097168), (-0.10979973524808884, 0.13009999692440033, 0.5179465413093567), (-0.1096000000834465, 0.129900261759758, 0.5179465413093567), (-0.10979128628969193, 0.1299087107181549, 0.5178946256637573), (-0.10994656383991241, 0.129900261759758, 0.5175999999046326), (-0.10994656383991241, 0.13009999692440033, 0.5177997350692749), (-0.10989465564489365, 0.1299087107181549, 0.5177912712097168), (-0.1096000000834465, 0.13009999692440033, 0.5119999647140503), (-0.10999999940395355, 0.13009999692440033, 0.5123999714851379), (-0.1096000000834465, 0.13050000369548798, 0.5123999714851379), (-0.10979973524808884, 0.13009999692440033, 0.5120534300804138), (-0.1096000000834465, 0.13029973208904266, 0.5120534300804138), (-0.10979128628969193, 0.13029128313064575, 0.5121053457260132), (-0.10994656383991241, 0.13029973208904266, 0.5123999714851379), (-0.10994656383991241, 0.13009999692440033, 0.5122002363204956), (-0.10989465564489365, 0.13029128313064575, 0.5122087001800537), (-0.1096000000834465, 0.13044655323028564, 0.5122002363204956), (-0.10979973524808884, 0.13044655323028564, 0.5123999714851379), (-0.10979128628969193, 0.13039465248584747, 0.5122087001800537), (-0.1096000000834465, 0.13009999692440033, 0.5180000066757202), (-0.1096000000834465, 0.13050000369548798, 0.5175999999046326), (-0.10999999940395355, 0.13009999692440033, 0.5175999999046326), (-0.1096000000834465, 0.13029973208904266, 0.5179465413093567), (-0.10979973524808884, 0.13009999692440033, 0.5179465413093567), (-0.10979128628969193, 0.13029128313064575, 0.5178946256637573), (-0.10979973524808884, 0.13044655323028564, 0.5175999999046326), (-0.1096000000834465, 0.13044655323028564, 0.5177997350692749), (-0.10979128628969193, 0.13039465248584747, 0.5177912712097168), (-0.10994656383991241, 0.13009999692440033, 0.5177997350692749), (-0.10994656383991241, 0.13029973208904266, 0.5175999999046326), (-0.10989465564489365, 0.13029128313064575, 0.5177912712097168), (0.1096000000834465, 0.13009999692440033, 0.5119999647140503), (0.10999999940395355, 0.13009999692440033, 0.5123999714851379), (0.1096000000834465, 0.12969999015331268, 0.5123999714851379), (0.10979973524808884, 0.13009999692440033, 0.5120534300804138), (0.1096000000834465, 0.129900261759758, 0.5120534300804138), (0.10979128628969193, 0.1299087107181549, 0.5121053457260132), (0.10994656383991241, 0.129900261759758, 0.5123999714851379), (0.10994656383991241, 0.13009999692440033, 0.5122002363204956), (0.10989465564489365, 0.1299087107181549, 0.5122087001800537), (0.1096000000834465, 0.12975344061851501, 0.5122002363204956), (0.10979973524808884, 0.12975344061851501, 0.5123999714851379), (0.10979128628969193, 0.12980534136295319, 0.5122087001800537), (0.1096000000834465, 0.13009999692440033, 0.5180000066757202), (0.1096000000834465, 0.12969999015331268, 0.5175999999046326), (0.10999999940395355, 0.13009999692440033, 0.5175999999046326), (0.1096000000834465, 0.129900261759758, 0.5179465413093567), (0.10979973524808884, 0.13009999692440033, 0.5179465413093567), (0.10979128628969193, 0.1299087107181549, 0.5178946256637573), (0.10979973524808884, 0.12975344061851501, 0.5175999999046326), (0.1096000000834465, 0.12975344061851501, 0.5177997350692749), (0.10979128628969193, 0.12980534136295319, 0.5177912712097168), (0.10994656383991241, 0.13009999692440033, 0.5177997350692749), (0.10994656383991241, 0.129900261759758, 0.5175999999046326), (0.10989465564489365, 0.1299087107181549, 0.5177912712097168), (0.1096000000834465, 0.13009999692440033, 0.5119999647140503), (0.1096000000834465, 0.13050000369548798, 0.5123999714851379), (0.10999999940395355, 0.13009999692440033, 0.5123999714851379), (0.1096000000834465, 0.13029973208904266, 0.5120534300804138), (0.10979973524808884, 0.13009999692440033, 0.5120534300804138), (0.10979128628969193, 0.13029128313064575, 0.5121053457260132), (0.10979973524808884, 0.13044655323028564, 0.5123999714851379), (0.1096000000834465, 0.13044655323028564, 0.5122002363204956), (0.10979128628969193, 0.13039465248584747, 0.5122087001800537), (0.10994656383991241, 0.13009999692440033, 0.5122002363204956), (0.10994656383991241, 0.13029973208904266, 0.5123999714851379), (0.10989465564489365, 0.13029128313064575, 0.5122087001800537), (0.1096000000834465, 0.13009999692440033, 0.5180000066757202), (0.10999999940395355, 0.13009999692440033, 0.5175999999046326), (0.1096000000834465, 0.13050000369548798, 0.5175999999046326), (0.10979973524808884, 0.13009999692440033, 0.5179465413093567), (0.1096000000834465, 0.13029973208904266, 0.5179465413093567), (0.10979128628969193, 0.13029128313064575, 0.5178946256637573), (0.10994656383991241, 0.13029973208904266, 0.5175999999046326), (0.10994656383991241, 0.13009999692440033, 0.5177997350692749), (0.10989465564489365, 0.13029128313064575, 0.5177912712097168), (0.1096000000834465, 0.13044655323028564, 0.5177997350692749), (0.10979973524808884, 0.13044655323028564, 0.5175999999046326), (0.10979128628969193, 0.13039465248584747, 0.5177912712097168)]
int[] faceVertexCounts = [4, 4, 4, 4, 4, 4, 4, 4, 4, 4, 4, 3, 4, 4, 4, 4, 4, 4, 3, 4, 4, 4, 4, 4, 4, 3, 4, 4, 4, 4, 4, 4, 3, 4, 4, 4, 4, 4, 4, 3, 4, 4, 4, 4, 4, 4, 3, 4, 4, 4, 4, 4, 4, 3, 4, 4, 4, 4, 4, 4, 3, 4, 4, 4, 4, 4, 4, 4, 4, 4, 4, 4, 4, 4, 4, 4, 4, 4, 4, 4, 4, 4, 4, 4, 4, 4, 4, 4, 4, 4, 4, 4, 4, 4, 4, 4, 4, 4]
int[] faceVertexIndices = [50, 61, 12, 1, 74, 85, 62, 49, 84, 36, 13, 60, 2, 14, 38, 25, 26, 37, 86, 73, 0, 3, 5, 4, 3, 7, 8, 5, 1, 6, 8, 7, 6, 10, 11, 8, 2, 9, 11, 10, 9, 4, 5, 11, 5, 8, 11, 12, 15, 17, 16, 15, 19, 20, 17, 13, 18, 20, 19, 18, 22, 23, 20, 14, 21, 23, 22, 21, 16, 17, 23, 17, 20, 23, 24, 27, 29, 28, 27, 31, 32, 29, 25, 30, 32, 31, 30, 34, 35, 32, 26, 33, 35, 34, 33, 28, 29, 35, 29, 32, 35, 36, 39, 41, 40, 39, 43, 44, 41, 37, 42, 44, 43, 42, 46, 47, 44, 38, 45, 47, 46, 45, 40, 41, 47, 41, 44, 47, 48, 51, 53, 52, 51, 55, 56, 53, 49, 54, 56, 55, 54, 58, 59, 56, 50, 57, 59, 58, 57, 52, 53, 59, 53, 56, 59, 60, 63, 65, 64, 63, 67, 68, 65, 61, 66, 68, 67, 66, 70, 71, 68, 62, 69, 71, 70, 69, 64, 65, 71, 65, 68, 71, 72, 75, 77, 76, 75, 79, 80, 77, 73, 78, 80, 79, 78, 82, 83, 80, 74, 81, 83, 82, 81, 76, 77, 83, 77, 80, 83, 84, 87, 89, 88, 87, 91, 92, 89, 85, 90, 92, 91, 90, 94, 95, 92, 86, 93, 95, 94, 93, 88, 89, 95, 89, 92, 95, 24, 0, 4, 27, 27, 4, 9, 31, 31, 9, 2, 25, 1, 12, 16, 6, 6, 16, 21, 10, 10, 21, 14, 2, 13, 36, 40, 18, 18, 40, 45, 22, 22, 45, 38, 14, 37, 26, 34, 42, 42, 34, 30, 46, 46, 30, 25, 38, 72, 24, 28, 75, 75, 28, 33, 79, 79, 33, 26, 73, 36, 84, 88, 39, 39, 88, 93, 43, 43, 93, 86, 37, 85, 74, 82, 90, 90, 82, 78, 94, 94, 78, 73, 86, 48, 72, 76, 51, 51, 76, 81, 55, 55, 81, 74, 49, 84, 60, 64, 87, 87, 64, 69, 91, 91, 69, 62, 85, 61, 50, 58, 66, 66, 58, 54, 70, 70, 54, 49, 62, 0, 48, 52, 3, 3, 52, 57, 7, 7, 57, 50, 1, 60, 13, 19, 63, 63, 19, 15, 67, 67, 15, 12, 61, 24, 72, 48, 0]
uniform token subdivisionScheme = "none"
rel material:binding = </Component/Looks/Slot_and_fastener>
}
def Mesh "Side_rail_002" (prepend apiSchemas = ["MaterialBindingAPI"]) {
point3f[] points = [(-0.14900000393390656, -0.0989999994635582, 0.5), (-0.14900000393390656, -0.10000000149011612, 0.5009999871253967), (-0.15000000596046448, -0.0989999994635582, 0.5009999871253967), (-0.14900000393390656, -0.09949935227632523, 0.5001335740089417), (-0.1494993418455124, -0.0990000069141388, 0.5001335740089417), (-0.14947821199893951, -0.09947822242975235, 0.5002633333206177), (-0.1494993418455124, -0.09986641258001328, 0.5009999871253967), (-0.14900000393390656, -0.09986641258001328, 0.5005006194114685), (-0.14947821199893951, -0.09973663836717606, 0.5005217790603638), (-0.14986640214920044, -0.0990000069141388, 0.5005006194114685), (-0.14986640214920044, -0.09949935227632523, 0.5009999871253967), (-0.14973664283752441, -0.09947822242975235, 0.5005217790603638), (-0.14900000393390656, -0.10000000149011612, 0.5289999842643738), (-0.14900000393390656, -0.0989999994635582, 0.5299999713897705), (-0.15000000596046448, -0.0989999994635582, 0.5289999842643738), (-0.14900000393390656, -0.09986641258001328, 0.529499351978302), (-0.1494993418455124, -0.09986641258001328, 0.5289999842643738), (-0.14947821199893951, -0.09973663836717606, 0.5294781923294067), (-0.1494993418455124, -0.0990000069141388, 0.5298663973808289), (-0.14900000393390656, -0.09949935227632523, 0.5298663973808289), (-0.14947821199893951, -0.09947822242975235, 0.5297366380691528), (-0.14986640214920044, -0.09949935227632523, 0.5289999842643738), (-0.14986640214920044, -0.0990000069141388, 0.529499351978302), (-0.14973664283752441, -0.09947822242975235, 0.5294781923294067), (-0.14900000393390656, 0.0989999994635582, 0.5), (-0.15000000596046448, 0.0989999994635582, 0.5009999871253967), (-0.14900000393390656, 0.10000000149011612, 0.5009999871253967), (-0.1494993418455124, 0.0990000069141388, 0.5001335740089417), (-0.14900000393390656, 0.09949935227632523, 0.5001335740089417), (-0.14947821199893951, 0.09947822242975235, 0.5002633333206177), (-0.14986640214920044, 0.09949935227632523, 0.5009999871253967), (-0.14986640214920044, 0.0990000069141388, 0.5005006194114685), (-0.14973664283752441, 0.09947822242975235, 0.5005217790603638), (-0.14900000393390656, 0.09986641258001328, 0.5005006194114685), (-0.1494993418455124, 0.09986641258001328, 0.5009999871253967), (-0.14947821199893951, 0.09973663836717606, 0.5005217790603638), (-0.14900000393390656, 0.0989999994635582, 0.5299999713897705), (-0.14900000393390656, 0.10000000149011612, 0.5289999842643738), (-0.15000000596046448, 0.0989999994635582, 0.5289999842643738), (-0.14900000393390656, 0.09949935227632523, 0.5298663973808289), (-0.1494993418455124, 0.0990000069141388, 0.5298663973808289), (-0.14947821199893951, 0.09947822242975235, 0.5297366380691528), (-0.1494993418455124, 0.09986641258001328, 0.5289999842643738), (-0.14900000393390656, 0.09986641258001328, 0.529499351978302), (-0.14947821199893951, 0.09973663836717606, 0.5294781923294067), (-0.14986640214920044, 0.0990000069141388, 0.529499351978302), (-0.14986640214920044, 0.09949935227632523, 0.5289999842643738), (-0.14973664283752441, 0.09947822242975235, 0.5294781923294067), (-0.1210000067949295, -0.0989999994635582, 0.5), (-0.12000000476837158, -0.0989999994635582, 0.5009999871253967), (-0.1210000067949295, -0.10000000149011612, 0.5009999871253967), (-0.12050066143274307, -0.0990000069141388, 0.5001335740089417), (-0.1210000067949295, -0.09949935227632523, 0.5001335740089417), (-0.12052179872989655, -0.09947822242975235, 0.5002633333206177), (-0.12013360112905502, -0.09949935227632523, 0.5009999871253967), (-0.12013360112905502, -0.0990000069141388, 0.5005006194114685), (-0.12026337534189224, -0.09947822242975235, 0.5005217790603638), (-0.1210000067949295, -0.09986641258001328, 0.5005006194114685), (-0.12050066143274307, -0.09986641258001328, 0.5009999871253967), (-0.12052179872989655, -0.09973663836717606, 0.5005217790603638), (-0.1210000067949295, -0.0989999994635582, 0.5299999713897705), (-0.1210000067949295, -0.10000000149011612, 0.5289999842643738), (-0.12000000476837158, -0.0989999994635582, 0.5289999842643738), (-0.1210000067949295, -0.09949935227632523, 0.5298663973808289), (-0.12050066143274307, -0.0990000069141388, 0.5298663973808289), (-0.12052179872989655, -0.09947822242975235, 0.5297366380691528), (-0.12050066143274307, -0.09986641258001328, 0.5289999842643738), (-0.1210000067949295, -0.09986641258001328, 0.529499351978302), (-0.12052179872989655, -0.09973663836717606, 0.5294781923294067), (-0.12013360112905502, -0.0990000069141388, 0.529499351978302), (-0.12013360112905502, -0.09949935227632523, 0.5289999842643738), (-0.12026337534189224, -0.09947822242975235, 0.5294781923294067), (-0.1210000067949295, 0.0989999994635582, 0.5), (-0.1210000067949295, 0.10000000149011612, 0.5009999871253967), (-0.12000000476837158, 0.0989999994635582, 0.5009999871253967), (-0.1210000067949295, 0.09949935227632523, 0.5001335740089417), (-0.12050066143274307, 0.0990000069141388, 0.5001335740089417), (-0.12052179872989655, 0.09947822242975235, 0.5002633333206177), (-0.12050066143274307, 0.09986641258001328, 0.5009999871253967), (-0.1210000067949295, 0.09986641258001328, 0.5005006194114685), (-0.12052179872989655, 0.09973663836717606, 0.5005217790603638), (-0.12013360112905502, 0.0990000069141388, 0.5005006194114685), (-0.12013360112905502, 0.09949935227632523, 0.5009999871253967), (-0.12026337534189224, 0.09947822242975235, 0.5005217790603638), (-0.1210000067949295, 0.0989999994635582, 0.5299999713897705), (-0.12000000476837158, 0.0989999994635582, 0.5289999842643738), (-0.1210000067949295, 0.10000000149011612, 0.5289999842643738), (-0.12050066143274307, 0.0990000069141388, 0.5298663973808289), (-0.1210000067949295, 0.09949935227632523, 0.5298663973808289), (-0.12052179872989655, 0.09947822242975235, 0.5297366380691528), (-0.12013360112905502, 0.09949935227632523, 0.5289999842643738), (-0.12013360112905502, 0.0990000069141388, 0.529499351978302), (-0.12026337534189224, 0.09947822242975235, 0.5294781923294067), (-0.1210000067949295, 0.09986641258001328, 0.529499351978302), (-0.12050066143274307, 0.09986641258001328, 0.5289999842643738), (-0.12052179872989655, 0.09973663836717606, 0.5294781923294067)]
int[] faceVertexCounts = [4, 4, 4, 4, 4, 4, 4, 4, 4, 4, 4, 3, 4, 4, 4, 4, 4, 4, 3, 4, 4, 4, 4, 4, 4, 3, 4, 4, 4, 4, 4, 4, 3, 4, 4, 4, 4, 4, 4, 3, 4, 4, 4, 4, 4, 4, 3, 4, 4, 4, 4, 4, 4, 3, 4, 4, 4, 4, 4, 4, 3, 4, 4, 4, 4, 4, 4, 4, 4, 4, 4, 4, 4, 4, 4, 4, 4, 4, 4, 4, 4, 4, 4, 4, 4, 4, 4, 4, 4, 4, 4, 4, 4, 4, 4, 4, 4, 4]
int[] faceVertexIndices = [50, 61, 12, 1, 74, 85, 62, 49, 84, 36, 13, 60, 2, 14, 38, 25, 26, 37, 86, 73, 0, 3, 5, 4, 3, 7, 8, 5, 1, 6, 8, 7, 6, 10, 11, 8, 2, 9, 11, 10, 9, 4, 5, 11, 5, 8, 11, 12, 15, 17, 16, 15, 19, 20, 17, 13, 18, 20, 19, 18, 22, 23, 20, 14, 21, 23, 22, 21, 16, 17, 23, 17, 20, 23, 24, 27, 29, 28, 27, 31, 32, 29, 25, 30, 32, 31, 30, 34, 35, 32, 26, 33, 35, 34, 33, 28, 29, 35, 29, 32, 35, 36, 39, 41, 40, 39, 43, 44, 41, 37, 42, 44, 43, 42, 46, 47, 44, 38, 45, 47, 46, 45, 40, 41, 47, 41, 44, 47, 48, 51, 53, 52, 51, 55, 56, 53, 49, 54, 56, 55, 54, 58, 59, 56, 50, 57, 59, 58, 57, 52, 53, 59, 53, 56, 59, 60, 63, 65, 64, 63, 67, 68, 65, 61, 66, 68, 67, 66, 70, 71, 68, 62, 69, 71, 70, 69, 64, 65, 71, 65, 68, 71, 72, 75, 77, 76, 75, 79, 80, 77, 73, 78, 80, 79, 78, 82, 83, 80, 74, 81, 83, 82, 81, 76, 77, 83, 77, 80, 83, 84, 87, 89, 88, 87, 91, 92, 89, 85, 90, 92, 91, 90, 94, 95, 92, 86, 93, 95, 94, 93, 88, 89, 95, 89, 92, 95, 24, 0, 4, 27, 27, 4, 9, 31, 31, 9, 2, 25, 1, 12, 16, 6, 6, 16, 21, 10, 10, 21, 14, 2, 13, 36, 40, 18, 18, 40, 45, 22, 22, 45, 38, 14, 37, 26, 34, 42, 42, 34, 30, 46, 46, 30, 25, 38, 72, 24, 28, 75, 75, 28, 33, 79, 79, 33, 26, 73, 36, 84, 88, 39, 39, 88, 93, 43, 43, 93, 86, 37, 85, 74, 82, 90, 90, 82, 78, 94, 94, 78, 73, 86, 48, 72, 76, 51, 51, 76, 81, 55, 55, 81, 74, 49, 84, 60, 64, 87, 87, 64, 69, 91, 91, 69, 62, 85, 61, 50, 58, 66, 66, 58, 54, 70, 70, 54, 49, 62, 0, 48, 52, 3, 3, 52, 57, 7, 7, 57, 50, 1, 60, 13, 19, 63, 63, 19, 15, 67, 67, 15, 12, 61, 24, 72, 48, 0]
uniform token subdivisionScheme = "none"
rel material:binding = </Component/Looks/Anodized_aluminum>
}
def Mesh "Side_rail_003" (prepend apiSchemas = ["MaterialBindingAPI"]) {
point3f[] points = [(0.1210000067949295, -0.0989999994635582, 0.5), (0.1210000067949295, -0.10000000149011612, 0.5009999871253967), (0.12000000476837158, -0.0989999994635582, 0.5009999871253967), (0.1210000067949295, -0.09949935227632523, 0.5001335740089417), (0.12050066143274307, -0.0990000069141388, 0.5001335740089417), (0.12052179872989655, -0.09947822242975235, 0.5002633333206177), (0.12050066143274307, -0.09986641258001328, 0.5009999871253967), (0.1210000067949295, -0.09986641258001328, 0.5005006194114685), (0.12052179872989655, -0.09973663836717606, 0.5005217790603638), (0.12013360112905502, -0.0990000069141388, 0.5005006194114685), (0.12013360112905502, -0.09949935227632523, 0.5009999871253967), (0.12026337534189224, -0.09947822242975235, 0.5005217790603638), (0.1210000067949295, -0.10000000149011612, 0.5289999842643738), (0.1210000067949295, -0.0989999994635582, 0.5299999713897705), (0.12000000476837158, -0.0989999994635582, 0.5289999842643738), (0.1210000067949295, -0.09986641258001328, 0.529499351978302), (0.12050066143274307, -0.09986641258001328, 0.5289999842643738), (0.12052179872989655, -0.09973663836717606, 0.5294781923294067), (0.12050066143274307, -0.0990000069141388, 0.5298663973808289), (0.1210000067949295, -0.09949935227632523, 0.5298663973808289), (0.12052179872989655, -0.09947822242975235, 0.5297366380691528), (0.12013360112905502, -0.09949935227632523, 0.5289999842643738), (0.12013360112905502, -0.0990000069141388, 0.529499351978302), (0.12026337534189224, -0.09947822242975235, 0.5294781923294067), (0.1210000067949295, 0.0989999994635582, 0.5), (0.12000000476837158, 0.0989999994635582, 0.5009999871253967), (0.1210000067949295, 0.10000000149011612, 0.5009999871253967), (0.12050066143274307, 0.0990000069141388, 0.5001335740089417), (0.1210000067949295, 0.09949935227632523, 0.5001335740089417), (0.12052179872989655, 0.09947822242975235, 0.5002633333206177), (0.12013360112905502, 0.09949935227632523, 0.5009999871253967), (0.12013360112905502, 0.0990000069141388, 0.5005006194114685), (0.12026337534189224, 0.09947822242975235, 0.5005217790603638), (0.1210000067949295, 0.09986641258001328, 0.5005006194114685), (0.12050066143274307, 0.09986641258001328, 0.5009999871253967), (0.12052179872989655, 0.09973663836717606, 0.5005217790603638), (0.1210000067949295, 0.0989999994635582, 0.5299999713897705), (0.1210000067949295, 0.10000000149011612, 0.5289999842643738), (0.12000000476837158, 0.0989999994635582, 0.5289999842643738), (0.1210000067949295, 0.09949935227632523, 0.5298663973808289), (0.12050066143274307, 0.0990000069141388, 0.5298663973808289), (0.12052179872989655, 0.09947822242975235, 0.5297366380691528), (0.12050066143274307, 0.09986641258001328, 0.5289999842643738), (0.1210000067949295, 0.09986641258001328, 0.529499351978302), (0.12052179872989655, 0.09973663836717606, 0.5294781923294067), (0.12013360112905502, 0.0990000069141388, 0.529499351978302), (0.12013360112905502, 0.09949935227632523, 0.5289999842643738), (0.12026337534189224, 0.09947822242975235, 0.5294781923294067), (0.14900000393390656, -0.0989999994635582, 0.5), (0.15000000596046448, -0.0989999994635582, 0.5009999871253967), (0.14900000393390656, -0.10000000149011612, 0.5009999871253967), (0.1494993418455124, -0.0990000069141388, 0.5001335740089417), (0.14900000393390656, -0.09949935227632523, 0.5001335740089417), (0.14947821199893951, -0.09947822242975235, 0.5002633333206177), (0.14986640214920044, -0.09949935227632523, 0.5009999871253967), (0.14986640214920044, -0.0990000069141388, 0.5005006194114685), (0.14973664283752441, -0.09947822242975235, 0.5005217790603638), (0.14900000393390656, -0.09986641258001328, 0.5005006194114685), (0.1494993418455124, -0.09986641258001328, 0.5009999871253967), (0.14947821199893951, -0.09973663836717606, 0.5005217790603638), (0.14900000393390656, -0.0989999994635582, 0.5299999713897705), (0.14900000393390656, -0.10000000149011612, 0.5289999842643738), (0.15000000596046448, -0.0989999994635582, 0.5289999842643738), (0.14900000393390656, -0.09949935227632523, 0.5298663973808289), (0.1494993418455124, -0.0990000069141388, 0.5298663973808289), (0.14947821199893951, -0.09947822242975235, 0.5297366380691528), (0.1494993418455124, -0.09986641258001328, 0.5289999842643738), (0.14900000393390656, -0.09986641258001328, 0.529499351978302), (0.14947821199893951, -0.09973663836717606, 0.5294781923294067), (0.14986640214920044, -0.0990000069141388, 0.529499351978302), (0.14986640214920044, -0.09949935227632523, 0.5289999842643738), (0.14973664283752441, -0.09947822242975235, 0.5294781923294067), (0.14900000393390656, 0.0989999994635582, 0.5), (0.14900000393390656, 0.10000000149011612, 0.5009999871253967), (0.15000000596046448, 0.0989999994635582, 0.5009999871253967), (0.14900000393390656, 0.09949935227632523, 0.5001335740089417), (0.1494993418455124, 0.0990000069141388, 0.5001335740089417), (0.14947821199893951, 0.09947822242975235, 0.5002633333206177), (0.1494993418455124, 0.09986641258001328, 0.5009999871253967), (0.14900000393390656, 0.09986641258001328, 0.5005006194114685), (0.14947821199893951, 0.09973663836717606, 0.5005217790603638), (0.14986640214920044, 0.0990000069141388, 0.5005006194114685), (0.14986640214920044, 0.09949935227632523, 0.5009999871253967), (0.14973664283752441, 0.09947822242975235, 0.5005217790603638), (0.14900000393390656, 0.0989999994635582, 0.5299999713897705), (0.15000000596046448, 0.0989999994635582, 0.5289999842643738), (0.14900000393390656, 0.10000000149011612, 0.5289999842643738), (0.1494993418455124, 0.0990000069141388, 0.5298663973808289), (0.14900000393390656, 0.09949935227632523, 0.5298663973808289), (0.14947821199893951, 0.09947822242975235, 0.5297366380691528), (0.14986640214920044, 0.09949935227632523, 0.5289999842643738), (0.14986640214920044, 0.0990000069141388, 0.529499351978302), (0.14973664283752441, 0.09947822242975235, 0.5294781923294067), (0.14900000393390656, 0.09986641258001328, 0.529499351978302), (0.1494993418455124, 0.09986641258001328, 0.5289999842643738), (0.14947821199893951, 0.09973663836717606, 0.5294781923294067)]
int[] faceVertexCounts = [4, 4, 4, 4, 4, 4, 4, 4, 4, 4, 4, 3, 4, 4, 4, 4, 4, 4, 3, 4, 4, 4, 4, 4, 4, 3, 4, 4, 4, 4, 4, 4, 3, 4, 4, 4, 4, 4, 4, 3, 4, 4, 4, 4, 4, 4, 3, 4, 4, 4, 4, 4, 4, 3, 4, 4, 4, 4, 4, 4, 3, 4, 4, 4, 4, 4, 4, 4, 4, 4, 4, 4, 4, 4, 4, 4, 4, 4, 4, 4, 4, 4, 4, 4, 4, 4, 4, 4, 4, 4, 4, 4, 4, 4, 4, 4, 4, 4]
int[] faceVertexIndices = [50, 61, 12, 1, 74, 85, 62, 49, 84, 36, 13, 60, 2, 14, 38, 25, 26, 37, 86, 73, 0, 3, 5, 4, 3, 7, 8, 5, 1, 6, 8, 7, 6, 10, 11, 8, 2, 9, 11, 10, 9, 4, 5, 11, 5, 8, 11, 12, 15, 17, 16, 15, 19, 20, 17, 13, 18, 20, 19, 18, 22, 23, 20, 14, 21, 23, 22, 21, 16, 17, 23, 17, 20, 23, 24, 27, 29, 28, 27, 31, 32, 29, 25, 30, 32, 31, 30, 34, 35, 32, 26, 33, 35, 34, 33, 28, 29, 35, 29, 32, 35, 36, 39, 41, 40, 39, 43, 44, 41, 37, 42, 44, 43, 42, 46, 47, 44, 38, 45, 47, 46, 45, 40, 41, 47, 41, 44, 47, 48, 51, 53, 52, 51, 55, 56, 53, 49, 54, 56, 55, 54, 58, 59, 56, 50, 57, 59, 58, 57, 52, 53, 59, 53, 56, 59, 60, 63, 65, 64, 63, 67, 68, 65, 61, 66, 68, 67, 66, 70, 71, 68, 62, 69, 71, 70, 69, 64, 65, 71, 65, 68, 71, 72, 75, 77, 76, 75, 79, 80, 77, 73, 78, 80, 79, 78, 82, 83, 80, 74, 81, 83, 82, 81, 76, 77, 83, 77, 80, 83, 84, 87, 89, 88, 87, 91, 92, 89, 85, 90, 92, 91, 90, 94, 95, 92, 86, 93, 95, 94, 93, 88, 89, 95, 89, 92, 95, 24, 0, 4, 27, 27, 4, 9, 31, 31, 9, 2, 25, 1, 12, 16, 6, 6, 16, 21, 10, 10, 21, 14, 2, 13, 36, 40, 18, 18, 40, 45, 22, 22, 45, 38, 14, 37, 26, 34, 42, 42, 34, 30, 46, 46, 30, 25, 38, 72, 24, 28, 75, 75, 28, 33, 79, 79, 33, 26, 73, 36, 84, 88, 39, 39, 88, 93, 43, 43, 93, 86, 37, 85, 74, 82, 90, 90, 82, 78, 94, 94, 78, 73, 86, 48, 72, 76, 51, 51, 76, 81, 55, 55, 81, 74, 49, 84, 60, 64, 87, 87, 64, 69, 91, 91, 69, 62, 85, 61, 50, 58, 66, 66, 58, 54, 70, 70, 54, 49, 62, 0, 48, 52, 3, 3, 52, 57, 7, 7, 57, 50, 1, 60, 13, 19, 63, 63, 19, 15, 67, 67, 15, 12, 61, 24, 72, 48, 0]
uniform token subdivisionScheme = "none"
rel material:binding = </Component/Looks/Anodized_aluminum>
}
def Mesh "Arm_mount_bolt_001" (prepend apiSchemas = ["MaterialBindingAPI"]) {
point3f[] points = [(-0.03200000151991844, -0.02800000086426735, 0.550000011920929), (-0.03200000151991844, -0.02800000086426735, 0.5539999604225159), (-0.031477898359298706, -0.02803422138094902, 0.550000011920929), (-0.031477898359298706, -0.02803422138094902, 0.5539999604225159), (-0.030964724719524384, -0.028136298060417175, 0.550000011920929), (-0.030964724719524384, -0.028136298060417175, 0.5539999604225159), (-0.030469268560409546, -0.028304483741521835, 0.550000011920929), (-0.030469268560409546, -0.028304483741521835, 0.5539999604225159), (-0.030000001192092896, -0.02853589877486229, 0.550000011920929), (-0.030000001192092896, -0.02853589877486229, 0.5539999604225159), (-0.029564956203103065, -0.02882658876478672, 0.550000011920929), (-0.029564956203103065, -0.02882658876478672, 0.5539999604225159), (-0.029171574860811234, -0.029171574860811234, 0.550000011920929), (-0.029171574860811234, -0.029171574860811234, 0.5539999604225159), (-0.02882658876478672, -0.029564956203103065, 0.550000011920929), (-0.02882658876478672, -0.029564956203103065, 0.5539999604225159), (-0.02853589877486229, -0.030000001192092896, 0.550000011920929), (-0.02853589877486229, -0.030000001192092896, 0.5539999604225159), (-0.028304483741521835, -0.030469268560409546, 0.550000011920929), (-0.028304483741521835, -0.030469268560409546, 0.5539999604225159), (-0.028136298060417175, -0.030964724719524384, 0.550000011920929), (-0.028136298060417175, -0.030964724719524384, 0.5539999604225159), (-0.02803422138094902, -0.031477898359298706, 0.550000011920929), (-0.02803422138094902, -0.031477898359298706, 0.5539999604225159), (-0.02800000086426735, -0.03200000151991844, 0.550000011920929), (-0.02800000086426735, -0.03200000151991844, 0.5539999604225159), (-0.02803422138094902, -0.03252210468053818, 0.550000011920929), (-0.02803422138094902, -0.03252210468053818, 0.5539999604225159), (-0.028136298060417175, -0.0330352783203125, 0.550000011920929), (-0.028136298060417175, -0.0330352783203125, 0.5539999604225159), (-0.028304483741521835, -0.03353073447942734, 0.550000011920929), (-0.028304483741521835, -0.03353073447942734, 0.5539999604225159), (-0.02853589877486229, -0.03400000184774399, 0.550000011920929), (-0.02853589877486229, -0.03400000184774399, 0.5539999604225159), (-0.02882658876478672, -0.03443504869937897, 0.550000011920929), (-0.02882658876478672, -0.03443504869937897, 0.5539999604225159), (-0.029171574860811234, -0.03482842817902565, 0.550000011920929), (-0.029171574860811234, -0.03482842817902565, 0.5539999604225159), (-0.029564956203103065, -0.03517341613769531, 0.550000011920929), (-0.029564956203103065, -0.03517341613769531, 0.5539999604225159), (-0.030000001192092896, -0.035464104264974594, 0.550000011920929), (-0.030000001192092896, -0.035464104264974594, 0.5539999604225159), (-0.030469268560409546, -0.03569551929831505, 0.550000011920929), (-0.030469268560409546, -0.03569551929831505, 0.5539999604225159), (-0.030964724719524384, -0.03586370497941971, 0.550000011920929), (-0.030964724719524384, -0.03586370497941971, 0.5539999604225159), (-0.031477898359298706, -0.03596578165888786, 0.550000011920929), (-0.031477898359298706, -0.03596578165888786, 0.5539999604225159), (-0.03200000151991844, -0.036000002175569534, 0.550000011920929), (-0.03200000151991844, -0.036000002175569534, 0.5539999604225159), (-0.03252210468053818, -0.03596578165888786, 0.550000011920929), (-0.03252210468053818, -0.03596578165888786, 0.5539999604225159), (-0.0330352783203125, -0.03586370497941971, 0.550000011920929), (-0.0330352783203125, -0.03586370497941971, 0.5539999604225159), (-0.03353073447942734, -0.03569551929831505, 0.550000011920929), (-0.03353073447942734, -0.03569551929831505, 0.5539999604225159), (-0.03400000184774399, -0.035464104264974594, 0.550000011920929), (-0.03400000184774399, -0.035464104264974594, 0.5539999604225159), (-0.03443504869937897, -0.03517341613769531, 0.550000011920929), (-0.03443504869937897, -0.03517341613769531, 0.5539999604225159), (-0.03482842817902565, -0.03482842817902565, 0.550000011920929), (-0.03482842817902565, -0.03482842817902565, 0.5539999604225159), (-0.03517341613769531, -0.03443504869937897, 0.550000011920929), (-0.03517341613769531, -0.03443504869937897, 0.5539999604225159), (-0.035464104264974594, -0.03400000184774399, 0.550000011920929), (-0.035464104264974594, -0.03400000184774399, 0.5539999604225159), (-0.03569551929831505, -0.03353073447942734, 0.550000011920929), (-0.03569551929831505, -0.03353073447942734, 0.5539999604225159), (-0.03586370497941971, -0.0330352783203125, 0.550000011920929), (-0.03586370497941971, -0.0330352783203125, 0.5539999604225159), (-0.03596578165888786, -0.03252210468053818, 0.550000011920929), (-0.03596578165888786, -0.03252210468053818, 0.5539999604225159), (-0.036000002175569534, -0.03200000151991844, 0.550000011920929), (-0.036000002175569534, -0.03200000151991844, 0.5539999604225159), (-0.03596578165888786, -0.031477898359298706, 0.550000011920929), (-0.03596578165888786, -0.031477898359298706, 0.5539999604225159), (-0.03586370497941971, -0.030964724719524384, 0.550000011920929), (-0.03586370497941971, -0.030964724719524384, 0.5539999604225159), (-0.03569551929831505, -0.030469268560409546, 0.550000011920929), (-0.03569551929831505, -0.030469268560409546, 0.5539999604225159), (-0.035464104264974594, -0.030000001192092896, 0.550000011920929), (-0.035464104264974594, -0.030000001192092896, 0.5539999604225159), (-0.03517341613769531, -0.029564956203103065, 0.550000011920929), (-0.03517341613769531, -0.029564956203103065, 0.5539999604225159), (-0.03482842817902565, -0.029171574860811234, 0.550000011920929), (-0.03482842817902565, -0.029171574860811234, 0.5539999604225159), (-0.03443504869937897, -0.02882658876478672, 0.550000011920929), (-0.03443504869937897, -0.02882658876478672, 0.5539999604225159), (-0.03400000184774399, -0.02853589877486229, 0.550000011920929), (-0.03400000184774399, -0.02853589877486229, 0.5539999604225159), (-0.03353073447942734, -0.028304483741521835, 0.550000011920929), (-0.03353073447942734, -0.028304483741521835, 0.5539999604225159), (-0.0330352783203125, -0.028136298060417175, 0.550000011920929), (-0.0330352783203125, -0.028136298060417175, 0.5539999604225159), (-0.03252210468053818, -0.02803422138094902, 0.550000011920929), (-0.03252210468053818, -0.02803422138094902, 0.5539999604225159)]
int[] faceVertexCounts = [4, 4, 4, 4, 4, 4, 4, 4, 4, 4, 4, 4, 4, 4, 4, 4, 4, 4, 4, 4, 4, 4, 4, 4, 4, 4, 4, 4, 4, 4, 4, 4, 4, 4, 4, 4, 4, 4, 4, 4, 4, 4, 4, 4, 4, 4, 48, 4, 4, 48]
int[] faceVertexIndices = [0, 1, 3, 2, 2, 3, 5, 4, 4, 5, 7, 6, 6, 7, 9, 8, 8, 9, 11, 10, 10, 11, 13, 12, 12, 13, 15, 14, 14, 15, 17, 16, 16, 17, 19, 18, 18, 19, 21, 20, 20, 21, 23, 22, 22, 23, 25, 24, 24, 25, 27, 26, 26, 27, 29, 28, 28, 29, 31, 30, 30, 31, 33, 32, 32, 33, 35, 34, 34, 35, 37, 36, 36, 37, 39, 38, 38, 39, 41, 40, 40, 41, 43, 42, 42, 43, 45, 44, 44, 45, 47, 46, 46, 47, 49, 48, 48, 49, 51, 50, 50, 51, 53, 52, 52, 53, 55, 54, 54, 55, 57, 56, 56, 57, 59, 58, 58, 59, 61, 60, 60, 61, 63, 62, 62, 63, 65, 64, 64, 65, 67, 66, 66, 67, 69, 68, 68, 69, 71, 70, 70, 71, 73, 72, 72, 73, 75, 74, 74, 75, 77, 76, 76, 77, 79, 78, 78, 79, 81, 80, 80, 81, 83, 82, 82, 83, 85, 84, 84, 85, 87, 86, 86, 87, 89, 88, 88, 89, 91, 90, 90, 91, 93, 92, 3, 1, 95, 93, 91, 89, 87, 85, 83, 81, 79, 77, 75, 73, 71, 69, 67, 65, 63, 61, 59, 57, 55, 53, 51, 49, 47, 45, 43, 41, 39, 37, 35, 33, 31, 29, 27, 25, 23, 21, 19, 17, 15, 13, 11, 9, 7, 5, 92, 93, 95, 94, 94, 95, 1, 0, 0, 2, 4, 6, 8, 10, 12, 14, 16, 18, 20, 22, 24, 26, 28, 30, 32, 34, 36, 38, 40, 42, 44, 46, 48, 50, 52, 54, 56, 58, 60, 62, 64, 66, 68, 70, 72, 74, 76, 78, 80, 82, 84, 86, 88, 90, 92, 94]
uniform token subdivisionScheme = "none"
rel material:binding = </Component/Looks/Slot_and_fastener>
}
def Mesh "Arm_mount_bolt_002" (prepend apiSchemas = ["MaterialBindingAPI"]) {
point3f[] points = [(-0.03200000151991844, 0.036000002175569534, 0.550000011920929), (-0.03200000151991844, 0.036000002175569534, 0.5539999604225159), (-0.031477898359298706, 0.03596578165888786, 0.550000011920929), (-0.031477898359298706, 0.03596578165888786, 0.5539999604225159), (-0.030964724719524384, 0.03586370497941971, 0.550000011920929), (-0.030964724719524384, 0.03586370497941971, 0.5539999604225159), (-0.030469268560409546, 0.03569551929831505, 0.550000011920929), (-0.030469268560409546, 0.03569551929831505, 0.5539999604225159), (-0.030000001192092896, 0.035464104264974594, 0.550000011920929), (-0.030000001192092896, 0.035464104264974594, 0.5539999604225159), (-0.029564956203103065, 0.03517341613769531, 0.550000011920929), (-0.029564956203103065, 0.03517341613769531, 0.5539999604225159), (-0.029171574860811234, 0.03482842817902565, 0.550000011920929), (-0.029171574860811234, 0.03482842817902565, 0.5539999604225159), (-0.02882658876478672, 0.03443504869937897, 0.550000011920929), (-0.02882658876478672, 0.03443504869937897, 0.5539999604225159), (-0.02853589877486229, 0.03400000184774399, 0.550000011920929), (-0.02853589877486229, 0.03400000184774399, 0.5539999604225159), (-0.028304483741521835, 0.03353073447942734, 0.550000011920929), (-0.028304483741521835, 0.03353073447942734, 0.5539999604225159), (-0.028136298060417175, 0.0330352783203125, 0.550000011920929), (-0.028136298060417175, 0.0330352783203125, 0.5539999604225159), (-0.02803422138094902, 0.03252210468053818, 0.550000011920929), (-0.02803422138094902, 0.03252210468053818, 0.5539999604225159), (-0.02800000086426735, 0.03200000151991844, 0.550000011920929), (-0.02800000086426735, 0.03200000151991844, 0.5539999604225159), (-0.02803422138094902, 0.031477898359298706, 0.550000011920929), (-0.02803422138094902, 0.031477898359298706, 0.5539999604225159), (-0.028136298060417175, 0.030964724719524384, 0.550000011920929), (-0.028136298060417175, 0.030964724719524384, 0.5539999604225159), (-0.028304483741521835, 0.030469268560409546, 0.550000011920929), (-0.028304483741521835, 0.030469268560409546, 0.5539999604225159), (-0.02853589877486229, 0.030000001192092896, 0.550000011920929), (-0.02853589877486229, 0.030000001192092896, 0.5539999604225159), (-0.02882658876478672, 0.029564956203103065, 0.550000011920929), (-0.02882658876478672, 0.029564956203103065, 0.5539999604225159), (-0.029171574860811234, 0.029171574860811234, 0.550000011920929), (-0.029171574860811234, 0.029171574860811234, 0.5539999604225159), (-0.029564956203103065, 0.02882658876478672, 0.550000011920929), (-0.029564956203103065, 0.02882658876478672, 0.5539999604225159), (-0.030000001192092896, 0.02853589877486229, 0.550000011920929), (-0.030000001192092896, 0.02853589877486229, 0.5539999604225159), (-0.030469268560409546, 0.028304483741521835, 0.550000011920929), (-0.030469268560409546, 0.028304483741521835, 0.5539999604225159), (-0.030964724719524384, 0.028136298060417175, 0.550000011920929), (-0.030964724719524384, 0.028136298060417175, 0.5539999604225159), (-0.031477898359298706, 0.02803422138094902, 0.550000011920929), (-0.031477898359298706, 0.02803422138094902, 0.5539999604225159), (-0.03200000151991844, 0.02800000086426735, 0.550000011920929), (-0.03200000151991844, 0.02800000086426735, 0.5539999604225159), (-0.03252210468053818, 0.02803422138094902, 0.550000011920929), (-0.03252210468053818, 0.02803422138094902, 0.5539999604225159), (-0.0330352783203125, 0.028136298060417175, 0.550000011920929), (-0.0330352783203125, 0.028136298060417175, 0.5539999604225159), (-0.03353073447942734, 0.028304483741521835, 0.550000011920929), (-0.03353073447942734, 0.028304483741521835, 0.5539999604225159), (-0.03400000184774399, 0.02853589877486229, 0.550000011920929), (-0.03400000184774399, 0.02853589877486229, 0.5539999604225159), (-0.03443504869937897, 0.02882658876478672, 0.550000011920929), (-0.03443504869937897, 0.02882658876478672, 0.5539999604225159), (-0.03482842817902565, 0.029171574860811234, 0.550000011920929), (-0.03482842817902565, 0.029171574860811234, 0.5539999604225159), (-0.03517341613769531, 0.029564956203103065, 0.550000011920929), (-0.03517341613769531, 0.029564956203103065, 0.5539999604225159), (-0.035464104264974594, 0.030000001192092896, 0.550000011920929), (-0.035464104264974594, 0.030000001192092896, 0.5539999604225159), (-0.03569551929831505, 0.030469268560409546, 0.550000011920929), (-0.03569551929831505, 0.030469268560409546, 0.5539999604225159), (-0.03586370497941971, 0.030964724719524384, 0.550000011920929), (-0.03586370497941971, 0.030964724719524384, 0.5539999604225159), (-0.03596578165888786, 0.031477898359298706, 0.550000011920929), (-0.03596578165888786, 0.031477898359298706, 0.5539999604225159), (-0.036000002175569534, 0.03200000151991844, 0.550000011920929), (-0.036000002175569534, 0.03200000151991844, 0.5539999604225159), (-0.03596578165888786, 0.03252210468053818, 0.550000011920929), (-0.03596578165888786, 0.03252210468053818, 0.5539999604225159), (-0.03586370497941971, 0.0330352783203125, 0.550000011920929), (-0.03586370497941971, 0.0330352783203125, 0.5539999604225159), (-0.03569551929831505, 0.03353073447942734, 0.550000011920929), (-0.03569551929831505, 0.03353073447942734, 0.5539999604225159), (-0.035464104264974594, 0.03400000184774399, 0.550000011920929), (-0.035464104264974594, 0.03400000184774399, 0.5539999604225159), (-0.03517341613769531, 0.03443504869937897, 0.550000011920929), (-0.03517341613769531, 0.03443504869937897, 0.5539999604225159), (-0.03482842817902565, 0.03482842817902565, 0.550000011920929), (-0.03482842817902565, 0.03482842817902565, 0.5539999604225159), (-0.03443504869937897, 0.03517341613769531, 0.550000011920929), (-0.03443504869937897, 0.03517341613769531, 0.5539999604225159), (-0.03400000184774399, 0.035464104264974594, 0.550000011920929), (-0.03400000184774399, 0.035464104264974594, 0.5539999604225159), (-0.03353073447942734, 0.03569551929831505, 0.550000011920929), (-0.03353073447942734, 0.03569551929831505, 0.5539999604225159), (-0.0330352783203125, 0.03586370497941971, 0.550000011920929), (-0.0330352783203125, 0.03586370497941971, 0.5539999604225159), (-0.03252210468053818, 0.03596578165888786, 0.550000011920929), (-0.03252210468053818, 0.03596578165888786, 0.5539999604225159)]
int[] faceVertexCounts = [4, 4, 4, 4, 4, 4, 4, 4, 4, 4, 4, 4, 4, 4, 4, 4, 4, 4, 4, 4, 4, 4, 4, 4, 4, 4, 4, 4, 4, 4, 4, 4, 4, 4, 4, 4, 4, 4, 4, 4, 4, 4, 4, 4, 4, 4, 48, 4, 4, 48]
int[] faceVertexIndices = [0, 1, 3, 2, 2, 3, 5, 4, 4, 5, 7, 6, 6, 7, 9, 8, 8, 9, 11, 10, 10, 11, 13, 12, 12, 13, 15, 14, 14, 15, 17, 16, 16, 17, 19, 18, 18, 19, 21, 20, 20, 21, 23, 22, 22, 23, 25, 24, 24, 25, 27, 26, 26, 27, 29, 28, 28, 29, 31, 30, 30, 31, 33, 32, 32, 33, 35, 34, 34, 35, 37, 36, 36, 37, 39, 38, 38, 39, 41, 40, 40, 41, 43, 42, 42, 43, 45, 44, 44, 45, 47, 46, 46, 47, 49, 48, 48, 49, 51, 50, 50, 51, 53, 52, 52, 53, 55, 54, 54, 55, 57, 56, 56, 57, 59, 58, 58, 59, 61, 60, 60, 61, 63, 62, 62, 63, 65, 64, 64, 65, 67, 66, 66, 67, 69, 68, 68, 69, 71, 70, 70, 71, 73, 72, 72, 73, 75, 74, 74, 75, 77, 76, 76, 77, 79, 78, 78, 79, 81, 80, 80, 81, 83, 82, 82, 83, 85, 84, 84, 85, 87, 86, 86, 87, 89, 88, 88, 89, 91, 90, 90, 91, 93, 92, 3, 1, 95, 93, 91, 89, 87, 85, 83, 81, 79, 77, 75, 73, 71, 69, 67, 65, 63, 61, 59, 57, 55, 53, 51, 49, 47, 45, 43, 41, 39, 37, 35, 33, 31, 29, 27, 25, 23, 21, 19, 17, 15, 13, 11, 9, 7, 5, 92, 93, 95, 94, 94, 95, 1, 0, 0, 2, 4, 6, 8, 10, 12, 14, 16, 18, 20, 22, 24, 26, 28, 30, 32, 34, 36, 38, 40, 42, 44, 46, 48, 50, 52, 54, 56, 58, 60, 62, 64, 66, 68, 70, 72, 74, 76, 78, 80, 82, 84, 86, 88, 90, 92, 94]
uniform token subdivisionScheme = "none"
rel material:binding = </Component/Looks/Slot_and_fastener>
}
def Mesh "Arm_mount_bolt_003" (prepend apiSchemas = ["MaterialBindingAPI"]) {
point3f[] points = [(0.03200000151991844, -0.02800000086426735, 0.550000011920929), (0.03200000151991844, -0.02800000086426735, 0.5539999604225159), (0.03252210468053818, -0.02803422138094902, 0.550000011920929), (0.03252210468053818, -0.02803422138094902, 0.5539999604225159), (0.0330352783203125, -0.028136298060417175, 0.550000011920929), (0.0330352783203125, -0.028136298060417175, 0.5539999604225159), (0.03353073447942734, -0.028304483741521835, 0.550000011920929), (0.03353073447942734, -0.028304483741521835, 0.5539999604225159), (0.03400000184774399, -0.02853589877486229, 0.550000011920929), (0.03400000184774399, -0.02853589877486229, 0.5539999604225159), (0.03443504869937897, -0.02882658876478672, 0.550000011920929), (0.03443504869937897, -0.02882658876478672, 0.5539999604225159), (0.03482842817902565, -0.029171574860811234, 0.550000011920929), (0.03482842817902565, -0.029171574860811234, 0.5539999604225159), (0.03517341613769531, -0.029564956203103065, 0.550000011920929), (0.03517341613769531, -0.029564956203103065, 0.5539999604225159), (0.035464104264974594, -0.030000001192092896, 0.550000011920929), (0.035464104264974594, -0.030000001192092896, 0.5539999604225159), (0.03569551929831505, -0.030469268560409546, 0.550000011920929), (0.03569551929831505, -0.030469268560409546, 0.5539999604225159), (0.03586370497941971, -0.030964724719524384, 0.550000011920929), (0.03586370497941971, -0.030964724719524384, 0.5539999604225159), (0.03596578165888786, -0.031477898359298706, 0.550000011920929), (0.03596578165888786, -0.031477898359298706, 0.5539999604225159), (0.036000002175569534, -0.03200000151991844, 0.550000011920929), (0.036000002175569534, -0.03200000151991844, 0.5539999604225159), (0.03596578165888786, -0.03252210468053818, 0.550000011920929), (0.03596578165888786, -0.03252210468053818, 0.5539999604225159), (0.03586370497941971, -0.0330352783203125, 0.550000011920929), (0.03586370497941971, -0.0330352783203125, 0.5539999604225159), (0.03569551929831505, -0.03353073447942734, 0.550000011920929), (0.03569551929831505, -0.03353073447942734, 0.5539999604225159), (0.035464104264974594, -0.03400000184774399, 0.550000011920929), (0.035464104264974594, -0.03400000184774399, 0.5539999604225159), (0.03517341613769531, -0.03443504869937897, 0.550000011920929), (0.03517341613769531, -0.03443504869937897, 0.5539999604225159), (0.03482842817902565, -0.03482842817902565, 0.550000011920929), (0.03482842817902565, -0.03482842817902565, 0.5539999604225159), (0.03443504869937897, -0.03517341613769531, 0.550000011920929), (0.03443504869937897, -0.03517341613769531, 0.5539999604225159), (0.03400000184774399, -0.035464104264974594, 0.550000011920929), (0.03400000184774399, -0.035464104264974594, 0.5539999604225159), (0.03353073447942734, -0.03569551929831505, 0.550000011920929), (0.03353073447942734, -0.03569551929831505, 0.5539999604225159), (0.0330352783203125, -0.03586370497941971, 0.550000011920929), (0.0330352783203125, -0.03586370497941971, 0.5539999604225159), (0.03252210468053818, -0.03596578165888786, 0.550000011920929), (0.03252210468053818, -0.03596578165888786, 0.5539999604225159), (0.03200000151991844, -0.036000002175569534, 0.550000011920929), (0.03200000151991844, -0.036000002175569534, 0.5539999604225159), (0.031477898359298706, -0.03596578165888786, 0.550000011920929), (0.031477898359298706, -0.03596578165888786, 0.5539999604225159), (0.030964724719524384, -0.03586370497941971, 0.550000011920929), (0.030964724719524384, -0.03586370497941971, 0.5539999604225159), (0.030469268560409546, -0.03569551929831505, 0.550000011920929), (0.030469268560409546, -0.03569551929831505, 0.5539999604225159), (0.030000001192092896, -0.035464104264974594, 0.550000011920929), (0.030000001192092896, -0.035464104264974594, 0.5539999604225159), (0.029564956203103065, -0.03517341613769531, 0.550000011920929), (0.029564956203103065, -0.03517341613769531, 0.5539999604225159), (0.029171574860811234, -0.03482842817902565, 0.550000011920929), (0.029171574860811234, -0.03482842817902565, 0.5539999604225159), (0.02882658876478672, -0.03443504869937897, 0.550000011920929), (0.02882658876478672, -0.03443504869937897, 0.5539999604225159), (0.02853589877486229, -0.03400000184774399, 0.550000011920929), (0.02853589877486229, -0.03400000184774399, 0.5539999604225159), (0.028304483741521835, -0.03353073447942734, 0.550000011920929), (0.028304483741521835, -0.03353073447942734, 0.5539999604225159), (0.028136298060417175, -0.0330352783203125, 0.550000011920929), (0.028136298060417175, -0.0330352783203125, 0.5539999604225159), (0.02803422138094902, -0.03252210468053818, 0.550000011920929), (0.02803422138094902, -0.03252210468053818, 0.5539999604225159), (0.02800000086426735, -0.03200000151991844, 0.550000011920929), (0.02800000086426735, -0.03200000151991844, 0.5539999604225159), (0.02803422138094902, -0.031477898359298706, 0.550000011920929), (0.02803422138094902, -0.031477898359298706, 0.5539999604225159), (0.028136298060417175, -0.030964724719524384, 0.550000011920929), (0.028136298060417175, -0.030964724719524384, 0.5539999604225159), (0.028304483741521835, -0.030469268560409546, 0.550000011920929), (0.028304483741521835, -0.030469268560409546, 0.5539999604225159), (0.02853589877486229, -0.030000001192092896, 0.550000011920929), (0.02853589877486229, -0.030000001192092896, 0.5539999604225159), (0.02882658876478672, -0.029564956203103065, 0.550000011920929), (0.02882658876478672, -0.029564956203103065, 0.5539999604225159), (0.029171574860811234, -0.029171574860811234, 0.550000011920929), (0.029171574860811234, -0.029171574860811234, 0.5539999604225159), (0.029564956203103065, -0.02882658876478672, 0.550000011920929), (0.029564956203103065, -0.02882658876478672, 0.5539999604225159), (0.030000001192092896, -0.02853589877486229, 0.550000011920929), (0.030000001192092896, -0.02853589877486229, 0.5539999604225159), (0.030469268560409546, -0.028304483741521835, 0.550000011920929), (0.030469268560409546, -0.028304483741521835, 0.5539999604225159), (0.030964724719524384, -0.028136298060417175, 0.550000011920929), (0.030964724719524384, -0.028136298060417175, 0.5539999604225159), (0.031477898359298706, -0.02803422138094902, 0.550000011920929), (0.031477898359298706, -0.02803422138094902, 0.5539999604225159)]
int[] faceVertexCounts = [4, 4, 4, 4, 4, 4, 4, 4, 4, 4, 4, 4, 4, 4, 4, 4, 4, 4, 4, 4, 4, 4, 4, 4, 4, 4, 4, 4, 4, 4, 4, 4, 4, 4, 4, 4, 4, 4, 4, 4, 4, 4, 4, 4, 4, 4, 48, 4, 4, 48]
int[] faceVertexIndices = [0, 1, 3, 2, 2, 3, 5, 4, 4, 5, 7, 6, 6, 7, 9, 8, 8, 9, 11, 10, 10, 11, 13, 12, 12, 13, 15, 14, 14, 15, 17, 16, 16, 17, 19, 18, 18, 19, 21, 20, 20, 21, 23, 22, 22, 23, 25, 24, 24, 25, 27, 26, 26, 27, 29, 28, 28, 29, 31, 30, 30, 31, 33, 32, 32, 33, 35, 34, 34, 35, 37, 36, 36, 37, 39, 38, 38, 39, 41, 40, 40, 41, 43, 42, 42, 43, 45, 44, 44, 45, 47, 46, 46, 47, 49, 48, 48, 49, 51, 50, 50, 51, 53, 52, 52, 53, 55, 54, 54, 55, 57, 56, 56, 57, 59, 58, 58, 59, 61, 60, 60, 61, 63, 62, 62, 63, 65, 64, 64, 65, 67, 66, 66, 67, 69, 68, 68, 69, 71, 70, 70, 71, 73, 72, 72, 73, 75, 74, 74, 75, 77, 76, 76, 77, 79, 78, 78, 79, 81, 80, 80, 81, 83, 82, 82, 83, 85, 84, 84, 85, 87, 86, 86, 87, 89, 88, 88, 89, 91, 90, 90, 91, 93, 92, 3, 1, 95, 93, 91, 89, 87, 85, 83, 81, 79, 77, 75, 73, 71, 69, 67, 65, 63, 61, 59, 57, 55, 53, 51, 49, 47, 45, 43, 41, 39, 37, 35, 33, 31, 29, 27, 25, 23, 21, 19, 17, 15, 13, 11, 9, 7, 5, 92, 93, 95, 94, 94, 95, 1, 0, 0, 2, 4, 6, 8, 10, 12, 14, 16, 18, 20, 22, 24, 26, 28, 30, 32, 34, 36, 38, 40, 42, 44, 46, 48, 50, 52, 54, 56, 58, 60, 62, 64, 66, 68, 70, 72, 74, 76, 78, 80, 82, 84, 86, 88, 90, 92, 94]
uniform token subdivisionScheme = "none"
rel material:binding = </Component/Looks/Slot_and_fastener>
}
def Mesh "Arm_mount_bolt" (prepend apiSchemas = ["MaterialBindingAPI"]) {
point3f[] points = [(0.03200000151991844, 0.036000002175569534, 0.550000011920929), (0.03200000151991844, 0.036000002175569534, 0.5539999604225159), (0.03252210468053818, 0.03596578165888786, 0.550000011920929), (0.03252210468053818, 0.03596578165888786, 0.5539999604225159), (0.0330352783203125, 0.03586370497941971, 0.550000011920929), (0.0330352783203125, 0.03586370497941971, 0.5539999604225159), (0.03353073447942734, 0.03569551929831505, 0.550000011920929), (0.03353073447942734, 0.03569551929831505, 0.5539999604225159), (0.03400000184774399, 0.035464104264974594, 0.550000011920929), (0.03400000184774399, 0.035464104264974594, 0.5539999604225159), (0.03443504869937897, 0.03517341613769531, 0.550000011920929), (0.03443504869937897, 0.03517341613769531, 0.5539999604225159), (0.03482842817902565, 0.03482842817902565, 0.550000011920929), (0.03482842817902565, 0.03482842817902565, 0.5539999604225159), (0.03517341613769531, 0.03443504869937897, 0.550000011920929), (0.03517341613769531, 0.03443504869937897, 0.5539999604225159), (0.035464104264974594, 0.03400000184774399, 0.550000011920929), (0.035464104264974594, 0.03400000184774399, 0.5539999604225159), (0.03569551929831505, 0.03353073447942734, 0.550000011920929), (0.03569551929831505, 0.03353073447942734, 0.5539999604225159), (0.03586370497941971, 0.0330352783203125, 0.550000011920929), (0.03586370497941971, 0.0330352783203125, 0.5539999604225159), (0.03596578165888786, 0.03252210468053818, 0.550000011920929), (0.03596578165888786, 0.03252210468053818, 0.5539999604225159), (0.036000002175569534, 0.03200000151991844, 0.550000011920929), (0.036000002175569534, 0.03200000151991844, 0.5539999604225159), (0.03596578165888786, 0.031477898359298706, 0.550000011920929), (0.03596578165888786, 0.031477898359298706, 0.5539999604225159), (0.03586370497941971, 0.030964724719524384, 0.550000011920929), (0.03586370497941971, 0.030964724719524384, 0.5539999604225159), (0.03569551929831505, 0.030469268560409546, 0.550000011920929), (0.03569551929831505, 0.030469268560409546, 0.5539999604225159), (0.035464104264974594, 0.030000001192092896, 0.550000011920929), (0.035464104264974594, 0.030000001192092896, 0.5539999604225159), (0.03517341613769531, 0.029564956203103065, 0.550000011920929), (0.03517341613769531, 0.029564956203103065, 0.5539999604225159), (0.03482842817902565, 0.029171574860811234, 0.550000011920929), (0.03482842817902565, 0.029171574860811234, 0.5539999604225159), (0.03443504869937897, 0.02882658876478672, 0.550000011920929), (0.03443504869937897, 0.02882658876478672, 0.5539999604225159), (0.03400000184774399, 0.02853589877486229, 0.550000011920929), (0.03400000184774399, 0.02853589877486229, 0.5539999604225159), (0.03353073447942734, 0.028304483741521835, 0.550000011920929), (0.03353073447942734, 0.028304483741521835, 0.5539999604225159), (0.0330352783203125, 0.028136298060417175, 0.550000011920929), (0.0330352783203125, 0.028136298060417175, 0.5539999604225159), (0.03252210468053818, 0.02803422138094902, 0.550000011920929), (0.03252210468053818, 0.02803422138094902, 0.5539999604225159), (0.03200000151991844, 0.02800000086426735, 0.550000011920929), (0.03200000151991844, 0.02800000086426735, 0.5539999604225159), (0.031477898359298706, 0.02803422138094902, 0.550000011920929), (0.031477898359298706, 0.02803422138094902, 0.5539999604225159), (0.030964724719524384, 0.028136298060417175, 0.550000011920929), (0.030964724719524384, 0.028136298060417175, 0.5539999604225159), (0.030469268560409546, 0.028304483741521835, 0.550000011920929), (0.030469268560409546, 0.028304483741521835, 0.5539999604225159), (0.030000001192092896, 0.02853589877486229, 0.550000011920929), (0.030000001192092896, 0.02853589877486229, 0.5539999604225159), (0.029564956203103065, 0.02882658876478672, 0.550000011920929), (0.029564956203103065, 0.02882658876478672, 0.5539999604225159), (0.029171574860811234, 0.029171574860811234, 0.550000011920929), (0.029171574860811234, 0.029171574860811234, 0.5539999604225159), (0.02882658876478672, 0.029564956203103065, 0.550000011920929), (0.02882658876478672, 0.029564956203103065, 0.5539999604225159), (0.02853589877486229, 0.030000001192092896, 0.550000011920929), (0.02853589877486229, 0.030000001192092896, 0.5539999604225159), (0.028304483741521835, 0.030469268560409546, 0.550000011920929), (0.028304483741521835, 0.030469268560409546, 0.5539999604225159), (0.028136298060417175, 0.030964724719524384, 0.550000011920929), (0.028136298060417175, 0.030964724719524384, 0.5539999604225159), (0.02803422138094902, 0.031477898359298706, 0.550000011920929), (0.02803422138094902, 0.031477898359298706, 0.5539999604225159), (0.02800000086426735, 0.03200000151991844, 0.550000011920929), (0.02800000086426735, 0.03200000151991844, 0.5539999604225159), (0.02803422138094902, 0.03252210468053818, 0.550000011920929), (0.02803422138094902, 0.03252210468053818, 0.5539999604225159), (0.028136298060417175, 0.0330352783203125, 0.550000011920929), (0.028136298060417175, 0.0330352783203125, 0.5539999604225159), (0.028304483741521835, 0.03353073447942734, 0.550000011920929), (0.028304483741521835, 0.03353073447942734, 0.5539999604225159), (0.02853589877486229, 0.03400000184774399, 0.550000011920929), (0.02853589877486229, 0.03400000184774399, 0.5539999604225159), (0.02882658876478672, 0.03443504869937897, 0.550000011920929), (0.02882658876478672, 0.03443504869937897, 0.5539999604225159), (0.029171574860811234, 0.03482842817902565, 0.550000011920929), (0.029171574860811234, 0.03482842817902565, 0.5539999604225159), (0.029564956203103065, 0.03517341613769531, 0.550000011920929), (0.029564956203103065, 0.03517341613769531, 0.5539999604225159), (0.030000001192092896, 0.035464104264974594, 0.550000011920929), (0.030000001192092896, 0.035464104264974594, 0.5539999604225159), (0.030469268560409546, 0.03569551929831505, 0.550000011920929), (0.030469268560409546, 0.03569551929831505, 0.5539999604225159), (0.030964724719524384, 0.03586370497941971, 0.550000011920929), (0.030964724719524384, 0.03586370497941971, 0.5539999604225159), (0.031477898359298706, 0.03596578165888786, 0.550000011920929), (0.031477898359298706, 0.03596578165888786, 0.5539999604225159)]
int[] faceVertexCounts = [4, 4, 4, 4, 4, 4, 4, 4, 4, 4, 4, 4, 4, 4, 4, 4, 4, 4, 4, 4, 4, 4, 4, 4, 4, 4, 4, 4, 4, 4, 4, 4, 4, 4, 4, 4, 4, 4, 4, 4, 4, 4, 4, 4, 4, 4, 48, 4, 4, 48]
int[] faceVertexIndices = [0, 1, 3, 2, 2, 3, 5, 4, 4, 5, 7, 6, 6, 7, 9, 8, 8, 9, 11, 10, 10, 11, 13, 12, 12, 13, 15, 14, 14, 15, 17, 16, 16, 17, 19, 18, 18, 19, 21, 20, 20, 21, 23, 22, 22, 23, 25, 24, 24, 25, 27, 26, 26, 27, 29, 28, 28, 29, 31, 30, 30, 31, 33, 32, 32, 33, 35, 34, 34, 35, 37, 36, 36, 37, 39, 38, 38, 39, 41, 40, 40, 41, 43, 42, 42, 43, 45, 44, 44, 45, 47, 46, 46, 47, 49, 48, 48, 49, 51, 50, 50, 51, 53, 52, 52, 53, 55, 54, 54, 55, 57, 56, 56, 57, 59, 58, 58, 59, 61, 60, 60, 61, 63, 62, 62, 63, 65, 64, 64, 65, 67, 66, 66, 67, 69, 68, 68, 69, 71, 70, 70, 71, 73, 72, 72, 73, 75, 74, 74, 75, 77, 76, 76, 77, 79, 78, 78, 79, 81, 80, 80, 81, 83, 82, 82, 83, 85, 84, 84, 85, 87, 86, 86, 87, 89, 88, 88, 89, 91, 90, 90, 91, 93, 92, 3, 1, 95, 93, 91, 89, 87, 85, 83, 81, 79, 77, 75, 73, 71, 69, 67, 65, 63, 61, 59, 57, 55, 53, 51, 49, 47, 45, 43, 41, 39, 37, 35, 33, 31, 29, 27, 25, 23, 21, 19, 17, 15, 13, 11, 9, 7, 5, 92, 93, 95, 94, 94, 95, 1, 0, 0, 2, 4, 6, 8, 10, 12, 14, 16, 18, 20, 22, 24, 26, 28, 30, 32, 34, 36, 38, 40, 42, 44, 46, 48, 50, 52, 54, 56, 58, 60, 62, 64, 66, 68, 70, 72, 74, 76, 78, 80, 82, 84, 86, 88, 90, 92, 94]
uniform token subdivisionScheme = "none"
rel material:binding = </Component/Looks/Slot_and_fastener>
}
}