mtllib robot.mtl
usemtl shell_white
# https://github.com/mikedh/trimesh
v 0.00000000 -0.18100000 0.11800000
v 0.25707818 -0.18100000 0.11854277
v 0.25978509 -0.18100000 0.12010560
v 0.26179423 -0.18100000 0.12250000
v 0.26286327 -0.18100000 0.12543717
v 0.26286327 -0.18100000 0.13456283
v 0.26179423 -0.18100000 0.13750000
v 0.25978509 -0.18100000 0.13989440
v 0.25707818 -0.18100000 0.14145723
v 0.25400000 -0.18100000 0.14200000
v 0.25704028 -0.15651847 0.11854277
v 0.25971386 -0.15609501 0.12010560
v 0.26169827 -0.15578071 0.12250000
v 0.26275415 -0.15561348 0.12543717
v 0.26275415 -0.15561348 0.13456283
v 0.26169827 -0.15578071 0.13750000
v 0.25971386 -0.15609501 0.13989440
v 0.25704028 -0.15651847 0.14145723
v 0.25692752 -0.15604879 0.11854277
v 0.25950195 -0.15521231 0.12010560
v 0.26141275 -0.15459145 0.12250000
v 0.26242947 -0.15426110 0.12543717
v 0.26242947 -0.15426110 0.13456283
v 0.26141275 -0.15459145 0.13750000
v 0.25950195 -0.15521231 0.13989440
v 0.25692752 -0.15604879 0.14145723
v 0.25674268 -0.15560253 0.11854277
v 0.25915455 -0.15437362 0.12010560
v 0.26094471 -0.15346149 0.12250000
v 0.26189723 -0.15297616 0.12543717
v 0.26189723 -0.15297616 0.13456283
v 0.26094471 -0.15346149 0.13750000
v 0.25915455 -0.15437362 0.13989440
v 0.25674268 -0.15560253 0.14145723
v 0.25649030 -0.15519069 0.11854277
v 0.25868023 -0.15359961 0.12010560
v 0.26030566 -0.15241867 0.12250000
v 0.26117054 -0.15179030 0.12543717
v 0.26117054 -0.15179030 0.13456283
v 0.26030566 -0.15241867 0.13750000
v 0.25868023 -0.15359961 0.13989440
v 0.25649030 -0.15519069 0.14145723
v 0.25617660 -0.15482340 0.11854277
v 0.25809068 -0.15290932 0.12010560
v 0.25951135 -0.15148865 0.12250000
v 0.26026728 -0.15073272 0.12543717
v 0.26026728 -0.15073272 0.13456283
v 0.25951135 -0.15148865 0.13750000
v 0.25809068 -0.15290932 0.13989440
v 0.25617660 -0.15482340 0.14145723
v 0.25580931 -0.15450970 0.11854277
v 0.25740039 -0.15231977 0.12010560
v 0.25858133 -0.15069434 0.12250000
v 0.25920970 -0.14982946 0.12543717
v 0.25920970 -0.14982946 0.13456283
v 0.25858133 -0.15069434 0.13750000
v 0.25740039 -0.15231977 0.13989440
v 0.25580931 -0.15450970 0.14145723
v 0.25539747 -0.15425732 0.11854277
v 0.25662638 -0.15184545 0.12010560
v 0.25753851 -0.15005529 0.12250000
v 0.25802384 -0.14910277 0.12543717
v 0.25802384 -0.14910277 0.13456283
v 0.25753851 -0.15005529 0.13750000
v 0.25662638 -0.15184545 0.13989440
v 0.25539747 -0.15425732 0.14145723
v 0.25495121 -0.15407248 0.11854277
v 0.25578769 -0.15149805 0.12010560
v 0.25640855 -0.14958725 0.12250000
v 0.25673890 -0.14857053 0.12543717
v 0.25673890 -0.14857053 0.13456283
v 0.25640855 -0.14958725 0.13750000
v 0.25578769 -0.15149805 0.13989440
v 0.25495121 -0.15407248 0.14145723
v 0.25448153 -0.15395972 0.11854277
v 0.25490499 -0.15128614 0.12010560
v 0.25521929 -0.14930173 0.12250000
v 0.25538652 -0.14824585 0.12543717
v 0.25538652 -0.14824585 0.13456283
v 0.25521929 -0.14930173 0.13750000
v 0.25490499 -0.15128614 0.13989440
v 0.25448153 -0.15395972 0.14145723
v 0.25400000 -0.15392182 0.11854277
v 0.25400000 -0.15121491 0.12010560
v 0.25400000 -0.14920577 0.12250000
v 0.25400000 -0.14813673 0.12543717
v 0.25400000 -0.14813673 0.13456283
v 0.25400000 -0.14920577 0.13750000
v 0.25400000 -0.15121491 0.13989440
v 0.25400000 -0.15392182 0.14145723
v -0.25448153 -0.15395972 0.11854277
v -0.25490499 -0.15128614 0.12010560
v -0.25521929 -0.14930173 0.12250000
v -0.25538652 -0.14824585 0.12543717
v -0.25538652 -0.14824585 0.13456283
v -0.25521929 -0.14930173 0.13750000
v -0.25490499 -0.15128614 0.13989440
v -0.25448153 -0.15395972 0.14145723
v -0.25495121 -0.15407248 0.11854277
v -0.25578769 -0.15149805 0.12010560
v -0.25640855 -0.14958725 0.12250000
v -0.25673890 -0.14857053 0.12543717
v -0.25673890 -0.14857053 0.13456283
v -0.25640855 -0.14958725 0.13750000
v -0.25578769 -0.15149805 0.13989440
v -0.25495121 -0.15407248 0.14145723
v -0.25539747 -0.15425732 0.11854277
v -0.25662638 -0.15184545 0.12010560
v -0.25753851 -0.15005529 0.12250000
v -0.25802384 -0.14910277 0.12543717
v -0.25802384 -0.14910277 0.13456283
v -0.25753851 -0.15005529 0.13750000
v -0.25662638 -0.15184545 0.13989440
v -0.25539747 -0.15425732 0.14145723
v -0.25580931 -0.15450970 0.11854277
v -0.25740039 -0.15231977 0.12010560
v -0.25858133 -0.15069434 0.12250000
v -0.25920970 -0.14982946 0.12543717
v -0.25920970 -0.14982946 0.13456283
v -0.25858133 -0.15069434 0.13750000
v -0.25740039 -0.15231977 0.13989440
v -0.25580931 -0.15450970 0.14145723
v -0.25617660 -0.15482340 0.11854277
v -0.25809068 -0.15290932 0.12010560
v -0.25951135 -0.15148865 0.12250000
v -0.26026728 -0.15073272 0.12543717
v -0.26026728 -0.15073272 0.13456283
v -0.25951135 -0.15148865 0.13750000
v -0.25809068 -0.15290932 0.13989440
v -0.25617660 -0.15482340 0.14145723
v -0.25649030 -0.15519069 0.11854277
v -0.25868023 -0.15359961 0.12010560
v -0.26030566 -0.15241867 0.12250000
v -0.26117054 -0.15179030 0.12543717
v -0.26117054 -0.15179030 0.13456283
v -0.26030566 -0.15241867 0.13750000
v -0.25868023 -0.15359961 0.13989440
v -0.25649030 -0.15519069 0.14145723
v -0.25674268 -0.15560253 0.11854277
v -0.25915455 -0.15437362 0.12010560
v -0.26094471 -0.15346149 0.12250000
v -0.26189723 -0.15297616 0.12543717
v -0.26189723 -0.15297616 0.13456283
v -0.26094471 -0.15346149 0.13750000
v -0.25915455 -0.15437362 0.13989440
v -0.25674268 -0.15560253 0.14145723
v -0.25692752 -0.15604879 0.11854277
v -0.25950195 -0.15521231 0.12010560
v -0.26141275 -0.15459145 0.12250000
v -0.26242947 -0.15426110 0.12543717
v -0.26242947 -0.15426110 0.13456283
v -0.26141275 -0.15459145 0.13750000
v -0.25950195 -0.15521231 0.13989440
v -0.25692752 -0.15604879 0.14145723
v -0.25704028 -0.15651847 0.11854277
v -0.25971386 -0.15609501 0.12010560
v -0.26169827 -0.15578071 0.12250000
v -0.26275415 -0.15561348 0.12543717
v -0.26275415 -0.15561348 0.13456283
v -0.26169827 -0.15578071 0.13750000
v -0.25971386 -0.15609501 0.13989440
v -0.25704028 -0.15651847 0.14145723
v -0.25707818 -0.15700000 0.11854277
v -0.25978509 -0.15700000 0.12010560
v -0.26179423 -0.15700000 0.12250000
v -0.26286327 -0.15700000 0.12543717
v -0.26286327 -0.15700000 0.13456283
v -0.26179423 -0.15700000 0.13750000
v -0.25978509 -0.15700000 0.13989440
v -0.25707818 -0.15700000 0.14145723
v -0.25704028 -0.20548153 0.11854277
v -0.25971386 -0.20590499 0.12010560
v -0.26169827 -0.20621929 0.12250000
v -0.26275415 -0.20638652 0.12543717
v -0.26275415 -0.20638652 0.13456283
v -0.26169827 -0.20621929 0.13750000
v -0.25971386 -0.20590499 0.13989440
v -0.25704028 -0.20548153 0.14145723
v -0.25692752 -0.20595121 0.11854277
v -0.25950195 -0.20678769 0.12010560
v -0.26141275 -0.20740855 0.12250000
v -0.26242947 -0.20773890 0.12543717
v -0.26242947 -0.20773890 0.13456283
v -0.26141275 -0.20740855 0.13750000
v -0.25950195 -0.20678769 0.13989440
v -0.25692752 -0.20595121 0.14145723
v -0.25674268 -0.20639747 0.11854277
v -0.25915455 -0.20762638 0.12010560
v -0.26094471 -0.20853851 0.12250000
v -0.26189723 -0.20902384 0.12543717
v -0.26189723 -0.20902384 0.13456283
v -0.26094471 -0.20853851 0.13750000
v -0.25915455 -0.20762638 0.13989440
v -0.25674268 -0.20639747 0.14145723
v -0.25649030 -0.20680931 0.11854277
v -0.25868023 -0.20840039 0.12010560
v -0.26030566 -0.20958133 0.12250000
v -0.26117054 -0.21020970 0.12543717
v -0.26117054 -0.21020970 0.13456283
v -0.26030566 -0.20958133 0.13750000
v -0.25868023 -0.20840039 0.13989440
v -0.25649030 -0.20680931 0.14145723
v -0.25617660 -0.20717660 0.11854277
v -0.25809068 -0.20909068 0.12010560
v -0.25951135 -0.21051135 0.12250000
v -0.26026728 -0.21126728 0.12543717
v -0.26026728 -0.21126728 0.13456283
v -0.25951135 -0.21051135 0.13750000
v -0.25809068 -0.20909068 0.13989440
v -0.25617660 -0.20717660 0.14145723
v -0.25580931 -0.20749030 0.11854277
v -0.25740039 -0.20968023 0.12010560
v -0.25858133 -0.21130566 0.12250000
v -0.25920970 -0.21217054 0.12543717
v -0.25920970 -0.21217054 0.13456283
v -0.25858133 -0.21130566 0.13750000
v -0.25740039 -0.20968023 0.13989440
v -0.25580931 -0.20749030 0.14145723
v -0.25539747 -0.20774268 0.11854277
v -0.25662638 -0.21015455 0.12010560
v -0.25753851 -0.21194471 0.12250000
v -0.25802384 -0.21289723 0.12543717
v -0.25802384 -0.21289723 0.13456283
v -0.25753851 -0.21194471 0.13750000
v -0.25662638 -0.21015455 0.13989440
v -0.25539747 -0.20774268 0.14145723
v -0.25495121 -0.20792752 0.11854277
v -0.25578769 -0.21050195 0.12010560
v -0.25640855 -0.21241275 0.12250000
v -0.25673890 -0.21342947 0.12543717
v -0.25673890 -0.21342947 0.13456283
v -0.25640855 -0.21241275 0.13750000
v -0.25578769 -0.21050195 0.13989440
v -0.25495121 -0.20792752 0.14145723
v -0.25448153 -0.20804028 0.11854277
v -0.25490499 -0.21071386 0.12010560
v -0.25521929 -0.21269827 0.12250000
v -0.25538652 -0.21375415 0.12543717
v -0.25538652 -0.21375415 0.13456283
v -0.25521929 -0.21269827 0.13750000
v -0.25490499 -0.21071386 0.13989440
v -0.25448153 -0.20804028 0.14145723
v -0.25400000 -0.20807818 0.11854277
v -0.25400000 -0.21078509 0.12010560
v -0.25400000 -0.21279423 0.12250000
v -0.25400000 -0.21386327 0.12543717
v -0.25400000 -0.21386327 0.13456283
v -0.25400000 -0.21279423 0.13750000
v -0.25400000 -0.21078509 0.13989440
v -0.25400000 -0.20807818 0.14145723
v 0.25448153 -0.20804028 0.11854277
v 0.25490499 -0.21071386 0.12010560
v 0.25521929 -0.21269827 0.12250000
v 0.25538652 -0.21375415 0.12543717
v 0.25538652 -0.21375415 0.13456283
v 0.25521929 -0.21269827 0.13750000
v 0.25490499 -0.21071386 0.13989440
v 0.25448153 -0.20804028 0.14145723
v 0.25495121 -0.20792752 0.11854277
v 0.25578769 -0.21050195 0.12010560
v 0.25640855 -0.21241275 0.12250000
v 0.25673890 -0.21342947 0.12543717
v 0.25673890 -0.21342947 0.13456283
v 0.25640855 -0.21241275 0.13750000
v 0.25578769 -0.21050195 0.13989440
v 0.25495121 -0.20792752 0.14145723
v 0.25539747 -0.20774268 0.11854277
v 0.25662638 -0.21015455 0.12010560
v 0.25753851 -0.21194471 0.12250000
v 0.25802384 -0.21289723 0.12543717
v 0.25802384 -0.21289723 0.13456283
v 0.25753851 -0.21194471 0.13750000
v 0.25662638 -0.21015455 0.13989440
v 0.25539747 -0.20774268 0.14145723
v 0.25580931 -0.20749030 0.11854277
v 0.25740039 -0.20968023 0.12010560
v 0.25858133 -0.21130566 0.12250000
v 0.25920970 -0.21217054 0.12543717
v 0.25920970 -0.21217054 0.13456283
v 0.25858133 -0.21130566 0.13750000
v 0.25740039 -0.20968023 0.13989440
v 0.25580931 -0.20749030 0.14145723
v 0.25617660 -0.20717660 0.11854277
v 0.25809068 -0.20909068 0.12010560
v 0.25951135 -0.21051135 0.12250000
v 0.26026728 -0.21126728 0.12543717
v 0.26026728 -0.21126728 0.13456283
v 0.25951135 -0.21051135 0.13750000
v 0.25809068 -0.20909068 0.13989440
v 0.25617660 -0.20717660 0.14145723
v 0.25649030 -0.20680931 0.11854277
v 0.25868023 -0.20840039 0.12010560
v 0.26030566 -0.20958133 0.12250000
v 0.26117054 -0.21020970 0.12543717
v 0.26117054 -0.21020970 0.13456283
v 0.26030566 -0.20958133 0.13750000
v 0.25868023 -0.20840039 0.13989440
v 0.25649030 -0.20680931 0.14145723
v 0.25674268 -0.20639747 0.11854277
v 0.25915455 -0.20762638 0.12010560
v 0.26094471 -0.20853851 0.12250000
v 0.26189723 -0.20902384 0.12543717
v 0.26189723 -0.20902384 0.13456283
v 0.26094471 -0.20853851 0.13750000
v 0.25915455 -0.20762638 0.13989440
v 0.25674268 -0.20639747 0.14145723
v 0.25692752 -0.20595121 0.11854277
v 0.25950195 -0.20678769 0.12010560
v 0.26141275 -0.20740855 0.12250000
v 0.26242947 -0.20773890 0.12543717
v 0.26242947 -0.20773890 0.13456283
v 0.26141275 -0.20740855 0.13750000
v 0.25950195 -0.20678769 0.13989440
v 0.25692752 -0.20595121 0.14145723
v 0.25704028 -0.20548153 0.11854277
v 0.25971386 -0.20590499 0.12010560
v 0.26169827 -0.20621929 0.12250000
v 0.26275415 -0.20638652 0.12543717
v 0.26275415 -0.20638652 0.13456283
v 0.26169827 -0.20621929 0.13750000
v 0.25971386 -0.20590499 0.13989440
v 0.25704028 -0.20548153 0.14145723
v 0.00000000 0.18100000 0.11800000
v 0.25707818 0.18100000 0.11854277
v 0.25978509 0.18100000 0.12010560
v 0.26179423 0.18100000 0.12250000
v 0.26286327 0.18100000 0.12543717
v 0.26286327 0.18100000 0.13456283
v 0.26179423 0.18100000 0.13750000
v 0.25978509 0.18100000 0.13989440
v 0.25707818 0.18100000 0.14145723
v 0.25400000 0.18100000 0.14200000
v 0.25704028 0.20548153 0.11854277
v 0.25971386 0.20590499 0.12010560
v 0.26169827 0.20621929 0.12250000
v 0.26275415 0.20638652 0.12543717
v 0.26275415 0.20638652 0.13456283
v 0.26169827 0.20621929 0.13750000
v 0.25971386 0.20590499 0.13989440
v 0.25704028 0.20548153 0.14145723
v 0.25692752 0.20595121 0.11854277
v 0.25950195 0.20678769 0.12010560
v 0.26141275 0.20740855 0.12250000
v 0.26242947 0.20773890 0.12543717
v 0.26242947 0.20773890 0.13456283
v 0.26141275 0.20740855 0.13750000
v 0.25950195 0.20678769 0.13989440
v 0.25692752 0.20595121 0.14145723
v 0.25674268 0.20639747 0.11854277
v 0.25915455 0.20762638 0.12010560
v 0.26094471 0.20853851 0.12250000
v 0.26189723 0.20902384 0.12543717
v 0.26189723 0.20902384 0.13456283
v 0.26094471 0.20853851 0.13750000
v 0.25915455 0.20762638 0.13989440
v 0.25674268 0.20639747 0.14145723
v 0.25649030 0.20680931 0.11854277
v 0.25868023 0.20840039 0.12010560
v 0.26030566 0.20958133 0.12250000
v 0.26117054 0.21020970 0.12543717
v 0.26117054 0.21020970 0.13456283
v 0.26030566 0.20958133 0.13750000
v 0.25868023 0.20840039 0.13989440
v 0.25649030 0.20680931 0.14145723
v 0.25617660 0.20717660 0.11854277
v 0.25809068 0.20909068 0.12010560
v 0.25951135 0.21051135 0.12250000
v 0.26026728 0.21126728 0.12543717
v 0.26026728 0.21126728 0.13456283
v 0.25951135 0.21051135 0.13750000
v 0.25809068 0.20909068 0.13989440
v 0.25617660 0.20717660 0.14145723
v 0.25580931 0.20749030 0.11854277
v 0.25740039 0.20968023 0.12010560
v 0.25858133 0.21130566 0.12250000
v 0.25920970 0.21217054 0.12543717
v 0.25920970 0.21217054 0.13456283
v 0.25858133 0.21130566 0.13750000
v 0.25740039 0.20968023 0.13989440
v 0.25580931 0.20749030 0.14145723
v 0.25539747 0.20774268 0.11854277
v 0.25662638 0.21015455 0.12010560
v 0.25753851 0.21194471 0.12250000
v 0.25802384 0.21289723 0.12543717
v 0.25802384 0.21289723 0.13456283
v 0.25753851 0.21194471 0.13750000
v 0.25662638 0.21015455 0.13989440
v 0.25539747 0.20774268 0.14145723
v 0.25495121 0.20792752 0.11854277
v 0.25578769 0.21050195 0.12010560
v 0.25640855 0.21241275 0.12250000
v 0.25673890 0.21342947 0.12543717
v 0.25673890 0.21342947 0.13456283
v 0.25640855 0.21241275 0.13750000
v 0.25578769 0.21050195 0.13989440
v 0.25495121 0.20792752 0.14145723
v 0.25448153 0.20804028 0.11854277
v 0.25490499 0.21071386 0.12010560
v 0.25521929 0.21269827 0.12250000
v 0.25538652 0.21375415 0.12543717
v 0.25538652 0.21375415 0.13456283
v 0.25521929 0.21269827 0.13750000
v 0.25490499 0.21071386 0.13989440
v 0.25448153 0.20804028 0.14145723
v 0.25400000 0.20807818 0.11854277
v 0.25400000 0.21078509 0.12010560
v 0.25400000 0.21279423 0.12250000
v 0.25400000 0.21386327 0.12543717
v 0.25400000 0.21386327 0.13456283
v 0.25400000 0.21279423 0.13750000
v 0.25400000 0.21078509 0.13989440
v 0.25400000 0.20807818 0.14145723
v -0.25448153 0.20804028 0.11854277
v -0.25490499 0.21071386 0.12010560
v -0.25521929 0.21269827 0.12250000
v -0.25538652 0.21375415 0.12543717
v -0.25538652 0.21375415 0.13456283
v -0.25521929 0.21269827 0.13750000
v -0.25490499 0.21071386 0.13989440
v -0.25448153 0.20804028 0.14145723
v -0.25495121 0.20792752 0.11854277
v -0.25578769 0.21050195 0.12010560
v -0.25640855 0.21241275 0.12250000
v -0.25673890 0.21342947 0.12543717
v -0.25673890 0.21342947 0.13456283
v -0.25640855 0.21241275 0.13750000
v -0.25578769 0.21050195 0.13989440
v -0.25495121 0.20792752 0.14145723
v -0.25539747 0.20774268 0.11854277
v -0.25662638 0.21015455 0.12010560
v -0.25753851 0.21194471 0.12250000
v -0.25802384 0.21289723 0.12543717
v -0.25802384 0.21289723 0.13456283
v -0.25753851 0.21194471 0.13750000
v -0.25662638 0.21015455 0.13989440
v -0.25539747 0.20774268 0.14145723
v -0.25580931 0.20749030 0.11854277
v -0.25740039 0.20968023 0.12010560
v -0.25858133 0.21130566 0.12250000
v -0.25920970 0.21217054 0.12543717
v -0.25920970 0.21217054 0.13456283
v -0.25858133 0.21130566 0.13750000
v -0.25740039 0.20968023 0.13989440
v -0.25580931 0.20749030 0.14145723
v -0.25617660 0.20717660 0.11854277
v -0.25809068 0.20909068 0.12010560
v -0.25951135 0.21051135 0.12250000
v -0.26026728 0.21126728 0.12543717
v -0.26026728 0.21126728 0.13456283
v -0.25951135 0.21051135 0.13750000
v -0.25809068 0.20909068 0.13989440
v -0.25617660 0.20717660 0.14145723
v -0.25649030 0.20680931 0.11854277
v -0.25868023 0.20840039 0.12010560
v -0.26030566 0.20958133 0.12250000
v -0.26117054 0.21020970 0.12543717
v -0.26117054 0.21020970 0.13456283
v -0.26030566 0.20958133 0.13750000
v -0.25868023 0.20840039 0.13989440
v -0.25649030 0.20680931 0.14145723
v -0.25674268 0.20639747 0.11854277
v -0.25915455 0.20762638 0.12010560
v -0.26094471 0.20853851 0.12250000
v -0.26189723 0.20902384 0.12543717
v -0.26189723 0.20902384 0.13456283
v -0.26094471 0.20853851 0.13750000
v -0.25915455 0.20762638 0.13989440
v -0.25674268 0.20639747 0.14145723
v -0.25692752 0.20595121 0.11854277
v -0.25950195 0.20678769 0.12010560
v -0.26141275 0.20740855 0.12250000
v -0.26242947 0.20773890 0.12543717
v -0.26242947 0.20773890 0.13456283
v -0.26141275 0.20740855 0.13750000
v -0.25950195 0.20678769 0.13989440
v -0.25692752 0.20595121 0.14145723
v -0.25704028 0.20548153 0.11854277
v -0.25971386 0.20590499 0.12010560
v -0.26169827 0.20621929 0.12250000
v -0.26275415 0.20638652 0.12543717
v -0.26275415 0.20638652 0.13456283
v -0.26169827 0.20621929 0.13750000
v -0.25971386 0.20590499 0.13989440
v -0.25704028 0.20548153 0.14145723
v -0.25707818 0.20500000 0.11854277
v -0.25978509 0.20500000 0.12010560
v -0.26179423 0.20500000 0.12250000
v -0.26286327 0.20500000 0.12543717
v -0.26286327 0.20500000 0.13456283
v -0.26179423 0.20500000 0.13750000
v -0.25978509 0.20500000 0.13989440
v -0.25707818 0.20500000 0.14145723
v -0.25704028 0.15651847 0.11854277
v -0.25971386 0.15609501 0.12010560
v -0.26169827 0.15578071 0.12250000
v -0.26275415 0.15561348 0.12543717
v -0.26275415 0.15561348 0.13456283
v -0.26169827 0.15578071 0.13750000
v -0.25971386 0.15609501 0.13989440
v -0.25704028 0.15651847 0.14145723
v -0.25692752 0.15604879 0.11854277
v -0.25950195 0.15521231 0.12010560
v -0.26141275 0.15459145 0.12250000
v -0.26242947 0.15426110 0.12543717
v -0.26242947 0.15426110 0.13456283
v -0.26141275 0.15459145 0.13750000
v -0.25950195 0.15521231 0.13989440
v -0.25692752 0.15604879 0.14145723
v -0.25674268 0.15560253 0.11854277
v -0.25915455 0.15437362 0.12010560
v -0.26094471 0.15346149 0.12250000
v -0.26189723 0.15297616 0.12543717
v -0.26189723 0.15297616 0.13456283
v -0.26094471 0.15346149 0.13750000
v -0.25915455 0.15437362 0.13989440
v -0.25674268 0.15560253 0.14145723
v -0.25649030 0.15519069 0.11854277
v -0.25868023 0.15359961 0.12010560
v -0.26030566 0.15241867 0.12250000
v -0.26117054 0.15179030 0.12543717
v -0.26117054 0.15179030 0.13456283
v -0.26030566 0.15241867 0.13750000
v -0.25868023 0.15359961 0.13989440
v -0.25649030 0.15519069 0.14145723
v -0.25617660 0.15482340 0.11854277
v -0.25809068 0.15290932 0.12010560
v -0.25951135 0.15148865 0.12250000
v -0.26026728 0.15073272 0.12543717
v -0.26026728 0.15073272 0.13456283
v -0.25951135 0.15148865 0.13750000
v -0.25809068 0.15290932 0.13989440
v -0.25617660 0.15482340 0.14145723
v -0.25580931 0.15450970 0.11854277
v -0.25740039 0.15231977 0.12010560
v -0.25858133 0.15069434 0.12250000
v -0.25920970 0.14982946 0.12543717
v -0.25920970 0.14982946 0.13456283
v -0.25858133 0.15069434 0.13750000
v -0.25740039 0.15231977 0.13989440
v -0.25580931 0.15450970 0.14145723
v -0.25539747 0.15425732 0.11854277
v -0.25662638 0.15184545 0.12010560
v -0.25753851 0.15005529 0.12250000
v -0.25802384 0.14910277 0.12543717
v -0.25802384 0.14910277 0.13456283
v -0.25753851 0.15005529 0.13750000
v -0.25662638 0.15184545 0.13989440
v -0.25539747 0.15425732 0.14145723
v -0.25495121 0.15407248 0.11854277
v -0.25578769 0.15149805 0.12010560
v -0.25640855 0.14958725 0.12250000
v -0.25673890 0.14857053 0.12543717
v -0.25673890 0.14857053 0.13456283
v -0.25640855 0.14958725 0.13750000
v -0.25578769 0.15149805 0.13989440
v -0.25495121 0.15407248 0.14145723
v -0.25448153 0.15395972 0.11854277
v -0.25490499 0.15128614 0.12010560
v -0.25521929 0.14930173 0.12250000
v -0.25538652 0.14824585 0.12543717
v -0.25538652 0.14824585 0.13456283
v -0.25521929 0.14930173 0.13750000
v -0.25490499 0.15128614 0.13989440
v -0.25448153 0.15395972 0.14145723
v -0.25400000 0.15392182 0.11854277
v -0.25400000 0.15121491 0.12010560
v -0.25400000 0.14920577 0.12250000
v -0.25400000 0.14813673 0.12543717
v -0.25400000 0.14813673 0.13456283
v -0.25400000 0.14920577 0.13750000
v -0.25400000 0.15121491 0.13989440
v -0.25400000 0.15392182 0.14145723
v 0.25448153 0.15395972 0.11854277
v 0.25490499 0.15128614 0.12010560
v 0.25521929 0.14930173 0.12250000
v 0.25538652 0.14824585 0.12543717
v 0.25538652 0.14824585 0.13456283
v 0.25521929 0.14930173 0.13750000
v 0.25490499 0.15128614 0.13989440
v 0.25448153 0.15395972 0.14145723
v 0.25495121 0.15407248 0.11854277
v 0.25578769 0.15149805 0.12010560
v 0.25640855 0.14958725 0.12250000
v 0.25673890 0.14857053 0.12543717
v 0.25673890 0.14857053 0.13456283
v 0.25640855 0.14958725 0.13750000
v 0.25578769 0.15149805 0.13989440
v 0.25495121 0.15407248 0.14145723
v 0.25539747 0.15425732 0.11854277
v 0.25662638 0.15184545 0.12010560
v 0.25753851 0.15005529 0.12250000
v 0.25802384 0.14910277 0.12543717
v 0.25802384 0.14910277 0.13456283
v 0.25753851 0.15005529 0.13750000
v 0.25662638 0.15184545 0.13989440
v 0.25539747 0.15425732 0.14145723
v 0.25580931 0.15450970 0.11854277
v 0.25740039 0.15231977 0.12010560
v 0.25858133 0.15069434 0.12250000
v 0.25920970 0.14982946 0.12543717
v 0.25920970 0.14982946 0.13456283
v 0.25858133 0.15069434 0.13750000
v 0.25740039 0.15231977 0.13989440
v 0.25580931 0.15450970 0.14145723
v 0.25617660 0.15482340 0.11854277
v 0.25809068 0.15290932 0.12010560
v 0.25951135 0.15148865 0.12250000
v 0.26026728 0.15073272 0.12543717
v 0.26026728 0.15073272 0.13456283
v 0.25951135 0.15148865 0.13750000
v 0.25809068 0.15290932 0.13989440
v 0.25617660 0.15482340 0.14145723
v 0.25649030 0.15519069 0.11854277
v 0.25868023 0.15359961 0.12010560
v 0.26030566 0.15241867 0.12250000
v 0.26117054 0.15179030 0.12543717
v 0.26117054 0.15179030 0.13456283
v 0.26030566 0.15241867 0.13750000
v 0.25868023 0.15359961 0.13989440
v 0.25649030 0.15519069 0.14145723
v 0.25674268 0.15560253 0.11854277
v 0.25915455 0.15437362 0.12010560
v 0.26094471 0.15346149 0.12250000
v 0.26189723 0.15297616 0.12543717
v 0.26189723 0.15297616 0.13456283
v 0.26094471 0.15346149 0.13750000
v 0.25915455 0.15437362 0.13989440
v 0.25674268 0.15560253 0.14145723
v 0.25692752 0.15604879 0.11854277
v 0.25950195 0.15521231 0.12010560
v 0.26141275 0.15459145 0.12250000
v 0.26242947 0.15426110 0.12543717
v 0.26242947 0.15426110 0.13456283
v 0.26141275 0.15459145 0.13750000
v 0.25950195 0.15521231 0.13989440
v 0.25692752 0.15604879 0.14145723
v 0.25704028 0.15651847 0.11854277
v 0.25971386 0.15609501 0.12010560
v 0.26169827 0.15578071 0.12250000
v 0.26275415 0.15561348 0.12543717
v 0.26275415 0.15561348 0.13456283
v 0.26169827 0.15578071 0.13750000
v 0.25971386 0.15609501 0.13989440
v 0.25704028 0.15651847 0.14145723
v -0.29300000 -0.10000000 0.08250000
v -0.29131596 -0.10000000 0.08262061
v -0.29071442 -0.10000000 0.08296791
v -0.29026795 -0.10000000 0.08350000
v -0.29003038 -0.10000000 0.08415270
v -0.29003038 -0.10000000 0.08984730
v -0.29026795 -0.10000000 0.09050000
v -0.29071442 -0.10000000 0.09103209
v -0.29131596 -0.10000000 0.09137939
v -0.29200000 -0.10000000 0.09150000
v -0.29132438 -0.07989299 0.08262061
v -0.29073025 -0.07979889 0.08296791
v -0.29028927 -0.07972905 0.08350000
v -0.29005463 -0.07969188 0.08415270
v -0.29005463 -0.07969188 0.08984730
v -0.29028927 -0.07972905 0.09050000
v -0.29073025 -0.07979889 0.09103209
v -0.29132438 -0.07989299 0.09137939
v -0.29134944 -0.07978862 0.08262061
v -0.29077735 -0.07960274 0.08296791
v -0.29035272 -0.07946477 0.08350000
v -0.29012678 -0.07939136 0.08415270
v -0.29012678 -0.07939136 0.08984730
v -0.29035272 -0.07946477 0.09050000
v -0.29077735 -0.07960274 0.09103209
v -0.29134944 -0.07978862 0.09137939
v -0.29139052 -0.07968945 0.08262061
v -0.29085454 -0.07941636 0.08296791
v -0.29045673 -0.07921367 0.08350000
v -0.29024506 -0.07910581 0.08415270
v -0.29024506 -0.07910581 0.08984730
v -0.29045673 -0.07921367 0.09050000
v -0.29085454 -0.07941636 0.09103209
v -0.29139052 -0.07968945 0.09137939
v -0.29144660 -0.07959793 0.08262061
v -0.29095995 -0.07924436 0.08296791
v -0.29059874 -0.07898193 0.08350000
v -0.29040655 -0.07884229 0.08415270
v -0.29040655 -0.07884229 0.08984730
v -0.29059874 -0.07898193 0.09050000
v -0.29095995 -0.07924436 0.09103209
v -0.29144660 -0.07959793 0.09137939
v -0.29151631 -0.07951631 0.08262061
v -0.29109096 -0.07909096 0.08296791
v -0.29077526 -0.07877526 0.08350000
v -0.29060727 -0.07860727 0.08415270
v -0.29060727 -0.07860727 0.08984730
v -0.29077526 -0.07877526 0.09050000
v -0.29109096 -0.07909096 0.09103209
v -0.29151631 -0.07951631 0.09137939
v -0.29159793 -0.07944660 0.08262061
v -0.29124436 -0.07895995 0.08296791
v -0.29098193 -0.07859874 0.08350000
v -0.29084229 -0.07840655 0.08415270
v -0.29084229 -0.07840655 0.08984730
v -0.29098193 -0.07859874 0.09050000
v -0.29124436 -0.07895995 0.09103209
v -0.29159793 -0.07944660 0.09137939
v -0.29168945 -0.07939052 0.08262061
v -0.29141636 -0.07885454 0.08296791
v -0.29121367 -0.07845673 0.08350000
v -0.29110581 -0.07824506 0.08415270
v -0.29110581 -0.07824506 0.08984730
v -0.29121367 -0.07845673 0.09050000
v -0.29141636 -0.07885454 0.09103209
v -0.29168945 -0.07939052 0.09137939
v -0.29178862 -0.07934944 0.08262061
v -0.29160274 -0.07877735 0.08296791
v -0.29146477 -0.07835272 0.08350000
v -0.29139136 -0.07812678 0.08415270
v -0.29139136 -0.07812678 0.08984730
v -0.29146477 -0.07835272 0.09050000
v -0.29160274 -0.07877735 0.09103209
v -0.29178862 -0.07934944 0.09137939
v -0.29189299 -0.07932438 0.08262061
v -0.29179889 -0.07873025 0.08296791
v -0.29172905 -0.07828927 0.08350000
v -0.29169188 -0.07805463 0.08415270
v -0.29169188 -0.07805463 0.08984730
v -0.29172905 -0.07828927 0.09050000
v -0.29179889 -0.07873025 0.09103209
v -0.29189299 -0.07932438 0.09137939
v -0.29200000 -0.07931596 0.08262061
v -0.29200000 -0.07871442 0.08296791
v -0.29200000 -0.07826795 0.08350000
v -0.29200000 -0.07803038 0.08415270
v -0.29200000 -0.07803038 0.08984730
v -0.29200000 -0.07826795 0.09050000
v -0.29200000 -0.07871442 0.09103209
v -0.29200000 -0.07931596 0.09137939
v -0.29410701 -0.07932438 0.08262061
v -0.29420111 -0.07873025 0.08296791
v -0.29427095 -0.07828927 0.08350000
v -0.29430812 -0.07805463 0.08415270
v -0.29430812 -0.07805463 0.08984730
v -0.29427095 -0.07828927 0.09050000
v -0.29420111 -0.07873025 0.09103209
v -0.29410701 -0.07932438 0.09137939
v -0.29421138 -0.07934944 0.08262061
v -0.29439726 -0.07877735 0.08296791
v -0.29453523 -0.07835272 0.08350000
v -0.29460864 -0.07812678 0.08415270
v -0.29460864 -0.07812678 0.08984730
v -0.29453523 -0.07835272 0.09050000
v -0.29439726 -0.07877735 0.09103209
v -0.29421138 -0.07934944 0.09137939
v -0.29431055 -0.07939052 0.08262061
v -0.29458364 -0.07885454 0.08296791
v -0.29478633 -0.07845673 0.08350000
v -0.29489419 -0.07824506 0.08415270
v -0.29489419 -0.07824506 0.08984730
v -0.29478633 -0.07845673 0.09050000
v -0.29458364 -0.07885454 0.09103209
v -0.29431055 -0.07939052 0.09137939
v -0.29440207 -0.07944660 0.08262061
v -0.29475564 -0.07895995 0.08296791
v -0.29501807 -0.07859874 0.08350000
v -0.29515771 -0.07840655 0.08415270
v -0.29515771 -0.07840655 0.08984730
v -0.29501807 -0.07859874 0.09050000
v -0.29475564 -0.07895995 0.09103209
v -0.29440207 -0.07944660 0.09137939
v -0.29448369 -0.07951631 0.08262061
v -0.29490904 -0.07909096 0.08296791
v -0.29522474 -0.07877526 0.08350000
v -0.29539273 -0.07860727 0.08415270
v -0.29539273 -0.07860727 0.08984730
v -0.29522474 -0.07877526 0.09050000
v -0.29490904 -0.07909096 0.09103209
v -0.29448369 -0.07951631 0.09137939
v -0.29455340 -0.07959793 0.08262061
v -0.29504005 -0.07924436 0.08296791
v -0.29540126 -0.07898193 0.08350000
v -0.29559345 -0.07884229 0.08415270
v -0.29559345 -0.07884229 0.08984730
v -0.29540126 -0.07898193 0.09050000
v -0.29504005 -0.07924436 0.09103209
v -0.29455340 -0.07959793 0.09137939
v -0.29460948 -0.07968945 0.08262061
v -0.29514546 -0.07941636 0.08296791
v -0.29554327 -0.07921367 0.08350000
v -0.29575494 -0.07910581 0.08415270
v -0.29575494 -0.07910581 0.08984730
v -0.29554327 -0.07921367 0.09050000
v -0.29514546 -0.07941636 0.09103209
v -0.29460948 -0.07968945 0.09137939
v -0.29465056 -0.07978862 0.08262061
v -0.29522265 -0.07960274 0.08296791
v -0.29564728 -0.07946477 0.08350000
v -0.29587322 -0.07939136 0.08415270
v -0.29587322 -0.07939136 0.08984730
v -0.29564728 -0.07946477 0.09050000
v -0.29522265 -0.07960274 0.09103209
v -0.29465056 -0.07978862 0.09137939
v -0.29467562 -0.07989299 0.08262061
v -0.29526975 -0.07979889 0.08296791
v -0.29571073 -0.07972905 0.08350000
v -0.29594537 -0.07969188 0.08415270
v -0.29594537 -0.07969188 0.08984730
v -0.29571073 -0.07972905 0.09050000
v -0.29526975 -0.07979889 0.09103209
v -0.29467562 -0.07989299 0.09137939
v -0.29468404 -0.08000000 0.08262061
v -0.29528558 -0.08000000 0.08296791
v -0.29573205 -0.08000000 0.08350000
v -0.29596962 -0.08000000 0.08415270
v -0.29596962 -0.08000000 0.08984730
v -0.29573205 -0.08000000 0.09050000
v -0.29528558 -0.08000000 0.09103209
v -0.29468404 -0.08000000 0.09137939
v -0.29467562 -0.12010701 0.08262061
v -0.29526975 -0.12020111 0.08296791
v -0.29571073 -0.12027095 0.08350000
v -0.29594537 -0.12030812 0.08415270
v -0.29594537 -0.12030812 0.08984730
v -0.29571073 -0.12027095 0.09050000
v -0.29526975 -0.12020111 0.09103209
v -0.29467562 -0.12010701 0.09137939
v -0.29465056 -0.12021138 0.08262061
v -0.29522265 -0.12039726 0.08296791
v -0.29564728 -0.12053523 0.08350000
v -0.29587322 -0.12060864 0.08415270
v -0.29587322 -0.12060864 0.08984730
v -0.29564728 -0.12053523 0.09050000
v -0.29522265 -0.12039726 0.09103209
v -0.29465056 -0.12021138 0.09137939
v -0.29460948 -0.12031055 0.08262061
v -0.29514546 -0.12058364 0.08296791
v -0.29554327 -0.12078633 0.08350000
v -0.29575494 -0.12089419 0.08415270
v -0.29575494 -0.12089419 0.08984730
v -0.29554327 -0.12078633 0.09050000
v -0.29514546 -0.12058364 0.09103209
v -0.29460948 -0.12031055 0.09137939
v -0.29455340 -0.12040207 0.08262061
v -0.29504005 -0.12075564 0.08296791
v -0.29540126 -0.12101807 0.08350000
v -0.29559345 -0.12115771 0.08415270
v -0.29559345 -0.12115771 0.08984730
v -0.29540126 -0.12101807 0.09050000
v -0.29504005 -0.12075564 0.09103209
v -0.29455340 -0.12040207 0.09137939
v -0.29448369 -0.12048369 0.08262061
v -0.29490904 -0.12090904 0.08296791
v -0.29522474 -0.12122474 0.08350000
v -0.29539273 -0.12139273 0.08415270
v -0.29539273 -0.12139273 0.08984730
v -0.29522474 -0.12122474 0.09050000
v -0.29490904 -0.12090904 0.09103209
v -0.29448369 -0.12048369 0.09137939
v -0.29440207 -0.12055340 0.08262061
v -0.29475564 -0.12104005 0.08296791
v -0.29501807 -0.12140126 0.08350000
v -0.29515771 -0.12159345 0.08415270
v -0.29515771 -0.12159345 0.08984730
v -0.29501807 -0.12140126 0.09050000
v -0.29475564 -0.12104005 0.09103209
v -0.29440207 -0.12055340 0.09137939
v -0.29431055 -0.12060948 0.08262061
v -0.29458364 -0.12114546 0.08296791
v -0.29478633 -0.12154327 0.08350000
v -0.29489419 -0.12175494 0.08415270
v -0.29489419 -0.12175494 0.08984730
v -0.29478633 -0.12154327 0.09050000
v -0.29458364 -0.12114546 0.09103209
v -0.29431055 -0.12060948 0.09137939
v -0.29421138 -0.12065056 0.08262061
v -0.29439726 -0.12122265 0.08296791
v -0.29453523 -0.12164728 0.08350000
v -0.29460864 -0.12187322 0.08415270
v -0.29460864 -0.12187322 0.08984730
v -0.29453523 -0.12164728 0.09050000
v -0.29439726 -0.12122265 0.09103209
v -0.29421138 -0.12065056 0.09137939
v -0.29410701 -0.12067562 0.08262061
v -0.29420111 -0.12126975 0.08296791
v -0.29427095 -0.12171073 0.08350000
v -0.29430812 -0.12194537 0.08415270
v -0.29430812 -0.12194537 0.08984730
v -0.29427095 -0.12171073 0.09050000
v -0.29420111 -0.12126975 0.09103209
v -0.29410701 -0.12067562 0.09137939
v -0.29400000 -0.12068404 0.08262061
v -0.29400000 -0.12128558 0.08296791
v -0.29400000 -0.12173205 0.08350000
v -0.29400000 -0.12196962 0.08415270
v -0.29400000 -0.12196962 0.08984730
v -0.29400000 -0.12173205 0.09050000
v -0.29400000 -0.12128558 0.09103209
v -0.29400000 -0.12068404 0.09137939
v -0.29189299 -0.12067562 0.08262061
v -0.29179889 -0.12126975 0.08296791
v -0.29172905 -0.12171073 0.08350000
v -0.29169188 -0.12194537 0.08415270
v -0.29169188 -0.12194537 0.08984730
v -0.29172905 -0.12171073 0.09050000
v -0.29179889 -0.12126975 0.09103209
v -0.29189299 -0.12067562 0.09137939
v -0.29178862 -0.12065056 0.08262061
v -0.29160274 -0.12122265 0.08296791
v -0.29146477 -0.12164728 0.08350000
v -0.29139136 -0.12187322 0.08415270
v -0.29139136 -0.12187322 0.08984730
v -0.29146477 -0.12164728 0.09050000
v -0.29160274 -0.12122265 0.09103209
v -0.29178862 -0.12065056 0.09137939
v -0.29168945 -0.12060948 0.08262061
v -0.29141636 -0.12114546 0.08296791
v -0.29121367 -0.12154327 0.08350000
v -0.29110581 -0.12175494 0.08415270
v -0.29110581 -0.12175494 0.08984730
v -0.29121367 -0.12154327 0.09050000
v -0.29141636 -0.12114546 0.09103209
v -0.29168945 -0.12060948 0.09137939
v -0.29159793 -0.12055340 0.08262061
v -0.29124436 -0.12104005 0.08296791
v -0.29098193 -0.12140126 0.08350000
v -0.29084229 -0.12159345 0.08415270
v -0.29084229 -0.12159345 0.08984730
v -0.29098193 -0.12140126 0.09050000
v -0.29124436 -0.12104005 0.09103209
v -0.29159793 -0.12055340 0.09137939
v -0.29151631 -0.12048369 0.08262061
v -0.29109096 -0.12090904 0.08296791
v -0.29077526 -0.12122474 0.08350000
v -0.29060727 -0.12139273 0.08415270
v -0.29060727 -0.12139273 0.08984730
v -0.29077526 -0.12122474 0.09050000
v -0.29109096 -0.12090904 0.09103209
v -0.29151631 -0.12048369 0.09137939
v -0.29144660 -0.12040207 0.08262061
v -0.29095995 -0.12075564 0.08296791
v -0.29059874 -0.12101807 0.08350000
v -0.29040655 -0.12115771 0.08415270
v -0.29040655 -0.12115771 0.08984730
v -0.29059874 -0.12101807 0.09050000
v -0.29095995 -0.12075564 0.09103209
v -0.29144660 -0.12040207 0.09137939
v -0.29139052 -0.12031055 0.08262061
v -0.29085454 -0.12058364 0.08296791
v -0.29045673 -0.12078633 0.08350000
v -0.29024506 -0.12089419 0.08415270
v -0.29024506 -0.12089419 0.08984730
v -0.29045673 -0.12078633 0.09050000
v -0.29085454 -0.12058364 0.09103209
v -0.29139052 -0.12031055 0.09137939
v -0.29134944 -0.12021138 0.08262061
v -0.29077735 -0.12039726 0.08296791
v -0.29035272 -0.12053523 0.08350000
v -0.29012678 -0.12060864 0.08415270
v -0.29012678 -0.12060864 0.08984730
v -0.29035272 -0.12053523 0.09050000
v -0.29077735 -0.12039726 0.09103209
v -0.29134944 -0.12021138 0.09137939
v -0.29132438 -0.12010701 0.08262061
v -0.29073025 -0.12020111 0.08296791
v -0.29028927 -0.12027095 0.08350000
v -0.29005463 -0.12030812 0.08415270
v -0.29005463 -0.12030812 0.08984730
v -0.29028927 -0.12027095 0.09050000
v -0.29073025 -0.12020111 0.09103209
v -0.29132438 -0.12010701 0.09137939
v -0.29300000 0.10000000 0.08250000
v -0.29131596 0.10000000 0.08262061
v -0.29071442 0.10000000 0.08296791
v -0.29026795 0.10000000 0.08350000
v -0.29003038 0.10000000 0.08415270
v -0.29003038 0.10000000 0.08984730
v -0.29026795 0.10000000 0.09050000
v -0.29071442 0.10000000 0.09103209
v -0.29131596 0.10000000 0.09137939
v -0.29200000 0.10000000 0.09150000
v -0.29132438 0.12010701 0.08262061
v -0.29073025 0.12020111 0.08296791
v -0.29028927 0.12027095 0.08350000
v -0.29005463 0.12030812 0.08415270
v -0.29005463 0.12030812 0.08984730
v -0.29028927 0.12027095 0.09050000
v -0.29073025 0.12020111 0.09103209
v -0.29132438 0.12010701 0.09137939
v -0.29134944 0.12021138 0.08262061
v -0.29077735 0.12039726 0.08296791
v -0.29035272 0.12053523 0.08350000
v -0.29012678 0.12060864 0.08415270
v -0.29012678 0.12060864 0.08984730
v -0.29035272 0.12053523 0.09050000
v -0.29077735 0.12039726 0.09103209
v -0.29134944 0.12021138 0.09137939
v -0.29139052 0.12031055 0.08262061
v -0.29085454 0.12058364 0.08296791
v -0.29045673 0.12078633 0.08350000
v -0.29024506 0.12089419 0.08415270
v -0.29024506 0.12089419 0.08984730
v -0.29045673 0.12078633 0.09050000
v -0.29085454 0.12058364 0.09103209
v -0.29139052 0.12031055 0.09137939
v -0.29144660 0.12040207 0.08262061
v -0.29095995 0.12075564 0.08296791
v -0.29059874 0.12101807 0.08350000
v -0.29040655 0.12115771 0.08415270
v -0.29040655 0.12115771 0.08984730
v -0.29059874 0.12101807 0.09050000
v -0.29095995 0.12075564 0.09103209
v -0.29144660 0.12040207 0.09137939
v -0.29151631 0.12048369 0.08262061
v -0.29109096 0.12090904 0.08296791
v -0.29077526 0.12122474 0.08350000
v -0.29060727 0.12139273 0.08415270
v -0.29060727 0.12139273 0.08984730
v -0.29077526 0.12122474 0.09050000
v -0.29109096 0.12090904 0.09103209
v -0.29151631 0.12048369 0.09137939
v -0.29159793 0.12055340 0.08262061
v -0.29124436 0.12104005 0.08296791
v -0.29098193 0.12140126 0.08350000
v -0.29084229 0.12159345 0.08415270
v -0.29084229 0.12159345 0.08984730
v -0.29098193 0.12140126 0.09050000
v -0.29124436 0.12104005 0.09103209
v -0.29159793 0.12055340 0.09137939
v -0.29168945 0.12060948 0.08262061
v -0.29141636 0.12114546 0.08296791
v -0.29121367 0.12154327 0.08350000
v -0.29110581 0.12175494 0.08415270
v -0.29110581 0.12175494 0.08984730
v -0.29121367 0.12154327 0.09050000
v -0.29141636 0.12114546 0.09103209
v -0.29168945 0.12060948 0.09137939
v -0.29178862 0.12065056 0.08262061
v -0.29160274 0.12122265 0.08296791
v -0.29146477 0.12164728 0.08350000
v -0.29139136 0.12187322 0.08415270
v -0.29139136 0.12187322 0.08984730
v -0.29146477 0.12164728 0.09050000
v -0.29160274 0.12122265 0.09103209
v -0.29178862 0.12065056 0.09137939
v -0.29189299 0.12067562 0.08262061
v -0.29179889 0.12126975 0.08296791
v -0.29172905 0.12171073 0.08350000
v -0.29169188 0.12194537 0.08415270
v -0.29169188 0.12194537 0.08984730
v -0.29172905 0.12171073 0.09050000
v -0.29179889 0.12126975 0.09103209
v -0.29189299 0.12067562 0.09137939
v -0.29200000 0.12068404 0.08262061
v -0.29200000 0.12128558 0.08296791
v -0.29200000 0.12173205 0.08350000
v -0.29200000 0.12196962 0.08415270
v -0.29200000 0.12196962 0.08984730
v -0.29200000 0.12173205 0.09050000
v -0.29200000 0.12128558 0.09103209
v -0.29200000 0.12068404 0.09137939
v -0.29410701 0.12067562 0.08262061
v -0.29420111 0.12126975 0.08296791
v -0.29427095 0.12171073 0.08350000
v -0.29430812 0.12194537 0.08415270
v -0.29430812 0.12194537 0.08984730
v -0.29427095 0.12171073 0.09050000
v -0.29420111 0.12126975 0.09103209
v -0.29410701 0.12067562 0.09137939
v -0.29421138 0.12065056 0.08262061
v -0.29439726 0.12122265 0.08296791
v -0.29453523 0.12164728 0.08350000
v -0.29460864 0.12187322 0.08415270
v -0.29460864 0.12187322 0.08984730
v -0.29453523 0.12164728 0.09050000
v -0.29439726 0.12122265 0.09103209
v -0.29421138 0.12065056 0.09137939
v -0.29431055 0.12060948 0.08262061
v -0.29458364 0.12114546 0.08296791
v -0.29478633 0.12154327 0.08350000
v -0.29489419 0.12175494 0.08415270
v -0.29489419 0.12175494 0.08984730
v -0.29478633 0.12154327 0.09050000
v -0.29458364 0.12114546 0.09103209
v -0.29431055 0.12060948 0.09137939
v -0.29440207 0.12055340 0.08262061
v -0.29475564 0.12104005 0.08296791
v -0.29501807 0.12140126 0.08350000
v -0.29515771 0.12159345 0.08415270
v -0.29515771 0.12159345 0.08984730
v -0.29501807 0.12140126 0.09050000
v -0.29475564 0.12104005 0.09103209
v -0.29440207 0.12055340 0.09137939
v -0.29448369 0.12048369 0.08262061
v -0.29490904 0.12090904 0.08296791
v -0.29522474 0.12122474 0.08350000
v -0.29539273 0.12139273 0.08415270
v -0.29539273 0.12139273 0.08984730
v -0.29522474 0.12122474 0.09050000
v -0.29490904 0.12090904 0.09103209
v -0.29448369 0.12048369 0.09137939
v -0.29455340 0.12040207 0.08262061
v -0.29504005 0.12075564 0.08296791
v -0.29540126 0.12101807 0.08350000
v -0.29559345 0.12115771 0.08415270
v -0.29559345 0.12115771 0.08984730
v -0.29540126 0.12101807 0.09050000
v -0.29504005 0.12075564 0.09103209
v -0.29455340 0.12040207 0.09137939
v -0.29460948 0.12031055 0.08262061
v -0.29514546 0.12058364 0.08296791
v -0.29554327 0.12078633 0.08350000
v -0.29575494 0.12089419 0.08415270
v -0.29575494 0.12089419 0.08984730
v -0.29554327 0.12078633 0.09050000
v -0.29514546 0.12058364 0.09103209
v -0.29460948 0.12031055 0.09137939
v -0.29465056 0.12021138 0.08262061
v -0.29522265 0.12039726 0.08296791
v -0.29564728 0.12053523 0.08350000
v -0.29587322 0.12060864 0.08415270
v -0.29587322 0.12060864 0.08984730
v -0.29564728 0.12053523 0.09050000
v -0.29522265 0.12039726 0.09103209
v -0.29465056 0.12021138 0.09137939
v -0.29467562 0.12010701 0.08262061
v -0.29526975 0.12020111 0.08296791
v -0.29571073 0.12027095 0.08350000
v -0.29594537 0.12030812 0.08415270
v -0.29594537 0.12030812 0.08984730
v -0.29571073 0.12027095 0.09050000
v -0.29526975 0.12020111 0.09103209
v -0.29467562 0.12010701 0.09137939
v -0.29468404 0.12000000 0.08262061
v -0.29528558 0.12000000 0.08296791
v -0.29573205 0.12000000 0.08350000
v -0.29596962 0.12000000 0.08415270
v -0.29596962 0.12000000 0.08984730
v -0.29573205 0.12000000 0.09050000
v -0.29528558 0.12000000 0.09103209
v -0.29468404 0.12000000 0.09137939
v -0.29467562 0.07989299 0.08262061
v -0.29526975 0.07979889 0.08296791
v -0.29571073 0.07972905 0.08350000
v -0.29594537 0.07969188 0.08415270
v -0.29594537 0.07969188 0.08984730
v -0.29571073 0.07972905 0.09050000
v -0.29526975 0.07979889 0.09103209
v -0.29467562 0.07989299 0.09137939
v -0.29465056 0.07978862 0.08262061
v -0.29522265 0.07960274 0.08296791
v -0.29564728 0.07946477 0.08350000
v -0.29587322 0.07939136 0.08415270
v -0.29587322 0.07939136 0.08984730
v -0.29564728 0.07946477 0.09050000
v -0.29522265 0.07960274 0.09103209
v -0.29465056 0.07978862 0.09137939
v -0.29460948 0.07968945 0.08262061
v -0.29514546 0.07941636 0.08296791
v -0.29554327 0.07921367 0.08350000
v -0.29575494 0.07910581 0.08415270
v -0.29575494 0.07910581 0.08984730
v -0.29554327 0.07921367 0.09050000
v -0.29514546 0.07941636 0.09103209
v -0.29460948 0.07968945 0.09137939
v -0.29455340 0.07959793 0.08262061
v -0.29504005 0.07924436 0.08296791
v -0.29540126 0.07898193 0.08350000
v -0.29559345 0.07884229 0.08415270
v -0.29559345 0.07884229 0.08984730
v -0.29540126 0.07898193 0.09050000
v -0.29504005 0.07924436 0.09103209
v -0.29455340 0.07959793 0.09137939
v -0.29448369 0.07951631 0.08262061
v -0.29490904 0.07909096 0.08296791
v -0.29522474 0.07877526 0.08350000
v -0.29539273 0.07860727 0.08415270
v -0.29539273 0.07860727 0.08984730
v -0.29522474 0.07877526 0.09050000
v -0.29490904 0.07909096 0.09103209
v -0.29448369 0.07951631 0.09137939
v -0.29440207 0.07944660 0.08262061
v -0.29475564 0.07895995 0.08296791
v -0.29501807 0.07859874 0.08350000
v -0.29515771 0.07840655 0.08415270
v -0.29515771 0.07840655 0.08984730
v -0.29501807 0.07859874 0.09050000
v -0.29475564 0.07895995 0.09103209
v -0.29440207 0.07944660 0.09137939
v -0.29431055 0.07939052 0.08262061
v -0.29458364 0.07885454 0.08296791
v -0.29478633 0.07845673 0.08350000
v -0.29489419 0.07824506 0.08415270
v -0.29489419 0.07824506 0.08984730
v -0.29478633 0.07845673 0.09050000
v -0.29458364 0.07885454 0.09103209
v -0.29431055 0.07939052 0.09137939
v -0.29421138 0.07934944 0.08262061
v -0.29439726 0.07877735 0.08296791
v -0.29453523 0.07835272 0.08350000
v -0.29460864 0.07812678 0.08415270
v -0.29460864 0.07812678 0.08984730
v -0.29453523 0.07835272 0.09050000
v -0.29439726 0.07877735 0.09103209
v -0.29421138 0.07934944 0.09137939
v -0.29410701 0.07932438 0.08262061
v -0.29420111 0.07873025 0.08296791
v -0.29427095 0.07828927 0.08350000
v -0.29430812 0.07805463 0.08415270
v -0.29430812 0.07805463 0.08984730
v -0.29427095 0.07828927 0.09050000
v -0.29420111 0.07873025 0.09103209
v -0.29410701 0.07932438 0.09137939
v -0.29400000 0.07931596 0.08262061
v -0.29400000 0.07871442 0.08296791
v -0.29400000 0.07826795 0.08350000
v -0.29400000 0.07803038 0.08415270
v -0.29400000 0.07803038 0.08984730
v -0.29400000 0.07826795 0.09050000
v -0.29400000 0.07871442 0.09103209
v -0.29400000 0.07931596 0.09137939
v -0.29189299 0.07932438 0.08262061
v -0.29179889 0.07873025 0.08296791
v -0.29172905 0.07828927 0.08350000
v -0.29169188 0.07805463 0.08415270
v -0.29169188 0.07805463 0.08984730
v -0.29172905 0.07828927 0.09050000
v -0.29179889 0.07873025 0.09103209
v -0.29189299 0.07932438 0.09137939
v -0.29178862 0.07934944 0.08262061
v -0.29160274 0.07877735 0.08296791
v -0.29146477 0.07835272 0.08350000
v -0.29139136 0.07812678 0.08415270
v -0.29139136 0.07812678 0.08984730
v -0.29146477 0.07835272 0.09050000
v -0.29160274 0.07877735 0.09103209
v -0.29178862 0.07934944 0.09137939
v -0.29168945 0.07939052 0.08262061
v -0.29141636 0.07885454 0.08296791
v -0.29121367 0.07845673 0.08350000
v -0.29110581 0.07824506 0.08415270
v -0.29110581 0.07824506 0.08984730
v -0.29121367 0.07845673 0.09050000
v -0.29141636 0.07885454 0.09103209
v -0.29168945 0.07939052 0.09137939
v -0.29159793 0.07944660 0.08262061
v -0.29124436 0.07895995 0.08296791
v -0.29098193 0.07859874 0.08350000
v -0.29084229 0.07840655 0.08415270
v -0.29084229 0.07840655 0.08984730
v -0.29098193 0.07859874 0.09050000
v -0.29124436 0.07895995 0.09103209
v -0.29159793 0.07944660 0.09137939
v -0.29151631 0.07951631 0.08262061
v -0.29109096 0.07909096 0.08296791
v -0.29077526 0.07877526 0.08350000
v -0.29060727 0.07860727 0.08415270
v -0.29060727 0.07860727 0.08984730
v -0.29077526 0.07877526 0.09050000
v -0.29109096 0.07909096 0.09103209
v -0.29151631 0.07951631 0.09137939
v -0.29144660 0.07959793 0.08262061
v -0.29095995 0.07924436 0.08296791
v -0.29059874 0.07898193 0.08350000
v -0.29040655 0.07884229 0.08415270
v -0.29040655 0.07884229 0.08984730
v -0.29059874 0.07898193 0.09050000
v -0.29095995 0.07924436 0.09103209
v -0.29144660 0.07959793 0.09137939
v -0.29139052 0.07968945 0.08262061
v -0.29085454 0.07941636 0.08296791
v -0.29045673 0.07921367 0.08350000
v -0.29024506 0.07910581 0.08415270
v -0.29024506 0.07910581 0.08984730
v -0.29045673 0.07921367 0.09050000
v -0.29085454 0.07941636 0.09103209
v -0.29139052 0.07968945 0.09137939
v -0.29134944 0.07978862 0.08262061
v -0.29077735 0.07960274 0.08296791
v -0.29035272 0.07946477 0.08350000
v -0.29012678 0.07939136 0.08415270
v -0.29012678 0.07939136 0.08984730
v -0.29035272 0.07946477 0.09050000
v -0.29077735 0.07960274 0.09103209
v -0.29134944 0.07978862 0.09137939
v -0.29132438 0.07989299 0.08262061
v -0.29073025 0.07979889 0.08296791
v -0.29028927 0.07972905 0.08350000
v -0.29005463 0.07969188 0.08415270
v -0.29005463 0.07969188 0.08984730
v -0.29028927 0.07972905 0.09050000
v -0.29073025 0.07979889 0.09103209
v -0.29132438 0.07989299 0.09137939
v 0.29300000 -0.10000000 0.08250000
v 0.29468404 -0.10000000 0.08262061
v 0.29528558 -0.10000000 0.08296791
v 0.29573205 -0.10000000 0.08350000
v 0.29596962 -0.10000000 0.08415270
v 0.29596962 -0.10000000 0.08984730
v 0.29573205 -0.10000000 0.09050000
v 0.29528558 -0.10000000 0.09103209
v 0.29468404 -0.10000000 0.09137939
v 0.29400000 -0.10000000 0.09150000
v 0.29467562 -0.07989299 0.08262061
v 0.29526975 -0.07979889 0.08296791
v 0.29571073 -0.07972905 0.08350000
v 0.29594537 -0.07969188 0.08415270
v 0.29594537 -0.07969188 0.08984730
v 0.29571073 -0.07972905 0.09050000
v 0.29526975 -0.07979889 0.09103209
v 0.29467562 -0.07989299 0.09137939
v 0.29465056 -0.07978862 0.08262061
v 0.29522265 -0.07960274 0.08296791
v 0.29564728 -0.07946477 0.08350000
v 0.29587322 -0.07939136 0.08415270
v 0.29587322 -0.07939136 0.08984730
v 0.29564728 -0.07946477 0.09050000
v 0.29522265 -0.07960274 0.09103209
v 0.29465056 -0.07978862 0.09137939
v 0.29460948 -0.07968945 0.08262061
v 0.29514546 -0.07941636 0.08296791
v 0.29554327 -0.07921367 0.08350000
v 0.29575494 -0.07910581 0.08415270
v 0.29575494 -0.07910581 0.08984730
v 0.29554327 -0.07921367 0.09050000
v 0.29514546 -0.07941636 0.09103209
v 0.29460948 -0.07968945 0.09137939
v 0.29455340 -0.07959793 0.08262061
v 0.29504005 -0.07924436 0.08296791
v 0.29540126 -0.07898193 0.08350000
v 0.29559345 -0.07884229 0.08415270
v 0.29559345 -0.07884229 0.08984730
v 0.29540126 -0.07898193 0.09050000
v 0.29504005 -0.07924436 0.09103209
v 0.29455340 -0.07959793 0.09137939
v 0.29448369 -0.07951631 0.08262061
v 0.29490904 -0.07909096 0.08296791
v 0.29522474 -0.07877526 0.08350000
v 0.29539273 -0.07860727 0.08415270
v 0.29539273 -0.07860727 0.08984730
v 0.29522474 -0.07877526 0.09050000
v 0.29490904 -0.07909096 0.09103209
v 0.29448369 -0.07951631 0.09137939
v 0.29440207 -0.07944660 0.08262061
v 0.29475564 -0.07895995 0.08296791
v 0.29501807 -0.07859874 0.08350000
v 0.29515771 -0.07840655 0.08415270
v 0.29515771 -0.07840655 0.08984730
v 0.29501807 -0.07859874 0.09050000
v 0.29475564 -0.07895995 0.09103209
v 0.29440207 -0.07944660 0.09137939
v 0.29431055 -0.07939052 0.08262061
v 0.29458364 -0.07885454 0.08296791
v 0.29478633 -0.07845673 0.08350000
v 0.29489419 -0.07824506 0.08415270
v 0.29489419 -0.07824506 0.08984730
v 0.29478633 -0.07845673 0.09050000
v 0.29458364 -0.07885454 0.09103209
v 0.29431055 -0.07939052 0.09137939
v 0.29421138 -0.07934944 0.08262061
v 0.29439726 -0.07877735 0.08296791
v 0.29453523 -0.07835272 0.08350000
v 0.29460864 -0.07812678 0.08415270
v 0.29460864 -0.07812678 0.08984730
v 0.29453523 -0.07835272 0.09050000
v 0.29439726 -0.07877735 0.09103209
v 0.29421138 -0.07934944 0.09137939
v 0.29410701 -0.07932438 0.08262061
v 0.29420111 -0.07873025 0.08296791
v 0.29427095 -0.07828927 0.08350000
v 0.29430812 -0.07805463 0.08415270
v 0.29430812 -0.07805463 0.08984730
v 0.29427095 -0.07828927 0.09050000
v 0.29420111 -0.07873025 0.09103209
v 0.29410701 -0.07932438 0.09137939
v 0.29400000 -0.07931596 0.08262061
v 0.29400000 -0.07871442 0.08296791
v 0.29400000 -0.07826795 0.08350000
v 0.29400000 -0.07803038 0.08415270
v 0.29400000 -0.07803038 0.08984730
v 0.29400000 -0.07826795 0.09050000
v 0.29400000 -0.07871442 0.09103209
v 0.29400000 -0.07931596 0.09137939
v 0.29189299 -0.07932438 0.08262061
v 0.29179889 -0.07873025 0.08296791
v 0.29172905 -0.07828927 0.08350000
v 0.29169188 -0.07805463 0.08415270
v 0.29169188 -0.07805463 0.08984730
v 0.29172905 -0.07828927 0.09050000
v 0.29179889 -0.07873025 0.09103209
v 0.29189299 -0.07932438 0.09137939
v 0.29178862 -0.07934944 0.08262061
v 0.29160274 -0.07877735 0.08296791
v 0.29146477 -0.07835272 0.08350000
v 0.29139136 -0.07812678 0.08415270
v 0.29139136 -0.07812678 0.08984730
v 0.29146477 -0.07835272 0.09050000
v 0.29160274 -0.07877735 0.09103209
v 0.29178862 -0.07934944 0.09137939
v 0.29168945 -0.07939052 0.08262061
v 0.29141636 -0.07885454 0.08296791
v 0.29121367 -0.07845673 0.08350000
v 0.29110581 -0.07824506 0.08415270
v 0.29110581 -0.07824506 0.08984730
v 0.29121367 -0.07845673 0.09050000
v 0.29141636 -0.07885454 0.09103209
v 0.29168945 -0.07939052 0.09137939
v 0.29159793 -0.07944660 0.08262061
v 0.29124436 -0.07895995 0.08296791
v 0.29098193 -0.07859874 0.08350000
v 0.29084229 -0.07840655 0.08415270
v 0.29084229 -0.07840655 0.08984730
v 0.29098193 -0.07859874 0.09050000
v 0.29124436 -0.07895995 0.09103209
v 0.29159793 -0.07944660 0.09137939
v 0.29151631 -0.07951631 0.08262061
v 0.29109096 -0.07909096 0.08296791
v 0.29077526 -0.07877526 0.08350000
v 0.29060727 -0.07860727 0.08415270
v 0.29060727 -0.07860727 0.08984730
v 0.29077526 -0.07877526 0.09050000
v 0.29109096 -0.07909096 0.09103209
v 0.29151631 -0.07951631 0.09137939
v 0.29144660 -0.07959793 0.08262061
v 0.29095995 -0.07924436 0.08296791
v 0.29059874 -0.07898193 0.08350000
v 0.29040655 -0.07884229 0.08415270
v 0.29040655 -0.07884229 0.08984730
v 0.29059874 -0.07898193 0.09050000
v 0.29095995 -0.07924436 0.09103209
v 0.29144660 -0.07959793 0.09137939
v 0.29139052 -0.07968945 0.08262061
v 0.29085454 -0.07941636 0.08296791
v 0.29045673 -0.07921367 0.08350000
v 0.29024506 -0.07910581 0.08415270
v 0.29024506 -0.07910581 0.08984730
v 0.29045673 -0.07921367 0.09050000
v 0.29085454 -0.07941636 0.09103209
v 0.29139052 -0.07968945 0.09137939
v 0.29134944 -0.07978862 0.08262061
v 0.29077735 -0.07960274 0.08296791
v 0.29035272 -0.07946477 0.08350000
v 0.29012678 -0.07939136 0.08415270
v 0.29012678 -0.07939136 0.08984730
v 0.29035272 -0.07946477 0.09050000
v 0.29077735 -0.07960274 0.09103209
v 0.29134944 -0.07978862 0.09137939
v 0.29132438 -0.07989299 0.08262061
v 0.29073025 -0.07979889 0.08296791
v 0.29028927 -0.07972905 0.08350000
v 0.29005463 -0.07969188 0.08415270
v 0.29005463 -0.07969188 0.08984730
v 0.29028927 -0.07972905 0.09050000
v 0.29073025 -0.07979889 0.09103209
v 0.29132438 -0.07989299 0.09137939
v 0.29131596 -0.08000000 0.08262061
v 0.29071442 -0.08000000 0.08296791
v 0.29026795 -0.08000000 0.08350000
v 0.29003038 -0.08000000 0.08415270
v 0.29003038 -0.08000000 0.08984730
v 0.29026795 -0.08000000 0.09050000
v 0.29071442 -0.08000000 0.09103209
v 0.29131596 -0.08000000 0.09137939
v 0.29132438 -0.12010701 0.08262061
v 0.29073025 -0.12020111 0.08296791
v 0.29028927 -0.12027095 0.08350000
v 0.29005463 -0.12030812 0.08415270
v 0.29005463 -0.12030812 0.08984730
v 0.29028927 -0.12027095 0.09050000
v 0.29073025 -0.12020111 0.09103209
v 0.29132438 -0.12010701 0.09137939
v 0.29134944 -0.12021138 0.08262061
v 0.29077735 -0.12039726 0.08296791
v 0.29035272 -0.12053523 0.08350000
v 0.29012678 -0.12060864 0.08415270
v 0.29012678 -0.12060864 0.08984730
v 0.29035272 -0.12053523 0.09050000
v 0.29077735 -0.12039726 0.09103209
v 0.29134944 -0.12021138 0.09137939
v 0.29139052 -0.12031055 0.08262061
v 0.29085454 -0.12058364 0.08296791
v 0.29045673 -0.12078633 0.08350000
v 0.29024506 -0.12089419 0.08415270
v 0.29024506 -0.12089419 0.08984730
v 0.29045673 -0.12078633 0.09050000
v 0.29085454 -0.12058364 0.09103209
v 0.29139052 -0.12031055 0.09137939
v 0.29144660 -0.12040207 0.08262061
v 0.29095995 -0.12075564 0.08296791
v 0.29059874 -0.12101807 0.08350000
v 0.29040655 -0.12115771 0.08415270
v 0.29040655 -0.12115771 0.08984730
v 0.29059874 -0.12101807 0.09050000
v 0.29095995 -0.12075564 0.09103209
v 0.29144660 -0.12040207 0.09137939
v 0.29151631 -0.12048369 0.08262061
v 0.29109096 -0.12090904 0.08296791
v 0.29077526 -0.12122474 0.08350000
v 0.29060727 -0.12139273 0.08415270
v 0.29060727 -0.12139273 0.08984730
v 0.29077526 -0.12122474 0.09050000
v 0.29109096 -0.12090904 0.09103209
v 0.29151631 -0.12048369 0.09137939
v 0.29159793 -0.12055340 0.08262061
v 0.29124436 -0.12104005 0.08296791
v 0.29098193 -0.12140126 0.08350000
v 0.29084229 -0.12159345 0.08415270
v 0.29084229 -0.12159345 0.08984730
v 0.29098193 -0.12140126 0.09050000
v 0.29124436 -0.12104005 0.09103209
v 0.29159793 -0.12055340 0.09137939
v 0.29168945 -0.12060948 0.08262061
v 0.29141636 -0.12114546 0.08296791
v 0.29121367 -0.12154327 0.08350000
v 0.29110581 -0.12175494 0.08415270
v 0.29110581 -0.12175494 0.08984730
v 0.29121367 -0.12154327 0.09050000
v 0.29141636 -0.12114546 0.09103209
v 0.29168945 -0.12060948 0.09137939
v 0.29178862 -0.12065056 0.08262061
v 0.29160274 -0.12122265 0.08296791
v 0.29146477 -0.12164728 0.08350000
v 0.29139136 -0.12187322 0.08415270
v 0.29139136 -0.12187322 0.08984730
v 0.29146477 -0.12164728 0.09050000
v 0.29160274 -0.12122265 0.09103209
v 0.29178862 -0.12065056 0.09137939
v 0.29189299 -0.12067562 0.08262061
v 0.29179889 -0.12126975 0.08296791
v 0.29172905 -0.12171073 0.08350000
v 0.29169188 -0.12194537 0.08415270
v 0.29169188 -0.12194537 0.08984730
v 0.29172905 -0.12171073 0.09050000
v 0.29179889 -0.12126975 0.09103209
v 0.29189299 -0.12067562 0.09137939
v 0.29200000 -0.12068404 0.08262061
v 0.29200000 -0.12128558 0.08296791
v 0.29200000 -0.12173205 0.08350000
v 0.29200000 -0.12196962 0.08415270
v 0.29200000 -0.12196962 0.08984730
v 0.29200000 -0.12173205 0.09050000
v 0.29200000 -0.12128558 0.09103209
v 0.29200000 -0.12068404 0.09137939
v 0.29410701 -0.12067562 0.08262061
v 0.29420111 -0.12126975 0.08296791
v 0.29427095 -0.12171073 0.08350000
v 0.29430812 -0.12194537 0.08415270
v 0.29430812 -0.12194537 0.08984730
v 0.29427095 -0.12171073 0.09050000
v 0.29420111 -0.12126975 0.09103209
v 0.29410701 -0.12067562 0.09137939
v 0.29421138 -0.12065056 0.08262061
v 0.29439726 -0.12122265 0.08296791
v 0.29453523 -0.12164728 0.08350000
v 0.29460864 -0.12187322 0.08415270
v 0.29460864 -0.12187322 0.08984730
v 0.29453523 -0.12164728 0.09050000
v 0.29439726 -0.12122265 0.09103209
v 0.29421138 -0.12065056 0.09137939
v 0.29431055 -0.12060948 0.08262061
v 0.29458364 -0.12114546 0.08296791
v 0.29478633 -0.12154327 0.08350000
v 0.29489419 -0.12175494 0.08415270
v 0.29489419 -0.12175494 0.08984730
v 0.29478633 -0.12154327 0.09050000
v 0.29458364 -0.12114546 0.09103209
v 0.29431055 -0.12060948 0.09137939
v 0.29440207 -0.12055340 0.08262061
v 0.29475564 -0.12104005 0.08296791
v 0.29501807 -0.12140126 0.08350000
v 0.29515771 -0.12159345 0.08415270
v 0.29515771 -0.12159345 0.08984730
v 0.29501807 -0.12140126 0.09050000
v 0.29475564 -0.12104005 0.09103209
v 0.29440207 -0.12055340 0.09137939
v 0.29448369 -0.12048369 0.08262061
v 0.29490904 -0.12090904 0.08296791
v 0.29522474 -0.12122474 0.08350000
v 0.29539273 -0.12139273 0.08415270
v 0.29539273 -0.12139273 0.08984730
v 0.29522474 -0.12122474 0.09050000
v 0.29490904 -0.12090904 0.09103209
v 0.29448369 -0.12048369 0.09137939
v 0.29455340 -0.12040207 0.08262061
v 0.29504005 -0.12075564 0.08296791
v 0.29540126 -0.12101807 0.08350000
v 0.29559345 -0.12115771 0.08415270
v 0.29559345 -0.12115771 0.08984730
v 0.29540126 -0.12101807 0.09050000
v 0.29504005 -0.12075564 0.09103209
v 0.29455340 -0.12040207 0.09137939
v 0.29460948 -0.12031055 0.08262061
v 0.29514546 -0.12058364 0.08296791
v 0.29554327 -0.12078633 0.08350000
v 0.29575494 -0.12089419 0.08415270
v 0.29575494 -0.12089419 0.08984730
v 0.29554327 -0.12078633 0.09050000
v 0.29514546 -0.12058364 0.09103209
v 0.29460948 -0.12031055 0.09137939
v 0.29465056 -0.12021138 0.08262061
v 0.29522265 -0.12039726 0.08296791
v 0.29564728 -0.12053523 0.08350000
v 0.29587322 -0.12060864 0.08415270
v 0.29587322 -0.12060864 0.08984730
v 0.29564728 -0.12053523 0.09050000
v 0.29522265 -0.12039726 0.09103209
v 0.29465056 -0.12021138 0.09137939
v 0.29467562 -0.12010701 0.08262061
v 0.29526975 -0.12020111 0.08296791
v 0.29571073 -0.12027095 0.08350000
v 0.29594537 -0.12030812 0.08415270
v 0.29594537 -0.12030812 0.08984730
v 0.29571073 -0.12027095 0.09050000
v 0.29526975 -0.12020111 0.09103209
v 0.29467562 -0.12010701 0.09137939
v 0.29300000 0.10000000 0.08250000
v 0.29468404 0.10000000 0.08262061
v 0.29528558 0.10000000 0.08296791
v 0.29573205 0.10000000 0.08350000
v 0.29596962 0.10000000 0.08415270
v 0.29596962 0.10000000 0.08984730
v 0.29573205 0.10000000 0.09050000
v 0.29528558 0.10000000 0.09103209
v 0.29468404 0.10000000 0.09137939
v 0.29400000 0.10000000 0.09150000
v 0.29467562 0.12010701 0.08262061
v 0.29526975 0.12020111 0.08296791
v 0.29571073 0.12027095 0.08350000
v 0.29594537 0.12030812 0.08415270
v 0.29594537 0.12030812 0.08984730
v 0.29571073 0.12027095 0.09050000
v 0.29526975 0.12020111 0.09103209
v 0.29467562 0.12010701 0.09137939
v 0.29465056 0.12021138 0.08262061
v 0.29522265 0.12039726 0.08296791
v 0.29564728 0.12053523 0.08350000
v 0.29587322 0.12060864 0.08415270
v 0.29587322 0.12060864 0.08984730
v 0.29564728 0.12053523 0.09050000
v 0.29522265 0.12039726 0.09103209
v 0.29465056 0.12021138 0.09137939
v 0.29460948 0.12031055 0.08262061
v 0.29514546 0.12058364 0.08296791
v 0.29554327 0.12078633 0.08350000
v 0.29575494 0.12089419 0.08415270
v 0.29575494 0.12089419 0.08984730
v 0.29554327 0.12078633 0.09050000
v 0.29514546 0.12058364 0.09103209
v 0.29460948 0.12031055 0.09137939
v 0.29455340 0.12040207 0.08262061
v 0.29504005 0.12075564 0.08296791
v 0.29540126 0.12101807 0.08350000
v 0.29559345 0.12115771 0.08415270
v 0.29559345 0.12115771 0.08984730
v 0.29540126 0.12101807 0.09050000
v 0.29504005 0.12075564 0.09103209
v 0.29455340 0.12040207 0.09137939
v 0.29448369 0.12048369 0.08262061
v 0.29490904 0.12090904 0.08296791
v 0.29522474 0.12122474 0.08350000
v 0.29539273 0.12139273 0.08415270
v 0.29539273 0.12139273 0.08984730
v 0.29522474 0.12122474 0.09050000
v 0.29490904 0.12090904 0.09103209
v 0.29448369 0.12048369 0.09137939
v 0.29440207 0.12055340 0.08262061
v 0.29475564 0.12104005 0.08296791
v 0.29501807 0.12140126 0.08350000
v 0.29515771 0.12159345 0.08415270
v 0.29515771 0.12159345 0.08984730
v 0.29501807 0.12140126 0.09050000
v 0.29475564 0.12104005 0.09103209
v 0.29440207 0.12055340 0.09137939
v 0.29431055 0.12060948 0.08262061
v 0.29458364 0.12114546 0.08296791
v 0.29478633 0.12154327 0.08350000
v 0.29489419 0.12175494 0.08415270
v 0.29489419 0.12175494 0.08984730
v 0.29478633 0.12154327 0.09050000
v 0.29458364 0.12114546 0.09103209
v 0.29431055 0.12060948 0.09137939
v 0.29421138 0.12065056 0.08262061
v 0.29439726 0.12122265 0.08296791
v 0.29453523 0.12164728 0.08350000
v 0.29460864 0.12187322 0.08415270
v 0.29460864 0.12187322 0.08984730
v 0.29453523 0.12164728 0.09050000
v 0.29439726 0.12122265 0.09103209
v 0.29421138 0.12065056 0.09137939
v 0.29410701 0.12067562 0.08262061
v 0.29420111 0.12126975 0.08296791
v 0.29427095 0.12171073 0.08350000
v 0.29430812 0.12194537 0.08415270
v 0.29430812 0.12194537 0.08984730
v 0.29427095 0.12171073 0.09050000
v 0.29420111 0.12126975 0.09103209
v 0.29410701 0.12067562 0.09137939
v 0.29400000 0.12068404 0.08262061
v 0.29400000 0.12128558 0.08296791
v 0.29400000 0.12173205 0.08350000
v 0.29400000 0.12196962 0.08415270
v 0.29400000 0.12196962 0.08984730
v 0.29400000 0.12173205 0.09050000
v 0.29400000 0.12128558 0.09103209
v 0.29400000 0.12068404 0.09137939
v 0.29189299 0.12067562 0.08262061
v 0.29179889 0.12126975 0.08296791
v 0.29172905 0.12171073 0.08350000
v 0.29169188 0.12194537 0.08415270
v 0.29169188 0.12194537 0.08984730
v 0.29172905 0.12171073 0.09050000
v 0.29179889 0.12126975 0.09103209
v 0.29189299 0.12067562 0.09137939
v 0.29178862 0.12065056 0.08262061
v 0.29160274 0.12122265 0.08296791
v 0.29146477 0.12164728 0.08350000
v 0.29139136 0.12187322 0.08415270
v 0.29139136 0.12187322 0.08984730
v 0.29146477 0.12164728 0.09050000
v 0.29160274 0.12122265 0.09103209
v 0.29178862 0.12065056 0.09137939
v 0.29168945 0.12060948 0.08262061
v 0.29141636 0.12114546 0.08296791
v 0.29121367 0.12154327 0.08350000
v 0.29110581 0.12175494 0.08415270
v 0.29110581 0.12175494 0.08984730
v 0.29121367 0.12154327 0.09050000
v 0.29141636 0.12114546 0.09103209
v 0.29168945 0.12060948 0.09137939
v 0.29159793 0.12055340 0.08262061
v 0.29124436 0.12104005 0.08296791
v 0.29098193 0.12140126 0.08350000
v 0.29084229 0.12159345 0.08415270
v 0.29084229 0.12159345 0.08984730
v 0.29098193 0.12140126 0.09050000
v 0.29124436 0.12104005 0.09103209
v 0.29159793 0.12055340 0.09137939
v 0.29151631 0.12048369 0.08262061
v 0.29109096 0.12090904 0.08296791
v 0.29077526 0.12122474 0.08350000
v 0.29060727 0.12139273 0.08415270
v 0.29060727 0.12139273 0.08984730
v 0.29077526 0.12122474 0.09050000
v 0.29109096 0.12090904 0.09103209
v 0.29151631 0.12048369 0.09137939
v 0.29144660 0.12040207 0.08262061
v 0.29095995 0.12075564 0.08296791
v 0.29059874 0.12101807 0.08350000
v 0.29040655 0.12115771 0.08415270
v 0.29040655 0.12115771 0.08984730
v 0.29059874 0.12101807 0.09050000
v 0.29095995 0.12075564 0.09103209
v 0.29144660 0.12040207 0.09137939
v 0.29139052 0.12031055 0.08262061
v 0.29085454 0.12058364 0.08296791
v 0.29045673 0.12078633 0.08350000
v 0.29024506 0.12089419 0.08415270
v 0.29024506 0.12089419 0.08984730
v 0.29045673 0.12078633 0.09050000
v 0.29085454 0.12058364 0.09103209
v 0.29139052 0.12031055 0.09137939
v 0.29134944 0.12021138 0.08262061
v 0.29077735 0.12039726 0.08296791
v 0.29035272 0.12053523 0.08350000
v 0.29012678 0.12060864 0.08415270
v 0.29012678 0.12060864 0.08984730
v 0.29035272 0.12053523 0.09050000
v 0.29077735 0.12039726 0.09103209
v 0.29134944 0.12021138 0.09137939
v 0.29132438 0.12010701 0.08262061
v 0.29073025 0.12020111 0.08296791
v 0.29028927 0.12027095 0.08350000
v 0.29005463 0.12030812 0.08415270
v 0.29005463 0.12030812 0.08984730
v 0.29028927 0.12027095 0.09050000
v 0.29073025 0.12020111 0.09103209
v 0.29132438 0.12010701 0.09137939
v 0.29131596 0.12000000 0.08262061
v 0.29071442 0.12000000 0.08296791
v 0.29026795 0.12000000 0.08350000
v 0.29003038 0.12000000 0.08415270
v 0.29003038 0.12000000 0.08984730
v 0.29026795 0.12000000 0.09050000
v 0.29071442 0.12000000 0.09103209
v 0.29131596 0.12000000 0.09137939
v 0.29132438 0.07989299 0.08262061
v 0.29073025 0.07979889 0.08296791
v 0.29028927 0.07972905 0.08350000
v 0.29005463 0.07969188 0.08415270
v 0.29005463 0.07969188 0.08984730
v 0.29028927 0.07972905 0.09050000
v 0.29073025 0.07979889 0.09103209
v 0.29132438 0.07989299 0.09137939
v 0.29134944 0.07978862 0.08262061
v 0.29077735 0.07960274 0.08296791
v 0.29035272 0.07946477 0.08350000
v 0.29012678 0.07939136 0.08415270
v 0.29012678 0.07939136 0.08984730
v 0.29035272 0.07946477 0.09050000
v 0.29077735 0.07960274 0.09103209
v 0.29134944 0.07978862 0.09137939
v 0.29139052 0.07968945 0.08262061
v 0.29085454 0.07941636 0.08296791
v 0.29045673 0.07921367 0.08350000
v 0.29024506 0.07910581 0.08415270
v 0.29024506 0.07910581 0.08984730
v 0.29045673 0.07921367 0.09050000
v 0.29085454 0.07941636 0.09103209
v 0.29139052 0.07968945 0.09137939
v 0.29144660 0.07959793 0.08262061
v 0.29095995 0.07924436 0.08296791
v 0.29059874 0.07898193 0.08350000
v 0.29040655 0.07884229 0.08415270
v 0.29040655 0.07884229 0.08984730
v 0.29059874 0.07898193 0.09050000
v 0.29095995 0.07924436 0.09103209
v 0.29144660 0.07959793 0.09137939
v 0.29151631 0.07951631 0.08262061
v 0.29109096 0.07909096 0.08296791
v 0.29077526 0.07877526 0.08350000
v 0.29060727 0.07860727 0.08415270
v 0.29060727 0.07860727 0.08984730
v 0.29077526 0.07877526 0.09050000
v 0.29109096 0.07909096 0.09103209
v 0.29151631 0.07951631 0.09137939
v 0.29159793 0.07944660 0.08262061
v 0.29124436 0.07895995 0.08296791
v 0.29098193 0.07859874 0.08350000
v 0.29084229 0.07840655 0.08415270
v 0.29084229 0.07840655 0.08984730
v 0.29098193 0.07859874 0.09050000
v 0.29124436 0.07895995 0.09103209
v 0.29159793 0.07944660 0.09137939
v 0.29168945 0.07939052 0.08262061
v 0.29141636 0.07885454 0.08296791
v 0.29121367 0.07845673 0.08350000
v 0.29110581 0.07824506 0.08415270
v 0.29110581 0.07824506 0.08984730
v 0.29121367 0.07845673 0.09050000
v 0.29141636 0.07885454 0.09103209
v 0.29168945 0.07939052 0.09137939
v 0.29178862 0.07934944 0.08262061
v 0.29160274 0.07877735 0.08296791
v 0.29146477 0.07835272 0.08350000
v 0.29139136 0.07812678 0.08415270
v 0.29139136 0.07812678 0.08984730
v 0.29146477 0.07835272 0.09050000
v 0.29160274 0.07877735 0.09103209
v 0.29178862 0.07934944 0.09137939
v 0.29189299 0.07932438 0.08262061
v 0.29179889 0.07873025 0.08296791
v 0.29172905 0.07828927 0.08350000
v 0.29169188 0.07805463 0.08415270
v 0.29169188 0.07805463 0.08984730
v 0.29172905 0.07828927 0.09050000
v 0.29179889 0.07873025 0.09103209
v 0.29189299 0.07932438 0.09137939
v 0.29200000 0.07931596 0.08262061
v 0.29200000 0.07871442 0.08296791
v 0.29200000 0.07826795 0.08350000
v 0.29200000 0.07803038 0.08415270
v 0.29200000 0.07803038 0.08984730
v 0.29200000 0.07826795 0.09050000
v 0.29200000 0.07871442 0.09103209
v 0.29200000 0.07931596 0.09137939
v 0.29410701 0.07932438 0.08262061
v 0.29420111 0.07873025 0.08296791
v 0.29427095 0.07828927 0.08350000
v 0.29430812 0.07805463 0.08415270
v 0.29430812 0.07805463 0.08984730
v 0.29427095 0.07828927 0.09050000
v 0.29420111 0.07873025 0.09103209
v 0.29410701 0.07932438 0.09137939
v 0.29421138 0.07934944 0.08262061
v 0.29439726 0.07877735 0.08296791
v 0.29453523 0.07835272 0.08350000
v 0.29460864 0.07812678 0.08415270
v 0.29460864 0.07812678 0.08984730
v 0.29453523 0.07835272 0.09050000
v 0.29439726 0.07877735 0.09103209
v 0.29421138 0.07934944 0.09137939
v 0.29431055 0.07939052 0.08262061
v 0.29458364 0.07885454 0.08296791
v 0.29478633 0.07845673 0.08350000
v 0.29489419 0.07824506 0.08415270
v 0.29489419 0.07824506 0.08984730
v 0.29478633 0.07845673 0.09050000
v 0.29458364 0.07885454 0.09103209
v 0.29431055 0.07939052 0.09137939
v 0.29440207 0.07944660 0.08262061
v 0.29475564 0.07895995 0.08296791
v 0.29501807 0.07859874 0.08350000
v 0.29515771 0.07840655 0.08415270
v 0.29515771 0.07840655 0.08984730
v 0.29501807 0.07859874 0.09050000
v 0.29475564 0.07895995 0.09103209
v 0.29440207 0.07944660 0.09137939
v 0.29448369 0.07951631 0.08262061
v 0.29490904 0.07909096 0.08296791
v 0.29522474 0.07877526 0.08350000
v 0.29539273 0.07860727 0.08415270
v 0.29539273 0.07860727 0.08984730
v 0.29522474 0.07877526 0.09050000
v 0.29490904 0.07909096 0.09103209
v 0.29448369 0.07951631 0.09137939
v 0.29455340 0.07959793 0.08262061
v 0.29504005 0.07924436 0.08296791
v 0.29540126 0.07898193 0.08350000
v 0.29559345 0.07884229 0.08415270
v 0.29559345 0.07884229 0.08984730
v 0.29540126 0.07898193 0.09050000
v 0.29504005 0.07924436 0.09103209
v 0.29455340 0.07959793 0.09137939
v 0.29460948 0.07968945 0.08262061
v 0.29514546 0.07941636 0.08296791
v 0.29554327 0.07921367 0.08350000
v 0.29575494 0.07910581 0.08415270
v 0.29575494 0.07910581 0.08984730
v 0.29554327 0.07921367 0.09050000
v 0.29514546 0.07941636 0.09103209
v 0.29460948 0.07968945 0.09137939
v 0.29465056 0.07978862 0.08262061
v 0.29522265 0.07960274 0.08296791
v 0.29564728 0.07946477 0.08350000
v 0.29587322 0.07939136 0.08415270
v 0.29587322 0.07939136 0.08984730
v 0.29564728 0.07946477 0.09050000
v 0.29522265 0.07960274 0.09103209
v 0.29465056 0.07978862 0.09137939
v 0.29467562 0.07989299 0.08262061
v 0.29526975 0.07979889 0.08296791
v 0.29571073 0.07972905 0.08350000
v 0.29594537 0.07969188 0.08415270
v 0.29594537 0.07969188 0.08984730
v 0.29571073 0.07972905 0.09050000
v 0.29526975 0.07979889 0.09103209
v 0.29467562 0.07989299 0.09137939
vn -0.00000000 -0.00000000 -1.00000000
vn 0.26017572 -0.00015665 -0.96556127
vn 0.64314030 -0.00032258 -0.76574829
vn 0.86622438 -0.00027752 -0.49965512
vn 0.98483479 -0.00010830 -0.17349472
vn 0.98483479 0.00010830 0.17349472
vn 0.86622438 0.00027752 0.49965512
vn 0.64314030 0.00032258 0.76574829
vn 0.34226882 0.00015368 0.93960206
vn 0.08089662 -0.00000665 0.99672250
vn 0.27576236 0.03227727 -0.96068377
vn 0.64576026 0.07729752 -0.75961752
vn 0.86300018 0.10406432 -0.49436961
vn 0.97806989 0.11832118 -0.17140416
vn 0.97807020 0.11821717 0.17147418
vn 0.86301546 0.10379477 0.49439960
vn 0.64581537 0.07697678 0.75960324
vn 0.30405500 0.03840140 0.95188019
vn 0.25849477 0.08397876 -0.96235546
vn 0.61611813 0.20018892 -0.76178924
vn 0.82567177 0.26827702 -0.49627973
vn 0.93685246 0.30440182 -0.17218304
vn 0.93685246 0.30440182 0.17218304
vn 0.82567177 0.26827702 0.49627973
vn 0.61611813 0.20018892 0.76178924
vn 0.27724985 0.09136430 0.95644398
vn 0.24221769 0.12339450 -0.96234318
vn 0.57721625 0.29410637 -0.76178924
vn 0.77353861 0.39413761 -0.49627973
vn 0.87769932 0.44721014 -0.17218304
vn 0.87769932 0.44721014 0.17218304
vn 0.77353861 0.39413761 0.49627973
vn 0.57721625 0.29410637 0.76178924
vn 0.25565210 0.13119132 0.95782610
vn 0.21999726 0.15980126 -0.96232259
vn 0.52410139 0.38078195 -0.76178924
vn 0.70235836 0.51029322 -0.49627973
vn 0.79693430 0.57900666 -0.17218304
vn 0.79693430 0.57900666 0.17218304
vn 0.70235836 0.51029322 0.49627973
vn 0.52410139 0.38078195 0.76178924
vn 0.22990489 0.16776328 0.95864447
vn 0.19237892 0.19231986 -0.96229072
vn 0.45808141 0.45808141 -0.76178924
vn 0.61388371 0.61388371 -0.49627973
vn 0.69654612 0.69654612 -0.17218304
vn 0.69654612 0.69654612 0.17218304
vn 0.61388371 0.61388371 0.49627973
vn 0.45808141 0.45808141 0.76178924
vn 0.19969380 0.20029507 0.95916853
vn 0.16004006 0.22017638 -0.96224193
vn 0.38078195 0.52410139 -0.76178924
vn 0.51029322 0.70235836 -0.49627973
vn 0.57900666 0.79693430 -0.17218304
vn 0.57900666 0.79693430 0.17218304
vn 0.51029322 0.70235836 0.49627973
vn 0.38078195 0.52410139 0.76178924
vn 0.16530284 0.22803909 0.95951714
vn 0.12377219 0.24273269 -0.96216490
vn 0.29410637 0.57721625 -0.76178924
vn 0.39413761 0.77353861 -0.49627973
vn 0.44721014 0.87769932 -0.17218304
vn 0.44721014 0.87769932 0.17218304
vn 0.39413761 0.77353861 0.49627973
vn 0.29410637 0.57721625 0.76178924
vn 0.12731748 0.25034019 0.95974999
vn 0.08445821 0.25953447 -0.96203361
vn 0.20018892 0.61611813 -0.76178924
vn 0.26827702 0.82567177 -0.49627973
vn 0.30440182 0.93685246 -0.17218304
vn 0.30440182 0.93685246 0.17218304
vn 0.26827702 0.82567177 0.49627973
vn 0.20018892 0.61611813 0.76178924
vn 0.08650443 0.26666496 0.95989936
vn 0.04303860 0.27044216 -0.96177373
vn 0.10134215 0.63984914 -0.76178924
vn 0.13581056 0.85747415 -0.49627973
vn 0.15409811 0.97293719 -0.17218304
vn 0.15409811 0.97293719 0.17218304
vn 0.13581056 0.85747415 0.49627973
vn 0.10134215 0.63984914 0.76178924
vn 0.04374695 0.27662032 0.95998302
vn 0.01105250 0.27035454 -0.96269739
vn 0.02535986 0.64510211 -0.76367542
vn 0.03390352 0.86659788 -0.49785406
vn 0.03841265 0.98421000 -0.17278639
vn 0.03840653 0.98420957 0.17279024
vn 0.03388801 0.86659731 0.49785611
vn 0.02534220 0.64510294 0.76367530
vn 0.01097768 0.27421382 0.96160609
vn -0.03245383 0.27805723 -0.96001611
vn -0.07624614 0.64607619 -0.75945512
vn -0.10241265 0.86329403 -0.49420145
vn -0.11635520 0.97831418 -0.17135588
vn -0.11634931 0.97831423 0.17135956
vn -0.10239755 0.86329494 0.49420298
vn -0.07622852 0.64607917 0.75945436
vn -0.03218366 0.27685380 0.96037294
vn -0.08445821 0.25953447 -0.96203361
vn -0.20018892 0.61611813 -0.76178924
vn -0.26827702 0.82567177 -0.49627973
vn -0.30440182 0.93685246 -0.17218304
vn -0.30440182 0.93685246 0.17218304
vn -0.26827702 0.82567177 0.49627973
vn -0.20018892 0.61611813 0.76178924
vn -0.08411966 0.25865936 0.96229892
vn -0.12377219 0.24273269 -0.96216490
vn -0.29410637 0.57721625 -0.76178924
vn -0.39413761 0.77353861 -0.49627973
vn -0.44721014 0.87769932 -0.17218304
vn -0.44721014 0.87769932 0.17218304
vn -0.39413761 0.77353861 0.49627973
vn -0.29410637 0.57721625 0.76178924
vn -0.12339532 0.24207210 0.96237970
vn -0.16004006 0.22017638 -0.96224193
vn -0.38078195 0.52410139 -0.76178924
vn -0.51029322 0.70235836 -0.49627973
vn -0.57900666 0.79693430 -0.17218304
vn -0.57900666 0.79693430 0.17218304
vn -0.51029322 0.70235836 0.49627973
vn -0.38078195 0.52410139 0.76178924
vn -0.15963787 0.21966636 0.96242529
vn -0.19237892 0.19231986 -0.96229072
vn -0.45808141 0.45808141 -0.76178924
vn -0.61388371 0.61388371 -0.49627973
vn -0.69654612 0.69654612 -0.17218304
vn -0.69654612 0.69654612 0.17218304
vn -0.61388371 0.61388371 0.49627973
vn -0.45808141 0.45808141 0.76178924
vn -0.19195815 0.19192489 0.96245358
vn -0.21999726 0.15980126 -0.96232259
vn -0.52410139 0.38078195 -0.76178924
vn -0.70235836 0.51029322 -0.49627973
vn -0.79693430 0.57900666 -0.17218304
vn -0.79693430 0.57900666 0.17218304
vn -0.70235836 0.51029322 0.49627973
vn -0.52410139 0.38078195 0.76178924
vn -0.21956175 0.15950045 0.96247195
vn -0.24221769 0.12339450 -0.96234318
vn -0.57721625 0.29410637 -0.76178924
vn -0.77353861 0.39413761 -0.49627973
vn -0.87769932 0.44721014 -0.17218304
vn -0.87769932 0.44721014 0.17218304
vn -0.77353861 0.39413761 0.49627973
vn -0.57721625 0.29410637 0.76178924
vn -0.24176973 0.12317528 0.96248390
vn -0.25849477 0.08397876 -0.96235546
vn -0.61611813 0.20018892 -0.76178924
vn -0.82567177 0.26827702 -0.49627973
vn -0.93685246 0.30440182 -0.17218304
vn -0.93685246 0.30440182 0.17218304
vn -0.82567177 0.26827702 0.49627973
vn -0.61611813 0.20018892 0.76178924
vn -0.25803573 0.08383386 0.96249127
vn -0.26842894 0.04251192 -0.96236097
vn -0.63984914 0.10134215 -0.76178924
vn -0.85747415 0.13581056 -0.49627973
vn -0.97293719 0.15409811 -0.17218304
vn -0.97293719 0.15409811 0.17218304
vn -0.85747415 0.13581056 0.49627973
vn -0.63984914 0.10134215 0.76178924
vn -0.26795956 0.04243792 0.96249504
vn -0.26584321 0.01057520 -0.96395827
vn -0.64518767 0.02501058 -0.76361465
vn -0.86666917 0.03322382 -0.49777578
vn -0.98425414 0.03748428 -0.17273887
vn -0.98424959 0.03742488 0.17277765
vn -0.86666292 0.03307245 0.49779674
vn -0.64519546 0.02483643 0.76361376
vn -0.26540508 0.01047101 0.96408013
vn -0.27589812 -0.03208868 -0.96065110
vn -0.64592175 -0.07676068 -0.75953466
vn -0.86315032 -0.10322069 -0.49428434
vn -0.97819533 -0.11731565 -0.17137953
vn -0.97819568 -0.11725853 0.17141659
vn -0.86315896 -0.10307344 0.49429999
vn -0.64595128 -0.07658718 0.75952706
vn -0.27550473 -0.03194132 0.96076891
vn -0.25849477 -0.08397876 -0.96235546
vn -0.61611813 -0.20018892 -0.76178924
vn -0.82567177 -0.26827702 -0.49627973
vn -0.93685246 -0.30440182 -0.17218304
vn -0.93685246 -0.30440182 0.17218304
vn -0.82567177 -0.26827702 0.49627973
vn -0.61611813 -0.20018892 0.76178924
vn -0.25803573 -0.08383386 0.96249127
vn -0.24221769 -0.12339450 -0.96234318
vn -0.57721625 -0.29410637 -0.76178924
vn -0.77353861 -0.39413761 -0.49627973
vn -0.87769932 -0.44721014 -0.17218304
vn -0.87769932 -0.44721014 0.17218304
vn -0.77353861 -0.39413761 0.49627973
vn -0.57721625 -0.29410637 0.76178924
vn -0.24176973 -0.12317528 0.96248390
vn -0.21999726 -0.15980126 -0.96232259
vn -0.52410139 -0.38078195 -0.76178924
vn -0.70235836 -0.51029322 -0.49627973
vn -0.79693430 -0.57900666 -0.17218304
vn -0.79693430 -0.57900666 0.17218304
vn -0.70235836 -0.51029322 0.49627973
vn -0.52410139 -0.38078195 0.76178924
vn -0.21956175 -0.15950045 0.96247195
vn -0.19237892 -0.19231986 -0.96229072
vn -0.45808141 -0.45808141 -0.76178924
vn -0.61388371 -0.61388371 -0.49627973
vn -0.69654612 -0.69654612 -0.17218304
vn -0.69654612 -0.69654612 0.17218304
vn -0.61388371 -0.61388371 0.49627973
vn -0.45808141 -0.45808141 0.76178924
vn -0.19195815 -0.19192489 0.96245358
vn -0.16004006 -0.22017638 -0.96224193
vn -0.38078195 -0.52410139 -0.76178924
vn -0.51029322 -0.70235836 -0.49627973
vn -0.57900666 -0.79693430 -0.17218304
vn -0.57900666 -0.79693430 0.17218304
vn -0.51029322 -0.70235836 0.49627973
vn -0.38078195 -0.52410139 0.76178924
vn -0.15963787 -0.21966636 0.96242529
vn -0.12377219 -0.24273269 -0.96216490
vn -0.29410637 -0.57721625 -0.76178924
vn -0.39413761 -0.77353861 -0.49627973
vn -0.44721014 -0.87769932 -0.17218304
vn -0.44721014 -0.87769932 0.17218304
vn -0.39413761 -0.77353861 0.49627973
vn -0.29410637 -0.57721625 0.76178924
vn -0.12339532 -0.24207210 0.96237970
vn -0.08445821 -0.25953447 -0.96203361
vn -0.20018892 -0.61611813 -0.76178924
vn -0.26827702 -0.82567177 -0.49627973
vn -0.30440182 -0.93685246 -0.17218304
vn -0.30440182 -0.93685246 0.17218304
vn -0.26827702 -0.82567177 0.49627973
vn -0.20018892 -0.61611813 0.76178924
vn -0.08411966 -0.25865936 0.96229892
vn -0.04303860 -0.27044216 -0.96177373
vn -0.10134215 -0.63984914 -0.76178924
vn -0.13581056 -0.85747415 -0.49627973
vn -0.15409811 -0.97293719 -0.17218304
vn -0.15409811 -0.97293719 0.17218304
vn -0.13581056 -0.85747415 0.49627973
vn -0.10134215 -0.63984914 0.76178924
vn -0.04276804 -0.26923011 0.96212579
vn -0.01105250 -0.27035454 -0.96269739
vn -0.02535986 -0.64510211 -0.76367542
vn -0.03390352 -0.86659788 -0.49785406
vn -0.03841265 -0.98421000 -0.17278639
vn -0.03840653 -0.98420957 0.17279024
vn -0.03388801 -0.86659731 0.49785611
vn -0.02534220 -0.64510294 0.76367530
vn -0.01092290 -0.26870510 0.96316056
vn 0.03245383 -0.27805723 -0.96001611
vn 0.07624614 -0.64607619 -0.75945512
vn 0.10241265 -0.86329403 -0.49420145
vn 0.11635520 -0.97831418 -0.17135588
vn 0.11634931 -0.97831423 0.17135956
vn 0.10239755 -0.86329494 0.49420298
vn 0.07622852 -0.64607917 0.75945436
vn 0.03277719 -0.28399970 0.95826397
vn 0.08445821 -0.25953447 -0.96203361
vn 0.20018892 -0.61611813 -0.76178924
vn 0.26827702 -0.82567177 -0.49627973
vn 0.30440182 -0.93685246 -0.17218304
vn 0.30440182 -0.93685246 0.17218304
vn 0.26827702 -0.82567177 0.49627973
vn 0.20018892 -0.61611813 0.76178924
vn 0.08650443 -0.26666496 0.95989936
vn 0.12377219 -0.24273269 -0.96216490
vn 0.29410637 -0.57721625 -0.76178924
vn 0.39413761 -0.77353861 -0.49627973
vn 0.44721014 -0.87769932 -0.17218304
vn 0.44721014 -0.87769932 0.17218304
vn 0.39413761 -0.77353861 0.49627973
vn 0.29410637 -0.57721625 0.76178924
vn 0.12731748 -0.25034019 0.95974999
vn 0.16004006 -0.22017638 -0.96224193
vn 0.38078195 -0.52410139 -0.76178924
vn 0.51029322 -0.70235836 -0.49627973
vn 0.57900666 -0.79693430 -0.17218304
vn 0.57900666 -0.79693430 0.17218304
vn 0.51029322 -0.70235836 0.49627973
vn 0.38078195 -0.52410139 0.76178924
vn 0.16530284 -0.22803909 0.95951714
vn 0.19237892 -0.19231986 -0.96229072
vn 0.45808141 -0.45808141 -0.76178924
vn 0.61388371 -0.61388371 -0.49627973
vn 0.69654612 -0.69654612 -0.17218304
vn 0.69654612 -0.69654612 0.17218304
vn 0.61388371 -0.61388371 0.49627973
vn 0.45808141 -0.45808141 0.76178924
vn 0.19969380 -0.20029507 0.95916853
vn 0.21999726 -0.15980126 -0.96232259
vn 0.52410139 -0.38078195 -0.76178924
vn 0.70235836 -0.51029322 -0.49627973
vn 0.79693430 -0.57900666 -0.17218304
vn 0.79693430 -0.57900666 0.17218304
vn 0.70235836 -0.51029322 0.49627973
vn 0.52410139 -0.38078195 0.76178924
vn 0.22990489 -0.16776328 0.95864447
vn 0.24221769 -0.12339450 -0.96234318
vn 0.57721625 -0.29410637 -0.76178924
vn 0.77353861 -0.39413761 -0.49627973
vn 0.87769932 -0.44721014 -0.17218304
vn 0.87769932 -0.44721014 0.17218304
vn 0.77353861 -0.39413761 0.49627973
vn 0.57721625 -0.29410637 0.76178924
vn 0.25565210 -0.13119132 0.95782610
vn 0.25849477 -0.08397876 -0.96235546
vn 0.61611813 -0.20018892 -0.76178924
vn 0.82567177 -0.26827702 -0.49627973
vn 0.93685246 -0.30440182 -0.17218304
vn 0.93685246 -0.30440182 0.17218304
vn 0.82567177 -0.26827702 0.49627973
vn 0.61611813 -0.20018892 0.76178924
vn 0.27724985 -0.09136430 0.95644398
vn 0.27588931 -0.03210563 -0.96065307
vn 0.64581537 -0.07697678 -0.75960324
vn 0.86301546 -0.10379477 -0.49439960
vn 0.97807020 -0.11821717 -0.17147418
vn 0.97806989 -0.11832118 0.17140416
vn 0.86300018 -0.10406432 0.49436961
vn 0.64576026 -0.07729752 0.75961752
vn 0.30392884 -0.03857152 0.95191360
vn -0.00000000 -0.00000000 -1.00000000
vn 0.26017572 -0.00015665 -0.96556127
vn 0.64314030 -0.00032258 -0.76574829
vn 0.86622438 -0.00027752 -0.49965512
vn 0.98483479 -0.00010830 -0.17349472
vn 0.98483479 0.00010830 0.17349472
vn 0.86622438 0.00027752 0.49965512
vn 0.64314030 0.00032258 0.76574829
vn 0.34226882 0.00015368 0.93960206
vn 0.08089662 -0.00000665 0.99672250
vn 0.27576236 0.03227727 -0.96068377
vn 0.64576026 0.07729752 -0.75961752
vn 0.86300018 0.10406432 -0.49436961
vn 0.97806989 0.11832118 -0.17140416
vn 0.97807020 0.11821717 0.17147418
vn 0.86301546 0.10379477 0.49439960
vn 0.64581537 0.07697678 0.75960324
vn 0.30405500 0.03840140 0.95188019
vn 0.25849477 0.08397876 -0.96235546
vn 0.61611813 0.20018892 -0.76178924
vn 0.82567177 0.26827702 -0.49627973
vn 0.93685246 0.30440182 -0.17218304
vn 0.93685246 0.30440182 0.17218304
vn 0.82567177 0.26827702 0.49627973
vn 0.61611813 0.20018892 0.76178924
vn 0.27724985 0.09136430 0.95644398
vn 0.24221769 0.12339450 -0.96234318
vn 0.57721625 0.29410637 -0.76178924
vn 0.77353861 0.39413761 -0.49627973
vn 0.87769932 0.44721014 -0.17218304
vn 0.87769932 0.44721014 0.17218304
vn 0.77353861 0.39413761 0.49627973
vn 0.57721625 0.29410637 0.76178924
vn 0.25565210 0.13119132 0.95782610
vn 0.21999726 0.15980126 -0.96232259
vn 0.52410139 0.38078195 -0.76178924
vn 0.70235836 0.51029322 -0.49627973
vn 0.79693430 0.57900666 -0.17218304
vn 0.79693430 0.57900666 0.17218304
vn 0.70235836 0.51029322 0.49627973
vn 0.52410139 0.38078195 0.76178924
vn 0.22990489 0.16776328 0.95864447
vn 0.19237892 0.19231986 -0.96229072
vn 0.45808141 0.45808141 -0.76178924
vn 0.61388371 0.61388371 -0.49627973
vn 0.69654612 0.69654612 -0.17218304
vn 0.69654612 0.69654612 0.17218304
vn 0.61388371 0.61388371 0.49627973
vn 0.45808141 0.45808141 0.76178924
vn 0.19969380 0.20029507 0.95916853
vn 0.16004006 0.22017638 -0.96224193
vn 0.38078195 0.52410139 -0.76178924
vn 0.51029322 0.70235836 -0.49627973
vn 0.57900666 0.79693430 -0.17218304
vn 0.57900666 0.79693430 0.17218304
vn 0.51029322 0.70235836 0.49627973
vn 0.38078195 0.52410139 0.76178924
vn 0.16530284 0.22803909 0.95951714
vn 0.12377219 0.24273269 -0.96216490
vn 0.29410637 0.57721625 -0.76178924
vn 0.39413761 0.77353861 -0.49627973
vn 0.44721014 0.87769932 -0.17218304
vn 0.44721014 0.87769932 0.17218304
vn 0.39413761 0.77353861 0.49627973
vn 0.29410637 0.57721625 0.76178924
vn 0.12731748 0.25034019 0.95974999
vn 0.08445821 0.25953447 -0.96203361
vn 0.20018892 0.61611813 -0.76178924
vn 0.26827702 0.82567177 -0.49627973
vn 0.30440182 0.93685246 -0.17218304
vn 0.30440182 0.93685246 0.17218304
vn 0.26827702 0.82567177 0.49627973
vn 0.20018892 0.61611813 0.76178924
vn 0.08650443 0.26666496 0.95989936
vn 0.04303860 0.27044216 -0.96177373
vn 0.10134215 0.63984914 -0.76178924
vn 0.13581056 0.85747415 -0.49627973
vn 0.15409811 0.97293719 -0.17218304
vn 0.15409811 0.97293719 0.17218304
vn 0.13581056 0.85747415 0.49627973
vn 0.10134215 0.63984914 0.76178924
vn 0.04374695 0.27662032 0.95998302
vn 0.01105250 0.27035454 -0.96269739
vn 0.02535986 0.64510211 -0.76367542
vn 0.03390352 0.86659788 -0.49785406
vn 0.03841265 0.98421000 -0.17278639
vn 0.03840653 0.98420957 0.17279024
vn 0.03388801 0.86659731 0.49785611
vn 0.02534220 0.64510294 0.76367530
vn 0.01097768 0.27421382 0.96160609
vn -0.03245383 0.27805723 -0.96001611
vn -0.07624614 0.64607619 -0.75945512
vn -0.10241265 0.86329403 -0.49420145
vn -0.11635520 0.97831418 -0.17135588
vn -0.11634931 0.97831423 0.17135956
vn -0.10239755 0.86329494 0.49420298
vn -0.07622852 0.64607917 0.75945436
vn -0.03218366 0.27685380 0.96037294
vn -0.08445821 0.25953447 -0.96203361
vn -0.20018892 0.61611813 -0.76178924
vn -0.26827702 0.82567177 -0.49627973
vn -0.30440182 0.93685246 -0.17218304
vn -0.30440182 0.93685246 0.17218304
vn -0.26827702 0.82567177 0.49627973
vn -0.20018892 0.61611813 0.76178924
vn -0.08411966 0.25865936 0.96229892
vn -0.12377219 0.24273269 -0.96216490
vn -0.29410637 0.57721625 -0.76178924
vn -0.39413761 0.77353861 -0.49627973
vn -0.44721014 0.87769932 -0.17218304
vn -0.44721014 0.87769932 0.17218304
vn -0.39413761 0.77353861 0.49627973
vn -0.29410637 0.57721625 0.76178924
vn -0.12339532 0.24207210 0.96237970
vn -0.16004006 0.22017638 -0.96224193
vn -0.38078195 0.52410139 -0.76178924
vn -0.51029322 0.70235836 -0.49627973
vn -0.57900666 0.79693430 -0.17218304
vn -0.57900666 0.79693430 0.17218304
vn -0.51029322 0.70235836 0.49627973
vn -0.38078195 0.52410139 0.76178924
vn -0.15963787 0.21966636 0.96242529
vn -0.19237892 0.19231986 -0.96229072
vn -0.45808141 0.45808141 -0.76178924
vn -0.61388371 0.61388371 -0.49627973
vn -0.69654612 0.69654612 -0.17218304
vn -0.69654612 0.69654612 0.17218304
vn -0.61388371 0.61388371 0.49627973
vn -0.45808141 0.45808141 0.76178924
vn -0.19195815 0.19192489 0.96245358
vn -0.21999726 0.15980126 -0.96232259
vn -0.52410139 0.38078195 -0.76178924
vn -0.70235836 0.51029322 -0.49627973
vn -0.79693430 0.57900666 -0.17218304
vn -0.79693430 0.57900666 0.17218304
vn -0.70235836 0.51029322 0.49627973
vn -0.52410139 0.38078195 0.76178924
vn -0.21956175 0.15950045 0.96247195
vn -0.24221769 0.12339450 -0.96234318
vn -0.57721625 0.29410637 -0.76178924
vn -0.77353861 0.39413761 -0.49627973
vn -0.87769932 0.44721014 -0.17218304
vn -0.87769932 0.44721014 0.17218304
vn -0.77353861 0.39413761 0.49627973
vn -0.57721625 0.29410637 0.76178924
vn -0.24176973 0.12317528 0.96248390
vn -0.25849477 0.08397876 -0.96235546
vn -0.61611813 0.20018892 -0.76178924
vn -0.82567177 0.26827702 -0.49627973
vn -0.93685246 0.30440182 -0.17218304
vn -0.93685246 0.30440182 0.17218304
vn -0.82567177 0.26827702 0.49627973
vn -0.61611813 0.20018892 0.76178924
vn -0.25803573 0.08383386 0.96249127
vn -0.26842894 0.04251192 -0.96236097
vn -0.63984914 0.10134215 -0.76178924
vn -0.85747415 0.13581056 -0.49627973
vn -0.97293719 0.15409811 -0.17218304
vn -0.97293719 0.15409811 0.17218304
vn -0.85747415 0.13581056 0.49627973
vn -0.63984914 0.10134215 0.76178924
vn -0.26795956 0.04243792 0.96249504
vn -0.26584321 0.01057520 -0.96395827
vn -0.64518767 0.02501058 -0.76361465
vn -0.86666917 0.03322382 -0.49777578
vn -0.98425414 0.03748428 -0.17273887
vn -0.98424959 0.03742488 0.17277765
vn -0.86666292 0.03307245 0.49779674
vn -0.64519546 0.02483643 0.76361376
vn -0.26540508 0.01047101 0.96408013
vn -0.27589812 -0.03208868 -0.96065110
vn -0.64592175 -0.07676068 -0.75953466
vn -0.86315032 -0.10322069 -0.49428434
vn -0.97819533 -0.11731565 -0.17137953
vn -0.97819568 -0.11725853 0.17141659
vn -0.86315896 -0.10307344 0.49429999
vn -0.64595128 -0.07658718 0.75952706
vn -0.27550473 -0.03194132 0.96076891
vn -0.25849477 -0.08397876 -0.96235546
vn -0.61611813 -0.20018892 -0.76178924
vn -0.82567177 -0.26827702 -0.49627973
vn -0.93685246 -0.30440182 -0.17218304
vn -0.93685246 -0.30440182 0.17218304
vn -0.82567177 -0.26827702 0.49627973
vn -0.61611813 -0.20018892 0.76178924
vn -0.25803573 -0.08383386 0.96249127
vn -0.24221769 -0.12339450 -0.96234318
vn -0.57721625 -0.29410637 -0.76178924
vn -0.77353861 -0.39413761 -0.49627973
vn -0.87769932 -0.44721014 -0.17218304
vn -0.87769932 -0.44721014 0.17218304
vn -0.77353861 -0.39413761 0.49627973
vn -0.57721625 -0.29410637 0.76178924
vn -0.24176973 -0.12317528 0.96248390
vn -0.21999726 -0.15980126 -0.96232259
vn -0.52410139 -0.38078195 -0.76178924
vn -0.70235836 -0.51029322 -0.49627973
vn -0.79693430 -0.57900666 -0.17218304
vn -0.79693430 -0.57900666 0.17218304
vn -0.70235836 -0.51029322 0.49627973
vn -0.52410139 -0.38078195 0.76178924
vn -0.21956175 -0.15950045 0.96247195
vn -0.19237892 -0.19231986 -0.96229072
vn -0.45808141 -0.45808141 -0.76178924
vn -0.61388371 -0.61388371 -0.49627973
vn -0.69654612 -0.69654612 -0.17218304
vn -0.69654612 -0.69654612 0.17218304
vn -0.61388371 -0.61388371 0.49627973
vn -0.45808141 -0.45808141 0.76178924
vn -0.19195815 -0.19192489 0.96245358
vn -0.16004006 -0.22017638 -0.96224193
vn -0.38078195 -0.52410139 -0.76178924
vn -0.51029322 -0.70235836 -0.49627973
vn -0.57900666 -0.79693430 -0.17218304
vn -0.57900666 -0.79693430 0.17218304
vn -0.51029322 -0.70235836 0.49627973
vn -0.38078195 -0.52410139 0.76178924
vn -0.15963787 -0.21966636 0.96242529
vn -0.12377219 -0.24273269 -0.96216490
vn -0.29410637 -0.57721625 -0.76178924
vn -0.39413761 -0.77353861 -0.49627973
vn -0.44721014 -0.87769932 -0.17218304
vn -0.44721014 -0.87769932 0.17218304
vn -0.39413761 -0.77353861 0.49627973
vn -0.29410637 -0.57721625 0.76178924
vn -0.12339532 -0.24207210 0.96237970
vn -0.08445821 -0.25953447 -0.96203361
vn -0.20018892 -0.61611813 -0.76178924
vn -0.26827702 -0.82567177 -0.49627973
vn -0.30440182 -0.93685246 -0.17218304
vn -0.30440182 -0.93685246 0.17218304
vn -0.26827702 -0.82567177 0.49627973
vn -0.20018892 -0.61611813 0.76178924
vn -0.08411966 -0.25865936 0.96229892
vn -0.04303860 -0.27044216 -0.96177373
vn -0.10134215 -0.63984914 -0.76178924
vn -0.13581056 -0.85747415 -0.49627973
vn -0.15409811 -0.97293719 -0.17218304
vn -0.15409811 -0.97293719 0.17218304
vn -0.13581056 -0.85747415 0.49627973
vn -0.10134215 -0.63984914 0.76178924
vn -0.04276804 -0.26923011 0.96212579
vn -0.01105250 -0.27035454 -0.96269739
vn -0.02535986 -0.64510211 -0.76367542
vn -0.03390352 -0.86659788 -0.49785406
vn -0.03841265 -0.98421000 -0.17278639
vn -0.03840653 -0.98420957 0.17279024
vn -0.03388801 -0.86659731 0.49785611
vn -0.02534220 -0.64510294 0.76367530
vn -0.01092290 -0.26870510 0.96316056
vn 0.03245383 -0.27805723 -0.96001611
vn 0.07624614 -0.64607619 -0.75945512
vn 0.10241265 -0.86329403 -0.49420145
vn 0.11635520 -0.97831418 -0.17135588
vn 0.11634931 -0.97831423 0.17135956
vn 0.10239755 -0.86329494 0.49420298
vn 0.07622852 -0.64607917 0.75945436
vn 0.03277719 -0.28399970 0.95826397
vn 0.08445821 -0.25953447 -0.96203361
vn 0.20018892 -0.61611813 -0.76178924
vn 0.26827702 -0.82567177 -0.49627973
vn 0.30440182 -0.93685246 -0.17218304
vn 0.30440182 -0.93685246 0.17218304
vn 0.26827702 -0.82567177 0.49627973
vn 0.20018892 -0.61611813 0.76178924
vn 0.08650443 -0.26666496 0.95989936
vn 0.12377219 -0.24273269 -0.96216490
vn 0.29410637 -0.57721625 -0.76178924
vn 0.39413761 -0.77353861 -0.49627973
vn 0.44721014 -0.87769932 -0.17218304
vn 0.44721014 -0.87769932 0.17218304
vn 0.39413761 -0.77353861 0.49627973
vn 0.29410637 -0.57721625 0.76178924
vn 0.12731748 -0.25034019 0.95974999
vn 0.16004006 -0.22017638 -0.96224193
vn 0.38078195 -0.52410139 -0.76178924
vn 0.51029322 -0.70235836 -0.49627973
vn 0.57900666 -0.79693430 -0.17218304
vn 0.57900666 -0.79693430 0.17218304
vn 0.51029322 -0.70235836 0.49627973
vn 0.38078195 -0.52410139 0.76178924
vn 0.16530284 -0.22803909 0.95951714
vn 0.19237892 -0.19231986 -0.96229072
vn 0.45808141 -0.45808141 -0.76178924
vn 0.61388371 -0.61388371 -0.49627973
vn 0.69654612 -0.69654612 -0.17218304
vn 0.69654612 -0.69654612 0.17218304
vn 0.61388371 -0.61388371 0.49627973
vn 0.45808141 -0.45808141 0.76178924
vn 0.19969380 -0.20029507 0.95916853
vn 0.21999726 -0.15980126 -0.96232259
vn 0.52410139 -0.38078195 -0.76178924
vn 0.70235836 -0.51029322 -0.49627973
vn 0.79693430 -0.57900666 -0.17218304
vn 0.79693430 -0.57900666 0.17218304
vn 0.70235836 -0.51029322 0.49627973
vn 0.52410139 -0.38078195 0.76178924
vn 0.22990489 -0.16776328 0.95864447
vn 0.24221769 -0.12339450 -0.96234318
vn 0.57721625 -0.29410637 -0.76178924
vn 0.77353861 -0.39413761 -0.49627973
vn 0.87769932 -0.44721014 -0.17218304
vn 0.87769932 -0.44721014 0.17218304
vn 0.77353861 -0.39413761 0.49627973
vn 0.57721625 -0.29410637 0.76178924
vn 0.25565210 -0.13119132 0.95782610
vn 0.25849477 -0.08397876 -0.96235546
vn 0.61611813 -0.20018892 -0.76178924
vn 0.82567177 -0.26827702 -0.49627973
vn 0.93685246 -0.30440182 -0.17218304
vn 0.93685246 -0.30440182 0.17218304
vn 0.82567177 -0.26827702 0.49627973
vn 0.61611813 -0.20018892 0.76178924
vn 0.27724985 -0.09136430 0.95644398
vn 0.27588931 -0.03210563 -0.96065307
vn 0.64581537 -0.07697678 -0.75960324
vn 0.86301546 -0.10379477 -0.49439960
vn 0.97807020 -0.11821717 -0.17147418
vn 0.97806989 -0.11832118 0.17140416
vn 0.86300018 -0.10406432 0.49436961
vn 0.64576026 -0.07729752 0.75961752
vn 0.30392884 -0.03857152 0.95191360
vn -0.00007959 -0.00000674 -1.00000000
vn 0.29326059 -0.00004578 -0.95603254
vn 0.64288571 -0.00009635 -0.76596211
vn 0.86608144 -0.00008421 -0.49990292
vn 0.98481542 -0.00003315 -0.17360469
vn 0.98481542 0.00003315 0.17360469
vn 0.86608144 0.00008421 0.49990292
vn 0.64288571 0.00009635 0.76596211
vn 0.34208828 0.00004530 0.93966782
vn 0.06474570 -0.00000395 0.99790180
vn 0.28394144 0.03387956 -0.95824289
vn 0.64600034 0.07649905 -0.75949421
vn 0.86322343 0.10280975 -0.49424231
vn 0.97825593 0.11682684 -0.17136751
vn 0.97825618 0.11679499 0.17138780
vn 0.86322831 0.10272785 0.49425082
vn 0.64601661 0.07640302 0.75949004
vn 0.28559344 0.03423313 0.95773926
vn 0.26336387 0.08596288 -0.96085892
vn 0.61611813 0.20018892 -0.76178924
vn 0.82567177 0.26827702 -0.49627973
vn 0.93685246 0.30440182 -0.17218304
vn 0.93685246 0.30440182 0.17218304
vn 0.82567177 0.26827702 0.49627973
vn 0.61611813 0.20018892 0.76178924
vn 0.26400562 0.08623362 0.96065852
vn 0.24545801 0.12534547 -0.96126941
vn 0.57721625 0.29410637 -0.76178924
vn 0.77353861 0.39413761 -0.49627973
vn 0.87769932 0.44721014 -0.17218304
vn 0.87769932 0.44721014 0.17218304
vn 0.77353861 0.39413761 0.49627973
vn 0.57721625 0.29410637 0.76178924
vn 0.24577492 0.12554323 0.96116262
vn 0.22220200 0.16165412 -0.96150622
vn 0.52410139 0.38078195 -0.76178924
vn 0.70235836 0.51029322 -0.49627973
vn 0.79693430 0.57900666 -0.17218304
vn 0.79693430 0.57900666 0.17218304
vn 0.70235836 0.51029322 0.49627973
vn 0.52410139 0.38078195 0.76178924
vn 0.22237277 0.16180340 0.96144163
vn 0.19384454 0.19401997 -0.96165511
vn 0.45808141 0.45808141 -0.76178924
vn 0.61388371 0.61388371 -0.49627973
vn 0.69654612 0.69654612 -0.17218304
vn 0.69654612 0.69654612 0.17218304
vn 0.61388371 0.61388371 0.49627973
vn 0.45808141 0.45808141 0.76178924
vn 0.19393806 0.19413354 0.96161333
vn 0.16093522 0.22165747 -0.96175247
vn 0.38078195 0.52410139 -0.76178924
vn 0.51029322 0.70235836 -0.49627973
vn 0.57900666 0.79693430 -0.17218304
vn 0.57900666 0.79693430 0.17218304
vn 0.51029322 0.70235836 0.49627973
vn 0.38078195 0.52410139 0.76178924
vn 0.16098394 0.22174262 0.96172469
vn 0.12420288 0.24389214 -0.96181613
vn 0.29410637 0.57721625 -0.76178924
vn 0.39413761 0.77353861 -0.49627973
vn 0.44721014 0.87769932 -0.17218304
vn 0.44721014 0.87769932 0.17218304
vn 0.39413761 0.77353861 0.49627973
vn 0.29410637 0.57721625 0.76178924
vn 0.12422445 0.24395325 0.96179785
vn 0.08450058 0.26018016 -0.96185547
vn 0.20018892 0.61611813 -0.76178924
vn 0.26827702 0.82567177 -0.49627973
vn 0.30440182 0.93685246 -0.17218304
vn 0.30440182 0.93685246 0.17218304
vn 0.26827702 0.82567177 0.49627973
vn 0.20018892 0.61611813 0.76178924
vn 0.08450582 0.26021984 0.96184427
vn 0.04276916 0.27012286 -0.96187548
vn 0.10134215 0.63984914 -0.76178924
vn 0.13581056 0.85747415 -0.49627973
vn 0.15409811 0.97293719 -0.17218304
vn 0.15409811 0.97293719 0.17218304
vn 0.13581056 0.85747415 0.49627973
vn 0.10134215 0.63984914 0.76178924
vn 0.04276556 0.27014258 0.96187010
vn 0.01022069 0.26783488 -0.96341062
vn 0.02340583 0.64554565 -0.76336294
vn 0.03025411 0.86695343 -0.49747004
vn 0.03355988 0.98442669 -0.17256251
vn 0.03334511 0.98440573 0.17272366
vn 0.02969478 0.86691955 0.49756278
vn 0.02273558 0.64556758 0.76336465
vn 0.00988233 0.26807894 0.96334626
vn -0.03300645 0.27700188 -0.96030231
vn -0.07888660 0.64528462 -0.75985832
vn -0.10656182 0.86255651 -0.49461182
vn -0.12130967 0.97769105 -0.17147648
vn -0.12110293 0.97768964 0.17163058
vn -0.10601859 0.86258400 0.49468061
vn -0.07822253 0.64540162 0.75982760
vn -0.03264837 0.27728772 0.96023206
vn -0.08450058 0.26018016 -0.96185547
vn -0.20018892 0.61611813 -0.76178924
vn -0.26827702 0.82567177 -0.49627973
vn -0.30440182 0.93685246 -0.17218304
vn -0.30440182 0.93685246 0.17218304
vn -0.26827702 0.82567177 0.49627973
vn -0.20018892 0.61611813 0.76178924
vn -0.08449528 0.26014104 0.96186651
vn -0.12420288 0.24389214 -0.96181613
vn -0.29410637 0.57721625 -0.76178924
vn -0.39413761 0.77353861 -0.49627973
vn -0.44721014 0.87769932 -0.17218304
vn -0.44721014 0.87769932 0.17218304
vn -0.39413761 0.77353861 0.49627973
vn -0.29410637 0.57721625 0.76178924
vn -0.12418192 0.24383313 0.96183380
vn -0.16093522 0.22165747 -0.96175247
vn -0.38078195 0.52410139 -0.76178924
vn -0.51029322 0.70235836 -0.49627973
vn -0.57900666 0.79693430 -0.17218304
vn -0.57900666 0.79693430 0.17218304
vn -0.51029322 0.70235836 0.49627973
vn -0.38078195 0.52410139 0.76178924
vn -0.16088897 0.22157686 0.96177879
vn -0.19384454 0.19401997 -0.96165511
vn -0.45808141 0.45808141 -0.76178924
vn -0.61388371 0.61388371 -0.49627973
vn -0.69654612 0.69654612 -0.17218304
vn -0.69654612 0.69654612 0.17218304
vn -0.61388371 0.61388371 0.49627973
vn -0.45808141 0.45808141 0.76178924
vn -0.19375781 0.19391483 0.96169379
vn -0.22220200 0.16165412 -0.96150622
vn -0.52410139 0.38078195 -0.76178924
vn -0.70235836 0.51029322 -0.49627973
vn -0.79693430 0.57900666 -0.17218304
vn -0.79693430 0.57900666 0.17218304
vn -0.70235836 0.51029322 0.49627973
vn -0.52410139 0.38078195 0.76178924
vn -0.22204799 0.16151966 0.96156440
vn -0.24545801 0.12534547 -0.96126941
vn -0.57721625 0.29410637 -0.76178924
vn -0.77353861 0.39413761 -0.49627973
vn -0.87769932 0.44721014 -0.17218304
vn -0.87769932 0.44721014 0.17218304
vn -0.77353861 0.39413761 0.49627973
vn -0.57721625 0.29410637 0.76178924
vn -0.24518280 0.12517391 0.96136200
vn -0.26336387 0.08596288 -0.96085892
vn -0.61611813 0.20018892 -0.76178924
vn -0.82567177 0.26827702 -0.49627973
vn -0.93685246 0.30440182 -0.17218304
vn -0.93685246 0.30440182 0.17218304
vn -0.82567177 0.26827702 0.49627973
vn -0.61611813 0.20018892 0.76178924
vn -0.26283798 0.08574122 0.96102271
vn -0.27639831 0.04440390 -0.96001681
vn -0.63984914 0.10134215 -0.76178924
vn -0.85747415 0.13581056 -0.49627973
vn -0.97293719 0.15409811 -0.17218304
vn -0.97293719 0.15409811 0.17218304
vn -0.85747415 0.13581056 0.49627973
vn -0.63984914 0.10134215 0.76178924
vn -0.27521026 0.04411146 0.96037154
vn -0.28260344 0.01198192 -0.95916199
vn -0.64511866 0.02529310 -0.76366365
vn -0.86661178 0.03377262 -0.49783877
vn -0.98421864 0.03823292 -0.17277703
vn -0.98421741 0.03821593 0.17278781
vn -0.86661015 0.03372953 0.49784452
vn -0.64512096 0.02524393 0.76366333
vn -0.27844887 0.01161918 0.96038077
vn -0.28397928 -0.03382506 -0.95823360
vn -0.64604621 -0.07634618 -0.75947058
vn -0.86326611 -0.10256971 -0.49421764
vn -0.97829118 -0.11654166 -0.17136048
vn -0.97829132 -0.11652532 0.17137077
vn -0.86326863 -0.10252776 0.49422194
vn -0.64605449 -0.07629714 0.75946846
vn -0.28280986 -0.03350303 0.95859070
vn -0.26336387 -0.08596288 -0.96085892
vn -0.61611813 -0.20018892 -0.76178924
vn -0.82567177 -0.26827702 -0.49627973
vn -0.93685246 -0.30440182 -0.17218304
vn -0.93685246 -0.30440182 0.17218304
vn -0.82567177 -0.26827702 0.49627973
vn -0.61611813 -0.20018892 0.76178924
vn -0.26283798 -0.08574122 0.96102271
vn -0.24545801 -0.12534547 -0.96126941
vn -0.57721625 -0.29410637 -0.76178924
vn -0.77353861 -0.39413761 -0.49627973
vn -0.87769932 -0.44721014 -0.17218304
vn -0.87769932 -0.44721014 0.17218304
vn -0.77353861 -0.39413761 0.49627973
vn -0.57721625 -0.29410637 0.76178924
vn -0.24518280 -0.12517391 0.96136200
vn -0.22220200 -0.16165412 -0.96150622
vn -0.52410139 -0.38078195 -0.76178924
vn -0.70235836 -0.51029322 -0.49627973
vn -0.79693430 -0.57900666 -0.17218304
vn -0.79693430 -0.57900666 0.17218304
vn -0.70235836 -0.51029322 0.49627973
vn -0.52410139 -0.38078195 0.76178924
vn -0.22204799 -0.16151966 0.96156440
vn -0.19384454 -0.19401997 -0.96165511
vn -0.45808141 -0.45808141 -0.76178924
vn -0.61388371 -0.61388371 -0.49627973
vn -0.69654612 -0.69654612 -0.17218304
vn -0.69654612 -0.69654612 0.17218304
vn -0.61388371 -0.61388371 0.49627973
vn -0.45808141 -0.45808141 0.76178924
vn -0.19375781 -0.19391483 0.96169379
vn -0.16093522 -0.22165747 -0.96175247
vn -0.38078195 -0.52410139 -0.76178924
vn -0.51029322 -0.70235836 -0.49627973
vn -0.57900666 -0.79693430 -0.17218304
vn -0.57900666 -0.79693430 0.17218304
vn -0.51029322 -0.70235836 0.49627973
vn -0.38078195 -0.52410139 0.76178924
vn -0.16088897 -0.22157686 0.96177879
vn -0.12420288 -0.24389214 -0.96181613
vn -0.29410637 -0.57721625 -0.76178924
vn -0.39413761 -0.77353861 -0.49627973
vn -0.44721014 -0.87769932 -0.17218304
vn -0.44721014 -0.87769932 0.17218304
vn -0.39413761 -0.77353861 0.49627973
vn -0.29410637 -0.57721625 0.76178924
vn -0.12418192 -0.24383313 0.96183380
vn -0.08450058 -0.26018016 -0.96185547
vn -0.20018892 -0.61611813 -0.76178924
vn -0.26827702 -0.82567177 -0.49627973
vn -0.30440182 -0.93685246 -0.17218304
vn -0.30440182 -0.93685246 0.17218304
vn -0.26827702 -0.82567177 0.49627973
vn -0.20018892 -0.61611813 0.76178924
vn -0.08449528 -0.26014104 0.96186651
vn -0.04276916 -0.27012286 -0.96187548
vn -0.10134215 -0.63984914 -0.76178924
vn -0.13581056 -0.85747415 -0.49627973
vn -0.15409811 -0.97293719 -0.17218304
vn -0.15409811 -0.97293719 0.17218304
vn -0.13581056 -0.85747415 0.49627973
vn -0.10134215 -0.63984914 0.76178924
vn -0.04277259 -0.27010286 0.96188094
vn -0.01022069 -0.26783488 -0.96341062
vn -0.02340583 -0.64554565 -0.76336294
vn -0.03025411 -0.86695343 -0.49747004
vn -0.03355988 -0.98442669 -0.17256251
vn -0.03334511 -0.98440573 0.17272366
vn -0.02969478 -0.86691955 0.49756278
vn -0.02273558 -0.64556758 0.76336465
vn -0.00988911 -0.26806870 0.96334904
vn 0.03300645 -0.27700188 -0.96030231
vn 0.07888660 -0.64528462 -0.75985832
vn 0.10656182 -0.86255651 -0.49461182
vn 0.12130967 -0.97769105 -0.17147648
vn 0.12110293 -0.97768964 0.17163058
vn 0.10601859 -0.86258400 0.49468061
vn 0.07822253 -0.64540162 0.75982760
vn 0.03263369 -0.27731752 0.96022395
vn 0.08450058 -0.26018016 -0.96185547
vn 0.20018892 -0.61611813 -0.76178924
vn 0.26827702 -0.82567177 -0.49627973
vn 0.30440182 -0.93685246 -0.17218304
vn 0.30440182 -0.93685246 0.17218304
vn 0.26827702 -0.82567177 0.49627973
vn 0.20018892 -0.61611813 0.76178924
vn 0.08450582 -0.26021984 0.96184427
vn 0.12420288 -0.24389214 -0.96181613
vn 0.29410637 -0.57721625 -0.76178924
vn 0.39413761 -0.77353861 -0.49627973
vn 0.44721014 -0.87769932 -0.17218304
vn 0.44721014 -0.87769932 0.17218304
vn 0.39413761 -0.77353861 0.49627973
vn 0.29410637 -0.57721625 0.76178924
vn 0.12422445 -0.24395325 0.96179785
vn 0.16093522 -0.22165747 -0.96175247
vn 0.38078195 -0.52410139 -0.76178924
vn 0.51029322 -0.70235836 -0.49627973
vn 0.57900666 -0.79693430 -0.17218304
vn 0.57900666 -0.79693430 0.17218304
vn 0.51029322 -0.70235836 0.49627973
vn 0.38078195 -0.52410139 0.76178924
vn 0.16098394 -0.22174262 0.96172469
vn 0.19384454 -0.19401997 -0.96165511
vn 0.45808141 -0.45808141 -0.76178924
vn 0.61388371 -0.61388371 -0.49627973
vn 0.69654612 -0.69654612 -0.17218304
vn 0.69654612 -0.69654612 0.17218304
vn 0.61388371 -0.61388371 0.49627973
vn 0.45808141 -0.45808141 0.76178924
vn 0.19393806 -0.19413354 0.96161333
vn 0.22220200 -0.16165412 -0.96150622
vn 0.52410139 -0.38078195 -0.76178924
vn 0.70235836 -0.51029322 -0.49627973
vn 0.79693430 -0.57900666 -0.17218304
vn 0.79693430 -0.57900666 0.17218304
vn 0.70235836 -0.51029322 0.49627973
vn 0.52410139 -0.38078195 0.76178924
vn 0.22237277 -0.16180340 0.96144163
vn 0.24545801 -0.12534547 -0.96126941
vn 0.57721625 -0.29410637 -0.76178924
vn 0.77353861 -0.39413761 -0.49627973
vn 0.87769932 -0.44721014 -0.17218304
vn 0.87769932 -0.44721014 0.17218304
vn 0.77353861 -0.39413761 0.49627973
vn 0.57721625 -0.29410637 0.76178924
vn 0.24577492 -0.12554323 0.96116262
vn 0.26336387 -0.08596288 -0.96085892
vn 0.61611813 -0.20018892 -0.76178924
vn 0.82567177 -0.26827702 -0.49627973
vn 0.93685246 -0.30440182 -0.17218304
vn 0.93685246 -0.30440182 0.17218304
vn 0.82567177 -0.26827702 0.49627973
vn 0.61611813 -0.20018892 0.76178924
vn 0.26400562 -0.08623362 0.96065852
vn 0.28397684 -0.03382908 -0.95823418
vn 0.64601661 -0.07640302 -0.75949004
vn 0.86322831 -0.10272785 -0.49425082
vn 0.97825618 -0.11679499 -0.17138780
vn 0.97825593 -0.11682684 0.17136751
vn 0.86322343 -0.10280975 0.49424231
vn 0.64600034 -0.07649905 0.75949421
vn 0.28555804 -0.03428358 0.95774800
vn -0.00007959 -0.00000674 -1.00000000
vn 0.29326059 -0.00004578 -0.95603254
vn 0.64288571 -0.00009635 -0.76596211
vn 0.86608144 -0.00008421 -0.49990292
vn 0.98481542 -0.00003315 -0.17360469
vn 0.98481542 0.00003315 0.17360469
vn 0.86608144 0.00008421 0.49990292
vn 0.64288571 0.00009635 0.76596211
vn 0.34208828 0.00004530 0.93966782
vn 0.06474570 -0.00000395 0.99790180
vn 0.28394144 0.03387956 -0.95824289
vn 0.64600034 0.07649905 -0.75949421
vn 0.86322343 0.10280975 -0.49424231
vn 0.97825593 0.11682684 -0.17136751
vn 0.97825618 0.11679499 0.17138780
vn 0.86322831 0.10272785 0.49425082
vn 0.64601661 0.07640302 0.75949004
vn 0.28559344 0.03423313 0.95773926
vn 0.26336387 0.08596288 -0.96085892
vn 0.61611813 0.20018892 -0.76178924
vn 0.82567177 0.26827702 -0.49627973
vn 0.93685246 0.30440182 -0.17218304
vn 0.93685246 0.30440182 0.17218304
vn 0.82567177 0.26827702 0.49627973
vn 0.61611813 0.20018892 0.76178924
vn 0.26400562 0.08623362 0.96065852
vn 0.24545801 0.12534547 -0.96126941
vn 0.57721625 0.29410637 -0.76178924
vn 0.77353861 0.39413761 -0.49627973
vn 0.87769932 0.44721014 -0.17218304
vn 0.87769932 0.44721014 0.17218304
vn 0.77353861 0.39413761 0.49627973
vn 0.57721625 0.29410637 0.76178924
vn 0.24577492 0.12554323 0.96116262
vn 0.22220200 0.16165412 -0.96150622
vn 0.52410139 0.38078195 -0.76178924
vn 0.70235836 0.51029322 -0.49627973
vn 0.79693430 0.57900666 -0.17218304
vn 0.79693430 0.57900666 0.17218304
vn 0.70235836 0.51029322 0.49627973
vn 0.52410139 0.38078195 0.76178924
vn 0.22237277 0.16180340 0.96144163
vn 0.19384454 0.19401997 -0.96165511
vn 0.45808141 0.45808141 -0.76178924
vn 0.61388371 0.61388371 -0.49627973
vn 0.69654612 0.69654612 -0.17218304
vn 0.69654612 0.69654612 0.17218304
vn 0.61388371 0.61388371 0.49627973
vn 0.45808141 0.45808141 0.76178924
vn 0.19393806 0.19413354 0.96161333
vn 0.16093522 0.22165747 -0.96175247
vn 0.38078195 0.52410139 -0.76178924
vn 0.51029322 0.70235836 -0.49627973
vn 0.57900666 0.79693430 -0.17218304
vn 0.57900666 0.79693430 0.17218304
vn 0.51029322 0.70235836 0.49627973
vn 0.38078195 0.52410139 0.76178924
vn 0.16098394 0.22174262 0.96172469
vn 0.12420288 0.24389214 -0.96181613
vn 0.29410637 0.57721625 -0.76178924
vn 0.39413761 0.77353861 -0.49627973
vn 0.44721014 0.87769932 -0.17218304
vn 0.44721014 0.87769932 0.17218304
vn 0.39413761 0.77353861 0.49627973
vn 0.29410637 0.57721625 0.76178924
vn 0.12422445 0.24395325 0.96179785
vn 0.08450058 0.26018016 -0.96185547
vn 0.20018892 0.61611813 -0.76178924
vn 0.26827702 0.82567177 -0.49627973
vn 0.30440182 0.93685246 -0.17218304
vn 0.30440182 0.93685246 0.17218304
vn 0.26827702 0.82567177 0.49627973
vn 0.20018892 0.61611813 0.76178924
vn 0.08450582 0.26021984 0.96184427
vn 0.04276916 0.27012286 -0.96187548
vn 0.10134215 0.63984914 -0.76178924
vn 0.13581056 0.85747415 -0.49627973
vn 0.15409811 0.97293719 -0.17218304
vn 0.15409811 0.97293719 0.17218304
vn 0.13581056 0.85747415 0.49627973
vn 0.10134215 0.63984914 0.76178924
vn 0.04276556 0.27014258 0.96187010
vn 0.01022069 0.26783488 -0.96341062
vn 0.02340583 0.64554565 -0.76336294
vn 0.03025411 0.86695343 -0.49747004
vn 0.03355988 0.98442669 -0.17256251
vn 0.03334511 0.98440573 0.17272366
vn 0.02969478 0.86691955 0.49756278
vn 0.02273558 0.64556758 0.76336465
vn 0.00988233 0.26807894 0.96334626
vn -0.03300645 0.27700188 -0.96030231
vn -0.07888660 0.64528462 -0.75985832
vn -0.10656182 0.86255651 -0.49461182
vn -0.12130967 0.97769105 -0.17147648
vn -0.12110293 0.97768964 0.17163058
vn -0.10601859 0.86258400 0.49468061
vn -0.07822253 0.64540162 0.75982760
vn -0.03264837 0.27728772 0.96023206
vn -0.08450058 0.26018016 -0.96185547
vn -0.20018892 0.61611813 -0.76178924
vn -0.26827702 0.82567177 -0.49627973
vn -0.30440182 0.93685246 -0.17218304
vn -0.30440182 0.93685246 0.17218304
vn -0.26827702 0.82567177 0.49627973
vn -0.20018892 0.61611813 0.76178924
vn -0.08449528 0.26014104 0.96186651
vn -0.12420288 0.24389214 -0.96181613
vn -0.29410637 0.57721625 -0.76178924
vn -0.39413761 0.77353861 -0.49627973
vn -0.44721014 0.87769932 -0.17218304
vn -0.44721014 0.87769932 0.17218304
vn -0.39413761 0.77353861 0.49627973
vn -0.29410637 0.57721625 0.76178924
vn -0.12418192 0.24383313 0.96183380
vn -0.16093522 0.22165747 -0.96175247
vn -0.38078195 0.52410139 -0.76178924
vn -0.51029322 0.70235836 -0.49627973
vn -0.57900666 0.79693430 -0.17218304
vn -0.57900666 0.79693430 0.17218304
vn -0.51029322 0.70235836 0.49627973
vn -0.38078195 0.52410139 0.76178924
vn -0.16088897 0.22157686 0.96177879
vn -0.19384454 0.19401997 -0.96165511
vn -0.45808141 0.45808141 -0.76178924
vn -0.61388371 0.61388371 -0.49627973
vn -0.69654612 0.69654612 -0.17218304
vn -0.69654612 0.69654612 0.17218304
vn -0.61388371 0.61388371 0.49627973
vn -0.45808141 0.45808141 0.76178924
vn -0.19375781 0.19391483 0.96169379
vn -0.22220200 0.16165412 -0.96150622
vn -0.52410139 0.38078195 -0.76178924
vn -0.70235836 0.51029322 -0.49627973
vn -0.79693430 0.57900666 -0.17218304
vn -0.79693430 0.57900666 0.17218304
vn -0.70235836 0.51029322 0.49627973
vn -0.52410139 0.38078195 0.76178924
vn -0.22204799 0.16151966 0.96156440
vn -0.24545801 0.12534547 -0.96126941
vn -0.57721625 0.29410637 -0.76178924
vn -0.77353861 0.39413761 -0.49627973
vn -0.87769932 0.44721014 -0.17218304
vn -0.87769932 0.44721014 0.17218304
vn -0.77353861 0.39413761 0.49627973
vn -0.57721625 0.29410637 0.76178924
vn -0.24518280 0.12517391 0.96136200
vn -0.26336387 0.08596288 -0.96085892
vn -0.61611813 0.20018892 -0.76178924
vn -0.82567177 0.26827702 -0.49627973
vn -0.93685246 0.30440182 -0.17218304
vn -0.93685246 0.30440182 0.17218304
vn -0.82567177 0.26827702 0.49627973
vn -0.61611813 0.20018892 0.76178924
vn -0.26283798 0.08574122 0.96102271
vn -0.27639831 0.04440390 -0.96001681
vn -0.63984914 0.10134215 -0.76178924
vn -0.85747415 0.13581056 -0.49627973
vn -0.97293719 0.15409811 -0.17218304
vn -0.97293719 0.15409811 0.17218304
vn -0.85747415 0.13581056 0.49627973
vn -0.63984914 0.10134215 0.76178924
vn -0.27521026 0.04411146 0.96037154
vn -0.28260344 0.01198192 -0.95916199
vn -0.64511866 0.02529310 -0.76366365
vn -0.86661178 0.03377262 -0.49783877
vn -0.98421864 0.03823292 -0.17277703
vn -0.98421741 0.03821593 0.17278781
vn -0.86661015 0.03372953 0.49784452
vn -0.64512096 0.02524393 0.76366333
vn -0.27844887 0.01161918 0.96038077
vn -0.28397928 -0.03382506 -0.95823360
vn -0.64604621 -0.07634618 -0.75947058
vn -0.86326611 -0.10256971 -0.49421764
vn -0.97829118 -0.11654166 -0.17136048
vn -0.97829132 -0.11652532 0.17137077
vn -0.86326863 -0.10252776 0.49422194
vn -0.64605449 -0.07629714 0.75946846
vn -0.28280986 -0.03350303 0.95859070
vn -0.26336387 -0.08596288 -0.96085892
vn -0.61611813 -0.20018892 -0.76178924
vn -0.82567177 -0.26827702 -0.49627973
vn -0.93685246 -0.30440182 -0.17218304
vn -0.93685246 -0.30440182 0.17218304
vn -0.82567177 -0.26827702 0.49627973
vn -0.61611813 -0.20018892 0.76178924
vn -0.26283798 -0.08574122 0.96102271
vn -0.24545801 -0.12534547 -0.96126941
vn -0.57721625 -0.29410637 -0.76178924
vn -0.77353861 -0.39413761 -0.49627973
vn -0.87769932 -0.44721014 -0.17218304
vn -0.87769932 -0.44721014 0.17218304
vn -0.77353861 -0.39413761 0.49627973
vn -0.57721625 -0.29410637 0.76178924
vn -0.24518280 -0.12517391 0.96136200
vn -0.22220200 -0.16165412 -0.96150622
vn -0.52410139 -0.38078195 -0.76178924
vn -0.70235836 -0.51029322 -0.49627973
vn -0.79693430 -0.57900666 -0.17218304
vn -0.79693430 -0.57900666 0.17218304
vn -0.70235836 -0.51029322 0.49627973
vn -0.52410139 -0.38078195 0.76178924
vn -0.22204799 -0.16151966 0.96156440
vn -0.19384454 -0.19401997 -0.96165511
vn -0.45808141 -0.45808141 -0.76178924
vn -0.61388371 -0.61388371 -0.49627973
vn -0.69654612 -0.69654612 -0.17218304
vn -0.69654612 -0.69654612 0.17218304
vn -0.61388371 -0.61388371 0.49627973
vn -0.45808141 -0.45808141 0.76178924
vn -0.19375781 -0.19391483 0.96169379
vn -0.16093522 -0.22165747 -0.96175247
vn -0.38078195 -0.52410139 -0.76178924
vn -0.51029322 -0.70235836 -0.49627973
vn -0.57900666 -0.79693430 -0.17218304
vn -0.57900666 -0.79693430 0.17218304
vn -0.51029322 -0.70235836 0.49627973
vn -0.38078195 -0.52410139 0.76178924
vn -0.16088897 -0.22157686 0.96177879
vn -0.12420288 -0.24389214 -0.96181613
vn -0.29410637 -0.57721625 -0.76178924
vn -0.39413761 -0.77353861 -0.49627973
vn -0.44721014 -0.87769932 -0.17218304
vn -0.44721014 -0.87769932 0.17218304
vn -0.39413761 -0.77353861 0.49627973
vn -0.29410637 -0.57721625 0.76178924
vn -0.12418192 -0.24383313 0.96183380
vn -0.08450058 -0.26018016 -0.96185547
vn -0.20018892 -0.61611813 -0.76178924
vn -0.26827702 -0.82567177 -0.49627973
vn -0.30440182 -0.93685246 -0.17218304
vn -0.30440182 -0.93685246 0.17218304
vn -0.26827702 -0.82567177 0.49627973
vn -0.20018892 -0.61611813 0.76178924
vn -0.08449528 -0.26014104 0.96186651
vn -0.04276916 -0.27012286 -0.96187548
vn -0.10134215 -0.63984914 -0.76178924
vn -0.13581056 -0.85747415 -0.49627973
vn -0.15409811 -0.97293719 -0.17218304
vn -0.15409811 -0.97293719 0.17218304
vn -0.13581056 -0.85747415 0.49627973
vn -0.10134215 -0.63984914 0.76178924
vn -0.04277259 -0.27010286 0.96188094
vn -0.01022069 -0.26783488 -0.96341062
vn -0.02340583 -0.64554565 -0.76336294
vn -0.03025411 -0.86695343 -0.49747004
vn -0.03355988 -0.98442669 -0.17256251
vn -0.03334511 -0.98440573 0.17272366
vn -0.02969478 -0.86691955 0.49756278
vn -0.02273558 -0.64556758 0.76336465
vn -0.00988911 -0.26806870 0.96334904
vn 0.03300645 -0.27700188 -0.96030231
vn 0.07888660 -0.64528462 -0.75985832
vn 0.10656182 -0.86255651 -0.49461182
vn 0.12130967 -0.97769105 -0.17147648
vn 0.12110293 -0.97768964 0.17163058
vn 0.10601859 -0.86258400 0.49468061
vn 0.07822253 -0.64540162 0.75982760
vn 0.03263369 -0.27731752 0.96022395
vn 0.08450058 -0.26018016 -0.96185547
vn 0.20018892 -0.61611813 -0.76178924
vn 0.26827702 -0.82567177 -0.49627973
vn 0.30440182 -0.93685246 -0.17218304
vn 0.30440182 -0.93685246 0.17218304
vn 0.26827702 -0.82567177 0.49627973
vn 0.20018892 -0.61611813 0.76178924
vn 0.08450582 -0.26021984 0.96184427
vn 0.12420288 -0.24389214 -0.96181613
vn 0.29410637 -0.57721625 -0.76178924
vn 0.39413761 -0.77353861 -0.49627973
vn 0.44721014 -0.87769932 -0.17218304
vn 0.44721014 -0.87769932 0.17218304
vn 0.39413761 -0.77353861 0.49627973
vn 0.29410637 -0.57721625 0.76178924
vn 0.12422445 -0.24395325 0.96179785
vn 0.16093522 -0.22165747 -0.96175247
vn 0.38078195 -0.52410139 -0.76178924
vn 0.51029322 -0.70235836 -0.49627973
vn 0.57900666 -0.79693430 -0.17218304
vn 0.57900666 -0.79693430 0.17218304
vn 0.51029322 -0.70235836 0.49627973
vn 0.38078195 -0.52410139 0.76178924
vn 0.16098394 -0.22174262 0.96172469
vn 0.19384454 -0.19401997 -0.96165511
vn 0.45808141 -0.45808141 -0.76178924
vn 0.61388371 -0.61388371 -0.49627973
vn 0.69654612 -0.69654612 -0.17218304
vn 0.69654612 -0.69654612 0.17218304
vn 0.61388371 -0.61388371 0.49627973
vn 0.45808141 -0.45808141 0.76178924
vn 0.19393806 -0.19413354 0.96161333
vn 0.22220200 -0.16165412 -0.96150622
vn 0.52410139 -0.38078195 -0.76178924
vn 0.70235836 -0.51029322 -0.49627973
vn 0.79693430 -0.57900666 -0.17218304
vn 0.79693430 -0.57900666 0.17218304
vn 0.70235836 -0.51029322 0.49627973
vn 0.52410139 -0.38078195 0.76178924
vn 0.22237277 -0.16180340 0.96144163
vn 0.24545801 -0.12534547 -0.96126941
vn 0.57721625 -0.29410637 -0.76178924
vn 0.77353861 -0.39413761 -0.49627973
vn 0.87769932 -0.44721014 -0.17218304
vn 0.87769932 -0.44721014 0.17218304
vn 0.77353861 -0.39413761 0.49627973
vn 0.57721625 -0.29410637 0.76178924
vn 0.24577492 -0.12554323 0.96116262
vn 0.26336387 -0.08596288 -0.96085892
vn 0.61611813 -0.20018892 -0.76178924
vn 0.82567177 -0.26827702 -0.49627973
vn 0.93685246 -0.30440182 -0.17218304
vn 0.93685246 -0.30440182 0.17218304
vn 0.82567177 -0.26827702 0.49627973
vn 0.61611813 -0.20018892 0.76178924
vn 0.26400562 -0.08623362 0.96065852
vn 0.28397684 -0.03382908 -0.95823418
vn 0.64601661 -0.07640302 -0.75949004
vn 0.86322831 -0.10272785 -0.49425082
vn 0.97825618 -0.11679499 -0.17138780
vn 0.97825593 -0.11682684 0.17136751
vn 0.86322343 -0.10280975 0.49424231
vn 0.64600034 -0.07649905 0.75949421
vn 0.28555804 -0.03428358 0.95774800
vn -0.00007959 -0.00000674 -1.00000000
vn 0.29326059 -0.00004578 -0.95603254
vn 0.64288571 -0.00009635 -0.76596211
vn 0.86608144 -0.00008421 -0.49990292
vn 0.98481542 -0.00003315 -0.17360469
vn 0.98481542 0.00003315 0.17360469
vn 0.86608144 0.00008421 0.49990292
vn 0.64288571 0.00009635 0.76596211
vn 0.34208828 0.00004530 0.93966782
vn 0.06474570 -0.00000395 0.99790180
vn 0.28394144 0.03387956 -0.95824289
vn 0.64600034 0.07649905 -0.75949421
vn 0.86322343 0.10280975 -0.49424231
vn 0.97825593 0.11682684 -0.17136751
vn 0.97825618 0.11679499 0.17138780
vn 0.86322831 0.10272785 0.49425082
vn 0.64601661 0.07640302 0.75949004
vn 0.28559344 0.03423313 0.95773926
vn 0.26336387 0.08596288 -0.96085892
vn 0.61611813 0.20018892 -0.76178924
vn 0.82567177 0.26827702 -0.49627973
vn 0.93685246 0.30440182 -0.17218304
vn 0.93685246 0.30440182 0.17218304
vn 0.82567177 0.26827702 0.49627973
vn 0.61611813 0.20018892 0.76178924
vn 0.26400562 0.08623362 0.96065852
vn 0.24545801 0.12534547 -0.96126941
vn 0.57721625 0.29410637 -0.76178924
vn 0.77353861 0.39413761 -0.49627973
vn 0.87769932 0.44721014 -0.17218304
vn 0.87769932 0.44721014 0.17218304
vn 0.77353861 0.39413761 0.49627973
vn 0.57721625 0.29410637 0.76178924
vn 0.24577492 0.12554323 0.96116262
vn 0.22220200 0.16165412 -0.96150622
vn 0.52410139 0.38078195 -0.76178924
vn 0.70235836 0.51029322 -0.49627973
vn 0.79693430 0.57900666 -0.17218304
vn 0.79693430 0.57900666 0.17218304
vn 0.70235836 0.51029322 0.49627973
vn 0.52410139 0.38078195 0.76178924
vn 0.22237277 0.16180340 0.96144163
vn 0.19384454 0.19401997 -0.96165511
vn 0.45808141 0.45808141 -0.76178924
vn 0.61388371 0.61388371 -0.49627973
vn 0.69654612 0.69654612 -0.17218304
vn 0.69654612 0.69654612 0.17218304
vn 0.61388371 0.61388371 0.49627973
vn 0.45808141 0.45808141 0.76178924
vn 0.19393806 0.19413354 0.96161333
vn 0.16093522 0.22165747 -0.96175247
vn 0.38078195 0.52410139 -0.76178924
vn 0.51029322 0.70235836 -0.49627973
vn 0.57900666 0.79693430 -0.17218304
vn 0.57900666 0.79693430 0.17218304
vn 0.51029322 0.70235836 0.49627973
vn 0.38078195 0.52410139 0.76178924
vn 0.16098394 0.22174262 0.96172469
vn 0.12420288 0.24389214 -0.96181613
vn 0.29410637 0.57721625 -0.76178924
vn 0.39413761 0.77353861 -0.49627973
vn 0.44721014 0.87769932 -0.17218304
vn 0.44721014 0.87769932 0.17218304
vn 0.39413761 0.77353861 0.49627973
vn 0.29410637 0.57721625 0.76178924
vn 0.12422445 0.24395325 0.96179785
vn 0.08450058 0.26018016 -0.96185547
vn 0.20018892 0.61611813 -0.76178924
vn 0.26827702 0.82567177 -0.49627973
vn 0.30440182 0.93685246 -0.17218304
vn 0.30440182 0.93685246 0.17218304
vn 0.26827702 0.82567177 0.49627973
vn 0.20018892 0.61611813 0.76178924
vn 0.08450582 0.26021984 0.96184427
vn 0.04276916 0.27012286 -0.96187548
vn 0.10134215 0.63984914 -0.76178924
vn 0.13581056 0.85747415 -0.49627973
vn 0.15409811 0.97293719 -0.17218304
vn 0.15409811 0.97293719 0.17218304
vn 0.13581056 0.85747415 0.49627973
vn 0.10134215 0.63984914 0.76178924
vn 0.04276556 0.27014258 0.96187010
vn 0.01022069 0.26783488 -0.96341062
vn 0.02340583 0.64554565 -0.76336294
vn 0.03025411 0.86695343 -0.49747004
vn 0.03355988 0.98442669 -0.17256251
vn 0.03334511 0.98440573 0.17272366
vn 0.02969478 0.86691955 0.49756278
vn 0.02273558 0.64556758 0.76336465
vn 0.00988233 0.26807894 0.96334626
vn -0.03300645 0.27700188 -0.96030231
vn -0.07888660 0.64528462 -0.75985832
vn -0.10656182 0.86255651 -0.49461182
vn -0.12130967 0.97769105 -0.17147648
vn -0.12110293 0.97768964 0.17163058
vn -0.10601859 0.86258400 0.49468061
vn -0.07822253 0.64540162 0.75982760
vn -0.03264837 0.27728772 0.96023206
vn -0.08450058 0.26018016 -0.96185547
vn -0.20018892 0.61611813 -0.76178924
vn -0.26827702 0.82567177 -0.49627973
vn -0.30440182 0.93685246 -0.17218304
vn -0.30440182 0.93685246 0.17218304
vn -0.26827702 0.82567177 0.49627973
vn -0.20018892 0.61611813 0.76178924
vn -0.08449528 0.26014104 0.96186651
vn -0.12420288 0.24389214 -0.96181613
vn -0.29410637 0.57721625 -0.76178924
vn -0.39413761 0.77353861 -0.49627973
vn -0.44721014 0.87769932 -0.17218304
vn -0.44721014 0.87769932 0.17218304
vn -0.39413761 0.77353861 0.49627973
vn -0.29410637 0.57721625 0.76178924
vn -0.12418192 0.24383313 0.96183380
vn -0.16093522 0.22165747 -0.96175247
vn -0.38078195 0.52410139 -0.76178924
vn -0.51029322 0.70235836 -0.49627973
vn -0.57900666 0.79693430 -0.17218304
vn -0.57900666 0.79693430 0.17218304
vn -0.51029322 0.70235836 0.49627973
vn -0.38078195 0.52410139 0.76178924
vn -0.16088897 0.22157686 0.96177879
vn -0.19384454 0.19401997 -0.96165511
vn -0.45808141 0.45808141 -0.76178924
vn -0.61388371 0.61388371 -0.49627973
vn -0.69654612 0.69654612 -0.17218304
vn -0.69654612 0.69654612 0.17218304
vn -0.61388371 0.61388371 0.49627973
vn -0.45808141 0.45808141 0.76178924
vn -0.19375781 0.19391483 0.96169379
vn -0.22220200 0.16165412 -0.96150622
vn -0.52410139 0.38078195 -0.76178924
vn -0.70235836 0.51029322 -0.49627973
vn -0.79693430 0.57900666 -0.17218304
vn -0.79693430 0.57900666 0.17218304
vn -0.70235836 0.51029322 0.49627973
vn -0.52410139 0.38078195 0.76178924
vn -0.22204799 0.16151966 0.96156440
vn -0.24545801 0.12534547 -0.96126941
vn -0.57721625 0.29410637 -0.76178924
vn -0.77353861 0.39413761 -0.49627973
vn -0.87769932 0.44721014 -0.17218304
vn -0.87769932 0.44721014 0.17218304
vn -0.77353861 0.39413761 0.49627973
vn -0.57721625 0.29410637 0.76178924
vn -0.24518280 0.12517391 0.96136200
vn -0.26336387 0.08596288 -0.96085892
vn -0.61611813 0.20018892 -0.76178924
vn -0.82567177 0.26827702 -0.49627973
vn -0.93685246 0.30440182 -0.17218304
vn -0.93685246 0.30440182 0.17218304
vn -0.82567177 0.26827702 0.49627973
vn -0.61611813 0.20018892 0.76178924
vn -0.26283798 0.08574122 0.96102271
vn -0.27639831 0.04440390 -0.96001681
vn -0.63984914 0.10134215 -0.76178924
vn -0.85747415 0.13581056 -0.49627973
vn -0.97293719 0.15409811 -0.17218304
vn -0.97293719 0.15409811 0.17218304
vn -0.85747415 0.13581056 0.49627973
vn -0.63984914 0.10134215 0.76178924
vn -0.27521026 0.04411146 0.96037154
vn -0.28260344 0.01198192 -0.95916199
vn -0.64511866 0.02529310 -0.76366365
vn -0.86661178 0.03377262 -0.49783877
vn -0.98421864 0.03823292 -0.17277703
vn -0.98421741 0.03821593 0.17278781
vn -0.86661015 0.03372953 0.49784452
vn -0.64512096 0.02524393 0.76366333
vn -0.27844887 0.01161918 0.96038077
vn -0.28397928 -0.03382506 -0.95823360
vn -0.64604621 -0.07634618 -0.75947058
vn -0.86326611 -0.10256971 -0.49421764
vn -0.97829118 -0.11654166 -0.17136048
vn -0.97829132 -0.11652532 0.17137077
vn -0.86326863 -0.10252776 0.49422194
vn -0.64605449 -0.07629714 0.75946846
vn -0.28280986 -0.03350303 0.95859070
vn -0.26336387 -0.08596288 -0.96085892
vn -0.61611813 -0.20018892 -0.76178924
vn -0.82567177 -0.26827702 -0.49627973
vn -0.93685246 -0.30440182 -0.17218304
vn -0.93685246 -0.30440182 0.17218304
vn -0.82567177 -0.26827702 0.49627973
vn -0.61611813 -0.20018892 0.76178924
vn -0.26283798 -0.08574122 0.96102271
vn -0.24545801 -0.12534547 -0.96126941
vn -0.57721625 -0.29410637 -0.76178924
vn -0.77353861 -0.39413761 -0.49627973
vn -0.87769932 -0.44721014 -0.17218304
vn -0.87769932 -0.44721014 0.17218304
vn -0.77353861 -0.39413761 0.49627973
vn -0.57721625 -0.29410637 0.76178924
vn -0.24518280 -0.12517391 0.96136200
vn -0.22220200 -0.16165412 -0.96150622
vn -0.52410139 -0.38078195 -0.76178924
vn -0.70235836 -0.51029322 -0.49627973
vn -0.79693430 -0.57900666 -0.17218304
vn -0.79693430 -0.57900666 0.17218304
vn -0.70235836 -0.51029322 0.49627973
vn -0.52410139 -0.38078195 0.76178924
vn -0.22204799 -0.16151966 0.96156440
vn -0.19384454 -0.19401997 -0.96165511
vn -0.45808141 -0.45808141 -0.76178924
vn -0.61388371 -0.61388371 -0.49627973
vn -0.69654612 -0.69654612 -0.17218304
vn -0.69654612 -0.69654612 0.17218304
vn -0.61388371 -0.61388371 0.49627973
vn -0.45808141 -0.45808141 0.76178924
vn -0.19375781 -0.19391483 0.96169379
vn -0.16093522 -0.22165747 -0.96175247
vn -0.38078195 -0.52410139 -0.76178924
vn -0.51029322 -0.70235836 -0.49627973
vn -0.57900666 -0.79693430 -0.17218304
vn -0.57900666 -0.79693430 0.17218304
vn -0.51029322 -0.70235836 0.49627973
vn -0.38078195 -0.52410139 0.76178924
vn -0.16088897 -0.22157686 0.96177879
vn -0.12420288 -0.24389214 -0.96181613
vn -0.29410637 -0.57721625 -0.76178924
vn -0.39413761 -0.77353861 -0.49627973
vn -0.44721014 -0.87769932 -0.17218304
vn -0.44721014 -0.87769932 0.17218304
vn -0.39413761 -0.77353861 0.49627973
vn -0.29410637 -0.57721625 0.76178924
vn -0.12418192 -0.24383313 0.96183380
vn -0.08450058 -0.26018016 -0.96185547
vn -0.20018892 -0.61611813 -0.76178924
vn -0.26827702 -0.82567177 -0.49627973
vn -0.30440182 -0.93685246 -0.17218304
vn -0.30440182 -0.93685246 0.17218304
vn -0.26827702 -0.82567177 0.49627973
vn -0.20018892 -0.61611813 0.76178924
vn -0.08449528 -0.26014104 0.96186651
vn -0.04276916 -0.27012286 -0.96187548
vn -0.10134215 -0.63984914 -0.76178924
vn -0.13581056 -0.85747415 -0.49627973
vn -0.15409811 -0.97293719 -0.17218304
vn -0.15409811 -0.97293719 0.17218304
vn -0.13581056 -0.85747415 0.49627973
vn -0.10134215 -0.63984914 0.76178924
vn -0.04277259 -0.27010286 0.96188094
vn -0.01022069 -0.26783488 -0.96341062
vn -0.02340583 -0.64554565 -0.76336294
vn -0.03025411 -0.86695343 -0.49747004
vn -0.03355988 -0.98442669 -0.17256251
vn -0.03334511 -0.98440573 0.17272366
vn -0.02969478 -0.86691955 0.49756278
vn -0.02273558 -0.64556758 0.76336465
vn -0.00988911 -0.26806870 0.96334904
vn 0.03300645 -0.27700188 -0.96030231
vn 0.07888660 -0.64528462 -0.75985832
vn 0.10656182 -0.86255651 -0.49461182
vn 0.12130967 -0.97769105 -0.17147648
vn 0.12110293 -0.97768964 0.17163058
vn 0.10601859 -0.86258400 0.49468061
vn 0.07822253 -0.64540162 0.75982760
vn 0.03263369 -0.27731752 0.96022395
vn 0.08450058 -0.26018016 -0.96185547
vn 0.20018892 -0.61611813 -0.76178924
vn 0.26827702 -0.82567177 -0.49627973
vn 0.30440182 -0.93685246 -0.17218304
vn 0.30440182 -0.93685246 0.17218304
vn 0.26827702 -0.82567177 0.49627973
vn 0.20018892 -0.61611813 0.76178924
vn 0.08450582 -0.26021984 0.96184427
vn 0.12420288 -0.24389214 -0.96181613
vn 0.29410637 -0.57721625 -0.76178924
vn 0.39413761 -0.77353861 -0.49627973
vn 0.44721014 -0.87769932 -0.17218304
vn 0.44721014 -0.87769932 0.17218304
vn 0.39413761 -0.77353861 0.49627973
vn 0.29410637 -0.57721625 0.76178924
vn 0.12422445 -0.24395325 0.96179785
vn 0.16093522 -0.22165747 -0.96175247
vn 0.38078195 -0.52410139 -0.76178924
vn 0.51029322 -0.70235836 -0.49627973
vn 0.57900666 -0.79693430 -0.17218304
vn 0.57900666 -0.79693430 0.17218304
vn 0.51029322 -0.70235836 0.49627973
vn 0.38078195 -0.52410139 0.76178924
vn 0.16098394 -0.22174262 0.96172469
vn 0.19384454 -0.19401997 -0.96165511
vn 0.45808141 -0.45808141 -0.76178924
vn 0.61388371 -0.61388371 -0.49627973
vn 0.69654612 -0.69654612 -0.17218304
vn 0.69654612 -0.69654612 0.17218304
vn 0.61388371 -0.61388371 0.49627973
vn 0.45808141 -0.45808141 0.76178924
vn 0.19393806 -0.19413354 0.96161333
vn 0.22220200 -0.16165412 -0.96150622
vn 0.52410139 -0.38078195 -0.76178924
vn 0.70235836 -0.51029322 -0.49627973
vn 0.79693430 -0.57900666 -0.17218304
vn 0.79693430 -0.57900666 0.17218304
vn 0.70235836 -0.51029322 0.49627973
vn 0.52410139 -0.38078195 0.76178924
vn 0.22237277 -0.16180340 0.96144163
vn 0.24545801 -0.12534547 -0.96126941
vn 0.57721625 -0.29410637 -0.76178924
vn 0.77353861 -0.39413761 -0.49627973
vn 0.87769932 -0.44721014 -0.17218304
vn 0.87769932 -0.44721014 0.17218304
vn 0.77353861 -0.39413761 0.49627973
vn 0.57721625 -0.29410637 0.76178924
vn 0.24577492 -0.12554323 0.96116262
vn 0.26336387 -0.08596288 -0.96085892
vn 0.61611813 -0.20018892 -0.76178924
vn 0.82567177 -0.26827702 -0.49627973
vn 0.93685246 -0.30440182 -0.17218304
vn 0.93685246 -0.30440182 0.17218304
vn 0.82567177 -0.26827702 0.49627973
vn 0.61611813 -0.20018892 0.76178924
vn 0.26400562 -0.08623362 0.96065852
vn 0.28397684 -0.03382908 -0.95823418
vn 0.64601661 -0.07640302 -0.75949004
vn 0.86322831 -0.10272785 -0.49425082
vn 0.97825618 -0.11679499 -0.17138780
vn 0.97825593 -0.11682684 0.17136751
vn 0.86322343 -0.10280975 0.49424231
vn 0.64600034 -0.07649905 0.75949421
vn 0.28555804 -0.03428358 0.95774800
vn -0.00007959 -0.00000674 -1.00000000
vn 0.29326059 -0.00004578 -0.95603254
vn 0.64288571 -0.00009635 -0.76596211
vn 0.86608144 -0.00008421 -0.49990292
vn 0.98481542 -0.00003315 -0.17360469
vn 0.98481542 0.00003315 0.17360469
vn 0.86608144 0.00008421 0.49990292
vn 0.64288571 0.00009635 0.76596211
vn 0.34208828 0.00004530 0.93966782
vn 0.06474570 -0.00000395 0.99790180
vn 0.28394144 0.03387956 -0.95824289
vn 0.64600034 0.07649905 -0.75949421
vn 0.86322343 0.10280975 -0.49424231
vn 0.97825593 0.11682684 -0.17136751
vn 0.97825618 0.11679499 0.17138780
vn 0.86322831 0.10272785 0.49425082
vn 0.64601661 0.07640302 0.75949004
vn 0.28559344 0.03423313 0.95773926
vn 0.26336387 0.08596288 -0.96085892
vn 0.61611813 0.20018892 -0.76178924
vn 0.82567177 0.26827702 -0.49627973
vn 0.93685246 0.30440182 -0.17218304
vn 0.93685246 0.30440182 0.17218304
vn 0.82567177 0.26827702 0.49627973
vn 0.61611813 0.20018892 0.76178924
vn 0.26400562 0.08623362 0.96065852
vn 0.24545801 0.12534547 -0.96126941
vn 0.57721625 0.29410637 -0.76178924
vn 0.77353861 0.39413761 -0.49627973
vn 0.87769932 0.44721014 -0.17218304
vn 0.87769932 0.44721014 0.17218304
vn 0.77353861 0.39413761 0.49627973
vn 0.57721625 0.29410637 0.76178924
vn 0.24577492 0.12554323 0.96116262
vn 0.22220200 0.16165412 -0.96150622
vn 0.52410139 0.38078195 -0.76178924
vn 0.70235836 0.51029322 -0.49627973
vn 0.79693430 0.57900666 -0.17218304
vn 0.79693430 0.57900666 0.17218304
vn 0.70235836 0.51029322 0.49627973
vn 0.52410139 0.38078195 0.76178924
vn 0.22237277 0.16180340 0.96144163
vn 0.19384454 0.19401997 -0.96165511
vn 0.45808141 0.45808141 -0.76178924
vn 0.61388371 0.61388371 -0.49627973
vn 0.69654612 0.69654612 -0.17218304
vn 0.69654612 0.69654612 0.17218304
vn 0.61388371 0.61388371 0.49627973
vn 0.45808141 0.45808141 0.76178924
vn 0.19393806 0.19413354 0.96161333
vn 0.16093522 0.22165747 -0.96175247
vn 0.38078195 0.52410139 -0.76178924
vn 0.51029322 0.70235836 -0.49627973
vn 0.57900666 0.79693430 -0.17218304
vn 0.57900666 0.79693430 0.17218304
vn 0.51029322 0.70235836 0.49627973
vn 0.38078195 0.52410139 0.76178924
vn 0.16098394 0.22174262 0.96172469
vn 0.12420288 0.24389214 -0.96181613
vn 0.29410637 0.57721625 -0.76178924
vn 0.39413761 0.77353861 -0.49627973
vn 0.44721014 0.87769932 -0.17218304
vn 0.44721014 0.87769932 0.17218304
vn 0.39413761 0.77353861 0.49627973
vn 0.29410637 0.57721625 0.76178924
vn 0.12422445 0.24395325 0.96179785
vn 0.08450058 0.26018016 -0.96185547
vn 0.20018892 0.61611813 -0.76178924
vn 0.26827702 0.82567177 -0.49627973
vn 0.30440182 0.93685246 -0.17218304
vn 0.30440182 0.93685246 0.17218304
vn 0.26827702 0.82567177 0.49627973
vn 0.20018892 0.61611813 0.76178924
vn 0.08450582 0.26021984 0.96184427
vn 0.04276916 0.27012286 -0.96187548
vn 0.10134215 0.63984914 -0.76178924
vn 0.13581056 0.85747415 -0.49627973
vn 0.15409811 0.97293719 -0.17218304
vn 0.15409811 0.97293719 0.17218304
vn 0.13581056 0.85747415 0.49627973
vn 0.10134215 0.63984914 0.76178924
vn 0.04276556 0.27014258 0.96187010
vn 0.01022069 0.26783488 -0.96341062
vn 0.02340583 0.64554565 -0.76336294
vn 0.03025411 0.86695343 -0.49747004
vn 0.03355988 0.98442669 -0.17256251
vn 0.03334511 0.98440573 0.17272366
vn 0.02969478 0.86691955 0.49756278
vn 0.02273558 0.64556758 0.76336465
vn 0.00988233 0.26807894 0.96334626
vn -0.03300645 0.27700188 -0.96030231
vn -0.07888660 0.64528462 -0.75985832
vn -0.10656182 0.86255651 -0.49461182
vn -0.12130967 0.97769105 -0.17147648
vn -0.12110293 0.97768964 0.17163058
vn -0.10601859 0.86258400 0.49468061
vn -0.07822253 0.64540162 0.75982760
vn -0.03264837 0.27728772 0.96023206
vn -0.08450058 0.26018016 -0.96185547
vn -0.20018892 0.61611813 -0.76178924
vn -0.26827702 0.82567177 -0.49627973
vn -0.30440182 0.93685246 -0.17218304
vn -0.30440182 0.93685246 0.17218304
vn -0.26827702 0.82567177 0.49627973
vn -0.20018892 0.61611813 0.76178924
vn -0.08449528 0.26014104 0.96186651
vn -0.12420288 0.24389214 -0.96181613
vn -0.29410637 0.57721625 -0.76178924
vn -0.39413761 0.77353861 -0.49627973
vn -0.44721014 0.87769932 -0.17218304
vn -0.44721014 0.87769932 0.17218304
vn -0.39413761 0.77353861 0.49627973
vn -0.29410637 0.57721625 0.76178924
vn -0.12418192 0.24383313 0.96183380
vn -0.16093522 0.22165747 -0.96175247
vn -0.38078195 0.52410139 -0.76178924
vn -0.51029322 0.70235836 -0.49627973
vn -0.57900666 0.79693430 -0.17218304
vn -0.57900666 0.79693430 0.17218304
vn -0.51029322 0.70235836 0.49627973
vn -0.38078195 0.52410139 0.76178924
vn -0.16088897 0.22157686 0.96177879
vn -0.19384454 0.19401997 -0.96165511
vn -0.45808141 0.45808141 -0.76178924
vn -0.61388371 0.61388371 -0.49627973
vn -0.69654612 0.69654612 -0.17218304
vn -0.69654612 0.69654612 0.17218304
vn -0.61388371 0.61388371 0.49627973
vn -0.45808141 0.45808141 0.76178924
vn -0.19375781 0.19391483 0.96169379
vn -0.22220200 0.16165412 -0.96150622
vn -0.52410139 0.38078195 -0.76178924
vn -0.70235836 0.51029322 -0.49627973
vn -0.79693430 0.57900666 -0.17218304
vn -0.79693430 0.57900666 0.17218304
vn -0.70235836 0.51029322 0.49627973
vn -0.52410139 0.38078195 0.76178924
vn -0.22204799 0.16151966 0.96156440
vn -0.24545801 0.12534547 -0.96126941
vn -0.57721625 0.29410637 -0.76178924
vn -0.77353861 0.39413761 -0.49627973
vn -0.87769932 0.44721014 -0.17218304
vn -0.87769932 0.44721014 0.17218304
vn -0.77353861 0.39413761 0.49627973
vn -0.57721625 0.29410637 0.76178924
vn -0.24518280 0.12517391 0.96136200
vn -0.26336387 0.08596288 -0.96085892
vn -0.61611813 0.20018892 -0.76178924
vn -0.82567177 0.26827702 -0.49627973
vn -0.93685246 0.30440182 -0.17218304
vn -0.93685246 0.30440182 0.17218304
vn -0.82567177 0.26827702 0.49627973
vn -0.61611813 0.20018892 0.76178924
vn -0.26283798 0.08574122 0.96102271
vn -0.27639831 0.04440390 -0.96001681
vn -0.63984914 0.10134215 -0.76178924
vn -0.85747415 0.13581056 -0.49627973
vn -0.97293719 0.15409811 -0.17218304
vn -0.97293719 0.15409811 0.17218304
vn -0.85747415 0.13581056 0.49627973
vn -0.63984914 0.10134215 0.76178924
vn -0.27521026 0.04411146 0.96037154
vn -0.28260344 0.01198192 -0.95916199
vn -0.64511866 0.02529310 -0.76366365
vn -0.86661178 0.03377262 -0.49783877
vn -0.98421864 0.03823292 -0.17277703
vn -0.98421741 0.03821593 0.17278781
vn -0.86661015 0.03372953 0.49784452
vn -0.64512096 0.02524393 0.76366333
vn -0.27844887 0.01161918 0.96038077
vn -0.28397928 -0.03382506 -0.95823360
vn -0.64604621 -0.07634618 -0.75947058
vn -0.86326611 -0.10256971 -0.49421764
vn -0.97829118 -0.11654166 -0.17136048
vn -0.97829132 -0.11652532 0.17137077
vn -0.86326863 -0.10252776 0.49422194
vn -0.64605449 -0.07629714 0.75946846
vn -0.28280986 -0.03350303 0.95859070
vn -0.26336387 -0.08596288 -0.96085892
vn -0.61611813 -0.20018892 -0.76178924
vn -0.82567177 -0.26827702 -0.49627973
vn -0.93685246 -0.30440182 -0.17218304
vn -0.93685246 -0.30440182 0.17218304
vn -0.82567177 -0.26827702 0.49627973
vn -0.61611813 -0.20018892 0.76178924
vn -0.26283798 -0.08574122 0.96102271
vn -0.24545801 -0.12534547 -0.96126941
vn -0.57721625 -0.29410637 -0.76178924
vn -0.77353861 -0.39413761 -0.49627973
vn -0.87769932 -0.44721014 -0.17218304
vn -0.87769932 -0.44721014 0.17218304
vn -0.77353861 -0.39413761 0.49627973
vn -0.57721625 -0.29410637 0.76178924
vn -0.24518280 -0.12517391 0.96136200
vn -0.22220200 -0.16165412 -0.96150622
vn -0.52410139 -0.38078195 -0.76178924
vn -0.70235836 -0.51029322 -0.49627973
vn -0.79693430 -0.57900666 -0.17218304
vn -0.79693430 -0.57900666 0.17218304
vn -0.70235836 -0.51029322 0.49627973
vn -0.52410139 -0.38078195 0.76178924
vn -0.22204799 -0.16151966 0.96156440
vn -0.19384454 -0.19401997 -0.96165511
vn -0.45808141 -0.45808141 -0.76178924
vn -0.61388371 -0.61388371 -0.49627973
vn -0.69654612 -0.69654612 -0.17218304
vn -0.69654612 -0.69654612 0.17218304
vn -0.61388371 -0.61388371 0.49627973
vn -0.45808141 -0.45808141 0.76178924
vn -0.19375781 -0.19391483 0.96169379
vn -0.16093522 -0.22165747 -0.96175247
vn -0.38078195 -0.52410139 -0.76178924
vn -0.51029322 -0.70235836 -0.49627973
vn -0.57900666 -0.79693430 -0.17218304
vn -0.57900666 -0.79693430 0.17218304
vn -0.51029322 -0.70235836 0.49627973
vn -0.38078195 -0.52410139 0.76178924
vn -0.16088897 -0.22157686 0.96177879
vn -0.12420288 -0.24389214 -0.96181613
vn -0.29410637 -0.57721625 -0.76178924
vn -0.39413761 -0.77353861 -0.49627973
vn -0.44721014 -0.87769932 -0.17218304
vn -0.44721014 -0.87769932 0.17218304
vn -0.39413761 -0.77353861 0.49627973
vn -0.29410637 -0.57721625 0.76178924
vn -0.12418192 -0.24383313 0.96183380
vn -0.08450058 -0.26018016 -0.96185547
vn -0.20018892 -0.61611813 -0.76178924
vn -0.26827702 -0.82567177 -0.49627973
vn -0.30440182 -0.93685246 -0.17218304
vn -0.30440182 -0.93685246 0.17218304
vn -0.26827702 -0.82567177 0.49627973
vn -0.20018892 -0.61611813 0.76178924
vn -0.08449528 -0.26014104 0.96186651
vn -0.04276916 -0.27012286 -0.96187548
vn -0.10134215 -0.63984914 -0.76178924
vn -0.13581056 -0.85747415 -0.49627973
vn -0.15409811 -0.97293719 -0.17218304
vn -0.15409811 -0.97293719 0.17218304
vn -0.13581056 -0.85747415 0.49627973
vn -0.10134215 -0.63984914 0.76178924
vn -0.04277259 -0.27010286 0.96188094
vn -0.01022069 -0.26783488 -0.96341062
vn -0.02340583 -0.64554565 -0.76336294
vn -0.03025411 -0.86695343 -0.49747004
vn -0.03355988 -0.98442669 -0.17256251
vn -0.03334511 -0.98440573 0.17272366
vn -0.02969478 -0.86691955 0.49756278
vn -0.02273558 -0.64556758 0.76336465
vn -0.00988911 -0.26806870 0.96334904
vn 0.03300645 -0.27700188 -0.96030231
vn 0.07888660 -0.64528462 -0.75985832
vn 0.10656182 -0.86255651 -0.49461182
vn 0.12130967 -0.97769105 -0.17147648
vn 0.12110293 -0.97768964 0.17163058
vn 0.10601859 -0.86258400 0.49468061
vn 0.07822253 -0.64540162 0.75982760
vn 0.03263369 -0.27731752 0.96022395
vn 0.08450058 -0.26018016 -0.96185547
vn 0.20018892 -0.61611813 -0.76178924
vn 0.26827702 -0.82567177 -0.49627973
vn 0.30440182 -0.93685246 -0.17218304
vn 0.30440182 -0.93685246 0.17218304
vn 0.26827702 -0.82567177 0.49627973
vn 0.20018892 -0.61611813 0.76178924
vn 0.08450582 -0.26021984 0.96184427
vn 0.12420288 -0.24389214 -0.96181613
vn 0.29410637 -0.57721625 -0.76178924
vn 0.39413761 -0.77353861 -0.49627973
vn 0.44721014 -0.87769932 -0.17218304
vn 0.44721014 -0.87769932 0.17218304
vn 0.39413761 -0.77353861 0.49627973
vn 0.29410637 -0.57721625 0.76178924
vn 0.12422445 -0.24395325 0.96179785
vn 0.16093522 -0.22165747 -0.96175247
vn 0.38078195 -0.52410139 -0.76178924
vn 0.51029322 -0.70235836 -0.49627973
vn 0.57900666 -0.79693430 -0.17218304
vn 0.57900666 -0.79693430 0.17218304
vn 0.51029322 -0.70235836 0.49627973
vn 0.38078195 -0.52410139 0.76178924
vn 0.16098394 -0.22174262 0.96172469
vn 0.19384454 -0.19401997 -0.96165511
vn 0.45808141 -0.45808141 -0.76178924
vn 0.61388371 -0.61388371 -0.49627973
vn 0.69654612 -0.69654612 -0.17218304
vn 0.69654612 -0.69654612 0.17218304
vn 0.61388371 -0.61388371 0.49627973
vn 0.45808141 -0.45808141 0.76178924
vn 0.19393806 -0.19413354 0.96161333
vn 0.22220200 -0.16165412 -0.96150622
vn 0.52410139 -0.38078195 -0.76178924
vn 0.70235836 -0.51029322 -0.49627973
vn 0.79693430 -0.57900666 -0.17218304
vn 0.79693430 -0.57900666 0.17218304
vn 0.70235836 -0.51029322 0.49627973
vn 0.52410139 -0.38078195 0.76178924
vn 0.22237277 -0.16180340 0.96144163
vn 0.24545801 -0.12534547 -0.96126941
vn 0.57721625 -0.29410637 -0.76178924
vn 0.77353861 -0.39413761 -0.49627973
vn 0.87769932 -0.44721014 -0.17218304
vn 0.87769932 -0.44721014 0.17218304
vn 0.77353861 -0.39413761 0.49627973
vn 0.57721625 -0.29410637 0.76178924
vn 0.24577492 -0.12554323 0.96116262
vn 0.26336387 -0.08596288 -0.96085892
vn 0.61611813 -0.20018892 -0.76178924
vn 0.82567177 -0.26827702 -0.49627973
vn 0.93685246 -0.30440182 -0.17218304
vn 0.93685246 -0.30440182 0.17218304
vn 0.82567177 -0.26827702 0.49627973
vn 0.61611813 -0.20018892 0.76178924
vn 0.26400562 -0.08623362 0.96065852
vn 0.28397684 -0.03382908 -0.95823418
vn 0.64601661 -0.07640302 -0.75949004
vn 0.86322831 -0.10272785 -0.49425082
vn 0.97825618 -0.11679499 -0.17138780
vn 0.97825593 -0.11682684 0.17136751
vn 0.86322343 -0.10280975 0.49424231
vn 0.64600034 -0.07649905 0.75949421
vn 0.28555804 -0.03428358 0.95774800
f 2//2 1//1 11//11
f 2//2 11//11 3//3
f 3//3 11//11 12//12
f 3//3 12//12 4//4
f 4//4 12//12 13//13
f 4//4 13//13 5//5
f 5//5 13//13 14//14
f 5//5 14//14 6//6
f 6//6 14//14 15//15
f 6//6 15//15 7//7
f 7//7 15//15 16//16
f 7//7 16//16 8//8
f 8//8 16//16 17//17
f 8//8 17//17 9//9
f 9//9 17//17 18//18
f 9//9 18//18 10//10
f 11//11 1//1 19//19
f 11//11 19//19 12//12
f 12//12 19//19 20//20
f 12//12 20//20 13//13
f 13//13 20//20 21//21
f 13//13 21//21 14//14
f 14//14 21//21 22//22
f 14//14 22//22 15//15
f 15//15 22//22 23//23
f 15//15 23//23 16//16
f 16//16 23//23 24//24
f 16//16 24//24 17//17
f 17//17 24//24 25//25
f 17//17 25//25 18//18
f 18//18 25//25 26//26
f 18//18 26//26 10//10
f 19//19 1//1 27//27
f 19//19 27//27 20//20
f 20//20 27//27 28//28
f 20//20 28//28 21//21
f 21//21 28//28 29//29
f 21//21 29//29 22//22
f 22//22 29//29 30//30
f 22//22 30//30 23//23
f 23//23 30//30 31//31
f 23//23 31//31 24//24
f 24//24 31//31 32//32
f 24//24 32//32 25//25
f 25//25 32//32 33//33
f 25//25 33//33 26//26
f 26//26 33//33 34//34
f 26//26 34//34 10//10
f 27//27 1//1 35//35
f 27//27 35//35 28//28
f 28//28 35//35 36//36
f 28//28 36//36 29//29
f 29//29 36//36 37//37
f 29//29 37//37 30//30
f 30//30 37//37 38//38
f 30//30 38//38 31//31
f 31//31 38//38 39//39
f 31//31 39//39 32//32
f 32//32 39//39 40//40
f 32//32 40//40 33//33
f 33//33 40//40 41//41
f 33//33 41//41 34//34
f 34//34 41//41 42//42
f 34//34 42//42 10//10
f 35//35 1//1 43//43
f 35//35 43//43 36//36
f 36//36 43//43 44//44
f 36//36 44//44 37//37
f 37//37 44//44 45//45
f 37//37 45//45 38//38
f 38//38 45//45 46//46
f 38//38 46//46 39//39
f 39//39 46//46 47//47
f 39//39 47//47 40//40
f 40//40 47//47 48//48
f 40//40 48//48 41//41
f 41//41 48//48 49//49
f 41//41 49//49 42//42
f 42//42 49//49 50//50
f 42//42 50//50 10//10
f 43//43 1//1 51//51
f 43//43 51//51 44//44
f 44//44 51//51 52//52
f 44//44 52//52 45//45
f 45//45 52//52 53//53
f 45//45 53//53 46//46
f 46//46 53//53 54//54
f 46//46 54//54 47//47
f 47//47 54//54 55//55
f 47//47 55//55 48//48
f 48//48 55//55 56//56
f 48//48 56//56 49//49
f 49//49 56//56 57//57
f 49//49 57//57 50//50
f 50//50 57//57 58//58
f 50//50 58//58 10//10
f 51//51 1//1 59//59
f 51//51 59//59 52//52
f 52//52 59//59 60//60
f 52//52 60//60 53//53
f 53//53 60//60 61//61
f 53//53 61//61 54//54
f 54//54 61//61 62//62
f 54//54 62//62 55//55
f 55//55 62//62 63//63
f 55//55 63//63 56//56
f 56//56 63//63 64//64
f 56//56 64//64 57//57
f 57//57 64//64 65//65
f 57//57 65//65 58//58
f 58//58 65//65 66//66
f 58//58 66//66 10//10
f 59//59 1//1 67//67
f 59//59 67//67 60//60
f 60//60 67//67 68//68
f 60//60 68//68 61//61
f 61//61 68//68 69//69
f 61//61 69//69 62//62
f 62//62 69//69 70//70
f 62//62 70//70 63//63
f 63//63 70//70 71//71
f 63//63 71//71 64//64
f 64//64 71//71 72//72
f 64//64 72//72 65//65
f 65//65 72//72 73//73
f 65//65 73//73 66//66
f 66//66 73//73 74//74
f 66//66 74//74 10//10
f 67//67 1//1 75//75
f 67//67 75//75 68//68
f 68//68 75//75 76//76
f 68//68 76//76 69//69
f 69//69 76//76 77//77
f 69//69 77//77 70//70
f 70//70 77//77 78//78
f 70//70 78//78 71//71
f 71//71 78//78 79//79
f 71//71 79//79 72//72
f 72//72 79//79 80//80
f 72//72 80//80 73//73
f 73//73 80//80 81//81
f 73//73 81//81 74//74
f 74//74 81//81 82//82
f 74//74 82//82 10//10
f 75//75 1//1 83//83
f 75//75 83//83 76//76
f 76//76 83//83 84//84
f 76//76 84//84 77//77
f 77//77 84//84 85//85
f 77//77 85//85 78//78
f 78//78 85//85 86//86
f 78//78 86//86 79//79
f 79//79 86//86 87//87
f 79//79 87//87 80//80
f 80//80 87//87 88//88
f 80//80 88//88 81//81
f 81//81 88//88 89//89
f 81//81 89//89 82//82
f 82//82 89//89 90//90
f 82//82 90//90 10//10
f 83//83 1//1 91//91
f 83//83 91//91 84//84
f 84//84 91//91 92//92
f 84//84 92//92 85//85
f 85//85 92//92 93//93
f 85//85 93//93 86//86
f 86//86 93//93 94//94
f 86//86 94//94 87//87
f 87//87 94//94 95//95
f 87//87 95//95 88//88
f 88//88 95//95 96//96
f 88//88 96//96 89//89
f 89//89 96//96 97//97
f 89//89 97//97 90//90
f 90//90 97//97 98//98
f 90//90 98//98 10//10
f 91//91 1//1 99//99
f 91//91 99//99 92//92
f 92//92 99//99 100//100
f 92//92 100//100 93//93
f 93//93 100//100 101//101
f 93//93 101//101 94//94
f 94//94 101//101 102//102
f 94//94 102//102 95//95
f 95//95 102//102 103//103
f 95//95 103//103 96//96
f 96//96 103//103 104//104
f 96//96 104//104 97//97
f 97//97 104//104 105//105
f 97//97 105//105 98//98
f 98//98 105//105 106//106
f 98//98 106//106 10//10
f 99//99 1//1 107//107
f 99//99 107//107 100//100
f 100//100 107//107 108//108
f 100//100 108//108 101//101
f 101//101 108//108 109//109
f 101//101 109//109 102//102
f 102//102 109//109 110//110
f 102//102 110//110 103//103
f 103//103 110//110 111//111
f 103//103 111//111 104//104
f 104//104 111//111 112//112
f 104//104 112//112 105//105
f 105//105 112//112 113//113
f 105//105 113//113 106//106
f 106//106 113//113 114//114
f 106//106 114//114 10//10
f 107//107 1//1 115//115
f 107//107 115//115 108//108
f 108//108 115//115 116//116
f 108//108 116//116 109//109
f 109//109 116//116 117//117
f 109//109 117//117 110//110
f 110//110 117//117 118//118
f 110//110 118//118 111//111
f 111//111 118//118 119//119
f 111//111 119//119 112//112
f 112//112 119//119 120//120
f 112//112 120//120 113//113
f 113//113 120//120 121//121
f 113//113 121//121 114//114
f 114//114 121//121 122//122
f 114//114 122//122 10//10
f 115//115 1//1 123//123
f 115//115 123//123 116//116
f 116//116 123//123 124//124
f 116//116 124//124 117//117
f 117//117 124//124 125//125
f 117//117 125//125 118//118
f 118//118 125//125 126//126
f 118//118 126//126 119//119
f 119//119 126//126 127//127
f 119//119 127//127 120//120
f 120//120 127//127 128//128
f 120//120 128//128 121//121
f 121//121 128//128 129//129
f 121//121 129//129 122//122
f 122//122 129//129 130//130
f 122//122 130//130 10//10
f 123//123 1//1 131//131
f 123//123 131//131 124//124
f 124//124 131//131 132//132
f 124//124 132//132 125//125
f 125//125 132//132 133//133
f 125//125 133//133 126//126
f 126//126 133//133 134//134
f 126//126 134//134 127//127
f 127//127 134//134 135//135
f 127//127 135//135 128//128
f 128//128 135//135 136//136
f 128//128 136//136 129//129
f 129//129 136//136 137//137
f 129//129 137//137 130//130
f 130//130 137//137 138//138
f 130//130 138//138 10//10
f 131//131 1//1 139//139
f 131//131 139//139 132//132
f 132//132 139//139 140//140
f 132//132 140//140 133//133
f 133//133 140//140 141//141
f 133//133 141//141 134//134
f 134//134 141//141 142//142
f 134//134 142//142 135//135
f 135//135 142//142 143//143
f 135//135 143//143 136//136
f 136//136 143//143 144//144
f 136//136 144//144 137//137
f 137//137 144//144 145//145
f 137//137 145//145 138//138
f 138//138 145//145 146//146
f 138//138 146//146 10//10
f 139//139 1//1 147//147
f 139//139 147//147 140//140
f 140//140 147//147 148//148
f 140//140 148//148 141//141
f 141//141 148//148 149//149
f 141//141 149//149 142//142
f 142//142 149//149 150//150
f 142//142 150//150 143//143
f 143//143 150//150 151//151
f 143//143 151//151 144//144
f 144//144 151//151 152//152
f 144//144 152//152 145//145
f 145//145 152//152 153//153
f 145//145 153//153 146//146
f 146//146 153//153 154//154
f 146//146 154//154 10//10
f 147//147 1//1 155//155
f 147//147 155//155 148//148
f 148//148 155//155 156//156
f 148//148 156//156 149//149
f 149//149 156//156 157//157
f 149//149 157//157 150//150
f 150//150 157//157 158//158
f 150//150 158//158 151//151
f 151//151 158//158 159//159
f 151//151 159//159 152//152
f 152//152 159//159 160//160
f 152//152 160//160 153//153
f 153//153 160//160 161//161
f 153//153 161//161 154//154
f 154//154 161//161 162//162
f 154//154 162//162 10//10
f 155//155 1//1 163//163
f 155//155 163//163 156//156
f 156//156 163//163 164//164
f 156//156 164//164 157//157
f 157//157 164//164 165//165
f 157//157 165//165 158//158
f 158//158 165//165 166//166
f 158//158 166//166 159//159
f 159//159 166//166 167//167
f 159//159 167//167 160//160
f 160//160 167//167 168//168
f 160//160 168//168 161//161
f 161//161 168//168 169//169
f 161//161 169//169 162//162
f 162//162 169//169 170//170
f 162//162 170//170 10//10
f 163//163 1//1 171//171
f 163//163 171//171 164//164
f 164//164 171//171 172//172
f 164//164 172//172 165//165
f 165//165 172//172 173//173
f 165//165 173//173 166//166
f 166//166 173//173 174//174
f 166//166 174//174 167//167
f 167//167 174//174 175//175
f 167//167 175//175 168//168
f 168//168 175//175 176//176
f 168//168 176//176 169//169
f 169//169 176//176 177//177
f 169//169 177//177 170//170
f 170//170 177//177 178//178
f 170//170 178//178 10//10
f 171//171 1//1 179//179
f 171//171 179//179 172//172
f 172//172 179//179 180//180
f 172//172 180//180 173//173
f 173//173 180//180 181//181
f 173//173 181//181 174//174
f 174//174 181//181 182//182
f 174//174 182//182 175//175
f 175//175 182//182 183//183
f 175//175 183//183 176//176
f 176//176 183//183 184//184
f 176//176 184//184 177//177
f 177//177 184//184 185//185
f 177//177 185//185 178//178
f 178//178 185//185 186//186
f 178//178 186//186 10//10
f 179//179 1//1 187//187
f 179//179 187//187 180//180
f 180//180 187//187 188//188
f 180//180 188//188 181//181
f 181//181 188//188 189//189
f 181//181 189//189 182//182
f 182//182 189//189 190//190
f 182//182 190//190 183//183
f 183//183 190//190 191//191
f 183//183 191//191 184//184
f 184//184 191//191 192//192
f 184//184 192//192 185//185
f 185//185 192//192 193//193
f 185//185 193//193 186//186
f 186//186 193//193 194//194
f 186//186 194//194 10//10
f 187//187 1//1 195//195
f 187//187 195//195 188//188
f 188//188 195//195 196//196
f 188//188 196//196 189//189
f 189//189 196//196 197//197
f 189//189 197//197 190//190
f 190//190 197//197 198//198
f 190//190 198//198 191//191
f 191//191 198//198 199//199
f 191//191 199//199 192//192
f 192//192 199//199 200//200
f 192//192 200//200 193//193
f 193//193 200//200 201//201
f 193//193 201//201 194//194
f 194//194 201//201 202//202
f 194//194 202//202 10//10
f 195//195 1//1 203//203
f 195//195 203//203 196//196
f 196//196 203//203 204//204
f 196//196 204//204 197//197
f 197//197 204//204 205//205
f 197//197 205//205 198//198
f 198//198 205//205 206//206
f 198//198 206//206 199//199
f 199//199 206//206 207//207
f 199//199 207//207 200//200
f 200//200 207//207 208//208
f 200//200 208//208 201//201
f 201//201 208//208 209//209
f 201//201 209//209 202//202
f 202//202 209//209 210//210
f 202//202 210//210 10//10
f 203//203 1//1 211//211
f 203//203 211//211 204//204
f 204//204 211//211 212//212
f 204//204 212//212 205//205
f 205//205 212//212 213//213
f 205//205 213//213 206//206
f 206//206 213//213 214//214
f 206//206 214//214 207//207
f 207//207 214//214 215//215
f 207//207 215//215 208//208
f 208//208 215//215 216//216
f 208//208 216//216 209//209
f 209//209 216//216 217//217
f 209//209 217//217 210//210
f 210//210 217//217 218//218
f 210//210 218//218 10//10
f 211//211 1//1 219//219
f 211//211 219//219 212//212
f 212//212 219//219 220//220
f 212//212 220//220 213//213
f 213//213 220//220 221//221
f 213//213 221//221 214//214
f 214//214 221//221 222//222
f 214//214 222//222 215//215
f 215//215 222//222 223//223
f 215//215 223//223 216//216
f 216//216 223//223 224//224
f 216//216 224//224 217//217
f 217//217 224//224 225//225
f 217//217 225//225 218//218
f 218//218 225//225 226//226
f 218//218 226//226 10//10
f 219//219 1//1 227//227
f 219//219 227//227 220//220
f 220//220 227//227 228//228
f 220//220 228//228 221//221
f 221//221 228//228 229//229
f 221//221 229//229 222//222
f 222//222 229//229 230//230
f 222//222 230//230 223//223
f 223//223 230//230 231//231
f 223//223 231//231 224//224
f 224//224 231//231 232//232
f 224//224 232//232 225//225
f 225//225 232//232 233//233
f 225//225 233//233 226//226
f 226//226 233//233 234//234
f 226//226 234//234 10//10
f 227//227 1//1 235//235
f 227//227 235//235 228//228
f 228//228 235//235 236//236
f 228//228 236//236 229//229
f 229//229 236//236 237//237
f 229//229 237//237 230//230
f 230//230 237//237 238//238
f 230//230 238//238 231//231
f 231//231 238//238 239//239
f 231//231 239//239 232//232
f 232//232 239//239 240//240
f 232//232 240//240 233//233
f 233//233 240//240 241//241
f 233//233 241//241 234//234
f 234//234 241//241 242//242
f 234//234 242//242 10//10
f 235//235 1//1 243//243
f 235//235 243//243 236//236
f 236//236 243//243 244//244
f 236//236 244//244 237//237
f 237//237 244//244 245//245
f 237//237 245//245 238//238
f 238//238 245//245 246//246
f 238//238 246//246 239//239
f 239//239 246//246 247//247
f 239//239 247//247 240//240
f 240//240 247//247 248//248
f 240//240 248//248 241//241
f 241//241 248//248 249//249
f 241//241 249//249 242//242
f 242//242 249//249 250//250
f 242//242 250//250 10//10
f 243//243 1//1 251//251
f 243//243 251//251 244//244
f 244//244 251//251 252//252
f 244//244 252//252 245//245
f 245//245 252//252 253//253
f 245//245 253//253 246//246
f 246//246 253//253 254//254
f 246//246 254//254 247//247
f 247//247 254//254 255//255
f 247//247 255//255 248//248
f 248//248 255//255 256//256
f 248//248 256//256 249//249
f 249//249 256//256 257//257
f 249//249 257//257 250//250
f 250//250 257//257 258//258
f 250//250 258//258 10//10
f 251//251 1//1 259//259
f 251//251 259//259 252//252
f 252//252 259//259 260//260
f 252//252 260//260 253//253
f 253//253 260//260 261//261
f 253//253 261//261 254//254
f 254//254 261//261 262//262
f 254//254 262//262 255//255
f 255//255 262//262 263//263
f 255//255 263//263 256//256
f 256//256 263//263 264//264
f 256//256 264//264 257//257
f 257//257 264//264 265//265
f 257//257 265//265 258//258
f 258//258 265//265 266//266
f 258//258 266//266 10//10
f 259//259 1//1 267//267
f 259//259 267//267 260//260
f 260//260 267//267 268//268
f 260//260 268//268 261//261
f 261//261 268//268 269//269
f 261//261 269//269 262//262
f 262//262 269//269 270//270
f 262//262 270//270 263//263
f 263//263 270//270 271//271
f 263//263 271//271 264//264
f 264//264 271//271 272//272
f 264//264 272//272 265//265
f 265//265 272//272 273//273
f 265//265 273//273 266//266
f 266//266 273//273 274//274
f 266//266 274//274 10//10
f 267//267 1//1 275//275
f 267//267 275//275 268//268
f 268//268 275//275 276//276
f 268//268 276//276 269//269
f 269//269 276//276 277//277
f 269//269 277//277 270//270
f 270//270 277//277 278//278
f 270//270 278//278 271//271
f 271//271 278//278 279//279
f 271//271 279//279 272//272
f 272//272 279//279 280//280
f 272//272 280//280 273//273
f 273//273 280//280 281//281
f 273//273 281//281 274//274
f 274//274 281//281 282//282
f 274//274 282//282 10//10
f 275//275 1//1 283//283
f 275//275 283//283 276//276
f 276//276 283//283 284//284
f 276//276 284//284 277//277
f 277//277 284//284 285//285
f 277//277 285//285 278//278
f 278//278 285//285 286//286
f 278//278 286//286 279//279
f 279//279 286//286 287//287
f 279//279 287//287 280//280
f 280//280 287//287 288//288
f 280//280 288//288 281//281
f 281//281 288//288 289//289
f 281//281 289//289 282//282
f 282//282 289//289 290//290
f 282//282 290//290 10//10
f 283//283 1//1 291//291
f 283//283 291//291 284//284
f 284//284 291//291 292//292
f 284//284 292//292 285//285
f 285//285 292//292 293//293
f 285//285 293//293 286//286
f 286//286 293//293 294//294
f 286//286 294//294 287//287
f 287//287 294//294 295//295
f 287//287 295//295 288//288
f 288//288 295//295 296//296
f 288//288 296//296 289//289
f 289//289 296//296 297//297
f 289//289 297//297 290//290
f 290//290 297//297 298//298
f 290//290 298//298 10//10
f 291//291 1//1 299//299
f 291//291 299//299 292//292
f 292//292 299//299 300//300
f 292//292 300//300 293//293
f 293//293 300//300 301//301
f 293//293 301//301 294//294
f 294//294 301//301 302//302
f 294//294 302//302 295//295
f 295//295 302//302 303//303
f 295//295 303//303 296//296
f 296//296 303//303 304//304
f 296//296 304//304 297//297
f 297//297 304//304 305//305
f 297//297 305//305 298//298
f 298//298 305//305 306//306
f 298//298 306//306 10//10
f 299//299 1//1 307//307
f 299//299 307//307 300//300
f 300//300 307//307 308//308
f 300//300 308//308 301//301
f 301//301 308//308 309//309
f 301//301 309//309 302//302
f 302//302 309//309 310//310
f 302//302 310//310 303//303
f 303//303 310//310 311//311
f 303//303 311//311 304//304
f 304//304 311//311 312//312
f 304//304 312//312 305//305
f 305//305 312//312 313//313
f 305//305 313//313 306//306
f 306//306 313//313 314//314
f 306//306 314//314 10//10
f 307//307 1//1 315//315
f 307//307 315//315 308//308
f 308//308 315//315 316//316
f 308//308 316//316 309//309
f 309//309 316//316 317//317
f 309//309 317//317 310//310
f 310//310 317//317 318//318
f 310//310 318//318 311//311
f 311//311 318//318 319//319
f 311//311 319//319 312//312
f 312//312 319//319 320//320
f 312//312 320//320 313//313
f 313//313 320//320 321//321
f 313//313 321//321 314//314
f 314//314 321//321 322//322
f 314//314 322//322 10//10
f 315//315 1//1 2//2
f 315//315 2//2 316//316
f 316//316 2//2 3//3
f 316//316 3//3 317//317
f 317//317 3//3 4//4
f 317//317 4//4 318//318
f 318//318 4//4 5//5
f 318//318 5//5 319//319
f 319//319 5//5 6//6
f 319//319 6//6 320//320
f 320//320 6//6 7//7
f 320//320 7//7 321//321
f 321//321 7//7 8//8
f 321//321 8//8 322//322
f 322//322 8//8 9//9
f 322//322 9//9 10//10
f 324//324 323//323 333//333
f 324//324 333//333 325//325
f 325//325 333//333 334//334
f 325//325 334//334 326//326
f 326//326 334//334 335//335
f 326//326 335//335 327//327
f 327//327 335//335 336//336
f 327//327 336//336 328//328
f 328//328 336//336 337//337
f 328//328 337//337 329//329
f 329//329 337//337 338//338
f 329//329 338//338 330//330
f 330//330 338//338 339//339
f 330//330 339//339 331//331
f 331//331 339//339 340//340
f 331//331 340//340 332//332
f 333//333 323//323 341//341
f 333//333 341//341 334//334
f 334//334 341//341 342//342
f 334//334 342//342 335//335
f 335//335 342//342 343//343
f 335//335 343//343 336//336
f 336//336 343//343 344//344
f 336//336 344//344 337//337
f 337//337 344//344 345//345
f 337//337 345//345 338//338
f 338//338 345//345 346//346
f 338//338 346//346 339//339
f 339//339 346//346 347//347
f 339//339 347//347 340//340
f 340//340 347//347 348//348
f 340//340 348//348 332//332
f 341//341 323//323 349//349
f 341//341 349//349 342//342
f 342//342 349//349 350//350
f 342//342 350//350 343//343
f 343//343 350//350 351//351
f 343//343 351//351 344//344
f 344//344 351//351 352//352
f 344//344 352//352 345//345
f 345//345 352//352 353//353
f 345//345 353//353 346//346
f 346//346 353//353 354//354
f 346//346 354//354 347//347
f 347//347 354//354 355//355
f 347//347 355//355 348//348
f 348//348 355//355 356//356
f 348//348 356//356 332//332
f 349//349 323//323 357//357
f 349//349 357//357 350//350
f 350//350 357//357 358//358
f 350//350 358//358 351//351
f 351//351 358//358 359//359
f 351//351 359//359 352//352
f 352//352 359//359 360//360
f 352//352 360//360 353//353
f 353//353 360//360 361//361
f 353//353 361//361 354//354
f 354//354 361//361 362//362
f 354//354 362//362 355//355
f 355//355 362//362 363//363
f 355//355 363//363 356//356
f 356//356 363//363 364//364
f 356//356 364//364 332//332
f 357//357 323//323 365//365
f 357//357 365//365 358//358
f 358//358 365//365 366//366
f 358//358 366//366 359//359
f 359//359 366//366 367//367
f 359//359 367//367 360//360
f 360//360 367//367 368//368
f 360//360 368//368 361//361
f 361//361 368//368 369//369
f 361//361 369//369 362//362
f 362//362 369//369 370//370
f 362//362 370//370 363//363
f 363//363 370//370 371//371
f 363//363 371//371 364//364
f 364//364 371//371 372//372
f 364//364 372//372 332//332
f 365//365 323//323 373//373
f 365//365 373//373 366//366
f 366//366 373//373 374//374
f 366//366 374//374 367//367
f 367//367 374//374 375//375
f 367//367 375//375 368//368
f 368//368 375//375 376//376
f 368//368 376//376 369//369
f 369//369 376//376 377//377
f 369//369 377//377 370//370
f 370//370 377//377 378//378
f 370//370 378//378 371//371
f 371//371 378//378 379//379
f 371//371 379//379 372//372
f 372//372 379//379 380//380
f 372//372 380//380 332//332
f 373//373 323//323 381//381
f 373//373 381//381 374//374
f 374//374 381//381 382//382
f 374//374 382//382 375//375
f 375//375 382//382 383//383
f 375//375 383//383 376//376
f 376//376 383//383 384//384
f 376//376 384//384 377//377
f 377//377 384//384 385//385
f 377//377 385//385 378//378
f 378//378 385//385 386//386
f 378//378 386//386 379//379
f 379//379 386//386 387//387
f 379//379 387//387 380//380
f 380//380 387//387 388//388
f 380//380 388//388 332//332
f 381//381 323//323 389//389
f 381//381 389//389 382//382
f 382//382 389//389 390//390
f 382//382 390//390 383//383
f 383//383 390//390 391//391
f 383//383 391//391 384//384
f 384//384 391//391 392//392
f 384//384 392//392 385//385
f 385//385 392//392 393//393
f 385//385 393//393 386//386
f 386//386 393//393 394//394
f 386//386 394//394 387//387
f 387//387 394//394 395//395
f 387//387 395//395 388//388
f 388//388 395//395 396//396
f 388//388 396//396 332//332
f 389//389 323//323 397//397
f 389//389 397//397 390//390
f 390//390 397//397 398//398
f 390//390 398//398 391//391
f 391//391 398//398 399//399
f 391//391 399//399 392//392
f 392//392 399//399 400//400
f 392//392 400//400 393//393
f 393//393 400//400 401//401
f 393//393 401//401 394//394
f 394//394 401//401 402//402
f 394//394 402//402 395//395
f 395//395 402//402 403//403
f 395//395 403//403 396//396
f 396//396 403//403 404//404
f 396//396 404//404 332//332
f 397//397 323//323 405//405
f 397//397 405//405 398//398
f 398//398 405//405 406//406
f 398//398 406//406 399//399
f 399//399 406//406 407//407
f 399//399 407//407 400//400
f 400//400 407//407 408//408
f 400//400 408//408 401//401
f 401//401 408//408 409//409
f 401//401 409//409 402//402
f 402//402 409//409 410//410
f 402//402 410//410 403//403
f 403//403 410//410 411//411
f 403//403 411//411 404//404
f 404//404 411//411 412//412
f 404//404 412//412 332//332
f 405//405 323//323 413//413
f 405//405 413//413 406//406
f 406//406 413//413 414//414
f 406//406 414//414 407//407
f 407//407 414//414 415//415
f 407//407 415//415 408//408
f 408//408 415//415 416//416
f 408//408 416//416 409//409
f 409//409 416//416 417//417
f 409//409 417//417 410//410
f 410//410 417//417 418//418
f 410//410 418//418 411//411
f 411//411 418//418 419//419
f 411//411 419//419 412//412
f 412//412 419//419 420//420
f 412//412 420//420 332//332
f 413//413 323//323 421//421
f 413//413 421//421 414//414
f 414//414 421//421 422//422
f 414//414 422//422 415//415
f 415//415 422//422 423//423
f 415//415 423//423 416//416
f 416//416 423//423 424//424
f 416//416 424//424 417//417
f 417//417 424//424 425//425
f 417//417 425//425 418//418
f 418//418 425//425 426//426
f 418//418 426//426 419//419
f 419//419 426//426 427//427
f 419//419 427//427 420//420
f 420//420 427//427 428//428
f 420//420 428//428 332//332
f 421//421 323//323 429//429
f 421//421 429//429 422//422
f 422//422 429//429 430//430
f 422//422 430//430 423//423
f 423//423 430//430 431//431
f 423//423 431//431 424//424
f 424//424 431//431 432//432
f 424//424 432//432 425//425
f 425//425 432//432 433//433
f 425//425 433//433 426//426
f 426//426 433//433 434//434
f 426//426 434//434 427//427
f 427//427 434//434 435//435
f 427//427 435//435 428//428
f 428//428 435//435 436//436
f 428//428 436//436 332//332
f 429//429 323//323 437//437
f 429//429 437//437 430//430
f 430//430 437//437 438//438
f 430//430 438//438 431//431
f 431//431 438//438 439//439
f 431//431 439//439 432//432
f 432//432 439//439 440//440
f 432//432 440//440 433//433
f 433//433 440//440 441//441
f 433//433 441//441 434//434
f 434//434 441//441 442//442
f 434//434 442//442 435//435
f 435//435 442//442 443//443
f 435//435 443//443 436//436
f 436//436 443//443 444//444
f 436//436 444//444 332//332
f 437//437 323//323 445//445
f 437//437 445//445 438//438
f 438//438 445//445 446//446
f 438//438 446//446 439//439
f 439//439 446//446 447//447
f 439//439 447//447 440//440
f 440//440 447//447 448//448
f 440//440 448//448 441//441
f 441//441 448//448 449//449
f 441//441 449//449 442//442
f 442//442 449//449 450//450
f 442//442 450//450 443//443
f 443//443 450//450 451//451
f 443//443 451//451 444//444
f 444//444 451//451 452//452
f 444//444 452//452 332//332
f 445//445 323//323 453//453
f 445//445 453//453 446//446
f 446//446 453//453 454//454
f 446//446 454//454 447//447
f 447//447 454//454 455//455
f 447//447 455//455 448//448
f 448//448 455//455 456//456
f 448//448 456//456 449//449
f 449//449 456//456 457//457
f 449//449 457//457 450//450
f 450//450 457//457 458//458
f 450//450 458//458 451//451
f 451//451 458//458 459//459
f 451//451 459//459 452//452
f 452//452 459//459 460//460
f 452//452 460//460 332//332
f 453//453 323//323 461//461
f 453//453 461//461 454//454
f 454//454 461//461 462//462
f 454//454 462//462 455//455
f 455//455 462//462 463//463
f 455//455 463//463 456//456
f 456//456 463//463 464//464
f 456//456 464//464 457//457
f 457//457 464//464 465//465
f 457//457 465//465 458//458
f 458//458 465//465 466//466
f 458//458 466//466 459//459
f 459//459 466//466 467//467
f 459//459 467//467 460//460
f 460//460 467//467 468//468
f 460//460 468//468 332//332
f 461//461 323//323 469//469
f 461//461 469//469 462//462
f 462//462 469//469 470//470
f 462//462 470//470 463//463
f 463//463 470//470 471//471
f 463//463 471//471 464//464
f 464//464 471//471 472//472
f 464//464 472//472 465//465
f 465//465 472//472 473//473
f 465//465 473//473 466//466
f 466//466 473//473 474//474
f 466//466 474//474 467//467
f 467//467 474//474 475//475
f 467//467 475//475 468//468
f 468//468 475//475 476//476
f 468//468 476//476 332//332
f 469//469 323//323 477//477
f 469//469 477//477 470//470
f 470//470 477//477 478//478
f 470//470 478//478 471//471
f 471//471 478//478 479//479
f 471//471 479//479 472//472
f 472//472 479//479 480//480
f 472//472 480//480 473//473
f 473//473 480//480 481//481
f 473//473 481//481 474//474
f 474//474 481//481 482//482
f 474//474 482//482 475//475
f 475//475 482//482 483//483
f 475//475 483//483 476//476
f 476//476 483//483 484//484
f 476//476 484//484 332//332
f 477//477 323//323 485//485
f 477//477 485//485 478//478
f 478//478 485//485 486//486
f 478//478 486//486 479//479
f 479//479 486//486 487//487
f 479//479 487//487 480//480
f 480//480 487//487 488//488
f 480//480 488//488 481//481
f 481//481 488//488 489//489
f 481//481 489//489 482//482
f 482//482 489//489 490//490
f 482//482 490//490 483//483
f 483//483 490//490 491//491
f 483//483 491//491 484//484
f 484//484 491//491 492//492
f 484//484 492//492 332//332
f 485//485 323//323 493//493
f 485//485 493//493 486//486
f 486//486 493//493 494//494
f 486//486 494//494 487//487
f 487//487 494//494 495//495
f 487//487 495//495 488//488
f 488//488 495//495 496//496
f 488//488 496//496 489//489
f 489//489 496//496 497//497
f 489//489 497//497 490//490
f 490//490 497//497 498//498
f 490//490 498//498 491//491
f 491//491 498//498 499//499
f 491//491 499//499 492//492
f 492//492 499//499 500//500
f 492//492 500//500 332//332
f 493//493 323//323 501//501
f 493//493 501//501 494//494
f 494//494 501//501 502//502
f 494//494 502//502 495//495
f 495//495 502//502 503//503
f 495//495 503//503 496//496
f 496//496 503//503 504//504
f 496//496 504//504 497//497
f 497//497 504//504 505//505
f 497//497 505//505 498//498
f 498//498 505//505 506//506
f 498//498 506//506 499//499
f 499//499 506//506 507//507
f 499//499 507//507 500//500
f 500//500 507//507 508//508
f 500//500 508//508 332//332
f 501//501 323//323 509//509
f 501//501 509//509 502//502
f 502//502 509//509 510//510
f 502//502 510//510 503//503
f 503//503 510//510 511//511
f 503//503 511//511 504//504
f 504//504 511//511 512//512
f 504//504 512//512 505//505
f 505//505 512//512 513//513
f 505//505 513//513 506//506
f 506//506 513//513 514//514
f 506//506 514//514 507//507
f 507//507 514//514 515//515
f 507//507 515//515 508//508
f 508//508 515//515 516//516
f 508//508 516//516 332//332
f 509//509 323//323 517//517
f 509//509 517//517 510//510
f 510//510 517//517 518//518
f 510//510 518//518 511//511
f 511//511 518//518 519//519
f 511//511 519//519 512//512
f 512//512 519//519 520//520
f 512//512 520//520 513//513
f 513//513 520//520 521//521
f 513//513 521//521 514//514
f 514//514 521//521 522//522
f 514//514 522//522 515//515
f 515//515 522//522 523//523
f 515//515 523//523 516//516
f 516//516 523//523 524//524
f 516//516 524//524 332//332
f 517//517 323//323 525//525
f 517//517 525//525 518//518
f 518//518 525//525 526//526
f 518//518 526//526 519//519
f 519//519 526//526 527//527
f 519//519 527//527 520//520
f 520//520 527//527 528//528
f 520//520 528//528 521//521
f 521//521 528//528 529//529
f 521//521 529//529 522//522
f 522//522 529//529 530//530
f 522//522 530//530 523//523
f 523//523 530//530 531//531
f 523//523 531//531 524//524
f 524//524 531//531 532//532
f 524//524 532//532 332//332
f 525//525 323//323 533//533
f 525//525 533//533 526//526
f 526//526 533//533 534//534
f 526//526 534//534 527//527
f 527//527 534//534 535//535
f 527//527 535//535 528//528
f 528//528 535//535 536//536
f 528//528 536//536 529//529
f 529//529 536//536 537//537
f 529//529 537//537 530//530
f 530//530 537//537 538//538
f 530//530 538//538 531//531
f 531//531 538//538 539//539
f 531//531 539//539 532//532
f 532//532 539//539 540//540
f 532//532 540//540 332//332
f 533//533 323//323 541//541
f 533//533 541//541 534//534
f 534//534 541//541 542//542
f 534//534 542//542 535//535
f 535//535 542//542 543//543
f 535//535 543//543 536//536
f 536//536 543//543 544//544
f 536//536 544//544 537//537
f 537//537 544//544 545//545
f 537//537 545//545 538//538
f 538//538 545//545 546//546
f 538//538 546//546 539//539
f 539//539 546//546 547//547
f 539//539 547//547 540//540
f 540//540 547//547 548//548
f 540//540 548//548 332//332
f 541//541 323//323 549//549
f 541//541 549//549 542//542
f 542//542 549//549 550//550
f 542//542 550//550 543//543
f 543//543 550//550 551//551
f 543//543 551//551 544//544
f 544//544 551//551 552//552
f 544//544 552//552 545//545
f 545//545 552//552 553//553
f 545//545 553//553 546//546
f 546//546 553//553 554//554
f 546//546 554//554 547//547
f 547//547 554//554 555//555
f 547//547 555//555 548//548
f 548//548 555//555 556//556
f 548//548 556//556 332//332
f 549//549 323//323 557//557
f 549//549 557//557 550//550
f 550//550 557//557 558//558
f 550//550 558//558 551//551
f 551//551 558//558 559//559
f 551//551 559//559 552//552
f 552//552 559//559 560//560
f 552//552 560//560 553//553
f 553//553 560//560 561//561
f 553//553 561//561 554//554
f 554//554 561//561 562//562
f 554//554 562//562 555//555
f 555//555 562//562 563//563
f 555//555 563//563 556//556
f 556//556 563//563 564//564
f 556//556 564//564 332//332
f 557//557 323//323 565//565
f 557//557 565//565 558//558
f 558//558 565//565 566//566
f 558//558 566//566 559//559
f 559//559 566//566 567//567
f 559//559 567//567 560//560
f 560//560 567//567 568//568
f 560//560 568//568 561//561
f 561//561 568//568 569//569
f 561//561 569//569 562//562
f 562//562 569//569 570//570
f 562//562 570//570 563//563
f 563//563 570//570 571//571
f 563//563 571//571 564//564
f 564//564 571//571 572//572
f 564//564 572//572 332//332
f 565//565 323//323 573//573
f 565//565 573//573 566//566
f 566//566 573//573 574//574
f 566//566 574//574 567//567
f 567//567 574//574 575//575
f 567//567 575//575 568//568
f 568//568 575//575 576//576
f 568//568 576//576 569//569
f 569//569 576//576 577//577
f 569//569 577//577 570//570
f 570//570 577//577 578//578
f 570//570 578//578 571//571
f 571//571 578//578 579//579
f 571//571 579//579 572//572
f 572//572 579//579 580//580
f 572//572 580//580 332//332
f 573//573 323//323 581//581
f 573//573 581//581 574//574
f 574//574 581//581 582//582
f 574//574 582//582 575//575
f 575//575 582//582 583//583
f 575//575 583//583 576//576
f 576//576 583//583 584//584
f 576//576 584//584 577//577
f 577//577 584//584 585//585
f 577//577 585//585 578//578
f 578//578 585//585 586//586
f 578//578 586//586 579//579
f 579//579 586//586 587//587
f 579//579 587//587 580//580
f 580//580 587//587 588//588
f 580//580 588//588 332//332
f 581//581 323//323 589//589
f 581//581 589//589 582//582
f 582//582 589//589 590//590
f 582//582 590//590 583//583
f 583//583 590//590 591//591
f 583//583 591//591 584//584
f 584//584 591//591 592//592
f 584//584 592//592 585//585
f 585//585 592//592 593//593
f 585//585 593//593 586//586
f 586//586 593//593 594//594
f 586//586 594//594 587//587
f 587//587 594//594 595//595
f 587//587 595//595 588//588
f 588//588 595//595 596//596
f 588//588 596//596 332//332
f 589//589 323//323 597//597
f 589//589 597//597 590//590
f 590//590 597//597 598//598
f 590//590 598//598 591//591
f 591//591 598//598 599//599
f 591//591 599//599 592//592
f 592//592 599//599 600//600
f 592//592 600//600 593//593
f 593//593 600//600 601//601
f 593//593 601//601 594//594
f 594//594 601//601 602//602
f 594//594 602//602 595//595
f 595//595 602//602 603//603
f 595//595 603//603 596//596
f 596//596 603//603 604//604
f 596//596 604//604 332//332
f 597//597 323//323 605//605
f 597//597 605//605 598//598
f 598//598 605//605 606//606
f 598//598 606//606 599//599
f 599//599 606//606 607//607
f 599//599 607//607 600//600
f 600//600 607//607 608//608
f 600//600 608//608 601//601
f 601//601 608//608 609//609
f 601//601 609//609 602//602
f 602//602 609//609 610//610
f 602//602 610//610 603//603
f 603//603 610//610 611//611
f 603//603 611//611 604//604
f 604//604 611//611 612//612
f 604//604 612//612 332//332
f 605//605 323//323 613//613
f 605//605 613//613 606//606
f 606//606 613//613 614//614
f 606//606 614//614 607//607
f 607//607 614//614 615//615
f 607//607 615//615 608//608
f 608//608 615//615 616//616
f 608//608 616//616 609//609
f 609//609 616//616 617//617
f 609//609 617//617 610//610
f 610//610 617//617 618//618
f 610//610 618//618 611//611
f 611//611 618//618 619//619
f 611//611 619//619 612//612
f 612//612 619//619 620//620
f 612//612 620//620 332//332
f 613//613 323//323 621//621
f 613//613 621//621 614//614
f 614//614 621//621 622//622
f 614//614 622//622 615//615
f 615//615 622//622 623//623
f 615//615 623//623 616//616
f 616//616 623//623 624//624
f 616//616 624//624 617//617
f 617//617 624//624 625//625
f 617//617 625//625 618//618
f 618//618 625//625 626//626
f 618//618 626//626 619//619
f 619//619 626//626 627//627
f 619//619 627//627 620//620
f 620//620 627//627 628//628
f 620//620 628//628 332//332
f 621//621 323//323 629//629
f 621//621 629//629 622//622
f 622//622 629//629 630//630
f 622//622 630//630 623//623
f 623//623 630//630 631//631
f 623//623 631//631 624//624
f 624//624 631//631 632//632
f 624//624 632//632 625//625
f 625//625 632//632 633//633
f 625//625 633//633 626//626
f 626//626 633//633 634//634
f 626//626 634//634 627//627
f 627//627 634//634 635//635
f 627//627 635//635 628//628
f 628//628 635//635 636//636
f 628//628 636//636 332//332
f 629//629 323//323 637//637
f 629//629 637//637 630//630
f 630//630 637//637 638//638
f 630//630 638//638 631//631
f 631//631 638//638 639//639
f 631//631 639//639 632//632
f 632//632 639//639 640//640
f 632//632 640//640 633//633
f 633//633 640//640 641//641
f 633//633 641//641 634//634
f 634//634 641//641 642//642
f 634//634 642//642 635//635
f 635//635 642//642 643//643
f 635//635 643//643 636//636
f 636//636 643//643 644//644
f 636//636 644//644 332//332
f 637//637 323//323 324//324
f 637//637 324//324 638//638
f 638//638 324//324 325//325
f 638//638 325//325 639//639
f 639//639 325//325 326//326
f 639//639 326//326 640//640
f 640//640 326//326 327//327
f 640//640 327//327 641//641
f 641//641 327//327 328//328
f 641//641 328//328 642//642
f 642//642 328//328 329//329
f 642//642 329//329 643//643
f 643//643 329//329 330//330
f 643//643 330//330 644//644
f 644//644 330//330 331//331
f 644//644 331//331 332//332
f 646//646 645//645 655//655
f 646//646 655//655 647//647
f 647//647 655//655 656//656
f 647//647 656//656 648//648
f 648//648 656//656 657//657
f 648//648 657//657 649//649
f 649//649 657//657 658//658
f 649//649 658//658 650//650
f 650//650 658//658 659//659
f 650//650 659//659 651//651
f 651//651 659//659 660//660
f 651//651 660//660 652//652
f 652//652 660//660 661//661
f 652//652 661//661 653//653
f 653//653 661//661 662//662
f 653//653 662//662 654//654
f 655//655 645//645 663//663
f 655//655 663//663 656//656
f 656//656 663//663 664//664
f 656//656 664//664 657//657
f 657//657 664//664 665//665
f 657//657 665//665 658//658
f 658//658 665//665 666//666
f 658//658 666//666 659//659
f 659//659 666//666 667//667
f 659//659 667//667 660//660
f 660//660 667//667 668//668
f 660//660 668//668 661//661
f 661//661 668//668 669//669
f 661//661 669//669 662//662
f 662//662 669//669 670//670
f 662//662 670//670 654//654
f 663//663 645//645 671//671
f 663//663 671//671 664//664
f 664//664 671//671 672//672
f 664//664 672//672 665//665
f 665//665 672//672 673//673
f 665//665 673//673 666//666
f 666//666 673//673 674//674
f 666//666 674//674 667//667
f 667//667 674//674 675//675
f 667//667 675//675 668//668
f 668//668 675//675 676//676
f 668//668 676//676 669//669
f 669//669 676//676 677//677
f 669//669 677//677 670//670
f 670//670 677//677 678//678
f 670//670 678//678 654//654
f 671//671 645//645 679//679
f 671//671 679//679 672//672
f 672//672 679//679 680//680
f 672//672 680//680 673//673
f 673//673 680//680 681//681
f 673//673 681//681 674//674
f 674//674 681//681 682//682
f 674//674 682//682 675//675
f 675//675 682//682 683//683
f 675//675 683//683 676//676
f 676//676 683//683 684//684
f 676//676 684//684 677//677
f 677//677 684//684 685//685
f 677//677 685//685 678//678
f 678//678 685//685 686//686
f 678//678 686//686 654//654
f 679//679 645//645 687//687
f 679//679 687//687 680//680
f 680//680 687//687 688//688
f 680//680 688//688 681//681
f 681//681 688//688 689//689
f 681//681 689//689 682//682
f 682//682 689//689 690//690
f 682//682 690//690 683//683
f 683//683 690//690 691//691
f 683//683 691//691 684//684
f 684//684 691//691 692//692
f 684//684 692//692 685//685
f 685//685 692//692 693//693
f 685//685 693//693 686//686
f 686//686 693//693 694//694
f 686//686 694//694 654//654
f 687//687 645//645 695//695
f 687//687 695//695 688//688
f 688//688 695//695 696//696
f 688//688 696//696 689//689
f 689//689 696//696 697//697
f 689//689 697//697 690//690
f 690//690 697//697 698//698
f 690//690 698//698 691//691
f 691//691 698//698 699//699
f 691//691 699//699 692//692
f 692//692 699//699 700//700
f 692//692 700//700 693//693
f 693//693 700//700 701//701
f 693//693 701//701 694//694
f 694//694 701//701 702//702
f 694//694 702//702 654//654
f 695//695 645//645 703//703
f 695//695 703//703 696//696
f 696//696 703//703 704//704
f 696//696 704//704 697//697
f 697//697 704//704 705//705
f 697//697 705//705 698//698
f 698//698 705//705 706//706
f 698//698 706//706 699//699
f 699//699 706//706 707//707
f 699//699 707//707 700//700
f 700//700 707//707 708//708
f 700//700 708//708 701//701
f 701//701 708//708 709//709
f 701//701 709//709 702//702
f 702//702 709//709 710//710
f 702//702 710//710 654//654
f 703//703 645//645 711//711
f 703//703 711//711 704//704
f 704//704 711//711 712//712
f 704//704 712//712 705//705
f 705//705 712//712 713//713
f 705//705 713//713 706//706
f 706//706 713//713 714//714
f 706//706 714//714 707//707
f 707//707 714//714 715//715
f 707//707 715//715 708//708
f 708//708 715//715 716//716
f 708//708 716//716 709//709
f 709//709 716//716 717//717
f 709//709 717//717 710//710
f 710//710 717//717 718//718
f 710//710 718//718 654//654
f 711//711 645//645 719//719
f 711//711 719//719 712//712
f 712//712 719//719 720//720
f 712//712 720//720 713//713
f 713//713 720//720 721//721
f 713//713 721//721 714//714
f 714//714 721//721 722//722
f 714//714 722//722 715//715
f 715//715 722//722 723//723
f 715//715 723//723 716//716
f 716//716 723//723 724//724
f 716//716 724//724 717//717
f 717//717 724//724 725//725
f 717//717 725//725 718//718
f 718//718 725//725 726//726
f 718//718 726//726 654//654
f 719//719 645//645 727//727
f 719//719 727//727 720//720
f 720//720 727//727 728//728
f 720//720 728//728 721//721
f 721//721 728//728 729//729
f 721//721 729//729 722//722
f 722//722 729//729 730//730
f 722//722 730//730 723//723
f 723//723 730//730 731//731
f 723//723 731//731 724//724
f 724//724 731//731 732//732
f 724//724 732//732 725//725
f 725//725 732//732 733//733
f 725//725 733//733 726//726
f 726//726 733//733 734//734
f 726//726 734//734 654//654
f 727//727 645//645 735//735
f 727//727 735//735 728//728
f 728//728 735//735 736//736
f 728//728 736//736 729//729
f 729//729 736//736 737//737
f 729//729 737//737 730//730
f 730//730 737//737 738//738
f 730//730 738//738 731//731
f 731//731 738//738 739//739
f 731//731 739//739 732//732
f 732//732 739//739 740//740
f 732//732 740//740 733//733
f 733//733 740//740 741//741
f 733//733 741//741 734//734
f 734//734 741//741 742//742
f 734//734 742//742 654//654
f 735//735 645//645 743//743
f 735//735 743//743 736//736
f 736//736 743//743 744//744
f 736//736 744//744 737//737
f 737//737 744//744 745//745
f 737//737 745//745 738//738
f 738//738 745//745 746//746
f 738//738 746//746 739//739
f 739//739 746//746 747//747
f 739//739 747//747 740//740
f 740//740 747//747 748//748
f 740//740 748//748 741//741
f 741//741 748//748 749//749
f 741//741 749//749 742//742
f 742//742 749//749 750//750
f 742//742 750//750 654//654
f 743//743 645//645 751//751
f 743//743 751//751 744//744
f 744//744 751//751 752//752
f 744//744 752//752 745//745
f 745//745 752//752 753//753
f 745//745 753//753 746//746
f 746//746 753//753 754//754
f 746//746 754//754 747//747
f 747//747 754//754 755//755
f 747//747 755//755 748//748
f 748//748 755//755 756//756
f 748//748 756//756 749//749
f 749//749 756//756 757//757
f 749//749 757//757 750//750
f 750//750 757//757 758//758
f 750//750 758//758 654//654
f 751//751 645//645 759//759
f 751//751 759//759 752//752
f 752//752 759//759 760//760
f 752//752 760//760 753//753
f 753//753 760//760 761//761
f 753//753 761//761 754//754
f 754//754 761//761 762//762
f 754//754 762//762 755//755
f 755//755 762//762 763//763
f 755//755 763//763 756//756
f 756//756 763//763 764//764
f 756//756 764//764 757//757
f 757//757 764//764 765//765
f 757//757 765//765 758//758
f 758//758 765//765 766//766
f 758//758 766//766 654//654
f 759//759 645//645 767//767
f 759//759 767//767 760//760
f 760//760 767//767 768//768
f 760//760 768//768 761//761
f 761//761 768//768 769//769
f 761//761 769//769 762//762
f 762//762 769//769 770//770
f 762//762 770//770 763//763
f 763//763 770//770 771//771
f 763//763 771//771 764//764
f 764//764 771//771 772//772
f 764//764 772//772 765//765
f 765//765 772//772 773//773
f 765//765 773//773 766//766
f 766//766 773//773 774//774
f 766//766 774//774 654//654
f 767//767 645//645 775//775
f 767//767 775//775 768//768
f 768//768 775//775 776//776
f 768//768 776//776 769//769
f 769//769 776//776 777//777
f 769//769 777//777 770//770
f 770//770 777//777 778//778
f 770//770 778//778 771//771
f 771//771 778//778 779//779
f 771//771 779//779 772//772
f 772//772 779//779 780//780
f 772//772 780//780 773//773
f 773//773 780//780 781//781
f 773//773 781//781 774//774
f 774//774 781//781 782//782
f 774//774 782//782 654//654
f 775//775 645//645 783//783
f 775//775 783//783 776//776
f 776//776 783//783 784//784
f 776//776 784//784 777//777
f 777//777 784//784 785//785
f 777//777 785//785 778//778
f 778//778 785//785 786//786
f 778//778 786//786 779//779
f 779//779 786//786 787//787
f 779//779 787//787 780//780
f 780//780 787//787 788//788
f 780//780 788//788 781//781
f 781//781 788//788 789//789
f 781//781 789//789 782//782
f 782//782 789//789 790//790
f 782//782 790//790 654//654
f 783//783 645//645 791//791
f 783//783 791//791 784//784
f 784//784 791//791 792//792
f 784//784 792//792 785//785
f 785//785 792//792 793//793
f 785//785 793//793 786//786
f 786//786 793//793 794//794
f 786//786 794//794 787//787
f 787//787 794//794 795//795
f 787//787 795//795 788//788
f 788//788 795//795 796//796
f 788//788 796//796 789//789
f 789//789 796//796 797//797
f 789//789 797//797 790//790
f 790//790 797//797 798//798
f 790//790 798//798 654//654
f 791//791 645//645 799//799
f 791//791 799//799 792//792
f 792//792 799//799 800//800
f 792//792 800//800 793//793
f 793//793 800//800 801//801
f 793//793 801//801 794//794
f 794//794 801//801 802//802
f 794//794 802//802 795//795
f 795//795 802//802 803//803
f 795//795 803//803 796//796
f 796//796 803//803 804//804
f 796//796 804//804 797//797
f 797//797 804//804 805//805
f 797//797 805//805 798//798
f 798//798 805//805 806//806
f 798//798 806//806 654//654
f 799//799 645//645 807//807
f 799//799 807//807 800//800
f 800//800 807//807 808//808
f 800//800 808//808 801//801
f 801//801 808//808 809//809
f 801//801 809//809 802//802
f 802//802 809//809 810//810
f 802//802 810//810 803//803
f 803//803 810//810 811//811
f 803//803 811//811 804//804
f 804//804 811//811 812//812
f 804//804 812//812 805//805
f 805//805 812//812 813//813
f 805//805 813//813 806//806
f 806//806 813//813 814//814
f 806//806 814//814 654//654
f 807//807 645//645 815//815
f 807//807 815//815 808//808
f 808//808 815//815 816//816
f 808//808 816//816 809//809
f 809//809 816//816 817//817
f 809//809 817//817 810//810
f 810//810 817//817 818//818
f 810//810 818//818 811//811
f 811//811 818//818 819//819
f 811//811 819//819 812//812
f 812//812 819//819 820//820
f 812//812 820//820 813//813
f 813//813 820//820 821//821
f 813//813 821//821 814//814
f 814//814 821//821 822//822
f 814//814 822//822 654//654
f 815//815 645//645 823//823
f 815//815 823//823 816//816
f 816//816 823//823 824//824
f 816//816 824//824 817//817
f 817//817 824//824 825//825
f 817//817 825//825 818//818
f 818//818 825//825 826//826
f 818//818 826//826 819//819
f 819//819 826//826 827//827
f 819//819 827//827 820//820
f 820//820 827//827 828//828
f 820//820 828//828 821//821
f 821//821 828//828 829//829
f 821//821 829//829 822//822
f 822//822 829//829 830//830
f 822//822 830//830 654//654
f 823//823 645//645 831//831
f 823//823 831//831 824//824
f 824//824 831//831 832//832
f 824//824 832//832 825//825
f 825//825 832//832 833//833
f 825//825 833//833 826//826
f 826//826 833//833 834//834
f 826//826 834//834 827//827
f 827//827 834//834 835//835
f 827//827 835//835 828//828
f 828//828 835//835 836//836
f 828//828 836//836 829//829
f 829//829 836//836 837//837
f 829//829 837//837 830//830
f 830//830 837//837 838//838
f 830//830 838//838 654//654
f 831//831 645//645 839//839
f 831//831 839//839 832//832
f 832//832 839//839 840//840
f 832//832 840//840 833//833
f 833//833 840//840 841//841
f 833//833 841//841 834//834
f 834//834 841//841 842//842
f 834//834 842//842 835//835
f 835//835 842//842 843//843
f 835//835 843//843 836//836
f 836//836 843//843 844//844
f 836//836 844//844 837//837
f 837//837 844//844 845//845
f 837//837 845//845 838//838
f 838//838 845//845 846//846
f 838//838 846//846 654//654
f 839//839 645//645 847//847
f 839//839 847//847 840//840
f 840//840 847//847 848//848
f 840//840 848//848 841//841
f 841//841 848//848 849//849
f 841//841 849//849 842//842
f 842//842 849//849 850//850
f 842//842 850//850 843//843
f 843//843 850//850 851//851
f 843//843 851//851 844//844
f 844//844 851//851 852//852
f 844//844 852//852 845//845
f 845//845 852//852 853//853
f 845//845 853//853 846//846
f 846//846 853//853 854//854
f 846//846 854//854 654//654
f 847//847 645//645 855//855
f 847//847 855//855 848//848
f 848//848 855//855 856//856
f 848//848 856//856 849//849
f 849//849 856//856 857//857
f 849//849 857//857 850//850
f 850//850 857//857 858//858
f 850//850 858//858 851//851
f 851//851 858//858 859//859
f 851//851 859//859 852//852
f 852//852 859//859 860//860
f 852//852 860//860 853//853
f 853//853 860//860 861//861
f 853//853 861//861 854//854
f 854//854 861//861 862//862
f 854//854 862//862 654//654
f 855//855 645//645 863//863
f 855//855 863//863 856//856
f 856//856 863//863 864//864
f 856//856 864//864 857//857
f 857//857 864//864 865//865
f 857//857 865//865 858//858
f 858//858 865//865 866//866
f 858//858 866//866 859//859
f 859//859 866//866 867//867
f 859//859 867//867 860//860
f 860//860 867//867 868//868
f 860//860 868//868 861//861
f 861//861 868//868 869//869
f 861//861 869//869 862//862
f 862//862 869//869 870//870
f 862//862 870//870 654//654
f 863//863 645//645 871//871
f 863//863 871//871 864//864
f 864//864 871//871 872//872
f 864//864 872//872 865//865
f 865//865 872//872 873//873
f 865//865 873//873 866//866
f 866//866 873//873 874//874
f 866//866 874//874 867//867
f 867//867 874//874 875//875
f 867//867 875//875 868//868
f 868//868 875//875 876//876
f 868//868 876//876 869//869
f 869//869 876//876 877//877
f 869//869 877//877 870//870
f 870//870 877//877 878//878
f 870//870 878//878 654//654
f 871//871 645//645 879//879
f 871//871 879//879 872//872
f 872//872 879//879 880//880
f 872//872 880//880 873//873
f 873//873 880//880 881//881
f 873//873 881//881 874//874
f 874//874 881//881 882//882
f 874//874 882//882 875//875
f 875//875 882//882 883//883
f 875//875 883//883 876//876
f 876//876 883//883 884//884
f 876//876 884//884 877//877
f 877//877 884//884 885//885
f 877//877 885//885 878//878
f 878//878 885//885 886//886
f 878//878 886//886 654//654
f 879//879 645//645 887//887
f 879//879 887//887 880//880
f 880//880 887//887 888//888
f 880//880 888//888 881//881
f 881//881 888//888 889//889
f 881//881 889//889 882//882
f 882//882 889//889 890//890
f 882//882 890//890 883//883
f 883//883 890//890 891//891
f 883//883 891//891 884//884
f 884//884 891//891 892//892
f 884//884 892//892 885//885
f 885//885 892//892 893//893
f 885//885 893//893 886//886
f 886//886 893//893 894//894
f 886//886 894//894 654//654
f 887//887 645//645 895//895
f 887//887 895//895 888//888
f 888//888 895//895 896//896
f 888//888 896//896 889//889
f 889//889 896//896 897//897
f 889//889 897//897 890//890
f 890//890 897//897 898//898
f 890//890 898//898 891//891
f 891//891 898//898 899//899
f 891//891 899//899 892//892
f 892//892 899//899 900//900
f 892//892 900//900 893//893
f 893//893 900//900 901//901
f 893//893 901//901 894//894
f 894//894 901//901 902//902
f 894//894 902//902 654//654
f 895//895 645//645 903//903
f 895//895 903//903 896//896
f 896//896 903//903 904//904
f 896//896 904//904 897//897
f 897//897 904//904 905//905
f 897//897 905//905 898//898
f 898//898 905//905 906//906
f 898//898 906//906 899//899
f 899//899 906//906 907//907
f 899//899 907//907 900//900
f 900//900 907//907 908//908
f 900//900 908//908 901//901
f 901//901 908//908 909//909
f 901//901 909//909 902//902
f 902//902 909//909 910//910
f 902//902 910//910 654//654
f 903//903 645//645 911//911
f 903//903 911//911 904//904
f 904//904 911//911 912//912
f 904//904 912//912 905//905
f 905//905 912//912 913//913
f 905//905 913//913 906//906
f 906//906 913//913 914//914
f 906//906 914//914 907//907
f 907//907 914//914 915//915
f 907//907 915//915 908//908
f 908//908 915//915 916//916
f 908//908 916//916 909//909
f 909//909 916//916 917//917
f 909//909 917//917 910//910
f 910//910 917//917 918//918
f 910//910 918//918 654//654
f 911//911 645//645 919//919
f 911//911 919//919 912//912
f 912//912 919//919 920//920
f 912//912 920//920 913//913
f 913//913 920//920 921//921
f 913//913 921//921 914//914
f 914//914 921//921 922//922
f 914//914 922//922 915//915
f 915//915 922//922 923//923
f 915//915 923//923 916//916
f 916//916 923//923 924//924
f 916//916 924//924 917//917
f 917//917 924//924 925//925
f 917//917 925//925 918//918
f 918//918 925//925 926//926
f 918//918 926//926 654//654
f 919//919 645//645 927//927
f 919//919 927//927 920//920
f 920//920 927//927 928//928
f 920//920 928//928 921//921
f 921//921 928//928 929//929
f 921//921 929//929 922//922
f 922//922 929//929 930//930
f 922//922 930//930 923//923
f 923//923 930//930 931//931
f 923//923 931//931 924//924
f 924//924 931//931 932//932
f 924//924 932//932 925//925
f 925//925 932//932 933//933
f 925//925 933//933 926//926
f 926//926 933//933 934//934
f 926//926 934//934 654//654
f 927//927 645//645 935//935
f 927//927 935//935 928//928
f 928//928 935//935 936//936
f 928//928 936//936 929//929
f 929//929 936//936 937//937
f 929//929 937//937 930//930
f 930//930 937//937 938//938
f 930//930 938//938 931//931
f 931//931 938//938 939//939
f 931//931 939//939 932//932
f 932//932 939//939 940//940
f 932//932 940//940 933//933
f 933//933 940//940 941//941
f 933//933 941//941 934//934
f 934//934 941//941 942//942
f 934//934 942//942 654//654
f 935//935 645//645 943//943
f 935//935 943//943 936//936
f 936//936 943//943 944//944
f 936//936 944//944 937//937
f 937//937 944//944 945//945
f 937//937 945//945 938//938
f 938//938 945//945 946//946
f 938//938 946//946 939//939
f 939//939 946//946 947//947
f 939//939 947//947 940//940
f 940//940 947//947 948//948
f 940//940 948//948 941//941
f 941//941 948//948 949//949
f 941//941 949//949 942//942
f 942//942 949//949 950//950
f 942//942 950//950 654//654
f 943//943 645//645 951//951
f 943//943 951//951 944//944
f 944//944 951//951 952//952
f 944//944 952//952 945//945
f 945//945 952//952 953//953
f 945//945 953//953 946//946
f 946//946 953//953 954//954
f 946//946 954//954 947//947
f 947//947 954//954 955//955
f 947//947 955//955 948//948
f 948//948 955//955 956//956
f 948//948 956//956 949//949
f 949//949 956//956 957//957
f 949//949 957//957 950//950
f 950//950 957//957 958//958
f 950//950 958//958 654//654
f 951//951 645//645 959//959
f 951//951 959//959 952//952
f 952//952 959//959 960//960
f 952//952 960//960 953//953
f 953//953 960//960 961//961
f 953//953 961//961 954//954
f 954//954 961//961 962//962
f 954//954 962//962 955//955
f 955//955 962//962 963//963
f 955//955 963//963 956//956
f 956//956 963//963 964//964
f 956//956 964//964 957//957
f 957//957 964//964 965//965
f 957//957 965//965 958//958
f 958//958 965//965 966//966
f 958//958 966//966 654//654
f 959//959 645//645 646//646
f 959//959 646//646 960//960
f 960//960 646//646 647//647
f 960//960 647//647 961//961
f 961//961 647//647 648//648
f 961//961 648//648 962//962
f 962//962 648//648 649//649
f 962//962 649//649 963//963
f 963//963 649//649 650//650
f 963//963 650//650 964//964
f 964//964 650//650 651//651
f 964//964 651//651 965//965
f 965//965 651//651 652//652
f 965//965 652//652 966//966
f 966//966 652//652 653//653
f 966//966 653//653 654//654
f 968//968 967//967 977//977
f 968//968 977//977 969//969
f 969//969 977//977 978//978
f 969//969 978//978 970//970
f 970//970 978//978 979//979
f 970//970 979//979 971//971
f 971//971 979//979 980//980
f 971//971 980//980 972//972
f 972//972 980//980 981//981
f 972//972 981//981 973//973
f 973//973 981//981 982//982
f 973//973 982//982 974//974
f 974//974 982//982 983//983
f 974//974 983//983 975//975
f 975//975 983//983 984//984
f 975//975 984//984 976//976
f 977//977 967//967 985//985
f 977//977 985//985 978//978
f 978//978 985//985 986//986
f 978//978 986//986 979//979
f 979//979 986//986 987//987
f 979//979 987//987 980//980
f 980//980 987//987 988//988
f 980//980 988//988 981//981
f 981//981 988//988 989//989
f 981//981 989//989 982//982
f 982//982 989//989 990//990
f 982//982 990//990 983//983
f 983//983 990//990 991//991
f 983//983 991//991 984//984
f 984//984 991//991 992//992
f 984//984 992//992 976//976
f 985//985 967//967 993//993
f 985//985 993//993 986//986
f 986//986 993//993 994//994
f 986//986 994//994 987//987
f 987//987 994//994 995//995
f 987//987 995//995 988//988
f 988//988 995//995 996//996
f 988//988 996//996 989//989
f 989//989 996//996 997//997
f 989//989 997//997 990//990
f 990//990 997//997 998//998
f 990//990 998//998 991//991
f 991//991 998//998 999//999
f 991//991 999//999 992//992
f 992//992 999//999 1000//1000
f 992//992 1000//1000 976//976
f 993//993 967//967 1001//1001
f 993//993 1001//1001 994//994
f 994//994 1001//1001 1002//1002
f 994//994 1002//1002 995//995
f 995//995 1002//1002 1003//1003
f 995//995 1003//1003 996//996
f 996//996 1003//1003 1004//1004
f 996//996 1004//1004 997//997
f 997//997 1004//1004 1005//1005
f 997//997 1005//1005 998//998
f 998//998 1005//1005 1006//1006
f 998//998 1006//1006 999//999
f 999//999 1006//1006 1007//1007
f 999//999 1007//1007 1000//1000
f 1000//1000 1007//1007 1008//1008
f 1000//1000 1008//1008 976//976
f 1001//1001 967//967 1009//1009
f 1001//1001 1009//1009 1002//1002
f 1002//1002 1009//1009 1010//1010
f 1002//1002 1010//1010 1003//1003
f 1003//1003 1010//1010 1011//1011
f 1003//1003 1011//1011 1004//1004
f 1004//1004 1011//1011 1012//1012
f 1004//1004 1012//1012 1005//1005
f 1005//1005 1012//1012 1013//1013
f 1005//1005 1013//1013 1006//1006
f 1006//1006 1013//1013 1014//1014
f 1006//1006 1014//1014 1007//1007
f 1007//1007 1014//1014 1015//1015
f 1007//1007 1015//1015 1008//1008
f 1008//1008 1015//1015 1016//1016
f 1008//1008 1016//1016 976//976
f 1009//1009 967//967 1017//1017
f 1009//1009 1017//1017 1010//1010
f 1010//1010 1017//1017 1018//1018
f 1010//1010 1018//1018 1011//1011
f 1011//1011 1018//1018 1019//1019
f 1011//1011 1019//1019 1012//1012
f 1012//1012 1019//1019 1020//1020
f 1012//1012 1020//1020 1013//1013
f 1013//1013 1020//1020 1021//1021
f 1013//1013 1021//1021 1014//1014
f 1014//1014 1021//1021 1022//1022
f 1014//1014 1022//1022 1015//1015
f 1015//1015 1022//1022 1023//1023
f 1015//1015 1023//1023 1016//1016
f 1016//1016 1023//1023 1024//1024
f 1016//1016 1024//1024 976//976
f 1017//1017 967//967 1025//1025
f 1017//1017 1025//1025 1018//1018
f 1018//1018 1025//1025 1026//1026
f 1018//1018 1026//1026 1019//1019
f 1019//1019 1026//1026 1027//1027
f 1019//1019 1027//1027 1020//1020
f 1020//1020 1027//1027 1028//1028
f 1020//1020 1028//1028 1021//1021
f 1021//1021 1028//1028 1029//1029
f 1021//1021 1029//1029 1022//1022
f 1022//1022 1029//1029 1030//1030
f 1022//1022 1030//1030 1023//1023
f 1023//1023 1030//1030 1031//1031
f 1023//1023 1031//1031 1024//1024
f 1024//1024 1031//1031 1032//1032
f 1024//1024 1032//1032 976//976
f 1025//1025 967//967 1033//1033
f 1025//1025 1033//1033 1026//1026
f 1026//1026 1033//1033 1034//1034
f 1026//1026 1034//1034 1027//1027
f 1027//1027 1034//1034 1035//1035
f 1027//1027 1035//1035 1028//1028
f 1028//1028 1035//1035 1036//1036
f 1028//1028 1036//1036 1029//1029
f 1029//1029 1036//1036 1037//1037
f 1029//1029 1037//1037 1030//1030
f 1030//1030 1037//1037 1038//1038
f 1030//1030 1038//1038 1031//1031
f 1031//1031 1038//1038 1039//1039
f 1031//1031 1039//1039 1032//1032
f 1032//1032 1039//1039 1040//1040
f 1032//1032 1040//1040 976//976
f 1033//1033 967//967 1041//1041
f 1033//1033 1041//1041 1034//1034
f 1034//1034 1041//1041 1042//1042
f 1034//1034 1042//1042 1035//1035
f 1035//1035 1042//1042 1043//1043
f 1035//1035 1043//1043 1036//1036
f 1036//1036 1043//1043 1044//1044
f 1036//1036 1044//1044 1037//1037
f 1037//1037 1044//1044 1045//1045
f 1037//1037 1045//1045 1038//1038
f 1038//1038 1045//1045 1046//1046
f 1038//1038 1046//1046 1039//1039
f 1039//1039 1046//1046 1047//1047
f 1039//1039 1047//1047 1040//1040
f 1040//1040 1047//1047 1048//1048
f 1040//1040 1048//1048 976//976
f 1041//1041 967//967 1049//1049
f 1041//1041 1049//1049 1042//1042
f 1042//1042 1049//1049 1050//1050
f 1042//1042 1050//1050 1043//1043
f 1043//1043 1050//1050 1051//1051
f 1043//1043 1051//1051 1044//1044
f 1044//1044 1051//1051 1052//1052
f 1044//1044 1052//1052 1045//1045
f 1045//1045 1052//1052 1053//1053
f 1045//1045 1053//1053 1046//1046
f 1046//1046 1053//1053 1054//1054
f 1046//1046 1054//1054 1047//1047
f 1047//1047 1054//1054 1055//1055
f 1047//1047 1055//1055 1048//1048
f 1048//1048 1055//1055 1056//1056
f 1048//1048 1056//1056 976//976
f 1049//1049 967//967 1057//1057
f 1049//1049 1057//1057 1050//1050
f 1050//1050 1057//1057 1058//1058
f 1050//1050 1058//1058 1051//1051
f 1051//1051 1058//1058 1059//1059
f 1051//1051 1059//1059 1052//1052
f 1052//1052 1059//1059 1060//1060
f 1052//1052 1060//1060 1053//1053
f 1053//1053 1060//1060 1061//1061
f 1053//1053 1061//1061 1054//1054
f 1054//1054 1061//1061 1062//1062
f 1054//1054 1062//1062 1055//1055
f 1055//1055 1062//1062 1063//1063
f 1055//1055 1063//1063 1056//1056
f 1056//1056 1063//1063 1064//1064
f 1056//1056 1064//1064 976//976
f 1057//1057 967//967 1065//1065
f 1057//1057 1065//1065 1058//1058
f 1058//1058 1065//1065 1066//1066
f 1058//1058 1066//1066 1059//1059
f 1059//1059 1066//1066 1067//1067
f 1059//1059 1067//1067 1060//1060
f 1060//1060 1067//1067 1068//1068
f 1060//1060 1068//1068 1061//1061
f 1061//1061 1068//1068 1069//1069
f 1061//1061 1069//1069 1062//1062
f 1062//1062 1069//1069 1070//1070
f 1062//1062 1070//1070 1063//1063
f 1063//1063 1070//1070 1071//1071
f 1063//1063 1071//1071 1064//1064
f 1064//1064 1071//1071 1072//1072
f 1064//1064 1072//1072 976//976
f 1065//1065 967//967 1073//1073
f 1065//1065 1073//1073 1066//1066
f 1066//1066 1073//1073 1074//1074
f 1066//1066 1074//1074 1067//1067
f 1067//1067 1074//1074 1075//1075
f 1067//1067 1075//1075 1068//1068
f 1068//1068 1075//1075 1076//1076
f 1068//1068 1076//1076 1069//1069
f 1069//1069 1076//1076 1077//1077
f 1069//1069 1077//1077 1070//1070
f 1070//1070 1077//1077 1078//1078
f 1070//1070 1078//1078 1071//1071
f 1071//1071 1078//1078 1079//1079
f 1071//1071 1079//1079 1072//1072
f 1072//1072 1079//1079 1080//1080
f 1072//1072 1080//1080 976//976
f 1073//1073 967//967 1081//1081
f 1073//1073 1081//1081 1074//1074
f 1074//1074 1081//1081 1082//1082
f 1074//1074 1082//1082 1075//1075
f 1075//1075 1082//1082 1083//1083
f 1075//1075 1083//1083 1076//1076
f 1076//1076 1083//1083 1084//1084
f 1076//1076 1084//1084 1077//1077
f 1077//1077 1084//1084 1085//1085
f 1077//1077 1085//1085 1078//1078
f 1078//1078 1085//1085 1086//1086
f 1078//1078 1086//1086 1079//1079
f 1079//1079 1086//1086 1087//1087
f 1079//1079 1087//1087 1080//1080
f 1080//1080 1087//1087 1088//1088
f 1080//1080 1088//1088 976//976
f 1081//1081 967//967 1089//1089
f 1081//1081 1089//1089 1082//1082
f 1082//1082 1089//1089 1090//1090
f 1082//1082 1090//1090 1083//1083
f 1083//1083 1090//1090 1091//1091
f 1083//1083 1091//1091 1084//1084
f 1084//1084 1091//1091 1092//1092
f 1084//1084 1092//1092 1085//1085
f 1085//1085 1092//1092 1093//1093
f 1085//1085 1093//1093 1086//1086
f 1086//1086 1093//1093 1094//1094
f 1086//1086 1094//1094 1087//1087
f 1087//1087 1094//1094 1095//1095
f 1087//1087 1095//1095 1088//1088
f 1088//1088 1095//1095 1096//1096
f 1088//1088 1096//1096 976//976
f 1089//1089 967//967 1097//1097
f 1089//1089 1097//1097 1090//1090
f 1090//1090 1097//1097 1098//1098
f 1090//1090 1098//1098 1091//1091
f 1091//1091 1098//1098 1099//1099
f 1091//1091 1099//1099 1092//1092
f 1092//1092 1099//1099 1100//1100
f 1092//1092 1100//1100 1093//1093
f 1093//1093 1100//1100 1101//1101
f 1093//1093 1101//1101 1094//1094
f 1094//1094 1101//1101 1102//1102
f 1094//1094 1102//1102 1095//1095
f 1095//1095 1102//1102 1103//1103
f 1095//1095 1103//1103 1096//1096
f 1096//1096 1103//1103 1104//1104
f 1096//1096 1104//1104 976//976
f 1097//1097 967//967 1105//1105
f 1097//1097 1105//1105 1098//1098
f 1098//1098 1105//1105 1106//1106
f 1098//1098 1106//1106 1099//1099
f 1099//1099 1106//1106 1107//1107
f 1099//1099 1107//1107 1100//1100
f 1100//1100 1107//1107 1108//1108
f 1100//1100 1108//1108 1101//1101
f 1101//1101 1108//1108 1109//1109
f 1101//1101 1109//1109 1102//1102
f 1102//1102 1109//1109 1110//1110
f 1102//1102 1110//1110 1103//1103
f 1103//1103 1110//1110 1111//1111
f 1103//1103 1111//1111 1104//1104
f 1104//1104 1111//1111 1112//1112
f 1104//1104 1112//1112 976//976
f 1105//1105 967//967 1113//1113
f 1105//1105 1113//1113 1106//1106
f 1106//1106 1113//1113 1114//1114
f 1106//1106 1114//1114 1107//1107
f 1107//1107 1114//1114 1115//1115
f 1107//1107 1115//1115 1108//1108
f 1108//1108 1115//1115 1116//1116
f 1108//1108 1116//1116 1109//1109
f 1109//1109 1116//1116 1117//1117
f 1109//1109 1117//1117 1110//1110
f 1110//1110 1117//1117 1118//1118
f 1110//1110 1118//1118 1111//1111
f 1111//1111 1118//1118 1119//1119
f 1111//1111 1119//1119 1112//1112
f 1112//1112 1119//1119 1120//1120
f 1112//1112 1120//1120 976//976
f 1113//1113 967//967 1121//1121
f 1113//1113 1121//1121 1114//1114
f 1114//1114 1121//1121 1122//1122
f 1114//1114 1122//1122 1115//1115
f 1115//1115 1122//1122 1123//1123
f 1115//1115 1123//1123 1116//1116
f 1116//1116 1123//1123 1124//1124
f 1116//1116 1124//1124 1117//1117
f 1117//1117 1124//1124 1125//1125
f 1117//1117 1125//1125 1118//1118
f 1118//1118 1125//1125 1126//1126
f 1118//1118 1126//1126 1119//1119
f 1119//1119 1126//1126 1127//1127
f 1119//1119 1127//1127 1120//1120
f 1120//1120 1127//1127 1128//1128
f 1120//1120 1128//1128 976//976
f 1121//1121 967//967 1129//1129
f 1121//1121 1129//1129 1122//1122
f 1122//1122 1129//1129 1130//1130
f 1122//1122 1130//1130 1123//1123
f 1123//1123 1130//1130 1131//1131
f 1123//1123 1131//1131 1124//1124
f 1124//1124 1131//1131 1132//1132
f 1124//1124 1132//1132 1125//1125
f 1125//1125 1132//1132 1133//1133
f 1125//1125 1133//1133 1126//1126
f 1126//1126 1133//1133 1134//1134
f 1126//1126 1134//1134 1127//1127
f 1127//1127 1134//1134 1135//1135
f 1127//1127 1135//1135 1128//1128
f 1128//1128 1135//1135 1136//1136
f 1128//1128 1136//1136 976//976
f 1129//1129 967//967 1137//1137
f 1129//1129 1137//1137 1130//1130
f 1130//1130 1137//1137 1138//1138
f 1130//1130 1138//1138 1131//1131
f 1131//1131 1138//1138 1139//1139
f 1131//1131 1139//1139 1132//1132
f 1132//1132 1139//1139 1140//1140
f 1132//1132 1140//1140 1133//1133
f 1133//1133 1140//1140 1141//1141
f 1133//1133 1141//1141 1134//1134
f 1134//1134 1141//1141 1142//1142
f 1134//1134 1142//1142 1135//1135
f 1135//1135 1142//1142 1143//1143
f 1135//1135 1143//1143 1136//1136
f 1136//1136 1143//1143 1144//1144
f 1136//1136 1144//1144 976//976
f 1137//1137 967//967 1145//1145
f 1137//1137 1145//1145 1138//1138
f 1138//1138 1145//1145 1146//1146
f 1138//1138 1146//1146 1139//1139
f 1139//1139 1146//1146 1147//1147
f 1139//1139 1147//1147 1140//1140
f 1140//1140 1147//1147 1148//1148
f 1140//1140 1148//1148 1141//1141
f 1141//1141 1148//1148 1149//1149
f 1141//1141 1149//1149 1142//1142
f 1142//1142 1149//1149 1150//1150
f 1142//1142 1150//1150 1143//1143
f 1143//1143 1150//1150 1151//1151
f 1143//1143 1151//1151 1144//1144
f 1144//1144 1151//1151 1152//1152
f 1144//1144 1152//1152 976//976
f 1145//1145 967//967 1153//1153
f 1145//1145 1153//1153 1146//1146
f 1146//1146 1153//1153 1154//1154
f 1146//1146 1154//1154 1147//1147
f 1147//1147 1154//1154 1155//1155
f 1147//1147 1155//1155 1148//1148
f 1148//1148 1155//1155 1156//1156
f 1148//1148 1156//1156 1149//1149
f 1149//1149 1156//1156 1157//1157
f 1149//1149 1157//1157 1150//1150
f 1150//1150 1157//1157 1158//1158
f 1150//1150 1158//1158 1151//1151
f 1151//1151 1158//1158 1159//1159
f 1151//1151 1159//1159 1152//1152
f 1152//1152 1159//1159 1160//1160
f 1152//1152 1160//1160 976//976
f 1153//1153 967//967 1161//1161
f 1153//1153 1161//1161 1154//1154
f 1154//1154 1161//1161 1162//1162
f 1154//1154 1162//1162 1155//1155
f 1155//1155 1162//1162 1163//1163
f 1155//1155 1163//1163 1156//1156
f 1156//1156 1163//1163 1164//1164
f 1156//1156 1164//1164 1157//1157
f 1157//1157 1164//1164 1165//1165
f 1157//1157 1165//1165 1158//1158
f 1158//1158 1165//1165 1166//1166
f 1158//1158 1166//1166 1159//1159
f 1159//1159 1166//1166 1167//1167
f 1159//1159 1167//1167 1160//1160
f 1160//1160 1167//1167 1168//1168
f 1160//1160 1168//1168 976//976
f 1161//1161 967//967 1169//1169
f 1161//1161 1169//1169 1162//1162
f 1162//1162 1169//1169 1170//1170
f 1162//1162 1170//1170 1163//1163
f 1163//1163 1170//1170 1171//1171
f 1163//1163 1171//1171 1164//1164
f 1164//1164 1171//1171 1172//1172
f 1164//1164 1172//1172 1165//1165
f 1165//1165 1172//1172 1173//1173
f 1165//1165 1173//1173 1166//1166
f 1166//1166 1173//1173 1174//1174
f 1166//1166 1174//1174 1167//1167
f 1167//1167 1174//1174 1175//1175
f 1167//1167 1175//1175 1168//1168
f 1168//1168 1175//1175 1176//1176
f 1168//1168 1176//1176 976//976
f 1169//1169 967//967 1177//1177
f 1169//1169 1177//1177 1170//1170
f 1170//1170 1177//1177 1178//1178
f 1170//1170 1178//1178 1171//1171
f 1171//1171 1178//1178 1179//1179
f 1171//1171 1179//1179 1172//1172
f 1172//1172 1179//1179 1180//1180
f 1172//1172 1180//1180 1173//1173
f 1173//1173 1180//1180 1181//1181
f 1173//1173 1181//1181 1174//1174
f 1174//1174 1181//1181 1182//1182
f 1174//1174 1182//1182 1175//1175
f 1175//1175 1182//1182 1183//1183
f 1175//1175 1183//1183 1176//1176
f 1176//1176 1183//1183 1184//1184
f 1176//1176 1184//1184 976//976
f 1177//1177 967//967 1185//1185
f 1177//1177 1185//1185 1178//1178
f 1178//1178 1185//1185 1186//1186
f 1178//1178 1186//1186 1179//1179
f 1179//1179 1186//1186 1187//1187
f 1179//1179 1187//1187 1180//1180
f 1180//1180 1187//1187 1188//1188
f 1180//1180 1188//1188 1181//1181
f 1181//1181 1188//1188 1189//1189
f 1181//1181 1189//1189 1182//1182
f 1182//1182 1189//1189 1190//1190
f 1182//1182 1190//1190 1183//1183
f 1183//1183 1190//1190 1191//1191
f 1183//1183 1191//1191 1184//1184
f 1184//1184 1191//1191 1192//1192
f 1184//1184 1192//1192 976//976
f 1185//1185 967//967 1193//1193
f 1185//1185 1193//1193 1186//1186
f 1186//1186 1193//1193 1194//1194
f 1186//1186 1194//1194 1187//1187
f 1187//1187 1194//1194 1195//1195
f 1187//1187 1195//1195 1188//1188
f 1188//1188 1195//1195 1196//1196
f 1188//1188 1196//1196 1189//1189
f 1189//1189 1196//1196 1197//1197
f 1189//1189 1197//1197 1190//1190
f 1190//1190 1197//1197 1198//1198
f 1190//1190 1198//1198 1191//1191
f 1191//1191 1198//1198 1199//1199
f 1191//1191 1199//1199 1192//1192
f 1192//1192 1199//1199 1200//1200
f 1192//1192 1200//1200 976//976
f 1193//1193 967//967 1201//1201
f 1193//1193 1201//1201 1194//1194
f 1194//1194 1201//1201 1202//1202
f 1194//1194 1202//1202 1195//1195
f 1195//1195 1202//1202 1203//1203
f 1195//1195 1203//1203 1196//1196
f 1196//1196 1203//1203 1204//1204
f 1196//1196 1204//1204 1197//1197
f 1197//1197 1204//1204 1205//1205
f 1197//1197 1205//1205 1198//1198
f 1198//1198 1205//1205 1206//1206
f 1198//1198 1206//1206 1199//1199
f 1199//1199 1206//1206 1207//1207
f 1199//1199 1207//1207 1200//1200
f 1200//1200 1207//1207 1208//1208
f 1200//1200 1208//1208 976//976
f 1201//1201 967//967 1209//1209
f 1201//1201 1209//1209 1202//1202
f 1202//1202 1209//1209 1210//1210
f 1202//1202 1210//1210 1203//1203
f 1203//1203 1210//1210 1211//1211
f 1203//1203 1211//1211 1204//1204
f 1204//1204 1211//1211 1212//1212
f 1204//1204 1212//1212 1205//1205
f 1205//1205 1212//1212 1213//1213
f 1205//1205 1213//1213 1206//1206
f 1206//1206 1213//1213 1214//1214
f 1206//1206 1214//1214 1207//1207
f 1207//1207 1214//1214 1215//1215
f 1207//1207 1215//1215 1208//1208
f 1208//1208 1215//1215 1216//1216
f 1208//1208 1216//1216 976//976
f 1209//1209 967//967 1217//1217
f 1209//1209 1217//1217 1210//1210
f 1210//1210 1217//1217 1218//1218
f 1210//1210 1218//1218 1211//1211
f 1211//1211 1218//1218 1219//1219
f 1211//1211 1219//1219 1212//1212
f 1212//1212 1219//1219 1220//1220
f 1212//1212 1220//1220 1213//1213
f 1213//1213 1220//1220 1221//1221
f 1213//1213 1221//1221 1214//1214
f 1214//1214 1221//1221 1222//1222
f 1214//1214 1222//1222 1215//1215
f 1215//1215 1222//1222 1223//1223
f 1215//1215 1223//1223 1216//1216
f 1216//1216 1223//1223 1224//1224
f 1216//1216 1224//1224 976//976
f 1217//1217 967//967 1225//1225
f 1217//1217 1225//1225 1218//1218
f 1218//1218 1225//1225 1226//1226
f 1218//1218 1226//1226 1219//1219
f 1219//1219 1226//1226 1227//1227
f 1219//1219 1227//1227 1220//1220
f 1220//1220 1227//1227 1228//1228
f 1220//1220 1228//1228 1221//1221
f 1221//1221 1228//1228 1229//1229
f 1221//1221 1229//1229 1222//1222
f 1222//1222 1229//1229 1230//1230
f 1222//1222 1230//1230 1223//1223
f 1223//1223 1230//1230 1231//1231
f 1223//1223 1231//1231 1224//1224
f 1224//1224 1231//1231 1232//1232
f 1224//1224 1232//1232 976//976
f 1225//1225 967//967 1233//1233
f 1225//1225 1233//1233 1226//1226
f 1226//1226 1233//1233 1234//1234
f 1226//1226 1234//1234 1227//1227
f 1227//1227 1234//1234 1235//1235
f 1227//1227 1235//1235 1228//1228
f 1228//1228 1235//1235 1236//1236
f 1228//1228 1236//1236 1229//1229
f 1229//1229 1236//1236 1237//1237
f 1229//1229 1237//1237 1230//1230
f 1230//1230 1237//1237 1238//1238
f 1230//1230 1238//1238 1231//1231
f 1231//1231 1238//1238 1239//1239
f 1231//1231 1239//1239 1232//1232
f 1232//1232 1239//1239 1240//1240
f 1232//1232 1240//1240 976//976
f 1233//1233 967//967 1241//1241
f 1233//1233 1241//1241 1234//1234
f 1234//1234 1241//1241 1242//1242
f 1234//1234 1242//1242 1235//1235
f 1235//1235 1242//1242 1243//1243
f 1235//1235 1243//1243 1236//1236
f 1236//1236 1243//1243 1244//1244
f 1236//1236 1244//1244 1237//1237
f 1237//1237 1244//1244 1245//1245
f 1237//1237 1245//1245 1238//1238
f 1238//1238 1245//1245 1246//1246
f 1238//1238 1246//1246 1239//1239
f 1239//1239 1246//1246 1247//1247
f 1239//1239 1247//1247 1240//1240
f 1240//1240 1247//1247 1248//1248
f 1240//1240 1248//1248 976//976
f 1241//1241 967//967 1249//1249
f 1241//1241 1249//1249 1242//1242
f 1242//1242 1249//1249 1250//1250
f 1242//1242 1250//1250 1243//1243
f 1243//1243 1250//1250 1251//1251
f 1243//1243 1251//1251 1244//1244
f 1244//1244 1251//1251 1252//1252
f 1244//1244 1252//1252 1245//1245
f 1245//1245 1252//1252 1253//1253
f 1245//1245 1253//1253 1246//1246
f 1246//1246 1253//1253 1254//1254
f 1246//1246 1254//1254 1247//1247
f 1247//1247 1254//1254 1255//1255
f 1247//1247 1255//1255 1248//1248
f 1248//1248 1255//1255 1256//1256
f 1248//1248 1256//1256 976//976
f 1249//1249 967//967 1257//1257
f 1249//1249 1257//1257 1250//1250
f 1250//1250 1257//1257 1258//1258
f 1250//1250 1258//1258 1251//1251
f 1251//1251 1258//1258 1259//1259
f 1251//1251 1259//1259 1252//1252
f 1252//1252 1259//1259 1260//1260
f 1252//1252 1260//1260 1253//1253
f 1253//1253 1260//1260 1261//1261
f 1253//1253 1261//1261 1254//1254
f 1254//1254 1261//1261 1262//1262
f 1254//1254 1262//1262 1255//1255
f 1255//1255 1262//1262 1263//1263
f 1255//1255 1263//1263 1256//1256
f 1256//1256 1263//1263 1264//1264
f 1256//1256 1264//1264 976//976
f 1257//1257 967//967 1265//1265
f 1257//1257 1265//1265 1258//1258
f 1258//1258 1265//1265 1266//1266
f 1258//1258 1266//1266 1259//1259
f 1259//1259 1266//1266 1267//1267
f 1259//1259 1267//1267 1260//1260
f 1260//1260 1267//1267 1268//1268
f 1260//1260 1268//1268 1261//1261
f 1261//1261 1268//1268 1269//1269
f 1261//1261 1269//1269 1262//1262
f 1262//1262 1269//1269 1270//1270
f 1262//1262 1270//1270 1263//1263
f 1263//1263 1270//1270 1271//1271
f 1263//1263 1271//1271 1264//1264
f 1264//1264 1271//1271 1272//1272
f 1264//1264 1272//1272 976//976
f 1265//1265 967//967 1273//1273
f 1265//1265 1273//1273 1266//1266
f 1266//1266 1273//1273 1274//1274
f 1266//1266 1274//1274 1267//1267
f 1267//1267 1274//1274 1275//1275
f 1267//1267 1275//1275 1268//1268
f 1268//1268 1275//1275 1276//1276
f 1268//1268 1276//1276 1269//1269
f 1269//1269 1276//1276 1277//1277
f 1269//1269 1277//1277 1270//1270
f 1270//1270 1277//1277 1278//1278
f 1270//1270 1278//1278 1271//1271
f 1271//1271 1278//1278 1279//1279
f 1271//1271 1279//1279 1272//1272
f 1272//1272 1279//1279 1280//1280
f 1272//1272 1280//1280 976//976
f 1273//1273 967//967 1281//1281
f 1273//1273 1281//1281 1274//1274
f 1274//1274 1281//1281 1282//1282
f 1274//1274 1282//1282 1275//1275
f 1275//1275 1282//1282 1283//1283
f 1275//1275 1283//1283 1276//1276
f 1276//1276 1283//1283 1284//1284
f 1276//1276 1284//1284 1277//1277
f 1277//1277 1284//1284 1285//1285
f 1277//1277 1285//1285 1278//1278
f 1278//1278 1285//1285 1286//1286
f 1278//1278 1286//1286 1279//1279
f 1279//1279 1286//1286 1287//1287
f 1279//1279 1287//1287 1280//1280
f 1280//1280 1287//1287 1288//1288
f 1280//1280 1288//1288 976//976
f 1281//1281 967//967 968//968
f 1281//1281 968//968 1282//1282
f 1282//1282 968//968 969//969
f 1282//1282 969//969 1283//1283
f 1283//1283 969//969 970//970
f 1283//1283 970//970 1284//1284
f 1284//1284 970//970 971//971
f 1284//1284 971//971 1285//1285
f 1285//1285 971//971 972//972
f 1285//1285 972//972 1286//1286
f 1286//1286 972//972 973//973
f 1286//1286 973//973 1287//1287
f 1287//1287 973//973 974//974
f 1287//1287 974//974 1288//1288
f 1288//1288 974//974 975//975
f 1288//1288 975//975 976//976
f 1290//1290 1289//1289 1299//1299
f 1290//1290 1299//1299 1291//1291
f 1291//1291 1299//1299 1300//1300
f 1291//1291 1300//1300 1292//1292
f 1292//1292 1300//1300 1301//1301
f 1292//1292 1301//1301 1293//1293
f 1293//1293 1301//1301 1302//1302
f 1293//1293 1302//1302 1294//1294
f 1294//1294 1302//1302 1303//1303
f 1294//1294 1303//1303 1295//1295
f 1295//1295 1303//1303 1304//1304
f 1295//1295 1304//1304 1296//1296
f 1296//1296 1304//1304 1305//1305
f 1296//1296 1305//1305 1297//1297
f 1297//1297 1305//1305 1306//1306
f 1297//1297 1306//1306 1298//1298
f 1299//1299 1289//1289 1307//1307
f 1299//1299 1307//1307 1300//1300
f 1300//1300 1307//1307 1308//1308
f 1300//1300 1308//1308 1301//1301
f 1301//1301 1308//1308 1309//1309
f 1301//1301 1309//1309 1302//1302
f 1302//1302 1309//1309 1310//1310
f 1302//1302 1310//1310 1303//1303
f 1303//1303 1310//1310 1311//1311
f 1303//1303 1311//1311 1304//1304
f 1304//1304 1311//1311 1312//1312
f 1304//1304 1312//1312 1305//1305
f 1305//1305 1312//1312 1313//1313
f 1305//1305 1313//1313 1306//1306
f 1306//1306 1313//1313 1314//1314
f 1306//1306 1314//1314 1298//1298
f 1307//1307 1289//1289 1315//1315
f 1307//1307 1315//1315 1308//1308
f 1308//1308 1315//1315 1316//1316
f 1308//1308 1316//1316 1309//1309
f 1309//1309 1316//1316 1317//1317
f 1309//1309 1317//1317 1310//1310
f 1310//1310 1317//1317 1318//1318
f 1310//1310 1318//1318 1311//1311
f 1311//1311 1318//1318 1319//1319
f 1311//1311 1319//1319 1312//1312
f 1312//1312 1319//1319 1320//1320
f 1312//1312 1320//1320 1313//1313
f 1313//1313 1320//1320 1321//1321
f 1313//1313 1321//1321 1314//1314
f 1314//1314 1321//1321 1322//1322
f 1314//1314 1322//1322 1298//1298
f 1315//1315 1289//1289 1323//1323
f 1315//1315 1323//1323 1316//1316
f 1316//1316 1323//1323 1324//1324
f 1316//1316 1324//1324 1317//1317
f 1317//1317 1324//1324 1325//1325
f 1317//1317 1325//1325 1318//1318
f 1318//1318 1325//1325 1326//1326
f 1318//1318 1326//1326 1319//1319
f 1319//1319 1326//1326 1327//1327
f 1319//1319 1327//1327 1320//1320
f 1320//1320 1327//1327 1328//1328
f 1320//1320 1328//1328 1321//1321
f 1321//1321 1328//1328 1329//1329
f 1321//1321 1329//1329 1322//1322
f 1322//1322 1329//1329 1330//1330
f 1322//1322 1330//1330 1298//1298
f 1323//1323 1289//1289 1331//1331
f 1323//1323 1331//1331 1324//1324
f 1324//1324 1331//1331 1332//1332
f 1324//1324 1332//1332 1325//1325
f 1325//1325 1332//1332 1333//1333
f 1325//1325 1333//1333 1326//1326
f 1326//1326 1333//1333 1334//1334
f 1326//1326 1334//1334 1327//1327
f 1327//1327 1334//1334 1335//1335
f 1327//1327 1335//1335 1328//1328
f 1328//1328 1335//1335 1336//1336
f 1328//1328 1336//1336 1329//1329
f 1329//1329 1336//1336 1337//1337
f 1329//1329 1337//1337 1330//1330
f 1330//1330 1337//1337 1338//1338
f 1330//1330 1338//1338 1298//1298
f 1331//1331 1289//1289 1339//1339
f 1331//1331 1339//1339 1332//1332
f 1332//1332 1339//1339 1340//1340
f 1332//1332 1340//1340 1333//1333
f 1333//1333 1340//1340 1341//1341
f 1333//1333 1341//1341 1334//1334
f 1334//1334 1341//1341 1342//1342
f 1334//1334 1342//1342 1335//1335
f 1335//1335 1342//1342 1343//1343
f 1335//1335 1343//1343 1336//1336
f 1336//1336 1343//1343 1344//1344
f 1336//1336 1344//1344 1337//1337
f 1337//1337 1344//1344 1345//1345
f 1337//1337 1345//1345 1338//1338
f 1338//1338 1345//1345 1346//1346
f 1338//1338 1346//1346 1298//1298
f 1339//1339 1289//1289 1347//1347
f 1339//1339 1347//1347 1340//1340
f 1340//1340 1347//1347 1348//1348
f 1340//1340 1348//1348 1341//1341
f 1341//1341 1348//1348 1349//1349
f 1341//1341 1349//1349 1342//1342
f 1342//1342 1349//1349 1350//1350
f 1342//1342 1350//1350 1343//1343
f 1343//1343 1350//1350 1351//1351
f 1343//1343 1351//1351 1344//1344
f 1344//1344 1351//1351 1352//1352
f 1344//1344 1352//1352 1345//1345
f 1345//1345 1352//1352 1353//1353
f 1345//1345 1353//1353 1346//1346
f 1346//1346 1353//1353 1354//1354
f 1346//1346 1354//1354 1298//1298
f 1347//1347 1289//1289 1355//1355
f 1347//1347 1355//1355 1348//1348
f 1348//1348 1355//1355 1356//1356
f 1348//1348 1356//1356 1349//1349
f 1349//1349 1356//1356 1357//1357
f 1349//1349 1357//1357 1350//1350
f 1350//1350 1357//1357 1358//1358
f 1350//1350 1358//1358 1351//1351
f 1351//1351 1358//1358 1359//1359
f 1351//1351 1359//1359 1352//1352
f 1352//1352 1359//1359 1360//1360
f 1352//1352 1360//1360 1353//1353
f 1353//1353 1360//1360 1361//1361
f 1353//1353 1361//1361 1354//1354
f 1354//1354 1361//1361 1362//1362
f 1354//1354 1362//1362 1298//1298
f 1355//1355 1289//1289 1363//1363
f 1355//1355 1363//1363 1356//1356
f 1356//1356 1363//1363 1364//1364
f 1356//1356 1364//1364 1357//1357
f 1357//1357 1364//1364 1365//1365
f 1357//1357 1365//1365 1358//1358
f 1358//1358 1365//1365 1366//1366
f 1358//1358 1366//1366 1359//1359
f 1359//1359 1366//1366 1367//1367
f 1359//1359 1367//1367 1360//1360
f 1360//1360 1367//1367 1368//1368
f 1360//1360 1368//1368 1361//1361
f 1361//1361 1368//1368 1369//1369
f 1361//1361 1369//1369 1362//1362
f 1362//1362 1369//1369 1370//1370
f 1362//1362 1370//1370 1298//1298
f 1363//1363 1289//1289 1371//1371
f 1363//1363 1371//1371 1364//1364
f 1364//1364 1371//1371 1372//1372
f 1364//1364 1372//1372 1365//1365
f 1365//1365 1372//1372 1373//1373
f 1365//1365 1373//1373 1366//1366
f 1366//1366 1373//1373 1374//1374
f 1366//1366 1374//1374 1367//1367
f 1367//1367 1374//1374 1375//1375
f 1367//1367 1375//1375 1368//1368
f 1368//1368 1375//1375 1376//1376
f 1368//1368 1376//1376 1369//1369
f 1369//1369 1376//1376 1377//1377
f 1369//1369 1377//1377 1370//1370
f 1370//1370 1377//1377 1378//1378
f 1370//1370 1378//1378 1298//1298
f 1371//1371 1289//1289 1379//1379
f 1371//1371 1379//1379 1372//1372
f 1372//1372 1379//1379 1380//1380
f 1372//1372 1380//1380 1373//1373
f 1373//1373 1380//1380 1381//1381
f 1373//1373 1381//1381 1374//1374
f 1374//1374 1381//1381 1382//1382
f 1374//1374 1382//1382 1375//1375
f 1375//1375 1382//1382 1383//1383
f 1375//1375 1383//1383 1376//1376
f 1376//1376 1383//1383 1384//1384
f 1376//1376 1384//1384 1377//1377
f 1377//1377 1384//1384 1385//1385
f 1377//1377 1385//1385 1378//1378
f 1378//1378 1385//1385 1386//1386
f 1378//1378 1386//1386 1298//1298
f 1379//1379 1289//1289 1387//1387
f 1379//1379 1387//1387 1380//1380
f 1380//1380 1387//1387 1388//1388
f 1380//1380 1388//1388 1381//1381
f 1381//1381 1388//1388 1389//1389
f 1381//1381 1389//1389 1382//1382
f 1382//1382 1389//1389 1390//1390
f 1382//1382 1390//1390 1383//1383
f 1383//1383 1390//1390 1391//1391
f 1383//1383 1391//1391 1384//1384
f 1384//1384 1391//1391 1392//1392
f 1384//1384 1392//1392 1385//1385
f 1385//1385 1392//1392 1393//1393
f 1385//1385 1393//1393 1386//1386
f 1386//1386 1393//1393 1394//1394
f 1386//1386 1394//1394 1298//1298
f 1387//1387 1289//1289 1395//1395
f 1387//1387 1395//1395 1388//1388
f 1388//1388 1395//1395 1396//1396
f 1388//1388 1396//1396 1389//1389
f 1389//1389 1396//1396 1397//1397
f 1389//1389 1397//1397 1390//1390
f 1390//1390 1397//1397 1398//1398
f 1390//1390 1398//1398 1391//1391
f 1391//1391 1398//1398 1399//1399
f 1391//1391 1399//1399 1392//1392
f 1392//1392 1399//1399 1400//1400
f 1392//1392 1400//1400 1393//1393
f 1393//1393 1400//1400 1401//1401
f 1393//1393 1401//1401 1394//1394
f 1394//1394 1401//1401 1402//1402
f 1394//1394 1402//1402 1298//1298
f 1395//1395 1289//1289 1403//1403
f 1395//1395 1403//1403 1396//1396
f 1396//1396 1403//1403 1404//1404
f 1396//1396 1404//1404 1397//1397
f 1397//1397 1404//1404 1405//1405
f 1397//1397 1405//1405 1398//1398
f 1398//1398 1405//1405 1406//1406
f 1398//1398 1406//1406 1399//1399
f 1399//1399 1406//1406 1407//1407
f 1399//1399 1407//1407 1400//1400
f 1400//1400 1407//1407 1408//1408
f 1400//1400 1408//1408 1401//1401
f 1401//1401 1408//1408 1409//1409
f 1401//1401 1409//1409 1402//1402
f 1402//1402 1409//1409 1410//1410
f 1402//1402 1410//1410 1298//1298
f 1403//1403 1289//1289 1411//1411
f 1403//1403 1411//1411 1404//1404
f 1404//1404 1411//1411 1412//1412
f 1404//1404 1412//1412 1405//1405
f 1405//1405 1412//1412 1413//1413
f 1405//1405 1413//1413 1406//1406
f 1406//1406 1413//1413 1414//1414
f 1406//1406 1414//1414 1407//1407
f 1407//1407 1414//1414 1415//1415
f 1407//1407 1415//1415 1408//1408
f 1408//1408 1415//1415 1416//1416
f 1408//1408 1416//1416 1409//1409
f 1409//1409 1416//1416 1417//1417
f 1409//1409 1417//1417 1410//1410
f 1410//1410 1417//1417 1418//1418
f 1410//1410 1418//1418 1298//1298
f 1411//1411 1289//1289 1419//1419
f 1411//1411 1419//1419 1412//1412
f 1412//1412 1419//1419 1420//1420
f 1412//1412 1420//1420 1413//1413
f 1413//1413 1420//1420 1421//1421
f 1413//1413 1421//1421 1414//1414
f 1414//1414 1421//1421 1422//1422
f 1414//1414 1422//1422 1415//1415
f 1415//1415 1422//1422 1423//1423
f 1415//1415 1423//1423 1416//1416
f 1416//1416 1423//1423 1424//1424
f 1416//1416 1424//1424 1417//1417
f 1417//1417 1424//1424 1425//1425
f 1417//1417 1425//1425 1418//1418
f 1418//1418 1425//1425 1426//1426
f 1418//1418 1426//1426 1298//1298
f 1419//1419 1289//1289 1427//1427
f 1419//1419 1427//1427 1420//1420
f 1420//1420 1427//1427 1428//1428
f 1420//1420 1428//1428 1421//1421
f 1421//1421 1428//1428 1429//1429
f 1421//1421 1429//1429 1422//1422
f 1422//1422 1429//1429 1430//1430
f 1422//1422 1430//1430 1423//1423
f 1423//1423 1430//1430 1431//1431
f 1423//1423 1431//1431 1424//1424
f 1424//1424 1431//1431 1432//1432
f 1424//1424 1432//1432 1425//1425
f 1425//1425 1432//1432 1433//1433
f 1425//1425 1433//1433 1426//1426
f 1426//1426 1433//1433 1434//1434
f 1426//1426 1434//1434 1298//1298
f 1427//1427 1289//1289 1435//1435
f 1427//1427 1435//1435 1428//1428
f 1428//1428 1435//1435 1436//1436
f 1428//1428 1436//1436 1429//1429
f 1429//1429 1436//1436 1437//1437
f 1429//1429 1437//1437 1430//1430
f 1430//1430 1437//1437 1438//1438
f 1430//1430 1438//1438 1431//1431
f 1431//1431 1438//1438 1439//1439
f 1431//1431 1439//1439 1432//1432
f 1432//1432 1439//1439 1440//1440
f 1432//1432 1440//1440 1433//1433
f 1433//1433 1440//1440 1441//1441
f 1433//1433 1441//1441 1434//1434
f 1434//1434 1441//1441 1442//1442
f 1434//1434 1442//1442 1298//1298
f 1435//1435 1289//1289 1443//1443
f 1435//1435 1443//1443 1436//1436
f 1436//1436 1443//1443 1444//1444
f 1436//1436 1444//1444 1437//1437
f 1437//1437 1444//1444 1445//1445
f 1437//1437 1445//1445 1438//1438
f 1438//1438 1445//1445 1446//1446
f 1438//1438 1446//1446 1439//1439
f 1439//1439 1446//1446 1447//1447
f 1439//1439 1447//1447 1440//1440
f 1440//1440 1447//1447 1448//1448
f 1440//1440 1448//1448 1441//1441
f 1441//1441 1448//1448 1449//1449
f 1441//1441 1449//1449 1442//1442
f 1442//1442 1449//1449 1450//1450
f 1442//1442 1450//1450 1298//1298
f 1443//1443 1289//1289 1451//1451
f 1443//1443 1451//1451 1444//1444
f 1444//1444 1451//1451 1452//1452
f 1444//1444 1452//1452 1445//1445
f 1445//1445 1452//1452 1453//1453
f 1445//1445 1453//1453 1446//1446
f 1446//1446 1453//1453 1454//1454
f 1446//1446 1454//1454 1447//1447
f 1447//1447 1454//1454 1455//1455
f 1447//1447 1455//1455 1448//1448
f 1448//1448 1455//1455 1456//1456
f 1448//1448 1456//1456 1449//1449
f 1449//1449 1456//1456 1457//1457
f 1449//1449 1457//1457 1450//1450
f 1450//1450 1457//1457 1458//1458
f 1450//1450 1458//1458 1298//1298
f 1451//1451 1289//1289 1459//1459
f 1451//1451 1459//1459 1452//1452
f 1452//1452 1459//1459 1460//1460
f 1452//1452 1460//1460 1453//1453
f 1453//1453 1460//1460 1461//1461
f 1453//1453 1461//1461 1454//1454
f 1454//1454 1461//1461 1462//1462
f 1454//1454 1462//1462 1455//1455
f 1455//1455 1462//1462 1463//1463
f 1455//1455 1463//1463 1456//1456
f 1456//1456 1463//1463 1464//1464
f 1456//1456 1464//1464 1457//1457
f 1457//1457 1464//1464 1465//1465
f 1457//1457 1465//1465 1458//1458
f 1458//1458 1465//1465 1466//1466
f 1458//1458 1466//1466 1298//1298
f 1459//1459 1289//1289 1467//1467
f 1459//1459 1467//1467 1460//1460
f 1460//1460 1467//1467 1468//1468
f 1460//1460 1468//1468 1461//1461
f 1461//1461 1468//1468 1469//1469
f 1461//1461 1469//1469 1462//1462
f 1462//1462 1469//1469 1470//1470
f 1462//1462 1470//1470 1463//1463
f 1463//1463 1470//1470 1471//1471
f 1463//1463 1471//1471 1464//1464
f 1464//1464 1471//1471 1472//1472
f 1464//1464 1472//1472 1465//1465
f 1465//1465 1472//1472 1473//1473
f 1465//1465 1473//1473 1466//1466
f 1466//1466 1473//1473 1474//1474
f 1466//1466 1474//1474 1298//1298
f 1467//1467 1289//1289 1475//1475
f 1467//1467 1475//1475 1468//1468
f 1468//1468 1475//1475 1476//1476
f 1468//1468 1476//1476 1469//1469
f 1469//1469 1476//1476 1477//1477
f 1469//1469 1477//1477 1470//1470
f 1470//1470 1477//1477 1478//1478
f 1470//1470 1478//1478 1471//1471
f 1471//1471 1478//1478 1479//1479
f 1471//1471 1479//1479 1472//1472
f 1472//1472 1479//1479 1480//1480
f 1472//1472 1480//1480 1473//1473
f 1473//1473 1480//1480 1481//1481
f 1473//1473 1481//1481 1474//1474
f 1474//1474 1481//1481 1482//1482
f 1474//1474 1482//1482 1298//1298
f 1475//1475 1289//1289 1483//1483
f 1475//1475 1483//1483 1476//1476
f 1476//1476 1483//1483 1484//1484
f 1476//1476 1484//1484 1477//1477
f 1477//1477 1484//1484 1485//1485
f 1477//1477 1485//1485 1478//1478
f 1478//1478 1485//1485 1486//1486
f 1478//1478 1486//1486 1479//1479
f 1479//1479 1486//1486 1487//1487
f 1479//1479 1487//1487 1480//1480
f 1480//1480 1487//1487 1488//1488
f 1480//1480 1488//1488 1481//1481
f 1481//1481 1488//1488 1489//1489
f 1481//1481 1489//1489 1482//1482
f 1482//1482 1489//1489 1490//1490
f 1482//1482 1490//1490 1298//1298
f 1483//1483 1289//1289 1491//1491
f 1483//1483 1491//1491 1484//1484
f 1484//1484 1491//1491 1492//1492
f 1484//1484 1492//1492 1485//1485
f 1485//1485 1492//1492 1493//1493
f 1485//1485 1493//1493 1486//1486
f 1486//1486 1493//1493 1494//1494
f 1486//1486 1494//1494 1487//1487
f 1487//1487 1494//1494 1495//1495
f 1487//1487 1495//1495 1488//1488
f 1488//1488 1495//1495 1496//1496
f 1488//1488 1496//1496 1489//1489
f 1489//1489 1496//1496 1497//1497
f 1489//1489 1497//1497 1490//1490
f 1490//1490 1497//1497 1498//1498
f 1490//1490 1498//1498 1298//1298
f 1491//1491 1289//1289 1499//1499
f 1491//1491 1499//1499 1492//1492
f 1492//1492 1499//1499 1500//1500
f 1492//1492 1500//1500 1493//1493
f 1493//1493 1500//1500 1501//1501
f 1493//1493 1501//1501 1494//1494
f 1494//1494 1501//1501 1502//1502
f 1494//1494 1502//1502 1495//1495
f 1495//1495 1502//1502 1503//1503
f 1495//1495 1503//1503 1496//1496
f 1496//1496 1503//1503 1504//1504
f 1496//1496 1504//1504 1497//1497
f 1497//1497 1504//1504 1505//1505
f 1497//1497 1505//1505 1498//1498
f 1498//1498 1505//1505 1506//1506
f 1498//1498 1506//1506 1298//1298
f 1499//1499 1289//1289 1507//1507
f 1499//1499 1507//1507 1500//1500
f 1500//1500 1507//1507 1508//1508
f 1500//1500 1508//1508 1501//1501
f 1501//1501 1508//1508 1509//1509
f 1501//1501 1509//1509 1502//1502
f 1502//1502 1509//1509 1510//1510
f 1502//1502 1510//1510 1503//1503
f 1503//1503 1510//1510 1511//1511
f 1503//1503 1511//1511 1504//1504
f 1504//1504 1511//1511 1512//1512
f 1504//1504 1512//1512 1505//1505
f 1505//1505 1512//1512 1513//1513
f 1505//1505 1513//1513 1506//1506
f 1506//1506 1513//1513 1514//1514
f 1506//1506 1514//1514 1298//1298
f 1507//1507 1289//1289 1515//1515
f 1507//1507 1515//1515 1508//1508
f 1508//1508 1515//1515 1516//1516
f 1508//1508 1516//1516 1509//1509
f 1509//1509 1516//1516 1517//1517
f 1509//1509 1517//1517 1510//1510
f 1510//1510 1517//1517 1518//1518
f 1510//1510 1518//1518 1511//1511
f 1511//1511 1518//1518 1519//1519
f 1511//1511 1519//1519 1512//1512
f 1512//1512 1519//1519 1520//1520
f 1512//1512 1520//1520 1513//1513
f 1513//1513 1520//1520 1521//1521
f 1513//1513 1521//1521 1514//1514
f 1514//1514 1521//1521 1522//1522
f 1514//1514 1522//1522 1298//1298
f 1515//1515 1289//1289 1523//1523
f 1515//1515 1523//1523 1516//1516
f 1516//1516 1523//1523 1524//1524
f 1516//1516 1524//1524 1517//1517
f 1517//1517 1524//1524 1525//1525
f 1517//1517 1525//1525 1518//1518
f 1518//1518 1525//1525 1526//1526
f 1518//1518 1526//1526 1519//1519
f 1519//1519 1526//1526 1527//1527
f 1519//1519 1527//1527 1520//1520
f 1520//1520 1527//1527 1528//1528
f 1520//1520 1528//1528 1521//1521
f 1521//1521 1528//1528 1529//1529
f 1521//1521 1529//1529 1522//1522
f 1522//1522 1529//1529 1530//1530
f 1522//1522 1530//1530 1298//1298
f 1523//1523 1289//1289 1531//1531
f 1523//1523 1531//1531 1524//1524
f 1524//1524 1531//1531 1532//1532
f 1524//1524 1532//1532 1525//1525
f 1525//1525 1532//1532 1533//1533
f 1525//1525 1533//1533 1526//1526
f 1526//1526 1533//1533 1534//1534
f 1526//1526 1534//1534 1527//1527
f 1527//1527 1534//1534 1535//1535
f 1527//1527 1535//1535 1528//1528
f 1528//1528 1535//1535 1536//1536
f 1528//1528 1536//1536 1529//1529
f 1529//1529 1536//1536 1537//1537
f 1529//1529 1537//1537 1530//1530
f 1530//1530 1537//1537 1538//1538
f 1530//1530 1538//1538 1298//1298
f 1531//1531 1289//1289 1539//1539
f 1531//1531 1539//1539 1532//1532
f 1532//1532 1539//1539 1540//1540
f 1532//1532 1540//1540 1533//1533
f 1533//1533 1540//1540 1541//1541
f 1533//1533 1541//1541 1534//1534
f 1534//1534 1541//1541 1542//1542
f 1534//1534 1542//1542 1535//1535
f 1535//1535 1542//1542 1543//1543
f 1535//1535 1543//1543 1536//1536
f 1536//1536 1543//1543 1544//1544
f 1536//1536 1544//1544 1537//1537
f 1537//1537 1544//1544 1545//1545
f 1537//1537 1545//1545 1538//1538
f 1538//1538 1545//1545 1546//1546
f 1538//1538 1546//1546 1298//1298
f 1539//1539 1289//1289 1547//1547
f 1539//1539 1547//1547 1540//1540
f 1540//1540 1547//1547 1548//1548
f 1540//1540 1548//1548 1541//1541
f 1541//1541 1548//1548 1549//1549
f 1541//1541 1549//1549 1542//1542
f 1542//1542 1549//1549 1550//1550
f 1542//1542 1550//1550 1543//1543
f 1543//1543 1550//1550 1551//1551
f 1543//1543 1551//1551 1544//1544
f 1544//1544 1551//1551 1552//1552
f 1544//1544 1552//1552 1545//1545
f 1545//1545 1552//1552 1553//1553
f 1545//1545 1553//1553 1546//1546
f 1546//1546 1553//1553 1554//1554
f 1546//1546 1554//1554 1298//1298
f 1547//1547 1289//1289 1555//1555
f 1547//1547 1555//1555 1548//1548
f 1548//1548 1555//1555 1556//1556
f 1548//1548 1556//1556 1549//1549
f 1549//1549 1556//1556 1557//1557
f 1549//1549 1557//1557 1550//1550
f 1550//1550 1557//1557 1558//1558
f 1550//1550 1558//1558 1551//1551
f 1551//1551 1558//1558 1559//1559
f 1551//1551 1559//1559 1552//1552
f 1552//1552 1559//1559 1560//1560
f 1552//1552 1560//1560 1553//1553
f 1553//1553 1560//1560 1561//1561
f 1553//1553 1561//1561 1554//1554
f 1554//1554 1561//1561 1562//1562
f 1554//1554 1562//1562 1298//1298
f 1555//1555 1289//1289 1563//1563
f 1555//1555 1563//1563 1556//1556
f 1556//1556 1563//1563 1564//1564
f 1556//1556 1564//1564 1557//1557
f 1557//1557 1564//1564 1565//1565
f 1557//1557 1565//1565 1558//1558
f 1558//1558 1565//1565 1566//1566
f 1558//1558 1566//1566 1559//1559
f 1559//1559 1566//1566 1567//1567
f 1559//1559 1567//1567 1560//1560
f 1560//1560 1567//1567 1568//1568
f 1560//1560 1568//1568 1561//1561
f 1561//1561 1568//1568 1569//1569
f 1561//1561 1569//1569 1562//1562
f 1562//1562 1569//1569 1570//1570
f 1562//1562 1570//1570 1298//1298
f 1563//1563 1289//1289 1571//1571
f 1563//1563 1571//1571 1564//1564
f 1564//1564 1571//1571 1572//1572
f 1564//1564 1572//1572 1565//1565
f 1565//1565 1572//1572 1573//1573
f 1565//1565 1573//1573 1566//1566
f 1566//1566 1573//1573 1574//1574
f 1566//1566 1574//1574 1567//1567
f 1567//1567 1574//1574 1575//1575
f 1567//1567 1575//1575 1568//1568
f 1568//1568 1575//1575 1576//1576
f 1568//1568 1576//1576 1569//1569
f 1569//1569 1576//1576 1577//1577
f 1569//1569 1577//1577 1570//1570
f 1570//1570 1577//1577 1578//1578
f 1570//1570 1578//1578 1298//1298
f 1571//1571 1289//1289 1579//1579
f 1571//1571 1579//1579 1572//1572
f 1572//1572 1579//1579 1580//1580
f 1572//1572 1580//1580 1573//1573
f 1573//1573 1580//1580 1581//1581
f 1573//1573 1581//1581 1574//1574
f 1574//1574 1581//1581 1582//1582
f 1574//1574 1582//1582 1575//1575
f 1575//1575 1582//1582 1583//1583
f 1575//1575 1583//1583 1576//1576
f 1576//1576 1583//1583 1584//1584
f 1576//1576 1584//1584 1577//1577
f 1577//1577 1584//1584 1585//1585
f 1577//1577 1585//1585 1578//1578
f 1578//1578 1585//1585 1586//1586
f 1578//1578 1586//1586 1298//1298
f 1579//1579 1289//1289 1587//1587
f 1579//1579 1587//1587 1580//1580
f 1580//1580 1587//1587 1588//1588
f 1580//1580 1588//1588 1581//1581
f 1581//1581 1588//1588 1589//1589
f 1581//1581 1589//1589 1582//1582
f 1582//1582 1589//1589 1590//1590
f 1582//1582 1590//1590 1583//1583
f 1583//1583 1590//1590 1591//1591
f 1583//1583 1591//1591 1584//1584
f 1584//1584 1591//1591 1592//1592
f 1584//1584 1592//1592 1585//1585
f 1585//1585 1592//1592 1593//1593
f 1585//1585 1593//1593 1586//1586
f 1586//1586 1593//1593 1594//1594
f 1586//1586 1594//1594 1298//1298
f 1587//1587 1289//1289 1595//1595
f 1587//1587 1595//1595 1588//1588
f 1588//1588 1595//1595 1596//1596
f 1588//1588 1596//1596 1589//1589
f 1589//1589 1596//1596 1597//1597
f 1589//1589 1597//1597 1590//1590
f 1590//1590 1597//1597 1598//1598
f 1590//1590 1598//1598 1591//1591
f 1591//1591 1598//1598 1599//1599
f 1591//1591 1599//1599 1592//1592
f 1592//1592 1599//1599 1600//1600
f 1592//1592 1600//1600 1593//1593
f 1593//1593 1600//1600 1601//1601
f 1593//1593 1601//1601 1594//1594
f 1594//1594 1601//1601 1602//1602
f 1594//1594 1602//1602 1298//1298
f 1595//1595 1289//1289 1603//1603
f 1595//1595 1603//1603 1596//1596
f 1596//1596 1603//1603 1604//1604
f 1596//1596 1604//1604 1597//1597
f 1597//1597 1604//1604 1605//1605
f 1597//1597 1605//1605 1598//1598
f 1598//1598 1605//1605 1606//1606
f 1598//1598 1606//1606 1599//1599
f 1599//1599 1606//1606 1607//1607
f 1599//1599 1607//1607 1600//1600
f 1600//1600 1607//1607 1608//1608
f 1600//1600 1608//1608 1601//1601
f 1601//1601 1608//1608 1609//1609
f 1601//1601 1609//1609 1602//1602
f 1602//1602 1609//1609 1610//1610
f 1602//1602 1610//1610 1298//1298
f 1603//1603 1289//1289 1290//1290
f 1603//1603 1290//1290 1604//1604
f 1604//1604 1290//1290 1291//1291
f 1604//1604 1291//1291 1605//1605
f 1605//1605 1291//1291 1292//1292
f 1605//1605 1292//1292 1606//1606
f 1606//1606 1292//1292 1293//1293
f 1606//1606 1293//1293 1607//1607
f 1607//1607 1293//1293 1294//1294
f 1607//1607 1294//1294 1608//1608
f 1608//1608 1294//1294 1295//1295
f 1608//1608 1295//1295 1609//1609
f 1609//1609 1295//1295 1296//1296
f 1609//1609 1296//1296 1610//1610
f 1610//1610 1296//1296 1297//1297
f 1610//1610 1297//1297 1298//1298
f 1612//1612 1611//1611 1621//1621
f 1612//1612 1621//1621 1613//1613
f 1613//1613 1621//1621 1622//1622
f 1613//1613 1622//1622 1614//1614
f 1614//1614 1622//1622 1623//1623
f 1614//1614 1623//1623 1615//1615
f 1615//1615 1623//1623 1624//1624
f 1615//1615 1624//1624 1616//1616
f 1616//1616 1624//1624 1625//1625
f 1616//1616 1625//1625 1617//1617
f 1617//1617 1625//1625 1626//1626
f 1617//1617 1626//1626 1618//1618
f 1618//1618 1626//1626 1627//1627
f 1618//1618 1627//1627 1619//1619
f 1619//1619 1627//1627 1628//1628
f 1619//1619 1628//1628 1620//1620
f 1621//1621 1611//1611 1629//1629
f 1621//1621 1629//1629 1622//1622
f 1622//1622 1629//1629 1630//1630
f 1622//1622 1630//1630 1623//1623
f 1623//1623 1630//1630 1631//1631
f 1623//1623 1631//1631 1624//1624
f 1624//1624 1631//1631 1632//1632
f 1624//1624 1632//1632 1625//1625
f 1625//1625 1632//1632 1633//1633
f 1625//1625 1633//1633 1626//1626
f 1626//1626 1633//1633 1634//1634
f 1626//1626 1634//1634 1627//1627
f 1627//1627 1634//1634 1635//1635
f 1627//1627 1635//1635 1628//1628
f 1628//1628 1635//1635 1636//1636
f 1628//1628 1636//1636 1620//1620
f 1629//1629 1611//1611 1637//1637
f 1629//1629 1637//1637 1630//1630
f 1630//1630 1637//1637 1638//1638
f 1630//1630 1638//1638 1631//1631
f 1631//1631 1638//1638 1639//1639
f 1631//1631 1639//1639 1632//1632
f 1632//1632 1639//1639 1640//1640
f 1632//1632 1640//1640 1633//1633
f 1633//1633 1640//1640 1641//1641
f 1633//1633 1641//1641 1634//1634
f 1634//1634 1641//1641 1642//1642
f 1634//1634 1642//1642 1635//1635
f 1635//1635 1642//1642 1643//1643
f 1635//1635 1643//1643 1636//1636
f 1636//1636 1643//1643 1644//1644
f 1636//1636 1644//1644 1620//1620
f 1637//1637 1611//1611 1645//1645
f 1637//1637 1645//1645 1638//1638
f 1638//1638 1645//1645 1646//1646
f 1638//1638 1646//1646 1639//1639
f 1639//1639 1646//1646 1647//1647
f 1639//1639 1647//1647 1640//1640
f 1640//1640 1647//1647 1648//1648
f 1640//1640 1648//1648 1641//1641
f 1641//1641 1648//1648 1649//1649
f 1641//1641 1649//1649 1642//1642
f 1642//1642 1649//1649 1650//1650
f 1642//1642 1650//1650 1643//1643
f 1643//1643 1650//1650 1651//1651
f 1643//1643 1651//1651 1644//1644
f 1644//1644 1651//1651 1652//1652
f 1644//1644 1652//1652 1620//1620
f 1645//1645 1611//1611 1653//1653
f 1645//1645 1653//1653 1646//1646
f 1646//1646 1653//1653 1654//1654
f 1646//1646 1654//1654 1647//1647
f 1647//1647 1654//1654 1655//1655
f 1647//1647 1655//1655 1648//1648
f 1648//1648 1655//1655 1656//1656
f 1648//1648 1656//1656 1649//1649
f 1649//1649 1656//1656 1657//1657
f 1649//1649 1657//1657 1650//1650
f 1650//1650 1657//1657 1658//1658
f 1650//1650 1658//1658 1651//1651
f 1651//1651 1658//1658 1659//1659
f 1651//1651 1659//1659 1652//1652
f 1652//1652 1659//1659 1660//1660
f 1652//1652 1660//1660 1620//1620
f 1653//1653 1611//1611 1661//1661
f 1653//1653 1661//1661 1654//1654
f 1654//1654 1661//1661 1662//1662
f 1654//1654 1662//1662 1655//1655
f 1655//1655 1662//1662 1663//1663
f 1655//1655 1663//1663 1656//1656
f 1656//1656 1663//1663 1664//1664
f 1656//1656 1664//1664 1657//1657
f 1657//1657 1664//1664 1665//1665
f 1657//1657 1665//1665 1658//1658
f 1658//1658 1665//1665 1666//1666
f 1658//1658 1666//1666 1659//1659
f 1659//1659 1666//1666 1667//1667
f 1659//1659 1667//1667 1660//1660
f 1660//1660 1667//1667 1668//1668
f 1660//1660 1668//1668 1620//1620
f 1661//1661 1611//1611 1669//1669
f 1661//1661 1669//1669 1662//1662
f 1662//1662 1669//1669 1670//1670
f 1662//1662 1670//1670 1663//1663
f 1663//1663 1670//1670 1671//1671
f 1663//1663 1671//1671 1664//1664
f 1664//1664 1671//1671 1672//1672
f 1664//1664 1672//1672 1665//1665
f 1665//1665 1672//1672 1673//1673
f 1665//1665 1673//1673 1666//1666
f 1666//1666 1673//1673 1674//1674
f 1666//1666 1674//1674 1667//1667
f 1667//1667 1674//1674 1675//1675
f 1667//1667 1675//1675 1668//1668
f 1668//1668 1675//1675 1676//1676
f 1668//1668 1676//1676 1620//1620
f 1669//1669 1611//1611 1677//1677
f 1669//1669 1677//1677 1670//1670
f 1670//1670 1677//1677 1678//1678
f 1670//1670 1678//1678 1671//1671
f 1671//1671 1678//1678 1679//1679
f 1671//1671 1679//1679 1672//1672
f 1672//1672 1679//1679 1680//1680
f 1672//1672 1680//1680 1673//1673
f 1673//1673 1680//1680 1681//1681
f 1673//1673 1681//1681 1674//1674
f 1674//1674 1681//1681 1682//1682
f 1674//1674 1682//1682 1675//1675
f 1675//1675 1682//1682 1683//1683
f 1675//1675 1683//1683 1676//1676
f 1676//1676 1683//1683 1684//1684
f 1676//1676 1684//1684 1620//1620
f 1677//1677 1611//1611 1685//1685
f 1677//1677 1685//1685 1678//1678
f 1678//1678 1685//1685 1686//1686
f 1678//1678 1686//1686 1679//1679
f 1679//1679 1686//1686 1687//1687
f 1679//1679 1687//1687 1680//1680
f 1680//1680 1687//1687 1688//1688
f 1680//1680 1688//1688 1681//1681
f 1681//1681 1688//1688 1689//1689
f 1681//1681 1689//1689 1682//1682
f 1682//1682 1689//1689 1690//1690
f 1682//1682 1690//1690 1683//1683
f 1683//1683 1690//1690 1691//1691
f 1683//1683 1691//1691 1684//1684
f 1684//1684 1691//1691 1692//1692
f 1684//1684 1692//1692 1620//1620
f 1685//1685 1611//1611 1693//1693
f 1685//1685 1693//1693 1686//1686
f 1686//1686 1693//1693 1694//1694
f 1686//1686 1694//1694 1687//1687
f 1687//1687 1694//1694 1695//1695
f 1687//1687 1695//1695 1688//1688
f 1688//1688 1695//1695 1696//1696
f 1688//1688 1696//1696 1689//1689
f 1689//1689 1696//1696 1697//1697
f 1689//1689 1697//1697 1690//1690
f 1690//1690 1697//1697 1698//1698
f 1690//1690 1698//1698 1691//1691
f 1691//1691 1698//1698 1699//1699
f 1691//1691 1699//1699 1692//1692
f 1692//1692 1699//1699 1700//1700
f 1692//1692 1700//1700 1620//1620
f 1693//1693 1611//1611 1701//1701
f 1693//1693 1701//1701 1694//1694
f 1694//1694 1701//1701 1702//1702
f 1694//1694 1702//1702 1695//1695
f 1695//1695 1702//1702 1703//1703
f 1695//1695 1703//1703 1696//1696
f 1696//1696 1703//1703 1704//1704
f 1696//1696 1704//1704 1697//1697
f 1697//1697 1704//1704 1705//1705
f 1697//1697 1705//1705 1698//1698
f 1698//1698 1705//1705 1706//1706
f 1698//1698 1706//1706 1699//1699
f 1699//1699 1706//1706 1707//1707
f 1699//1699 1707//1707 1700//1700
f 1700//1700 1707//1707 1708//1708
f 1700//1700 1708//1708 1620//1620
f 1701//1701 1611//1611 1709//1709
f 1701//1701 1709//1709 1702//1702
f 1702//1702 1709//1709 1710//1710
f 1702//1702 1710//1710 1703//1703
f 1703//1703 1710//1710 1711//1711
f 1703//1703 1711//1711 1704//1704
f 1704//1704 1711//1711 1712//1712
f 1704//1704 1712//1712 1705//1705
f 1705//1705 1712//1712 1713//1713
f 1705//1705 1713//1713 1706//1706
f 1706//1706 1713//1713 1714//1714
f 1706//1706 1714//1714 1707//1707
f 1707//1707 1714//1714 1715//1715
f 1707//1707 1715//1715 1708//1708
f 1708//1708 1715//1715 1716//1716
f 1708//1708 1716//1716 1620//1620
f 1709//1709 1611//1611 1717//1717
f 1709//1709 1717//1717 1710//1710
f 1710//1710 1717//1717 1718//1718
f 1710//1710 1718//1718 1711//1711
f 1711//1711 1718//1718 1719//1719
f 1711//1711 1719//1719 1712//1712
f 1712//1712 1719//1719 1720//1720
f 1712//1712 1720//1720 1713//1713
f 1713//1713 1720//1720 1721//1721
f 1713//1713 1721//1721 1714//1714
f 1714//1714 1721//1721 1722//1722
f 1714//1714 1722//1722 1715//1715
f 1715//1715 1722//1722 1723//1723
f 1715//1715 1723//1723 1716//1716
f 1716//1716 1723//1723 1724//1724
f 1716//1716 1724//1724 1620//1620
f 1717//1717 1611//1611 1725//1725
f 1717//1717 1725//1725 1718//1718
f 1718//1718 1725//1725 1726//1726
f 1718//1718 1726//1726 1719//1719
f 1719//1719 1726//1726 1727//1727
f 1719//1719 1727//1727 1720//1720
f 1720//1720 1727//1727 1728//1728
f 1720//1720 1728//1728 1721//1721
f 1721//1721 1728//1728 1729//1729
f 1721//1721 1729//1729 1722//1722
f 1722//1722 1729//1729 1730//1730
f 1722//1722 1730//1730 1723//1723
f 1723//1723 1730//1730 1731//1731
f 1723//1723 1731//1731 1724//1724
f 1724//1724 1731//1731 1732//1732
f 1724//1724 1732//1732 1620//1620
f 1725//1725 1611//1611 1733//1733
f 1725//1725 1733//1733 1726//1726
f 1726//1726 1733//1733 1734//1734
f 1726//1726 1734//1734 1727//1727
f 1727//1727 1734//1734 1735//1735
f 1727//1727 1735//1735 1728//1728
f 1728//1728 1735//1735 1736//1736
f 1728//1728 1736//1736 1729//1729
f 1729//1729 1736//1736 1737//1737
f 1729//1729 1737//1737 1730//1730
f 1730//1730 1737//1737 1738//1738
f 1730//1730 1738//1738 1731//1731
f 1731//1731 1738//1738 1739//1739
f 1731//1731 1739//1739 1732//1732
f 1732//1732 1739//1739 1740//1740
f 1732//1732 1740//1740 1620//1620
f 1733//1733 1611//1611 1741//1741
f 1733//1733 1741//1741 1734//1734
f 1734//1734 1741//1741 1742//1742
f 1734//1734 1742//1742 1735//1735
f 1735//1735 1742//1742 1743//1743
f 1735//1735 1743//1743 1736//1736
f 1736//1736 1743//1743 1744//1744
f 1736//1736 1744//1744 1737//1737
f 1737//1737 1744//1744 1745//1745
f 1737//1737 1745//1745 1738//1738
f 1738//1738 1745//1745 1746//1746
f 1738//1738 1746//1746 1739//1739
f 1739//1739 1746//1746 1747//1747
f 1739//1739 1747//1747 1740//1740
f 1740//1740 1747//1747 1748//1748
f 1740//1740 1748//1748 1620//1620
f 1741//1741 1611//1611 1749//1749
f 1741//1741 1749//1749 1742//1742
f 1742//1742 1749//1749 1750//1750
f 1742//1742 1750//1750 1743//1743
f 1743//1743 1750//1750 1751//1751
f 1743//1743 1751//1751 1744//1744
f 1744//1744 1751//1751 1752//1752
f 1744//1744 1752//1752 1745//1745
f 1745//1745 1752//1752 1753//1753
f 1745//1745 1753//1753 1746//1746
f 1746//1746 1753//1753 1754//1754
f 1746//1746 1754//1754 1747//1747
f 1747//1747 1754//1754 1755//1755
f 1747//1747 1755//1755 1748//1748
f 1748//1748 1755//1755 1756//1756
f 1748//1748 1756//1756 1620//1620
f 1749//1749 1611//1611 1757//1757
f 1749//1749 1757//1757 1750//1750
f 1750//1750 1757//1757 1758//1758
f 1750//1750 1758//1758 1751//1751
f 1751//1751 1758//1758 1759//1759
f 1751//1751 1759//1759 1752//1752
f 1752//1752 1759//1759 1760//1760
f 1752//1752 1760//1760 1753//1753
f 1753//1753 1760//1760 1761//1761
f 1753//1753 1761//1761 1754//1754
f 1754//1754 1761//1761 1762//1762
f 1754//1754 1762//1762 1755//1755
f 1755//1755 1762//1762 1763//1763
f 1755//1755 1763//1763 1756//1756
f 1756//1756 1763//1763 1764//1764
f 1756//1756 1764//1764 1620//1620
f 1757//1757 1611//1611 1765//1765
f 1757//1757 1765//1765 1758//1758
f 1758//1758 1765//1765 1766//1766
f 1758//1758 1766//1766 1759//1759
f 1759//1759 1766//1766 1767//1767
f 1759//1759 1767//1767 1760//1760
f 1760//1760 1767//1767 1768//1768
f 1760//1760 1768//1768 1761//1761
f 1761//1761 1768//1768 1769//1769
f 1761//1761 1769//1769 1762//1762
f 1762//1762 1769//1769 1770//1770
f 1762//1762 1770//1770 1763//1763
f 1763//1763 1770//1770 1771//1771
f 1763//1763 1771//1771 1764//1764
f 1764//1764 1771//1771 1772//1772
f 1764//1764 1772//1772 1620//1620
f 1765//1765 1611//1611 1773//1773
f 1765//1765 1773//1773 1766//1766
f 1766//1766 1773//1773 1774//1774
f 1766//1766 1774//1774 1767//1767
f 1767//1767 1774//1774 1775//1775
f 1767//1767 1775//1775 1768//1768
f 1768//1768 1775//1775 1776//1776
f 1768//1768 1776//1776 1769//1769
f 1769//1769 1776//1776 1777//1777
f 1769//1769 1777//1777 1770//1770
f 1770//1770 1777//1777 1778//1778
f 1770//1770 1778//1778 1771//1771
f 1771//1771 1778//1778 1779//1779
f 1771//1771 1779//1779 1772//1772
f 1772//1772 1779//1779 1780//1780
f 1772//1772 1780//1780 1620//1620
f 1773//1773 1611//1611 1781//1781
f 1773//1773 1781//1781 1774//1774
f 1774//1774 1781//1781 1782//1782
f 1774//1774 1782//1782 1775//1775
f 1775//1775 1782//1782 1783//1783
f 1775//1775 1783//1783 1776//1776
f 1776//1776 1783//1783 1784//1784
f 1776//1776 1784//1784 1777//1777
f 1777//1777 1784//1784 1785//1785
f 1777//1777 1785//1785 1778//1778
f 1778//1778 1785//1785 1786//1786
f 1778//1778 1786//1786 1779//1779
f 1779//1779 1786//1786 1787//1787
f 1779//1779 1787//1787 1780//1780
f 1780//1780 1787//1787 1788//1788
f 1780//1780 1788//1788 1620//1620
f 1781//1781 1611//1611 1789//1789
f 1781//1781 1789//1789 1782//1782
f 1782//1782 1789//1789 1790//1790
f 1782//1782 1790//1790 1783//1783
f 1783//1783 1790//1790 1791//1791
f 1783//1783 1791//1791 1784//1784
f 1784//1784 1791//1791 1792//1792
f 1784//1784 1792//1792 1785//1785
f 1785//1785 1792//1792 1793//1793
f 1785//1785 1793//1793 1786//1786
f 1786//1786 1793//1793 1794//1794
f 1786//1786 1794//1794 1787//1787
f 1787//1787 1794//1794 1795//1795
f 1787//1787 1795//1795 1788//1788
f 1788//1788 1795//1795 1796//1796
f 1788//1788 1796//1796 1620//1620
f 1789//1789 1611//1611 1797//1797
f 1789//1789 1797//1797 1790//1790
f 1790//1790 1797//1797 1798//1798
f 1790//1790 1798//1798 1791//1791
f 1791//1791 1798//1798 1799//1799
f 1791//1791 1799//1799 1792//1792
f 1792//1792 1799//1799 1800//1800
f 1792//1792 1800//1800 1793//1793
f 1793//1793 1800//1800 1801//1801
f 1793//1793 1801//1801 1794//1794
f 1794//1794 1801//1801 1802//1802
f 1794//1794 1802//1802 1795//1795
f 1795//1795 1802//1802 1803//1803
f 1795//1795 1803//1803 1796//1796
f 1796//1796 1803//1803 1804//1804
f 1796//1796 1804//1804 1620//1620
f 1797//1797 1611//1611 1805//1805
f 1797//1797 1805//1805 1798//1798
f 1798//1798 1805//1805 1806//1806
f 1798//1798 1806//1806 1799//1799
f 1799//1799 1806//1806 1807//1807
f 1799//1799 1807//1807 1800//1800
f 1800//1800 1807//1807 1808//1808
f 1800//1800 1808//1808 1801//1801
f 1801//1801 1808//1808 1809//1809
f 1801//1801 1809//1809 1802//1802
f 1802//1802 1809//1809 1810//1810
f 1802//1802 1810//1810 1803//1803
f 1803//1803 1810//1810 1811//1811
f 1803//1803 1811//1811 1804//1804
f 1804//1804 1811//1811 1812//1812
f 1804//1804 1812//1812 1620//1620
f 1805//1805 1611//1611 1813//1813
f 1805//1805 1813//1813 1806//1806
f 1806//1806 1813//1813 1814//1814
f 1806//1806 1814//1814 1807//1807
f 1807//1807 1814//1814 1815//1815
f 1807//1807 1815//1815 1808//1808
f 1808//1808 1815//1815 1816//1816
f 1808//1808 1816//1816 1809//1809
f 1809//1809 1816//1816 1817//1817
f 1809//1809 1817//1817 1810//1810
f 1810//1810 1817//1817 1818//1818
f 1810//1810 1818//1818 1811//1811
f 1811//1811 1818//1818 1819//1819
f 1811//1811 1819//1819 1812//1812
f 1812//1812 1819//1819 1820//1820
f 1812//1812 1820//1820 1620//1620
f 1813//1813 1611//1611 1821//1821
f 1813//1813 1821//1821 1814//1814
f 1814//1814 1821//1821 1822//1822
f 1814//1814 1822//1822 1815//1815
f 1815//1815 1822//1822 1823//1823
f 1815//1815 1823//1823 1816//1816
f 1816//1816 1823//1823 1824//1824
f 1816//1816 1824//1824 1817//1817
f 1817//1817 1824//1824 1825//1825
f 1817//1817 1825//1825 1818//1818
f 1818//1818 1825//1825 1826//1826
f 1818//1818 1826//1826 1819//1819
f 1819//1819 1826//1826 1827//1827
f 1819//1819 1827//1827 1820//1820
f 1820//1820 1827//1827 1828//1828
f 1820//1820 1828//1828 1620//1620
f 1821//1821 1611//1611 1829//1829
f 1821//1821 1829//1829 1822//1822
f 1822//1822 1829//1829 1830//1830
f 1822//1822 1830//1830 1823//1823
f 1823//1823 1830//1830 1831//1831
f 1823//1823 1831//1831 1824//1824
f 1824//1824 1831//1831 1832//1832
f 1824//1824 1832//1832 1825//1825
f 1825//1825 1832//1832 1833//1833
f 1825//1825 1833//1833 1826//1826
f 1826//1826 1833//1833 1834//1834
f 1826//1826 1834//1834 1827//1827
f 1827//1827 1834//1834 1835//1835
f 1827//1827 1835//1835 1828//1828
f 1828//1828 1835//1835 1836//1836
f 1828//1828 1836//1836 1620//1620
f 1829//1829 1611//1611 1837//1837
f 1829//1829 1837//1837 1830//1830
f 1830//1830 1837//1837 1838//1838
f 1830//1830 1838//1838 1831//1831
f 1831//1831 1838//1838 1839//1839
f 1831//1831 1839//1839 1832//1832
f 1832//1832 1839//1839 1840//1840
f 1832//1832 1840//1840 1833//1833
f 1833//1833 1840//1840 1841//1841
f 1833//1833 1841//1841 1834//1834
f 1834//1834 1841//1841 1842//1842
f 1834//1834 1842//1842 1835//1835
f 1835//1835 1842//1842 1843//1843
f 1835//1835 1843//1843 1836//1836
f 1836//1836 1843//1843 1844//1844
f 1836//1836 1844//1844 1620//1620
f 1837//1837 1611//1611 1845//1845
f 1837//1837 1845//1845 1838//1838
f 1838//1838 1845//1845 1846//1846
f 1838//1838 1846//1846 1839//1839
f 1839//1839 1846//1846 1847//1847
f 1839//1839 1847//1847 1840//1840
f 1840//1840 1847//1847 1848//1848
f 1840//1840 1848//1848 1841//1841
f 1841//1841 1848//1848 1849//1849
f 1841//1841 1849//1849 1842//1842
f 1842//1842 1849//1849 1850//1850
f 1842//1842 1850//1850 1843//1843
f 1843//1843 1850//1850 1851//1851
f 1843//1843 1851//1851 1844//1844
f 1844//1844 1851//1851 1852//1852
f 1844//1844 1852//1852 1620//1620
f 1845//1845 1611//1611 1853//1853
f 1845//1845 1853//1853 1846//1846
f 1846//1846 1853//1853 1854//1854
f 1846//1846 1854//1854 1847//1847
f 1847//1847 1854//1854 1855//1855
f 1847//1847 1855//1855 1848//1848
f 1848//1848 1855//1855 1856//1856
f 1848//1848 1856//1856 1849//1849
f 1849//1849 1856//1856 1857//1857
f 1849//1849 1857//1857 1850//1850
f 1850//1850 1857//1857 1858//1858
f 1850//1850 1858//1858 1851//1851
f 1851//1851 1858//1858 1859//1859
f 1851//1851 1859//1859 1852//1852
f 1852//1852 1859//1859 1860//1860
f 1852//1852 1860//1860 1620//1620
f 1853//1853 1611//1611 1861//1861
f 1853//1853 1861//1861 1854//1854
f 1854//1854 1861//1861 1862//1862
f 1854//1854 1862//1862 1855//1855
f 1855//1855 1862//1862 1863//1863
f 1855//1855 1863//1863 1856//1856
f 1856//1856 1863//1863 1864//1864
f 1856//1856 1864//1864 1857//1857
f 1857//1857 1864//1864 1865//1865
f 1857//1857 1865//1865 1858//1858
f 1858//1858 1865//1865 1866//1866
f 1858//1858 1866//1866 1859//1859
f 1859//1859 1866//1866 1867//1867
f 1859//1859 1867//1867 1860//1860
f 1860//1860 1867//1867 1868//1868
f 1860//1860 1868//1868 1620//1620
f 1861//1861 1611//1611 1869//1869
f 1861//1861 1869//1869 1862//1862
f 1862//1862 1869//1869 1870//1870
f 1862//1862 1870//1870 1863//1863
f 1863//1863 1870//1870 1871//1871
f 1863//1863 1871//1871 1864//1864
f 1864//1864 1871//1871 1872//1872
f 1864//1864 1872//1872 1865//1865
f 1865//1865 1872//1872 1873//1873
f 1865//1865 1873//1873 1866//1866
f 1866//1866 1873//1873 1874//1874
f 1866//1866 1874//1874 1867//1867
f 1867//1867 1874//1874 1875//1875
f 1867//1867 1875//1875 1868//1868
f 1868//1868 1875//1875 1876//1876
f 1868//1868 1876//1876 1620//1620
f 1869//1869 1611//1611 1877//1877
f 1869//1869 1877//1877 1870//1870
f 1870//1870 1877//1877 1878//1878
f 1870//1870 1878//1878 1871//1871
f 1871//1871 1878//1878 1879//1879
f 1871//1871 1879//1879 1872//1872
f 1872//1872 1879//1879 1880//1880
f 1872//1872 1880//1880 1873//1873
f 1873//1873 1880//1880 1881//1881
f 1873//1873 1881//1881 1874//1874
f 1874//1874 1881//1881 1882//1882
f 1874//1874 1882//1882 1875//1875
f 1875//1875 1882//1882 1883//1883
f 1875//1875 1883//1883 1876//1876
f 1876//1876 1883//1883 1884//1884
f 1876//1876 1884//1884 1620//1620
f 1877//1877 1611//1611 1885//1885
f 1877//1877 1885//1885 1878//1878
f 1878//1878 1885//1885 1886//1886
f 1878//1878 1886//1886 1879//1879
f 1879//1879 1886//1886 1887//1887
f 1879//1879 1887//1887 1880//1880
f 1880//1880 1887//1887 1888//1888
f 1880//1880 1888//1888 1881//1881
f 1881//1881 1888//1888 1889//1889
f 1881//1881 1889//1889 1882//1882
f 1882//1882 1889//1889 1890//1890
f 1882//1882 1890//1890 1883//1883
f 1883//1883 1890//1890 1891//1891
f 1883//1883 1891//1891 1884//1884
f 1884//1884 1891//1891 1892//1892
f 1884//1884 1892//1892 1620//1620
f 1885//1885 1611//1611 1893//1893
f 1885//1885 1893//1893 1886//1886
f 1886//1886 1893//1893 1894//1894
f 1886//1886 1894//1894 1887//1887
f 1887//1887 1894//1894 1895//1895
f 1887//1887 1895//1895 1888//1888
f 1888//1888 1895//1895 1896//1896
f 1888//1888 1896//1896 1889//1889
f 1889//1889 1896//1896 1897//1897
f 1889//1889 1897//1897 1890//1890
f 1890//1890 1897//1897 1898//1898
f 1890//1890 1898//1898 1891//1891
f 1891//1891 1898//1898 1899//1899
f 1891//1891 1899//1899 1892//1892
f 1892//1892 1899//1899 1900//1900
f 1892//1892 1900//1900 1620//1620
f 1893//1893 1611//1611 1901//1901
f 1893//1893 1901//1901 1894//1894
f 1894//1894 1901//1901 1902//1902
f 1894//1894 1902//1902 1895//1895
f 1895//1895 1902//1902 1903//1903
f 1895//1895 1903//1903 1896//1896
f 1896//1896 1903//1903 1904//1904
f 1896//1896 1904//1904 1897//1897
f 1897//1897 1904//1904 1905//1905
f 1897//1897 1905//1905 1898//1898
f 1898//1898 1905//1905 1906//1906
f 1898//1898 1906//1906 1899//1899
f 1899//1899 1906//1906 1907//1907
f 1899//1899 1907//1907 1900//1900
f 1900//1900 1907//1907 1908//1908
f 1900//1900 1908//1908 1620//1620
f 1901//1901 1611//1611 1909//1909
f 1901//1901 1909//1909 1902//1902
f 1902//1902 1909//1909 1910//1910
f 1902//1902 1910//1910 1903//1903
f 1903//1903 1910//1910 1911//1911
f 1903//1903 1911//1911 1904//1904
f 1904//1904 1911//1911 1912//1912
f 1904//1904 1912//1912 1905//1905
f 1905//1905 1912//1912 1913//1913
f 1905//1905 1913//1913 1906//1906
f 1906//1906 1913//1913 1914//1914
f 1906//1906 1914//1914 1907//1907
f 1907//1907 1914//1914 1915//1915
f 1907//1907 1915//1915 1908//1908
f 1908//1908 1915//1915 1916//1916
f 1908//1908 1916//1916 1620//1620
f 1909//1909 1611//1611 1917//1917
f 1909//1909 1917//1917 1910//1910
f 1910//1910 1917//1917 1918//1918
f 1910//1910 1918//1918 1911//1911
f 1911//1911 1918//1918 1919//1919
f 1911//1911 1919//1919 1912//1912
f 1912//1912 1919//1919 1920//1920
f 1912//1912 1920//1920 1913//1913
f 1913//1913 1920//1920 1921//1921
f 1913//1913 1921//1921 1914//1914
f 1914//1914 1921//1921 1922//1922
f 1914//1914 1922//1922 1915//1915
f 1915//1915 1922//1922 1923//1923
f 1915//1915 1923//1923 1916//1916
f 1916//1916 1923//1923 1924//1924
f 1916//1916 1924//1924 1620//1620
f 1917//1917 1611//1611 1925//1925
f 1917//1917 1925//1925 1918//1918
f 1918//1918 1925//1925 1926//1926
f 1918//1918 1926//1926 1919//1919
f 1919//1919 1926//1926 1927//1927
f 1919//1919 1927//1927 1920//1920
f 1920//1920 1927//1927 1928//1928
f 1920//1920 1928//1928 1921//1921
f 1921//1921 1928//1928 1929//1929
f 1921//1921 1929//1929 1922//1922
f 1922//1922 1929//1929 1930//1930
f 1922//1922 1930//1930 1923//1923
f 1923//1923 1930//1930 1931//1931
f 1923//1923 1931//1931 1924//1924
f 1924//1924 1931//1931 1932//1932
f 1924//1924 1932//1932 1620//1620
f 1925//1925 1611//1611 1612//1612
f 1925//1925 1612//1612 1926//1926
f 1926//1926 1612//1612 1613//1613
f 1926//1926 1613//1613 1927//1927
f 1927//1927 1613//1613 1614//1614
f 1927//1927 1614//1614 1928//1928
f 1928//1928 1614//1614 1615//1615
f 1928//1928 1615//1615 1929//1929
f 1929//1929 1615//1615 1616//1616
f 1929//1929 1616//1616 1930//1930
f 1930//1930 1616//1616 1617//1617
f 1930//1930 1617//1617 1931//1931
f 1931//1931 1617//1617 1618//1618
f 1931//1931 1618//1618 1932//1932
f 1932//1932 1618//1618 1619//1619
f 1932//1932 1619//1619 1620//1620

