mtllib robot.mtl
usemtl lens
# https://github.com/mikedh/trimesh
v 0.20900000 0.00000000 0.26000000
v 0.21076588 0.00000000 0.25995611
v 0.21076210 0.00011549 0.25995611
v 0.21075078 0.00023049 0.25995611
v 0.21073195 0.00034451 0.25995611
v 0.21070571 0.00045704 0.25995611
v 0.21067217 0.00056762 0.25995611
v 0.21063146 0.00067577 0.25995611
v 0.21058377 0.00078103 0.25995611
v 0.21052930 0.00088294 0.25995611
v 0.21046828 0.00098107 0.25995611
v 0.21040097 0.00107500 0.25995611
v 0.21032766 0.00116433 0.25995611
v 0.21024867 0.00124867 0.25995611
v 0.21016433 0.00132766 0.25995611
v 0.21007500 0.00140097 0.25995611
v 0.20998107 0.00146828 0.25995611
v 0.20988294 0.00152930 0.25995611
v 0.20978103 0.00158377 0.25995611
v 0.20967577 0.00163146 0.25995611
v 0.20956762 0.00167217 0.25995611
v 0.20945704 0.00170571 0.25995611
v 0.20934451 0.00173195 0.25995611
v 0.20923049 0.00175078 0.25995611
v 0.20911549 0.00176210 0.25995611
v 0.20900000 0.00176588 0.25995611
v 0.20888451 0.00176210 0.25995611
v 0.20876951 0.00175078 0.25995611
v 0.20865549 0.00173195 0.25995611
v 0.20854296 0.00170571 0.25995611
v 0.20843238 0.00167217 0.25995611
v 0.20832423 0.00163146 0.25995611
v 0.20821897 0.00158377 0.25995611
v 0.20811706 0.00152930 0.25995611
v 0.20801893 0.00146828 0.25995611
v 0.20792500 0.00140097 0.25995611
v 0.20783567 0.00132766 0.25995611
v 0.20775133 0.00124867 0.25995611
v 0.20767234 0.00116433 0.25995611
v 0.20759903 0.00107500 0.25995611
v 0.20753172 0.00098107 0.25995611
v 0.20747070 0.00088294 0.25995611
v 0.20741623 0.00078103 0.25995611
v 0.20736854 0.00067577 0.25995611
v 0.20732783 0.00056762 0.25995611
v 0.20729429 0.00045704 0.25995611
v 0.20726805 0.00034451 0.25995611
v 0.20724922 0.00023049 0.25995611
v 0.20723790 0.00011549 0.25995611
v 0.20723412 0.00000000 0.25995611
v 0.20723790 -0.00011549 0.25995611
v 0.20724922 -0.00023049 0.25995611
v 0.20726805 -0.00034451 0.25995611
v 0.20729429 -0.00045704 0.25995611
v 0.20732783 -0.00056762 0.25995611
v 0.20736854 -0.00067577 0.25995611
v 0.20741623 -0.00078103 0.25995611
v 0.20747070 -0.00088294 0.25995611
v 0.20753172 -0.00098107 0.25995611
v 0.20759903 -0.00107500 0.25995611
v 0.20767234 -0.00116433 0.25995611
v 0.20775133 -0.00124867 0.25995611
v 0.20783567 -0.00132766 0.25995611
v 0.20792500 -0.00140097 0.25995611
v 0.20801893 -0.00146828 0.25995611
v 0.20811706 -0.00152930 0.25995611
v 0.20821897 -0.00158377 0.25995611
v 0.20832423 -0.00163146 0.25995611
v 0.20843238 -0.00167217 0.25995611
v 0.20854296 -0.00170571 0.25995611
v 0.20865549 -0.00173195 0.25995611
v 0.20876951 -0.00175078 0.25995611
v 0.20888451 -0.00176210 0.25995611
v 0.20900000 -0.00176588 0.25995611
v 0.20911549 -0.00176210 0.25995611
v 0.20923049 -0.00175078 0.25995611
v 0.20934451 -0.00173195 0.25995611
v 0.20945704 -0.00170571 0.25995611
v 0.20956762 -0.00167217 0.25995611
v 0.20967577 -0.00163146 0.25995611
v 0.20978103 -0.00158377 0.25995611
v 0.20988294 -0.00152930 0.25995611
v 0.20998107 -0.00146828 0.25995611
v 0.21007500 -0.00140097 0.25995611
v 0.21016433 -0.00132766 0.25995611
v 0.21024867 -0.00124867 0.25995611
v 0.21032766 -0.00116433 0.25995611
v 0.21040097 -0.00107500 0.25995611
v 0.21046828 -0.00098107 0.25995611
v 0.21052930 -0.00088294 0.25995611
v 0.21058377 -0.00078103 0.25995611
v 0.21063146 -0.00067577 0.25995611
v 0.21067217 -0.00056762 0.25995611
v 0.21070571 -0.00045704 0.25995611
v 0.21073195 -0.00034451 0.25995611
v 0.21075078 -0.00023049 0.25995611
v 0.21076210 -0.00011549 0.25995611
v 0.21252421 0.00000000 0.25982462
v 0.21251666 0.00023049 0.25982462
v 0.21249406 0.00046000 0.25982462
v 0.21245649 0.00068754 0.25982462
v 0.21240412 0.00091213 0.25982462
v 0.21233718 0.00113282 0.25982462
v 0.21225594 0.00134866 0.25982462
v 0.21216077 0.00155872 0.25982462
v 0.21205205 0.00176210 0.25982462
v 0.21193027 0.00195794 0.25982462
v 0.21179594 0.00214540 0.25982462
v 0.21164964 0.00232367 0.25982462
v 0.21149199 0.00249199 0.25982462
v 0.21132367 0.00264964 0.25982462
v 0.21114540 0.00279594 0.25982462
v 0.21095794 0.00293027 0.25982462
v 0.21076210 0.00305205 0.25982462
v 0.21055872 0.00316077 0.25982462
v 0.21034866 0.00325594 0.25982462
v 0.21013282 0.00333718 0.25982462
v 0.20991213 0.00340412 0.25982462
v 0.20968754 0.00345649 0.25982462
v 0.20946000 0.00349406 0.25982462
v 0.20923049 0.00351666 0.25982462
v 0.20900000 0.00352421 0.25982462
v 0.20876951 0.00351666 0.25982462
v 0.20854000 0.00349406 0.25982462
v 0.20831246 0.00345649 0.25982462
v 0.20808787 0.00340412 0.25982462
v 0.20786718 0.00333718 0.25982462
v 0.20765134 0.00325594 0.25982462
v 0.20744128 0.00316077 0.25982462
v 0.20723790 0.00305205 0.25982462
v 0.20704206 0.00293027 0.25982462
v 0.20685460 0.00279594 0.25982462
v 0.20667633 0.00264964 0.25982462
v 0.20650801 0.00249199 0.25982462
v 0.20635036 0.00232367 0.25982462
v 0.20620406 0.00214540 0.25982462
v 0.20606973 0.00195794 0.25982462
v 0.20594795 0.00176210 0.25982462
v 0.20583923 0.00155872 0.25982462
v 0.20574406 0.00134866 0.25982462
v 0.20566282 0.00113282 0.25982462
v 0.20559588 0.00091213 0.25982462
v 0.20554351 0.00068754 0.25982462
v 0.20550594 0.00046000 0.25982462
v 0.20548334 0.00023049 0.25982462
v 0.20547579 0.00000000 0.25982462
v 0.20548334 -0.00023049 0.25982462
v 0.20550594 -0.00046000 0.25982462
v 0.20554351 -0.00068754 0.25982462
v 0.20559588 -0.00091213 0.25982462
v 0.20566282 -0.00113282 0.25982462
v 0.20574406 -0.00134866 0.25982462
v 0.20583923 -0.00155872 0.25982462
v 0.20594795 -0.00176210 0.25982462
v 0.20606973 -0.00195794 0.25982462
v 0.20620406 -0.00214540 0.25982462
v 0.20635036 -0.00232367 0.25982462
v 0.20650801 -0.00249199 0.25982462
v 0.20667633 -0.00264964 0.25982462
v 0.20685460 -0.00279594 0.25982462
v 0.20704206 -0.00293027 0.25982462
v 0.20723790 -0.00305205 0.25982462
v 0.20744128 -0.00316077 0.25982462
v 0.20765134 -0.00325594 0.25982462
v 0.20786718 -0.00333718 0.25982462
v 0.20808787 -0.00340412 0.25982462
v 0.20831246 -0.00345649 0.25982462
v 0.20854000 -0.00349406 0.25982462
v 0.20876951 -0.00351666 0.25982462
v 0.20900000 -0.00352421 0.25982462
v 0.20923049 -0.00351666 0.25982462
v 0.20946000 -0.00349406 0.25982462
v 0.20968754 -0.00345649 0.25982462
v 0.20991213 -0.00340412 0.25982462
v 0.21013282 -0.00333718 0.25982462
v 0.21034866 -0.00325594 0.25982462
v 0.21055872 -0.00316077 0.25982462
v 0.21076210 -0.00305205 0.25982462
v 0.21095794 -0.00293027 0.25982462
v 0.21114540 -0.00279594 0.25982462
v 0.21132367 -0.00264964 0.25982462
v 0.21149199 -0.00249199 0.25982462
v 0.21164964 -0.00232367 0.25982462
v 0.21179594 -0.00214540 0.25982462
v 0.21193027 -0.00195794 0.25982462
v 0.21205205 -0.00176210 0.25982462
v 0.21216077 -0.00155872 0.25982462
v 0.21225594 -0.00134866 0.25982462
v 0.21233718 -0.00113282 0.25982462
v 0.21240412 -0.00091213 0.25982462
v 0.21245649 -0.00068754 0.25982462
v 0.21249406 -0.00046000 0.25982462
v 0.21251666 -0.00023049 0.25982462
v 0.21426744 0.00000000 0.25960610
v 0.21425616 0.00034451 0.25960610
v 0.21422238 0.00068754 0.25960610
v 0.21416623 0.00102763 0.25960610
v 0.21408796 0.00136331 0.25960610
v 0.21398790 0.00169316 0.25960610
v 0.21386648 0.00201576 0.25960610
v 0.21372422 0.00232973 0.25960610
v 0.21356174 0.00263372 0.25960610
v 0.21337972 0.00292643 0.25960610
v 0.21317894 0.00320661 0.25960610
v 0.21296027 0.00347306 0.25960610
v 0.21272464 0.00372464 0.25960610
v 0.21247306 0.00396027 0.25960610
v 0.21220661 0.00417894 0.25960610
v 0.21192643 0.00437972 0.25960610
v 0.21163372 0.00456174 0.25960610
v 0.21132973 0.00472422 0.25960610
v 0.21101576 0.00486648 0.25960610
v 0.21069316 0.00498790 0.25960610
v 0.21036331 0.00508796 0.25960610
v 0.21002763 0.00516623 0.25960610
v 0.20968754 0.00522238 0.25960610
v 0.20934451 0.00525616 0.25960610
v 0.20900000 0.00526744 0.25960610
v 0.20865549 0.00525616 0.25960610
v 0.20831246 0.00522238 0.25960610
v 0.20797237 0.00516623 0.25960610
v 0.20763669 0.00508796 0.25960610
v 0.20730684 0.00498790 0.25960610
v 0.20698424 0.00486648 0.25960610
v 0.20667027 0.00472422 0.25960610
v 0.20636628 0.00456174 0.25960610
v 0.20607357 0.00437972 0.25960610
v 0.20579339 0.00417894 0.25960610
v 0.20552694 0.00396027 0.25960610
v 0.20527536 0.00372464 0.25960610
v 0.20503973 0.00347306 0.25960610
v 0.20482106 0.00320661 0.25960610
v 0.20462028 0.00292643 0.25960610
v 0.20443826 0.00263372 0.25960610
v 0.20427578 0.00232973 0.25960610
v 0.20413352 0.00201576 0.25960610
v 0.20401210 0.00169316 0.25960610
v 0.20391204 0.00136331 0.25960610
v 0.20383377 0.00102763 0.25960610
v 0.20377762 0.00068754 0.25960610
v 0.20374384 0.00034451 0.25960610
v 0.20373256 0.00000000 0.25960610
v 0.20374384 -0.00034451 0.25960610
v 0.20377762 -0.00068754 0.25960610
v 0.20383377 -0.00102763 0.25960610
v 0.20391204 -0.00136331 0.25960610
v 0.20401210 -0.00169316 0.25960610
v 0.20413352 -0.00201576 0.25960610
v 0.20427578 -0.00232973 0.25960610
v 0.20443826 -0.00263372 0.25960610
v 0.20462028 -0.00292643 0.25960610
v 0.20482106 -0.00320661 0.25960610
v 0.20503973 -0.00347306 0.25960610
v 0.20527536 -0.00372464 0.25960610
v 0.20552694 -0.00396027 0.25960610
v 0.20579339 -0.00417894 0.25960610
v 0.20607357 -0.00437972 0.25960610
v 0.20636628 -0.00456174 0.25960610
v 0.20667027 -0.00472422 0.25960610
v 0.20698424 -0.00486648 0.25960610
v 0.20730684 -0.00498790 0.25960610
v 0.20763669 -0.00508796 0.25960610
v 0.20797237 -0.00516623 0.25960610
v 0.20831246 -0.00522238 0.25960610
v 0.20865549 -0.00525616 0.25960610
v 0.20900000 -0.00526744 0.25960610
v 0.20934451 -0.00525616 0.25960610
v 0.20968754 -0.00522238 0.25960610
v 0.21002763 -0.00516623 0.25960610
v 0.21036331 -0.00508796 0.25960610
v 0.21069316 -0.00498790 0.25960610
v 0.21101576 -0.00486648 0.25960610
v 0.21132973 -0.00472422 0.25960610
v 0.21163372 -0.00456174 0.25960610
v 0.21192643 -0.00437972 0.25960610
v 0.21220661 -0.00417894 0.25960610
v 0.21247306 -0.00396027 0.25960610
v 0.21272464 -0.00372464 0.25960610
v 0.21296027 -0.00347306 0.25960610
v 0.21317894 -0.00320661 0.25960610
v 0.21337972 -0.00292643 0.25960610
v 0.21356174 -0.00263372 0.25960610
v 0.21372422 -0.00232973 0.25960610
v 0.21386648 -0.00201576 0.25960610
v 0.21398790 -0.00169316 0.25960610
v 0.21408796 -0.00136331 0.25960610
v 0.21416623 -0.00102763 0.25960610
v 0.21422238 -0.00068754 0.25960610
v 0.21425616 -0.00034451 0.25960610
v 0.21598811 0.00000000 0.25930148
v 0.21597315 0.00045704 0.25930148
v 0.21592833 0.00091213 0.25930148
v 0.21585384 0.00136331 0.25930148
v 0.21575000 0.00180866 0.25930148
v 0.21561726 0.00224626 0.25930148
v 0.21545618 0.00267424 0.25930148
v 0.21526745 0.00309076 0.25930148
v 0.21505188 0.00349406 0.25930148
v 0.21481040 0.00388239 0.25930148
v 0.21454404 0.00425409 0.25930148
v 0.21425394 0.00460758 0.25930148
v 0.21394134 0.00494134 0.25930148
v 0.21360758 0.00525394 0.25930148
v 0.21325409 0.00554404 0.25930148
v 0.21288239 0.00581040 0.25930148
v 0.21249406 0.00605188 0.25930148
v 0.21209076 0.00626745 0.25930148
v 0.21167424 0.00645618 0.25930148
v 0.21124626 0.00661726 0.25930148
v 0.21080866 0.00675000 0.25930148
v 0.21036331 0.00685384 0.25930148
v 0.20991213 0.00692833 0.25930148
v 0.20945704 0.00697315 0.25930148
v 0.20900000 0.00698811 0.25930148
v 0.20854296 0.00697315 0.25930148
v 0.20808787 0.00692833 0.25930148
v 0.20763669 0.00685384 0.25930148
v 0.20719134 0.00675000 0.25930148
v 0.20675374 0.00661726 0.25930148
v 0.20632576 0.00645618 0.25930148
v 0.20590924 0.00626745 0.25930148
v 0.20550594 0.00605188 0.25930148
v 0.20511761 0.00581040 0.25930148
v 0.20474591 0.00554404 0.25930148
v 0.20439242 0.00525394 0.25930148
v 0.20405866 0.00494134 0.25930148
v 0.20374606 0.00460758 0.25930148
v 0.20345596 0.00425409 0.25930148
v 0.20318960 0.00388239 0.25930148
v 0.20294812 0.00349406 0.25930148
v 0.20273255 0.00309076 0.25930148
v 0.20254382 0.00267424 0.25930148
v 0.20238274 0.00224626 0.25930148
v 0.20225000 0.00180866 0.25930148
v 0.20214616 0.00136331 0.25930148
v 0.20207167 0.00091213 0.25930148
v 0.20202685 0.00045704 0.25930148
v 0.20201189 0.00000000 0.25930148
v 0.20202685 -0.00045704 0.25930148
v 0.20207167 -0.00091213 0.25930148
v 0.20214616 -0.00136331 0.25930148
v 0.20225000 -0.00180866 0.25930148
v 0.20238274 -0.00224626 0.25930148
v 0.20254382 -0.00267424 0.25930148
v 0.20273255 -0.00309076 0.25930148
v 0.20294812 -0.00349406 0.25930148
v 0.20318960 -0.00388239 0.25930148
v 0.20345596 -0.00425409 0.25930148
v 0.20374606 -0.00460758 0.25930148
v 0.20405866 -0.00494134 0.25930148
v 0.20439242 -0.00525394 0.25930148
v 0.20474591 -0.00554404 0.25930148
v 0.20511761 -0.00581040 0.25930148
v 0.20550594 -0.00605188 0.25930148
v 0.20590924 -0.00626745 0.25930148
v 0.20632576 -0.00645618 0.25930148
v 0.20675374 -0.00661726 0.25930148
v 0.20719134 -0.00675000 0.25930148
v 0.20763669 -0.00685384 0.25930148
v 0.20808787 -0.00692833 0.25930148
v 0.20854296 -0.00697315 0.25930148
v 0.20900000 -0.00698811 0.25930148
v 0.20945704 -0.00697315 0.25930148
v 0.20991213 -0.00692833 0.25930148
v 0.21036331 -0.00685384 0.25930148
v 0.21080866 -0.00675000 0.25930148
v 0.21124626 -0.00661726 0.25930148
v 0.21167424 -0.00645618 0.25930148
v 0.21209076 -0.00626745 0.25930148
v 0.21249406 -0.00605188 0.25930148
v 0.21288239 -0.00581040 0.25930148
v 0.21325409 -0.00554404 0.25930148
v 0.21360758 -0.00525394 0.25930148
v 0.21394134 -0.00494134 0.25930148
v 0.21425394 -0.00460758 0.25930148
v 0.21454404 -0.00425409 0.25930148
v 0.21481040 -0.00388239 0.25930148
v 0.21505188 -0.00349406 0.25930148
v 0.21526745 -0.00309076 0.25930148
v 0.21545618 -0.00267424 0.25930148
v 0.21561726 -0.00224626 0.25930148
v 0.21575000 -0.00180866 0.25930148
v 0.21585384 -0.00136331 0.25930148
v 0.21592833 -0.00091213 0.25930148
v 0.21597315 -0.00045704 0.25930148
v 0.21767887 0.00000000 0.25891207
v 0.21766028 0.00056762 0.25891207
v 0.21760462 0.00113282 0.25891207
v 0.21751210 0.00169316 0.25891207
v 0.21738314 0.00224626 0.25891207
v 0.21721828 0.00278973 0.25891207
v 0.21701823 0.00332126 0.25891207
v 0.21678384 0.00383856 0.25891207
v 0.21651612 0.00433943 0.25891207
v 0.21621621 0.00482172 0.25891207
v 0.21588541 0.00528336 0.25891207
v 0.21552512 0.00572237 0.25891207
v 0.21513688 0.00613688 0.25891207
v 0.21472237 0.00652512 0.25891207
v 0.21428336 0.00688541 0.25891207
v 0.21382172 0.00721621 0.25891207
v 0.21333943 0.00751612 0.25891207
v 0.21283856 0.00778384 0.25891207
v 0.21232126 0.00801823 0.25891207
v 0.21178973 0.00821828 0.25891207
v 0.21124626 0.00838314 0.25891207
v 0.21069316 0.00851210 0.25891207
v 0.21013282 0.00860462 0.25891207
v 0.20956762 0.00866028 0.25891207
v 0.20900000 0.00867887 0.25891207
v 0.20843238 0.00866028 0.25891207
v 0.20786718 0.00860462 0.25891207
v 0.20730684 0.00851210 0.25891207
v 0.20675374 0.00838314 0.25891207
v 0.20621027 0.00821828 0.25891207
v 0.20567874 0.00801823 0.25891207
v 0.20516144 0.00778384 0.25891207
v 0.20466057 0.00751612 0.25891207
v 0.20417828 0.00721621 0.25891207
v 0.20371664 0.00688541 0.25891207
v 0.20327763 0.00652512 0.25891207
v 0.20286312 0.00613688 0.25891207
v 0.20247488 0.00572237 0.25891207
v 0.20211459 0.00528336 0.25891207
v 0.20178379 0.00482172 0.25891207
v 0.20148388 0.00433943 0.25891207
v 0.20121616 0.00383856 0.25891207
v 0.20098177 0.00332126 0.25891207
v 0.20078172 0.00278973 0.25891207
v 0.20061686 0.00224626 0.25891207
v 0.20048790 0.00169316 0.25891207
v 0.20039538 0.00113282 0.25891207
v 0.20033972 0.00056762 0.25891207
v 0.20032113 0.00000000 0.25891207
v 0.20033972 -0.00056762 0.25891207
v 0.20039538 -0.00113282 0.25891207
v 0.20048790 -0.00169316 0.25891207
v 0.20061686 -0.00224626 0.25891207
v 0.20078172 -0.00278973 0.25891207
v 0.20098177 -0.00332126 0.25891207
v 0.20121616 -0.00383856 0.25891207
v 0.20148388 -0.00433943 0.25891207
v 0.20178379 -0.00482172 0.25891207
v 0.20211459 -0.00528336 0.25891207
v 0.20247488 -0.00572237 0.25891207
v 0.20286312 -0.00613688 0.25891207
v 0.20327763 -0.00652512 0.25891207
v 0.20371664 -0.00688541 0.25891207
v 0.20417828 -0.00721621 0.25891207
v 0.20466057 -0.00751612 0.25891207
v 0.20516144 -0.00778384 0.25891207
v 0.20567874 -0.00801823 0.25891207
v 0.20621027 -0.00821828 0.25891207
v 0.20675374 -0.00838314 0.25891207
v 0.20730684 -0.00851210 0.25891207
v 0.20786718 -0.00860462 0.25891207
v 0.20843238 -0.00866028 0.25891207
v 0.20900000 -0.00867887 0.25891207
v 0.20956762 -0.00866028 0.25891207
v 0.21013282 -0.00860462 0.25891207
v 0.21069316 -0.00851210 0.25891207
v 0.21124626 -0.00838314 0.25891207
v 0.21178973 -0.00821828 0.25891207
v 0.21232126 -0.00801823 0.25891207
v 0.21283856 -0.00778384 0.25891207
v 0.21333943 -0.00751612 0.25891207
v 0.21382172 -0.00721621 0.25891207
v 0.21428336 -0.00688541 0.25891207
v 0.21472237 -0.00652512 0.25891207
v 0.21513688 -0.00613688 0.25891207
v 0.21552512 -0.00572237 0.25891207
v 0.21588541 -0.00528336 0.25891207
v 0.21621621 -0.00482172 0.25891207
v 0.21651612 -0.00433943 0.25891207
v 0.21678384 -0.00383856 0.25891207
v 0.21701823 -0.00332126 0.25891207
v 0.21721828 -0.00278973 0.25891207
v 0.21738314 -0.00224626 0.25891207
v 0.21751210 -0.00169316 0.25891207
v 0.21760462 -0.00113282 0.25891207
v 0.21766028 -0.00056762 0.25891207
v 0.21933245 0.00000000 0.25843953
v 0.21931033 0.00067577 0.25843953
v 0.21924406 0.00134866 0.25843953
v 0.21913392 0.00201576 0.25843953
v 0.21898038 0.00267424 0.25843953
v 0.21878411 0.00332126 0.25843953
v 0.21854594 0.00395406 0.25843953
v 0.21826690 0.00456993 0.25843953
v 0.21794817 0.00516623 0.25843953
v 0.21759112 0.00574040 0.25843953
v 0.21719729 0.00629000 0.25843953
v 0.21676835 0.00681266 0.25843953
v 0.21630615 0.00730615 0.25843953
v 0.21581266 0.00776835 0.25843953
v 0.21529000 0.00819729 0.25843953
v 0.21474040 0.00859112 0.25843953
v 0.21416623 0.00894817 0.25843953
v 0.21356993 0.00926690 0.25843953
v 0.21295406 0.00954594 0.25843953
v 0.21232126 0.00978411 0.25843953
v 0.21167424 0.00998038 0.25843953
v 0.21101576 0.01013392 0.25843953
v 0.21034866 0.01024406 0.25843953
v 0.20967577 0.01031033 0.25843953
v 0.20900000 0.01033245 0.25843953
v 0.20832423 0.01031033 0.25843953
v 0.20765134 0.01024406 0.25843953
v 0.20698424 0.01013392 0.25843953
v 0.20632576 0.00998038 0.25843953
v 0.20567874 0.00978411 0.25843953
v 0.20504594 0.00954594 0.25843953
v 0.20443007 0.00926690 0.25843953
v 0.20383377 0.00894817 0.25843953
v 0.20325960 0.00859112 0.25843953
v 0.20271000 0.00819729 0.25843953
v 0.20218734 0.00776835 0.25843953
v 0.20169385 0.00730615 0.25843953
v 0.20123165 0.00681266 0.25843953
v 0.20080271 0.00629000 0.25843953
v 0.20040888 0.00574040 0.25843953
v 0.20005183 0.00516623 0.25843953
v 0.19973310 0.00456993 0.25843953
v 0.19945406 0.00395406 0.25843953
v 0.19921589 0.00332126 0.25843953
v 0.19901962 0.00267424 0.25843953
v 0.19886608 0.00201576 0.25843953
v 0.19875594 0.00134866 0.25843953
v 0.19868967 0.00067577 0.25843953
v 0.19866755 0.00000000 0.25843953
v 0.19868967 -0.00067577 0.25843953
v 0.19875594 -0.00134866 0.25843953
v 0.19886608 -0.00201576 0.25843953
v 0.19901962 -0.00267424 0.25843953
v 0.19921589 -0.00332126 0.25843953
v 0.19945406 -0.00395406 0.25843953
v 0.19973310 -0.00456993 0.25843953
v 0.20005183 -0.00516623 0.25843953
v 0.20040888 -0.00574040 0.25843953
v 0.20080271 -0.00629000 0.25843953
v 0.20123165 -0.00681266 0.25843953
v 0.20169385 -0.00730615 0.25843953
v 0.20218734 -0.00776835 0.25843953
v 0.20271000 -0.00819729 0.25843953
v 0.20325960 -0.00859112 0.25843953
v 0.20383377 -0.00894817 0.25843953
v 0.20443007 -0.00926690 0.25843953
v 0.20504594 -0.00954594 0.25843953
v 0.20567874 -0.00978411 0.25843953
v 0.20632576 -0.00998038 0.25843953
v 0.20698424 -0.01013392 0.25843953
v 0.20765134 -0.01024406 0.25843953
v 0.20832423 -0.01031033 0.25843953
v 0.20900000 -0.01033245 0.25843953
v 0.20967577 -0.01031033 0.25843953
v 0.21034866 -0.01024406 0.25843953
v 0.21101576 -0.01013392 0.25843953
v 0.21167424 -0.00998038 0.25843953
v 0.21232126 -0.00978411 0.25843953
v 0.21295406 -0.00954594 0.25843953
v 0.21356993 -0.00926690 0.25843953
v 0.21416623 -0.00894817 0.25843953
v 0.21474040 -0.00859112 0.25843953
v 0.21529000 -0.00819729 0.25843953
v 0.21581266 -0.00776835 0.25843953
v 0.21630615 -0.00730615 0.25843953
v 0.21676835 -0.00681266 0.25843953
v 0.21719729 -0.00629000 0.25843953
v 0.21759112 -0.00574040 0.25843953
v 0.21794817 -0.00516623 0.25843953
v 0.21826690 -0.00456993 0.25843953
v 0.21854594 -0.00395406 0.25843953
v 0.21878411 -0.00332126 0.25843953
v 0.21898038 -0.00267424 0.25843953
v 0.21913392 -0.00201576 0.25843953
v 0.21924406 -0.00134866 0.25843953
v 0.21931033 -0.00067577 0.25843953
v 0.22094179 0.00000000 0.25788589
v 0.22091623 0.00078103 0.25788589
v 0.22083963 0.00155872 0.25788589
v 0.22071234 0.00232973 0.25788589
v 0.22053489 0.00309076 0.25788589
v 0.22030805 0.00383856 0.25788589
v 0.22003278 0.00456993 0.25788589
v 0.21971027 0.00528172 0.25788589
v 0.21934190 0.00597090 0.25788589
v 0.21892924 0.00663451 0.25788589
v 0.21847406 0.00726970 0.25788589
v 0.21797832 0.00787377 0.25788589
v 0.21744412 0.00844412 0.25788589
v 0.21687377 0.00897832 0.25788589
v 0.21626970 0.00947406 0.25788589
v 0.21563451 0.00992924 0.25788589
v 0.21497090 0.01034190 0.25788589
v 0.21428172 0.01071027 0.25788589
v 0.21356993 0.01103278 0.25788589
v 0.21283856 0.01130805 0.25788589
v 0.21209076 0.01153489 0.25788589
v 0.21132973 0.01171234 0.25788589
v 0.21055872 0.01183963 0.25788589
v 0.20978103 0.01191623 0.25788589
v 0.20900000 0.01194179 0.25788589
v 0.20821897 0.01191623 0.25788589
v 0.20744128 0.01183963 0.25788589
v 0.20667027 0.01171234 0.25788589
v 0.20590924 0.01153489 0.25788589
v 0.20516144 0.01130805 0.25788589
v 0.20443007 0.01103278 0.25788589
v 0.20371828 0.01071027 0.25788589
v 0.20302910 0.01034190 0.25788589
v 0.20236549 0.00992924 0.25788589
v 0.20173030 0.00947406 0.25788589
v 0.20112623 0.00897832 0.25788589
v 0.20055588 0.00844412 0.25788589
v 0.20002168 0.00787377 0.25788589
v 0.19952594 0.00726970 0.25788589
v 0.19907076 0.00663451 0.25788589
v 0.19865810 0.00597090 0.25788589
v 0.19828973 0.00528172 0.25788589
v 0.19796722 0.00456993 0.25788589
v 0.19769195 0.00383856 0.25788589
v 0.19746511 0.00309076 0.25788589
v 0.19728766 0.00232973 0.25788589
v 0.19716037 0.00155872 0.25788589
v 0.19708377 0.00078103 0.25788589
v 0.19705821 0.00000000 0.25788589
v 0.19708377 -0.00078103 0.25788589
v 0.19716037 -0.00155872 0.25788589
v 0.19728766 -0.00232973 0.25788589
v 0.19746511 -0.00309076 0.25788589
v 0.19769195 -0.00383856 0.25788589
v 0.19796722 -0.00456993 0.25788589
v 0.19828973 -0.00528172 0.25788589
v 0.19865810 -0.00597090 0.25788589
v 0.19907076 -0.00663451 0.25788589
v 0.19952594 -0.00726970 0.25788589
v 0.20002168 -0.00787377 0.25788589
v 0.20055588 -0.00844412 0.25788589
v 0.20112623 -0.00897832 0.25788589
v 0.20173030 -0.00947406 0.25788589
v 0.20236549 -0.00992924 0.25788589
v 0.20302910 -0.01034190 0.25788589
v 0.20371828 -0.01071027 0.25788589
v 0.20443007 -0.01103278 0.25788589
v 0.20516144 -0.01130805 0.25788589
v 0.20590924 -0.01153489 0.25788589
v 0.20667027 -0.01171234 0.25788589
v 0.20744128 -0.01183963 0.25788589
v 0.20821897 -0.01191623 0.25788589
v 0.20900000 -0.01194179 0.25788589
v 0.20978103 -0.01191623 0.25788589
v 0.21055872 -0.01183963 0.25788589
v 0.21132973 -0.01171234 0.25788589
v 0.21209076 -0.01153489 0.25788589
v 0.21283856 -0.01130805 0.25788589
v 0.21356993 -0.01103278 0.25788589
v 0.21428172 -0.01071027 0.25788589
v 0.21497090 -0.01034190 0.25788589
v 0.21563451 -0.00992924 0.25788589
v 0.21626970 -0.00947406 0.25788589
v 0.21687377 -0.00897832 0.25788589
v 0.21744412 -0.00844412 0.25788589
v 0.21797832 -0.00787377 0.25788589
v 0.21847406 -0.00726970 0.25788589
v 0.21892924 -0.00663451 0.25788589
v 0.21934190 -0.00597090 0.25788589
v 0.21971027 -0.00528172 0.25788589
v 0.22003278 -0.00456993 0.25788589
v 0.22030805 -0.00383856 0.25788589
v 0.22053489 -0.00309076 0.25788589
v 0.22071234 -0.00232973 0.25788589
v 0.22083963 -0.00155872 0.25788589
v 0.22091623 -0.00078103 0.25788589
v 0.22250000 0.00000000 0.25725352
v 0.22247110 0.00088294 0.25725352
v 0.22238451 0.00176210 0.25725352
v 0.22224060 0.00263372 0.25725352
v 0.22204000 0.00349406 0.25725352
v 0.22178356 0.00433943 0.25725352
v 0.22147237 0.00516623 0.25725352
v 0.22110778 0.00597090 0.25725352
v 0.22069134 0.00675000 0.25725352
v 0.22022484 0.00750020 0.25725352
v 0.21971027 0.00821828 0.25725352
v 0.21914984 0.00890117 0.25725352
v 0.21854594 0.00954594 0.25725352
v 0.21790117 0.01014984 0.25725352
v 0.21721828 0.01071027 0.25725352
v 0.21650020 0.01122484 0.25725352
v 0.21575000 0.01169134 0.25725352
v 0.21497090 0.01210778 0.25725352
v 0.21416623 0.01247237 0.25725352
v 0.21333943 0.01278356 0.25725352
v 0.21249406 0.01304000 0.25725352
v 0.21163372 0.01324060 0.25725352
v 0.21076210 0.01338451 0.25725352
v 0.20988294 0.01347110 0.25725352
v 0.20900000 0.01350000 0.25725352
v 0.20811706 0.01347110 0.25725352
v 0.20723790 0.01338451 0.25725352
v 0.20636628 0.01324060 0.25725352
v 0.20550594 0.01304000 0.25725352
v 0.20466057 0.01278356 0.25725352
v 0.20383377 0.01247237 0.25725352
v 0.20302910 0.01210778 0.25725352
v 0.20225000 0.01169134 0.25725352
v 0.20149980 0.01122484 0.25725352
v 0.20078172 0.01071027 0.25725352
v 0.20009883 0.01014984 0.25725352
v 0.19945406 0.00954594 0.25725352
v 0.19885016 0.00890117 0.25725352
v 0.19828973 0.00821828 0.25725352
v 0.19777516 0.00750020 0.25725352
v 0.19730866 0.00675000 0.25725352
v 0.19689222 0.00597090 0.25725352
v 0.19652763 0.00516623 0.25725352
v 0.19621644 0.00433943 0.25725352
v 0.19596000 0.00349406 0.25725352
v 0.19575940 0.00263372 0.25725352
v 0.19561549 0.00176210 0.25725352
v 0.19552890 0.00088294 0.25725352
v 0.19550000 0.00000000 0.25725352
v 0.19552890 -0.00088294 0.25725352
v 0.19561549 -0.00176210 0.25725352
v 0.19575940 -0.00263372 0.25725352
v 0.19596000 -0.00349406 0.25725352
v 0.19621644 -0.00433943 0.25725352
v 0.19652763 -0.00516623 0.25725352
v 0.19689222 -0.00597090 0.25725352
v 0.19730866 -0.00675000 0.25725352
v 0.19777516 -0.00750020 0.25725352
v 0.19828973 -0.00821828 0.25725352
v 0.19885016 -0.00890117 0.25725352
v 0.19945406 -0.00954594 0.25725352
v 0.20009883 -0.01014984 0.25725352
v 0.20078172 -0.01071027 0.25725352
v 0.20149980 -0.01122484 0.25725352
v 0.20225000 -0.01169134 0.25725352
v 0.20302910 -0.01210778 0.25725352
v 0.20383377 -0.01247237 0.25725352
v 0.20466057 -0.01278356 0.25725352
v 0.20550594 -0.01304000 0.25725352
v 0.20636628 -0.01324060 0.25725352
v 0.20723790 -0.01338451 0.25725352
v 0.20811706 -0.01347110 0.25725352
v 0.20900000 -0.01350000 0.25725352
v 0.20988294 -0.01347110 0.25725352
v 0.21076210 -0.01338451 0.25725352
v 0.21163372 -0.01324060 0.25725352
v 0.21249406 -0.01304000 0.25725352
v 0.21333943 -0.01278356 0.25725352
v 0.21416623 -0.01247237 0.25725352
v 0.21497090 -0.01210778 0.25725352
v 0.21575000 -0.01169134 0.25725352
v 0.21650020 -0.01122484 0.25725352
v 0.21721828 -0.01071027 0.25725352
v 0.21790117 -0.01014984 0.25725352
v 0.21854594 -0.00954594 0.25725352
v 0.21914984 -0.00890117 0.25725352
v 0.21971027 -0.00821828 0.25725352
v 0.22022484 -0.00750020 0.25725352
v 0.22069134 -0.00675000 0.25725352
v 0.22110778 -0.00597090 0.25725352
v 0.22147237 -0.00516623 0.25725352
v 0.22178356 -0.00433943 0.25725352
v 0.22204000 -0.00349406 0.25725352
v 0.22224060 -0.00263372 0.25725352
v 0.22238451 -0.00176210 0.25725352
v 0.22247110 -0.00088294 0.25725352
v 0.22400040 0.00000000 0.25654513
v 0.22396828 0.00098107 0.25654513
v 0.22387207 0.00195794 0.25654513
v 0.22371217 0.00292643 0.25654513
v 0.22348927 0.00388239 0.25654513
v 0.22320433 0.00482172 0.25654513
v 0.22285856 0.00574040 0.25654513
v 0.22245345 0.00663451 0.25654513
v 0.22199072 0.00750020 0.25654513
v 0.22147237 0.00833377 0.25654513
v 0.22090061 0.00913166 0.25654513
v 0.22027790 0.00989045 0.25654513
v 0.21960688 0.01060688 0.25654513
v 0.21889045 0.01127790 0.25654513
v 0.21813166 0.01190061 0.25654513
v 0.21733377 0.01247237 0.25654513
v 0.21650020 0.01299072 0.25654513
v 0.21563451 0.01345345 0.25654513
v 0.21474040 0.01385856 0.25654513
v 0.21382172 0.01420433 0.25654513
v 0.21288239 0.01448927 0.25654513
v 0.21192643 0.01471217 0.25654513
v 0.21095794 0.01487207 0.25654513
v 0.20998107 0.01496828 0.25654513
v 0.20900000 0.01500040 0.25654513
v 0.20801893 0.01496828 0.25654513
v 0.20704206 0.01487207 0.25654513
v 0.20607357 0.01471217 0.25654513
v 0.20511761 0.01448927 0.25654513
v 0.20417828 0.01420433 0.25654513
v 0.20325960 0.01385856 0.25654513
v 0.20236549 0.01345345 0.25654513
v 0.20149980 0.01299072 0.25654513
v 0.20066623 0.01247237 0.25654513
v 0.19986834 0.01190061 0.25654513
v 0.19910955 0.01127790 0.25654513
v 0.19839312 0.01060688 0.25654513
v 0.19772210 0.00989045 0.25654513
v 0.19709939 0.00913166 0.25654513
v 0.19652763 0.00833377 0.25654513
v 0.19600928 0.00750020 0.25654513
v 0.19554655 0.00663451 0.25654513
v 0.19514144 0.00574040 0.25654513
v 0.19479567 0.00482172 0.25654513
v 0.19451073 0.00388239 0.25654513
v 0.19428783 0.00292643 0.25654513
v 0.19412793 0.00195794 0.25654513
v 0.19403172 0.00098107 0.25654513
v 0.19399960 0.00000000 0.25654513
v 0.19403172 -0.00098107 0.25654513
v 0.19412793 -0.00195794 0.25654513
v 0.19428783 -0.00292643 0.25654513
v 0.19451073 -0.00388239 0.25654513
v 0.19479567 -0.00482172 0.25654513
v 0.19514144 -0.00574040 0.25654513
v 0.19554655 -0.00663451 0.25654513
v 0.19600928 -0.00750020 0.25654513
v 0.19652763 -0.00833377 0.25654513
v 0.19709939 -0.00913166 0.25654513
v 0.19772210 -0.00989045 0.25654513
v 0.19839312 -0.01060688 0.25654513
v 0.19910955 -0.01127790 0.25654513
v 0.19986834 -0.01190061 0.25654513
v 0.20066623 -0.01247237 0.25654513
v 0.20149980 -0.01299072 0.25654513
v 0.20236549 -0.01345345 0.25654513
v 0.20325960 -0.01385856 0.25654513
v 0.20417828 -0.01420433 0.25654513
v 0.20511761 -0.01448927 0.25654513
v 0.20607357 -0.01471217 0.25654513
v 0.20704206 -0.01487207 0.25654513
v 0.20801893 -0.01496828 0.25654513
v 0.20900000 -0.01500040 0.25654513
v 0.20998107 -0.01496828 0.25654513
v 0.21095794 -0.01487207 0.25654513
v 0.21192643 -0.01471217 0.25654513
v 0.21288239 -0.01448927 0.25654513
v 0.21382172 -0.01420433 0.25654513
v 0.21474040 -0.01385856 0.25654513
v 0.21563451 -0.01345345 0.25654513
v 0.21650020 -0.01299072 0.25654513
v 0.21733377 -0.01247237 0.25654513
v 0.21813166 -0.01190061 0.25654513
v 0.21889045 -0.01127790 0.25654513
v 0.21960688 -0.01060688 0.25654513
v 0.22027790 -0.00989045 0.25654513
v 0.22090061 -0.00913166 0.25654513
v 0.22147237 -0.00833377 0.25654513
v 0.22199072 -0.00750020 0.25654513
v 0.22245345 -0.00663451 0.25654513
v 0.22285856 -0.00574040 0.25654513
v 0.22320433 -0.00482172 0.25654513
v 0.22348927 -0.00388239 0.25654513
v 0.22371217 -0.00292643 0.25654513
v 0.22387207 -0.00195794 0.25654513
v 0.22396828 -0.00098107 0.25654513
v 0.22543656 0.00000000 0.25576374
v 0.22540137 0.00107500 0.25576374
v 0.22529594 0.00214540 0.25576374
v 0.22512073 0.00320661 0.25576374
v 0.22487650 0.00425409 0.25576374
v 0.22456427 0.00528336 0.25576374
v 0.22418540 0.00629000 0.25576374
v 0.22374150 0.00726970 0.25576374
v 0.22323448 0.00821828 0.25576374
v 0.22266650 0.00913166 0.25576374
v 0.22204000 0.01000594 0.25576374
v 0.22135766 0.01083738 0.25576374
v 0.22062240 0.01162240 0.25576374
v 0.21983738 0.01235766 0.25576374
v 0.21900594 0.01304000 0.25576374
v 0.21813166 0.01366650 0.25576374
v 0.21721828 0.01423448 0.25576374
v 0.21626970 0.01474150 0.25576374
v 0.21529000 0.01518540 0.25576374
v 0.21428336 0.01556427 0.25576374
v 0.21325409 0.01587650 0.25576374
v 0.21220661 0.01612073 0.25576374
v 0.21114540 0.01629594 0.25576374
v 0.21007500 0.01640137 0.25576374
v 0.20900000 0.01643656 0.25576374
v 0.20792500 0.01640137 0.25576374
v 0.20685460 0.01629594 0.25576374
v 0.20579339 0.01612073 0.25576374
v 0.20474591 0.01587650 0.25576374
v 0.20371664 0.01556427 0.25576374
v 0.20271000 0.01518540 0.25576374
v 0.20173030 0.01474150 0.25576374
v 0.20078172 0.01423448 0.25576374
v 0.19986834 0.01366650 0.25576374
v 0.19899406 0.01304000 0.25576374
v 0.19816262 0.01235766 0.25576374
v 0.19737760 0.01162240 0.25576374
v 0.19664234 0.01083738 0.25576374
v 0.19596000 0.01000594 0.25576374
v 0.19533350 0.00913166 0.25576374
v 0.19476552 0.00821828 0.25576374
v 0.19425850 0.00726970 0.25576374
v 0.19381460 0.00629000 0.25576374
v 0.19343573 0.00528336 0.25576374
v 0.19312350 0.00425409 0.25576374
v 0.19287927 0.00320661 0.25576374
v 0.19270406 0.00214540 0.25576374
v 0.19259863 0.00107500 0.25576374
v 0.19256344 0.00000000 0.25576374
v 0.19259863 -0.00107500 0.25576374
v 0.19270406 -0.00214540 0.25576374
v 0.19287927 -0.00320661 0.25576374
v 0.19312350 -0.00425409 0.25576374
v 0.19343573 -0.00528336 0.25576374
v 0.19381460 -0.00629000 0.25576374
v 0.19425850 -0.00726970 0.25576374
v 0.19476552 -0.00821828 0.25576374
v 0.19533350 -0.00913166 0.25576374
v 0.19596000 -0.01000594 0.25576374
v 0.19664234 -0.01083738 0.25576374
v 0.19737760 -0.01162240 0.25576374
v 0.19816262 -0.01235766 0.25576374
v 0.19899406 -0.01304000 0.25576374
v 0.19986834 -0.01366650 0.25576374
v 0.20078172 -0.01423448 0.25576374
v 0.20173030 -0.01474150 0.25576374
v 0.20271000 -0.01518540 0.25576374
v 0.20371664 -0.01556427 0.25576374
v 0.20474591 -0.01587650 0.25576374
v 0.20579339 -0.01612073 0.25576374
v 0.20685460 -0.01629594 0.25576374
v 0.20792500 -0.01640137 0.25576374
v 0.20900000 -0.01643656 0.25576374
v 0.21007500 -0.01640137 0.25576374
v 0.21114540 -0.01629594 0.25576374
v 0.21220661 -0.01612073 0.25576374
v 0.21325409 -0.01587650 0.25576374
v 0.21428336 -0.01556427 0.25576374
v 0.21529000 -0.01518540 0.25576374
v 0.21626970 -0.01474150 0.25576374
v 0.21721828 -0.01423448 0.25576374
v 0.21813166 -0.01366650 0.25576374
v 0.21900594 -0.01304000 0.25576374
v 0.21983738 -0.01235766 0.25576374
v 0.22062240 -0.01162240 0.25576374
v 0.22135766 -0.01083738 0.25576374
v 0.22204000 -0.01000594 0.25576374
v 0.22266650 -0.00913166 0.25576374
v 0.22323448 -0.00821828 0.25576374
v 0.22374150 -0.00726970 0.25576374
v 0.22418540 -0.00629000 0.25576374
v 0.22456427 -0.00528336 0.25576374
v 0.22487650 -0.00425409 0.25576374
v 0.22512073 -0.00320661 0.25576374
v 0.22529594 -0.00214540 0.25576374
v 0.22540137 -0.00107500 0.25576374
v 0.22680234 0.00000000 0.25491272
v 0.22676422 0.00116433 0.25491272
v 0.22665004 0.00232367 0.25491272
v 0.22646027 0.00347306 0.25491272
v 0.22619574 0.00460758 0.25491272
v 0.22585757 0.00572237 0.25491272
v 0.22544721 0.00681266 0.25491272
v 0.22496643 0.00787377 0.25491272
v 0.22441728 0.00890117 0.25491272
v 0.22380210 0.00989045 0.25491272
v 0.22312354 0.01083738 0.25491272
v 0.22238451 0.01173790 0.25491272
v 0.22158815 0.01258815 0.25491272
v 0.22073790 0.01338451 0.25491272
v 0.21983738 0.01412354 0.25491272
v 0.21889045 0.01480210 0.25491272
v 0.21790117 0.01541728 0.25491272
v 0.21687377 0.01596643 0.25491272
v 0.21581266 0.01644721 0.25491272
v 0.21472237 0.01685757 0.25491272
v 0.21360758 0.01719574 0.25491272
v 0.21247306 0.01746027 0.25491272
v 0.21132367 0.01765004 0.25491272
v 0.21016433 0.01776422 0.25491272
v 0.20900000 0.01780234 0.25491272
v 0.20783567 0.01776422 0.25491272
v 0.20667633 0.01765004 0.25491272
v 0.20552694 0.01746027 0.25491272
v 0.20439242 0.01719574 0.25491272
v 0.20327763 0.01685757 0.25491272
v 0.20218734 0.01644721 0.25491272
v 0.20112623 0.01596643 0.25491272
v 0.20009883 0.01541728 0.25491272
v 0.19910955 0.01480210 0.25491272
v 0.19816262 0.01412354 0.25491272
v 0.19726210 0.01338451 0.25491272
v 0.19641185 0.01258815 0.25491272
v 0.19561549 0.01173790 0.25491272
v 0.19487646 0.01083738 0.25491272
v 0.19419790 0.00989045 0.25491272
v 0.19358272 0.00890117 0.25491272
v 0.19303357 0.00787377 0.25491272
v 0.19255279 0.00681266 0.25491272
v 0.19214243 0.00572237 0.25491272
v 0.19180426 0.00460758 0.25491272
v 0.19153973 0.00347306 0.25491272
v 0.19134996 0.00232367 0.25491272
v 0.19123578 0.00116433 0.25491272
v 0.19119766 0.00000000 0.25491272
v 0.19123578 -0.00116433 0.25491272
v 0.19134996 -0.00232367 0.25491272
v 0.19153973 -0.00347306 0.25491272
v 0.19180426 -0.00460758 0.25491272
v 0.19214243 -0.00572237 0.25491272
v 0.19255279 -0.00681266 0.25491272
v 0.19303357 -0.00787377 0.25491272
v 0.19358272 -0.00890117 0.25491272
v 0.19419790 -0.00989045 0.25491272
v 0.19487646 -0.01083738 0.25491272
v 0.19561549 -0.01173790 0.25491272
v 0.19641185 -0.01258815 0.25491272
v 0.19726210 -0.01338451 0.25491272
v 0.19816262 -0.01412354 0.25491272
v 0.19910955 -0.01480210 0.25491272
v 0.20009883 -0.01541728 0.25491272
v 0.20112623 -0.01596643 0.25491272
v 0.20218734 -0.01644721 0.25491272
v 0.20327763 -0.01685757 0.25491272
v 0.20439242 -0.01719574 0.25491272
v 0.20552694 -0.01746027 0.25491272
v 0.20667633 -0.01765004 0.25491272
v 0.20783567 -0.01776422 0.25491272
v 0.20900000 -0.01780234 0.25491272
v 0.21016433 -0.01776422 0.25491272
v 0.21132367 -0.01765004 0.25491272
v 0.21247306 -0.01746027 0.25491272
v 0.21360758 -0.01719574 0.25491272
v 0.21472237 -0.01685757 0.25491272
v 0.21581266 -0.01644721 0.25491272
v 0.21687377 -0.01596643 0.25491272
v 0.21790117 -0.01541728 0.25491272
v 0.21889045 -0.01480210 0.25491272
v 0.21983738 -0.01412354 0.25491272
v 0.22073790 -0.01338451 0.25491272
v 0.22158815 -0.01258815 0.25491272
v 0.22238451 -0.01173790 0.25491272
v 0.22312354 -0.01083738 0.25491272
v 0.22380210 -0.00989045 0.25491272
v 0.22441728 -0.00890117 0.25491272
v 0.22496643 -0.00787377 0.25491272
v 0.22544721 -0.00681266 0.25491272
v 0.22585757 -0.00572237 0.25491272
v 0.22619574 -0.00460758 0.25491272
v 0.22646027 -0.00347306 0.25491272
v 0.22665004 -0.00232367 0.25491272
v 0.22676422 -0.00116433 0.25491272
v 0.22809188 0.00000000 0.25399569
v 0.22805101 0.00124867 0.25399569
v 0.22792855 0.00249199 0.25399569
v 0.22772504 0.00372464 0.25399569
v 0.22744134 0.00494134 0.25399569
v 0.22707868 0.00613688 0.25399569
v 0.22663860 0.00730615 0.25399569
v 0.22612299 0.00844412 0.25399569
v 0.22553406 0.00954594 0.25399569
v 0.22487432 0.01060688 0.25399569
v 0.22414661 0.01162240 0.25399569
v 0.22335404 0.01258815 0.25399569
v 0.22250000 0.01350000 0.25399569
v 0.22158815 0.01435404 0.25399569
v 0.22062240 0.01514661 0.25399569
v 0.21960688 0.01587432 0.25399569
v 0.21854594 0.01653406 0.25399569
v 0.21744412 0.01712299 0.25399569
v 0.21630615 0.01763860 0.25399569
v 0.21513688 0.01807868 0.25399569
v 0.21394134 0.01844134 0.25399569
v 0.21272464 0.01872504 0.25399569
v 0.21149199 0.01892855 0.25399569
v 0.21024867 0.01905101 0.25399569
v 0.20900000 0.01909188 0.25399569
v 0.20775133 0.01905101 0.25399569
v 0.20650801 0.01892855 0.25399569
v 0.20527536 0.01872504 0.25399569
v 0.20405866 0.01844134 0.25399569
v 0.20286312 0.01807868 0.25399569
v 0.20169385 0.01763860 0.25399569
v 0.20055588 0.01712299 0.25399569
v 0.19945406 0.01653406 0.25399569
v 0.19839312 0.01587432 0.25399569
v 0.19737760 0.01514661 0.25399569
v 0.19641185 0.01435404 0.25399569
v 0.19550000 0.01350000 0.25399569
v 0.19464596 0.01258815 0.25399569
v 0.19385339 0.01162240 0.25399569
v 0.19312568 0.01060688 0.25399569
v 0.19246594 0.00954594 0.25399569
v 0.19187701 0.00844412 0.25399569
v 0.19136140 0.00730615 0.25399569
v 0.19092132 0.00613688 0.25399569
v 0.19055866 0.00494134 0.25399569
v 0.19027496 0.00372464 0.25399569
v 0.19007145 0.00249199 0.25399569
v 0.18994899 0.00124867 0.25399569
v 0.18990812 0.00000000 0.25399569
v 0.18994899 -0.00124867 0.25399569
v 0.19007145 -0.00249199 0.25399569
v 0.19027496 -0.00372464 0.25399569
v 0.19055866 -0.00494134 0.25399569
v 0.19092132 -0.00613688 0.25399569
v 0.19136140 -0.00730615 0.25399569
v 0.19187701 -0.00844412 0.25399569
v 0.19246594 -0.00954594 0.25399569
v 0.19312568 -0.01060688 0.25399569
v 0.19385339 -0.01162240 0.25399569
v 0.19464596 -0.01258815 0.25399569
v 0.19550000 -0.01350000 0.25399569
v 0.19641185 -0.01435404 0.25399569
v 0.19737760 -0.01514661 0.25399569
v 0.19839312 -0.01587432 0.25399569
v 0.19945406 -0.01653406 0.25399569
v 0.20055588 -0.01712299 0.25399569
v 0.20169385 -0.01763860 0.25399569
v 0.20286312 -0.01807868 0.25399569
v 0.20405866 -0.01844134 0.25399569
v 0.20527536 -0.01872504 0.25399569
v 0.20650801 -0.01892855 0.25399569
v 0.20775133 -0.01905101 0.25399569
v 0.20900000 -0.01909188 0.25399569
v 0.21024867 -0.01905101 0.25399569
v 0.21149199 -0.01892855 0.25399569
v 0.21272464 -0.01872504 0.25399569
v 0.21394134 -0.01844134 0.25399569
v 0.21513688 -0.01807868 0.25399569
v 0.21630615 -0.01763860 0.25399569
v 0.21744412 -0.01712299 0.25399569
v 0.21854594 -0.01653406 0.25399569
v 0.21960688 -0.01587432 0.25399569
v 0.22062240 -0.01514661 0.25399569
v 0.22158815 -0.01435404 0.25399569
v 0.22250000 -0.01350000 0.25399569
v 0.22335404 -0.01258815 0.25399569
v 0.22414661 -0.01162240 0.25399569
v 0.22487432 -0.01060688 0.25399569
v 0.22553406 -0.00954594 0.25399569
v 0.22612299 -0.00844412 0.25399569
v 0.22663860 -0.00730615 0.25399569
v 0.22707868 -0.00613688 0.25399569
v 0.22744134 -0.00494134 0.25399569
v 0.22772504 -0.00372464 0.25399569
v 0.22792855 -0.00249199 0.25399569
v 0.22805101 -0.00124867 0.25399569
v 0.22929967 0.00000000 0.25301659
v 0.22925621 0.00132766 0.25301659
v 0.22912601 0.00264964 0.25301659
v 0.22890962 0.00396027 0.25301659
v 0.22860798 0.00525394 0.25301659
v 0.22822237 0.00652512 0.25301659
v 0.22775445 0.00776835 0.25301659
v 0.22720622 0.00897832 0.25301659
v 0.22658003 0.01014984 0.25301659
v 0.22587856 0.01127790 0.25301659
v 0.22510481 0.01235766 0.25301659
v 0.22426210 0.01338451 0.25301659
v 0.22335404 0.01435404 0.25301659
v 0.22238451 0.01526210 0.25301659
v 0.22135766 0.01610481 0.25301659
v 0.22027790 0.01687856 0.25301659
v 0.21914984 0.01758003 0.25301659
v 0.21797832 0.01820622 0.25301659
v 0.21676835 0.01875445 0.25301659
v 0.21552512 0.01922237 0.25301659
v 0.21425394 0.01960798 0.25301659
v 0.21296027 0.01990962 0.25301659
v 0.21164964 0.02012601 0.25301659
v 0.21032766 0.02025621 0.25301659
v 0.20900000 0.02029967 0.25301659
v 0.20767234 0.02025621 0.25301659
v 0.20635036 0.02012601 0.25301659
v 0.20503973 0.01990962 0.25301659
v 0.20374606 0.01960798 0.25301659
v 0.20247488 0.01922237 0.25301659
v 0.20123165 0.01875445 0.25301659
v 0.20002168 0.01820622 0.25301659
v 0.19885016 0.01758003 0.25301659
v 0.19772210 0.01687856 0.25301659
v 0.19664234 0.01610481 0.25301659
v 0.19561549 0.01526210 0.25301659
v 0.19464596 0.01435404 0.25301659
v 0.19373790 0.01338451 0.25301659
v 0.19289519 0.01235766 0.25301659
v 0.19212144 0.01127790 0.25301659
v 0.19141997 0.01014984 0.25301659
v 0.19079378 0.00897832 0.25301659
v 0.19024555 0.00776835 0.25301659
v 0.18977763 0.00652512 0.25301659
v 0.18939202 0.00525394 0.25301659
v 0.18909038 0.00396027 0.25301659
v 0.18887399 0.00264964 0.25301659
v 0.18874379 0.00132766 0.25301659
v 0.18870033 0.00000000 0.25301659
v 0.18874379 -0.00132766 0.25301659
v 0.18887399 -0.00264964 0.25301659
v 0.18909038 -0.00396027 0.25301659
v 0.18939202 -0.00525394 0.25301659
v 0.18977763 -0.00652512 0.25301659
v 0.19024555 -0.00776835 0.25301659
v 0.19079378 -0.00897832 0.25301659
v 0.19141997 -0.01014984 0.25301659
v 0.19212144 -0.01127790 0.25301659
v 0.19289519 -0.01235766 0.25301659
v 0.19373790 -0.01338451 0.25301659
v 0.19464596 -0.01435404 0.25301659
v 0.19561549 -0.01526210 0.25301659
v 0.19664234 -0.01610481 0.25301659
v 0.19772210 -0.01687856 0.25301659
v 0.19885016 -0.01758003 0.25301659
v 0.20002168 -0.01820622 0.25301659
v 0.20123165 -0.01875445 0.25301659
v 0.20247488 -0.01922237 0.25301659
v 0.20374606 -0.01960798 0.25301659
v 0.20503973 -0.01990962 0.25301659
v 0.20635036 -0.02012601 0.25301659
v 0.20767234 -0.02025621 0.25301659
v 0.20900000 -0.02029967 0.25301659
v 0.21032766 -0.02025621 0.25301659
v 0.21164964 -0.02012601 0.25301659
v 0.21296027 -0.01990962 0.25301659
v 0.21425394 -0.01960798 0.25301659
v 0.21552512 -0.01922237 0.25301659
v 0.21676835 -0.01875445 0.25301659
v 0.21797832 -0.01820622 0.25301659
v 0.21914984 -0.01758003 0.25301659
v 0.22027790 -0.01687856 0.25301659
v 0.22135766 -0.01610481 0.25301659
v 0.22238451 -0.01526210 0.25301659
v 0.22335404 -0.01435404 0.25301659
v 0.22426210 -0.01338451 0.25301659
v 0.22510481 -0.01235766 0.25301659
v 0.22587856 -0.01127790 0.25301659
v 0.22658003 -0.01014984 0.25301659
v 0.22720622 -0.00897832 0.25301659
v 0.22775445 -0.00776835 0.25301659
v 0.22822237 -0.00652512 0.25301659
v 0.22860798 -0.00525394 0.25301659
v 0.22890962 -0.00396027 0.25301659
v 0.22912601 -0.00264964 0.25301659
v 0.22925621 -0.00132766 0.25301659
v 0.23042054 0.00000000 0.25197961
v 0.23037468 0.00140097 0.25197961
v 0.23023728 0.00279594 0.25197961
v 0.23000895 0.00417894 0.25197961
v 0.22969065 0.00554404 0.25197961
v 0.22928375 0.00688541 0.25197961
v 0.22879000 0.00819729 0.25197961
v 0.22821150 0.00947406 0.25197961
v 0.22755073 0.01071027 0.25197961
v 0.22681053 0.01190061 0.25197961
v 0.22599406 0.01304000 0.25197961
v 0.22510481 0.01412354 0.25197961
v 0.22414661 0.01514661 0.25197961
v 0.22312354 0.01610481 0.25197961
v 0.22204000 0.01699406 0.25197961
v 0.22090061 0.01781053 0.25197961
v 0.21971027 0.01855073 0.25197961
v 0.21847406 0.01921150 0.25197961
v 0.21719729 0.01979000 0.25197961
v 0.21588541 0.02028375 0.25197961
v 0.21454404 0.02069065 0.25197961
v 0.21317894 0.02100895 0.25197961
v 0.21179594 0.02123728 0.25197961
v 0.21040097 0.02137468 0.25197961
v 0.20900000 0.02142054 0.25197961
v 0.20759903 0.02137468 0.25197961
v 0.20620406 0.02123728 0.25197961
v 0.20482106 0.02100895 0.25197961
v 0.20345596 0.02069065 0.25197961
v 0.20211459 0.02028375 0.25197961
v 0.20080271 0.01979000 0.25197961
v 0.19952594 0.01921150 0.25197961
v 0.19828973 0.01855073 0.25197961
v 0.19709939 0.01781053 0.25197961
v 0.19596000 0.01699406 0.25197961
v 0.19487646 0.01610481 0.25197961
v 0.19385339 0.01514661 0.25197961
v 0.19289519 0.01412354 0.25197961
v 0.19200594 0.01304000 0.25197961
v 0.19118947 0.01190061 0.25197961
v 0.19044927 0.01071027 0.25197961
v 0.18978850 0.00947406 0.25197961
v 0.18921000 0.00819729 0.25197961
v 0.18871625 0.00688541 0.25197961
v 0.18830935 0.00554404 0.25197961
v 0.18799105 0.00417894 0.25197961
v 0.18776272 0.00279594 0.25197961
v 0.18762532 0.00140097 0.25197961
v 0.18757946 0.00000000 0.25197961
v 0.18762532 -0.00140097 0.25197961
v 0.18776272 -0.00279594 0.25197961
v 0.18799105 -0.00417894 0.25197961
v 0.18830935 -0.00554404 0.25197961
v 0.18871625 -0.00688541 0.25197961
v 0.18921000 -0.00819729 0.25197961
v 0.18978850 -0.00947406 0.25197961
v 0.19044927 -0.01071027 0.25197961
v 0.19118947 -0.01190061 0.25197961
v 0.19200594 -0.01304000 0.25197961
v 0.19289519 -0.01412354 0.25197961
v 0.19385339 -0.01514661 0.25197961
v 0.19487646 -0.01610481 0.25197961
v 0.19596000 -0.01699406 0.25197961
v 0.19709939 -0.01781053 0.25197961
v 0.19828973 -0.01855073 0.25197961
v 0.19952594 -0.01921150 0.25197961
v 0.20080271 -0.01979000 0.25197961
v 0.20211459 -0.02028375 0.25197961
v 0.20345596 -0.02069065 0.25197961
v 0.20482106 -0.02100895 0.25197961
v 0.20620406 -0.02123728 0.25197961
v 0.20759903 -0.02137468 0.25197961
v 0.20900000 -0.02142054 0.25197961
v 0.21040097 -0.02137468 0.25197961
v 0.21179594 -0.02123728 0.25197961
v 0.21317894 -0.02100895 0.25197961
v 0.21454404 -0.02069065 0.25197961
v 0.21588541 -0.02028375 0.25197961
v 0.21719729 -0.01979000 0.25197961
v 0.21847406 -0.01921150 0.25197961
v 0.21971027 -0.01855073 0.25197961
v 0.22090061 -0.01781053 0.25197961
v 0.22204000 -0.01699406 0.25197961
v 0.22312354 -0.01610481 0.25197961
v 0.22414661 -0.01514661 0.25197961
v 0.22510481 -0.01412354 0.25197961
v 0.22599406 -0.01304000 0.25197961
v 0.22681053 -0.01190061 0.25197961
v 0.22755073 -0.01071027 0.25197961
v 0.22821150 -0.00947406 0.25197961
v 0.22879000 -0.00819729 0.25197961
v 0.22928375 -0.00688541 0.25197961
v 0.22969065 -0.00554404 0.25197961
v 0.23000895 -0.00417894 0.25197961
v 0.23023728 -0.00279594 0.25197961
v 0.23037468 -0.00140097 0.25197961
v 0.23144968 0.00000000 0.25088919
v 0.23140161 0.00146828 0.25088919
v 0.23125762 0.00293027 0.25088919
v 0.23101832 0.00437972 0.25088919
v 0.23068473 0.00581040 0.25088919
v 0.23025828 0.00721621 0.25088919
v 0.22974080 0.00859112 0.25088919
v 0.22913451 0.00992924 0.25088919
v 0.22844199 0.01122484 0.25088919
v 0.22766623 0.01247237 0.25088919
v 0.22681053 0.01366650 0.25088919
v 0.22587856 0.01480210 0.25088919
v 0.22487432 0.01587432 0.25088919
v 0.22380210 0.01687856 0.25088919
v 0.22266650 0.01781053 0.25088919
v 0.22147237 0.01866623 0.25088919
v 0.22022484 0.01944199 0.25088919
v 0.21892924 0.02013451 0.25088919
v 0.21759112 0.02074080 0.25088919
v 0.21621621 0.02125828 0.25088919
v 0.21481040 0.02168473 0.25088919
v 0.21337972 0.02201832 0.25088919
v 0.21193027 0.02225762 0.25088919
v 0.21046828 0.02240161 0.25088919
v 0.20900000 0.02244968 0.25088919
v 0.20753172 0.02240161 0.25088919
v 0.20606973 0.02225762 0.25088919
v 0.20462028 0.02201832 0.25088919
v 0.20318960 0.02168473 0.25088919
v 0.20178379 0.02125828 0.25088919
v 0.20040888 0.02074080 0.25088919
v 0.19907076 0.02013451 0.25088919
v 0.19777516 0.01944199 0.25088919
v 0.19652763 0.01866623 0.25088919
v 0.19533350 0.01781053 0.25088919
v 0.19419790 0.01687856 0.25088919
v 0.19312568 0.01587432 0.25088919
v 0.19212144 0.01480210 0.25088919
v 0.19118947 0.01366650 0.25088919
v 0.19033377 0.01247237 0.25088919
v 0.18955801 0.01122484 0.25088919
v 0.18886549 0.00992924 0.25088919
v 0.18825920 0.00859112 0.25088919
v 0.18774172 0.00721621 0.25088919
v 0.18731527 0.00581040 0.25088919
v 0.18698168 0.00437972 0.25088919
v 0.18674238 0.00293027 0.25088919
v 0.18659839 0.00146828 0.25088919
v 0.18655032 0.00000000 0.25088919
v 0.18659839 -0.00146828 0.25088919
v 0.18674238 -0.00293027 0.25088919
v 0.18698168 -0.00437972 0.25088919
v 0.18731527 -0.00581040 0.25088919
v 0.18774172 -0.00721621 0.25088919
v 0.18825920 -0.00859112 0.25088919
v 0.18886549 -0.00992924 0.25088919
v 0.18955801 -0.01122484 0.25088919
v 0.19033377 -0.01247237 0.25088919
v 0.19118947 -0.01366650 0.25088919
v 0.19212144 -0.01480210 0.25088919
v 0.19312568 -0.01587432 0.25088919
v 0.19419790 -0.01687856 0.25088919
v 0.19533350 -0.01781053 0.25088919
v 0.19652763 -0.01866623 0.25088919
v 0.19777516 -0.01944199 0.25088919
v 0.19907076 -0.02013451 0.25088919
v 0.20040888 -0.02074080 0.25088919
v 0.20178379 -0.02125828 0.25088919
v 0.20318960 -0.02168473 0.25088919
v 0.20462028 -0.02201832 0.25088919
v 0.20606973 -0.02225762 0.25088919
v 0.20753172 -0.02240161 0.25088919
v 0.20900000 -0.02244968 0.25088919
v 0.21046828 -0.02240161 0.25088919
v 0.21193027 -0.02225762 0.25088919
v 0.21337972 -0.02201832 0.25088919
v 0.21481040 -0.02168473 0.25088919
v 0.21621621 -0.02125828 0.25088919
v 0.21759112 -0.02074080 0.25088919
v 0.21892924 -0.02013451 0.25088919
v 0.22022484 -0.01944199 0.25088919
v 0.22147237 -0.01866623 0.25088919
v 0.22266650 -0.01781053 0.25088919
v 0.22380210 -0.01687856 0.25088919
v 0.22487432 -0.01587432 0.25088919
v 0.22587856 -0.01480210 0.25088919
v 0.22681053 -0.01366650 0.25088919
v 0.22766623 -0.01247237 0.25088919
v 0.22844199 -0.01122484 0.25088919
v 0.22913451 -0.00992924 0.25088919
v 0.22974080 -0.00859112 0.25088919
v 0.23025828 -0.00721621 0.25088919
v 0.23068473 -0.00581040 0.25088919
v 0.23101832 -0.00437972 0.25088919
v 0.23125762 -0.00293027 0.25088919
v 0.23140161 -0.00146828 0.25088919
v 0.23238269 0.00000000 0.24975000
v 0.23233262 0.00152930 0.24975000
v 0.23218264 0.00305205 0.24975000
v 0.23193339 0.00456174 0.24975000
v 0.23158594 0.00605188 0.24975000
v 0.23114177 0.00751612 0.24975000
v 0.23060278 0.00894817 0.24975000
v 0.22997129 0.01034190 0.24975000
v 0.22925000 0.01169134 0.24975000
v 0.22844199 0.01299072 0.24975000
v 0.22755073 0.01423448 0.24975000
v 0.22658003 0.01541728 0.24975000
v 0.22553406 0.01653406 0.24975000
v 0.22441728 0.01758003 0.24975000
v 0.22323448 0.01855073 0.24975000
v 0.22199072 0.01944199 0.24975000
v 0.22069134 0.02025000 0.24975000
v 0.21934190 0.02097129 0.24975000
v 0.21794817 0.02160278 0.24975000
v 0.21651612 0.02214177 0.24975000
v 0.21505188 0.02258594 0.24975000
v 0.21356174 0.02293339 0.24975000
v 0.21205205 0.02318264 0.24975000
v 0.21052930 0.02333262 0.24975000
v 0.20900000 0.02338269 0.24975000
v 0.20747070 0.02333262 0.24975000
v 0.20594795 0.02318264 0.24975000
v 0.20443826 0.02293339 0.24975000
v 0.20294812 0.02258594 0.24975000
v 0.20148388 0.02214177 0.24975000
v 0.20005183 0.02160278 0.24975000
v 0.19865810 0.02097129 0.24975000
v 0.19730866 0.02025000 0.24975000
v 0.19600928 0.01944199 0.24975000
v 0.19476552 0.01855073 0.24975000
v 0.19358272 0.01758003 0.24975000
v 0.19246594 0.01653406 0.24975000
v 0.19141997 0.01541728 0.24975000
v 0.19044927 0.01423448 0.24975000
v 0.18955801 0.01299072 0.24975000
v 0.18875000 0.01169134 0.24975000
v 0.18802871 0.01034190 0.24975000
v 0.18739722 0.00894817 0.24975000
v 0.18685823 0.00751612 0.24975000
v 0.18641406 0.00605188 0.24975000
v 0.18606661 0.00456174 0.24975000
v 0.18581736 0.00305205 0.24975000
v 0.18566738 0.00152930 0.24975000
v 0.18561731 0.00000000 0.24975000
v 0.18566738 -0.00152930 0.24975000
v 0.18581736 -0.00305205 0.24975000
v 0.18606661 -0.00456174 0.24975000
v 0.18641406 -0.00605188 0.24975000
v 0.18685823 -0.00751612 0.24975000
v 0.18739722 -0.00894817 0.24975000
v 0.18802871 -0.01034190 0.24975000
v 0.18875000 -0.01169134 0.24975000
v 0.18955801 -0.01299072 0.24975000
v 0.19044927 -0.01423448 0.24975000
v 0.19141997 -0.01541728 0.24975000
v 0.19246594 -0.01653406 0.24975000
v 0.19358272 -0.01758003 0.24975000
v 0.19476552 -0.01855073 0.24975000
v 0.19600928 -0.01944199 0.24975000
v 0.19730866 -0.02025000 0.24975000
v 0.19865810 -0.02097129 0.24975000
v 0.20005183 -0.02160278 0.24975000
v 0.20148388 -0.02214177 0.24975000
v 0.20294812 -0.02258594 0.24975000
v 0.20443826 -0.02293339 0.24975000
v 0.20594795 -0.02318264 0.24975000
v 0.20747070 -0.02333262 0.24975000
v 0.20900000 -0.02338269 0.24975000
v 0.21052930 -0.02333262 0.24975000
v 0.21205205 -0.02318264 0.24975000
v 0.21356174 -0.02293339 0.24975000
v 0.21505188 -0.02258594 0.24975000
v 0.21651612 -0.02214177 0.24975000
v 0.21794817 -0.02160278 0.24975000
v 0.21934190 -0.02097129 0.24975000
v 0.22069134 -0.02025000 0.24975000
v 0.22199072 -0.01944199 0.24975000
v 0.22323448 -0.01855073 0.24975000
v 0.22441728 -0.01758003 0.24975000
v 0.22553406 -0.01653406 0.24975000
v 0.22658003 -0.01541728 0.24975000
v 0.22755073 -0.01423448 0.24975000
v 0.22844199 -0.01299072 0.24975000
v 0.22925000 -0.01169134 0.24975000
v 0.22997129 -0.01034190 0.24975000
v 0.23060278 -0.00894817 0.24975000
v 0.23114177 -0.00751612 0.24975000
v 0.23158594 -0.00605188 0.24975000
v 0.23193339 -0.00456174 0.24975000
v 0.23218264 -0.00305205 0.24975000
v 0.23233262 -0.00152930 0.24975000
v 0.23321556 0.00000000 0.24856692
v 0.23316372 0.00158377 0.24856692
v 0.23300840 0.00316077 0.24856692
v 0.23275027 0.00472422 0.24856692
v 0.23239044 0.00626745 0.24856692
v 0.23193045 0.00778384 0.24856692
v 0.23137226 0.00926690 0.24856692
v 0.23071828 0.01071027 0.24856692
v 0.22997129 0.01210778 0.24856692
v 0.22913451 0.01345345 0.24856692
v 0.22821150 0.01474150 0.24856692
v 0.22720622 0.01596643 0.24856692
v 0.22612299 0.01712299 0.24856692
v 0.22496643 0.01820622 0.24856692
v 0.22374150 0.01921150 0.24856692
v 0.22245345 0.02013451 0.24856692
v 0.22110778 0.02097129 0.24856692
v 0.21971027 0.02171828 0.24856692
v 0.21826690 0.02237226 0.24856692
v 0.21678384 0.02293045 0.24856692
v 0.21526745 0.02339044 0.24856692
v 0.21372422 0.02375027 0.24856692
v 0.21216077 0.02400840 0.24856692
v 0.21058377 0.02416372 0.24856692
v 0.20900000 0.02421556 0.24856692
v 0.20741623 0.02416372 0.24856692
v 0.20583923 0.02400840 0.24856692
v 0.20427578 0.02375027 0.24856692
v 0.20273255 0.02339044 0.24856692
v 0.20121616 0.02293045 0.24856692
v 0.19973310 0.02237226 0.24856692
v 0.19828973 0.02171828 0.24856692
v 0.19689222 0.02097129 0.24856692
v 0.19554655 0.02013451 0.24856692
v 0.19425850 0.01921150 0.24856692
v 0.19303357 0.01820622 0.24856692
v 0.19187701 0.01712299 0.24856692
v 0.19079378 0.01596643 0.24856692
v 0.18978850 0.01474150 0.24856692
v 0.18886549 0.01345345 0.24856692
v 0.18802871 0.01210778 0.24856692
v 0.18728172 0.01071027 0.24856692
v 0.18662774 0.00926690 0.24856692
v 0.18606955 0.00778384 0.24856692
v 0.18560956 0.00626745 0.24856692
v 0.18524973 0.00472422 0.24856692
v 0.18499160 0.00316077 0.24856692
v 0.18483628 0.00158377 0.24856692
v 0.18478444 0.00000000 0.24856692
v 0.18483628 -0.00158377 0.24856692
v 0.18499160 -0.00316077 0.24856692
v 0.18524973 -0.00472422 0.24856692
v 0.18560956 -0.00626745 0.24856692
v 0.18606955 -0.00778384 0.24856692
v 0.18662774 -0.00926690 0.24856692
v 0.18728172 -0.01071027 0.24856692
v 0.18802871 -0.01210778 0.24856692
v 0.18886549 -0.01345345 0.24856692
v 0.18978850 -0.01474150 0.24856692
v 0.19079378 -0.01596643 0.24856692
v 0.19187701 -0.01712299 0.24856692
v 0.19303357 -0.01820622 0.24856692
v 0.19425850 -0.01921150 0.24856692
v 0.19554655 -0.02013451 0.24856692
v 0.19689222 -0.02097129 0.24856692
v 0.19828973 -0.02171828 0.24856692
v 0.19973310 -0.02237226 0.24856692
v 0.20121616 -0.02293045 0.24856692
v 0.20273255 -0.02339044 0.24856692
v 0.20427578 -0.02375027 0.24856692
v 0.20583923 -0.02400840 0.24856692
v 0.20741623 -0.02416372 0.24856692
v 0.20900000 -0.02421556 0.24856692
v 0.21058377 -0.02416372 0.24856692
v 0.21216077 -0.02400840 0.24856692
v 0.21372422 -0.02375027 0.24856692
v 0.21526745 -0.02339044 0.24856692
v 0.21678384 -0.02293045 0.24856692
v 0.21826690 -0.02237226 0.24856692
v 0.21971027 -0.02171828 0.24856692
v 0.22110778 -0.02097129 0.24856692
v 0.22245345 -0.02013451 0.24856692
v 0.22374150 -0.01921150 0.24856692
v 0.22496643 -0.01820622 0.24856692
v 0.22612299 -0.01712299 0.24856692
v 0.22720622 -0.01596643 0.24856692
v 0.22821150 -0.01474150 0.24856692
v 0.22913451 -0.01345345 0.24856692
v 0.22997129 -0.01210778 0.24856692
v 0.23071828 -0.01071027 0.24856692
v 0.23137226 -0.00926690 0.24856692
v 0.23193045 -0.00778384 0.24856692
v 0.23239044 -0.00626745 0.24856692
v 0.23275027 -0.00472422 0.24856692
v 0.23300840 -0.00316077 0.24856692
v 0.23316372 -0.00158377 0.24856692
v 0.23394475 0.00000000 0.24734501
v 0.23389134 0.00163146 0.24734501
v 0.23373134 0.00325594 0.24734501
v 0.23346544 0.00486648 0.24734501
v 0.23309478 0.00645618 0.24734501
v 0.23262093 0.00801823 0.24734501
v 0.23204594 0.00954594 0.24734501
v 0.23137226 0.01103278 0.24734501
v 0.23060278 0.01247237 0.24734501
v 0.22974080 0.01385856 0.24734501
v 0.22879000 0.01518540 0.24734501
v 0.22775445 0.01644721 0.24734501
v 0.22663860 0.01763860 0.24734501
v 0.22544721 0.01875445 0.24734501
v 0.22418540 0.01979000 0.24734501
v 0.22285856 0.02074080 0.24734501
v 0.22147237 0.02160278 0.24734501
v 0.22003278 0.02237226 0.24734501
v 0.21854594 0.02304594 0.24734501
v 0.21701823 0.02362093 0.24734501
v 0.21545618 0.02409478 0.24734501
v 0.21386648 0.02446544 0.24734501
v 0.21225594 0.02473134 0.24734501
v 0.21063146 0.02489134 0.24734501
v 0.20900000 0.02494475 0.24734501
v 0.20736854 0.02489134 0.24734501
v 0.20574406 0.02473134 0.24734501
v 0.20413352 0.02446544 0.24734501
v 0.20254382 0.02409478 0.24734501
v 0.20098177 0.02362093 0.24734501
v 0.19945406 0.02304594 0.24734501
v 0.19796722 0.02237226 0.24734501
v 0.19652763 0.02160278 0.24734501
v 0.19514144 0.02074080 0.24734501
v 0.19381460 0.01979000 0.24734501
v 0.19255279 0.01875445 0.24734501
v 0.19136140 0.01763860 0.24734501
v 0.19024555 0.01644721 0.24734501
v 0.18921000 0.01518540 0.24734501
v 0.18825920 0.01385856 0.24734501
v 0.18739722 0.01247237 0.24734501
v 0.18662774 0.01103278 0.24734501
v 0.18595406 0.00954594 0.24734501
v 0.18537907 0.00801823 0.24734501
v 0.18490522 0.00645618 0.24734501
v 0.18453456 0.00486648 0.24734501
v 0.18426866 0.00325594 0.24734501
v 0.18410866 0.00163146 0.24734501
v 0.18405525 0.00000000 0.24734501
v 0.18410866 -0.00163146 0.24734501
v 0.18426866 -0.00325594 0.24734501
v 0.18453456 -0.00486648 0.24734501
v 0.18490522 -0.00645618 0.24734501
v 0.18537907 -0.00801823 0.24734501
v 0.18595406 -0.00954594 0.24734501
v 0.18662774 -0.01103278 0.24734501
v 0.18739722 -0.01247237 0.24734501
v 0.18825920 -0.01385856 0.24734501
v 0.18921000 -0.01518540 0.24734501
v 0.19024555 -0.01644721 0.24734501
v 0.19136140 -0.01763860 0.24734501
v 0.19255279 -0.01875445 0.24734501
v 0.19381460 -0.01979000 0.24734501
v 0.19514144 -0.02074080 0.24734501
v 0.19652763 -0.02160278 0.24734501
v 0.19796722 -0.02237226 0.24734501
v 0.19945406 -0.02304594 0.24734501
v 0.20098177 -0.02362093 0.24734501
v 0.20254382 -0.02409478 0.24734501
v 0.20413352 -0.02446544 0.24734501
v 0.20574406 -0.02473134 0.24734501
v 0.20736854 -0.02489134 0.24734501
v 0.20900000 -0.02494475 0.24734501
v 0.21063146 -0.02489134 0.24734501
v 0.21225594 -0.02473134 0.24734501
v 0.21386648 -0.02446544 0.24734501
v 0.21545618 -0.02409478 0.24734501
v 0.21701823 -0.02362093 0.24734501
v 0.21854594 -0.02304594 0.24734501
v 0.22003278 -0.02237226 0.24734501
v 0.22147237 -0.02160278 0.24734501
v 0.22285856 -0.02074080 0.24734501
v 0.22418540 -0.01979000 0.24734501
v 0.22544721 -0.01875445 0.24734501
v 0.22663860 -0.01763860 0.24734501
v 0.22775445 -0.01644721 0.24734501
v 0.22879000 -0.01518540 0.24734501
v 0.22974080 -0.01385856 0.24734501
v 0.23060278 -0.01247237 0.24734501
v 0.23137226 -0.01103278 0.24734501
v 0.23204594 -0.00954594 0.24734501
v 0.23262093 -0.00801823 0.24734501
v 0.23309478 -0.00645618 0.24734501
v 0.23346544 -0.00486648 0.24734501
v 0.23373134 -0.00325594 0.24734501
v 0.23389134 -0.00163146 0.24734501
v 0.23456711 0.00000000 0.24608951
v 0.23451237 0.00167217 0.24608951
v 0.23434838 0.00333718 0.24608951
v 0.23407585 0.00498790 0.24608951
v 0.23369594 0.00661726 0.24608951
v 0.23321027 0.00821828 0.24608951
v 0.23262093 0.00978411 0.24608951
v 0.23193045 0.01130805 0.24608951
v 0.23114177 0.01278356 0.24608951
v 0.23025828 0.01420433 0.24608951
v 0.22928375 0.01556427 0.24608951
v 0.22822237 0.01685757 0.24608951
v 0.22707868 0.01807868 0.24608951
v 0.22585757 0.01922237 0.24608951
v 0.22456427 0.02028375 0.24608951
v 0.22320433 0.02125828 0.24608951
v 0.22178356 0.02214177 0.24608951
v 0.22030805 0.02293045 0.24608951
v 0.21878411 0.02362093 0.24608951
v 0.21721828 0.02421027 0.24608951
v 0.21561726 0.02469594 0.24608951
v 0.21398790 0.02507585 0.24608951
v 0.21233718 0.02534838 0.24608951
v 0.21067217 0.02551237 0.24608951
v 0.20900000 0.02556711 0.24608951
v 0.20732783 0.02551237 0.24608951
v 0.20566282 0.02534838 0.24608951
v 0.20401210 0.02507585 0.24608951
v 0.20238274 0.02469594 0.24608951
v 0.20078172 0.02421027 0.24608951
v 0.19921589 0.02362093 0.24608951
v 0.19769195 0.02293045 0.24608951
v 0.19621644 0.02214177 0.24608951
v 0.19479567 0.02125828 0.24608951
v 0.19343573 0.02028375 0.24608951
v 0.19214243 0.01922237 0.24608951
v 0.19092132 0.01807868 0.24608951
v 0.18977763 0.01685757 0.24608951
v 0.18871625 0.01556427 0.24608951
v 0.18774172 0.01420433 0.24608951
v 0.18685823 0.01278356 0.24608951
v 0.18606955 0.01130805 0.24608951
v 0.18537907 0.00978411 0.24608951
v 0.18478973 0.00821828 0.24608951
v 0.18430406 0.00661726 0.24608951
v 0.18392415 0.00498790 0.24608951
v 0.18365162 0.00333718 0.24608951
v 0.18348763 0.00167217 0.24608951
v 0.18343289 0.00000000 0.24608951
v 0.18348763 -0.00167217 0.24608951
v 0.18365162 -0.00333718 0.24608951
v 0.18392415 -0.00498790 0.24608951
v 0.18430406 -0.00661726 0.24608951
v 0.18478973 -0.00821828 0.24608951
v 0.18537907 -0.00978411 0.24608951
v 0.18606955 -0.01130805 0.24608951
v 0.18685823 -0.01278356 0.24608951
v 0.18774172 -0.01420433 0.24608951
v 0.18871625 -0.01556427 0.24608951
v 0.18977763 -0.01685757 0.24608951
v 0.19092132 -0.01807868 0.24608951
v 0.19214243 -0.01922237 0.24608951
v 0.19343573 -0.02028375 0.24608951
v 0.19479567 -0.02125828 0.24608951
v 0.19621644 -0.02214177 0.24608951
v 0.19769195 -0.02293045 0.24608951
v 0.19921589 -0.02362093 0.24608951
v 0.20078172 -0.02421027 0.24608951
v 0.20238274 -0.02469594 0.24608951
v 0.20401210 -0.02507585 0.24608951
v 0.20566282 -0.02534838 0.24608951
v 0.20732783 -0.02551237 0.24608951
v 0.20900000 -0.02556711 0.24608951
v 0.21067217 -0.02551237 0.24608951
v 0.21233718 -0.02534838 0.24608951
v 0.21398790 -0.02507585 0.24608951
v 0.21561726 -0.02469594 0.24608951
v 0.21721828 -0.02421027 0.24608951
v 0.21878411 -0.02362093 0.24608951
v 0.22030805 -0.02293045 0.24608951
v 0.22178356 -0.02214177 0.24608951
v 0.22320433 -0.02125828 0.24608951
v 0.22456427 -0.02028375 0.24608951
v 0.22585757 -0.01922237 0.24608951
v 0.22707868 -0.01807868 0.24608951
v 0.22822237 -0.01685757 0.24608951
v 0.22928375 -0.01556427 0.24608951
v 0.23025828 -0.01420433 0.24608951
v 0.23114177 -0.01278356 0.24608951
v 0.23193045 -0.01130805 0.24608951
v 0.23262093 -0.00978411 0.24608951
v 0.23321027 -0.00821828 0.24608951
v 0.23369594 -0.00661726 0.24608951
v 0.23407585 -0.00498790 0.24608951
v 0.23434838 -0.00333718 0.24608951
v 0.23451237 -0.00167217 0.24608951
v 0.23508000 0.00000000 0.24480579
v 0.23502416 0.00170571 0.24480579
v 0.23485688 0.00340412 0.24480579
v 0.23457888 0.00508796 0.24480579
v 0.23419134 0.00675000 0.24480579
v 0.23369594 0.00838314 0.24480579
v 0.23309478 0.00998038 0.24480579
v 0.23239044 0.01153489 0.24480579
v 0.23158594 0.01304000 0.24480579
v 0.23068473 0.01448927 0.24480579
v 0.22969065 0.01587650 0.24480579
v 0.22860798 0.01719574 0.24480579
v 0.22744134 0.01844134 0.24480579
v 0.22619574 0.01960798 0.24480579
v 0.22487650 0.02069065 0.24480579
v 0.22348927 0.02168473 0.24480579
v 0.22204000 0.02258594 0.24480579
v 0.22053489 0.02339044 0.24480579
v 0.21898038 0.02409478 0.24480579
v 0.21738314 0.02469594 0.24480579
v 0.21575000 0.02519134 0.24480579
v 0.21408796 0.02557888 0.24480579
v 0.21240412 0.02585688 0.24480579
v 0.21070571 0.02602416 0.24480579
v 0.20900000 0.02608000 0.24480579
v 0.20729429 0.02602416 0.24480579
v 0.20559588 0.02585688 0.24480579
v 0.20391204 0.02557888 0.24480579
v 0.20225000 0.02519134 0.24480579
v 0.20061686 0.02469594 0.24480579
v 0.19901962 0.02409478 0.24480579
v 0.19746511 0.02339044 0.24480579
v 0.19596000 0.02258594 0.24480579
v 0.19451073 0.02168473 0.24480579
v 0.19312350 0.02069065 0.24480579
v 0.19180426 0.01960798 0.24480579
v 0.19055866 0.01844134 0.24480579
v 0.18939202 0.01719574 0.24480579
v 0.18830935 0.01587650 0.24480579
v 0.18731527 0.01448927 0.24480579
v 0.18641406 0.01304000 0.24480579
v 0.18560956 0.01153489 0.24480579
v 0.18490522 0.00998038 0.24480579
v 0.18430406 0.00838314 0.24480579
v 0.18380866 0.00675000 0.24480579
v 0.18342112 0.00508796 0.24480579
v 0.18314312 0.00340412 0.24480579
v 0.18297584 0.00170571 0.24480579
v 0.18292000 0.00000000 0.24480579
v 0.18297584 -0.00170571 0.24480579
v 0.18314312 -0.00340412 0.24480579
v 0.18342112 -0.00508796 0.24480579
v 0.18380866 -0.00675000 0.24480579
v 0.18430406 -0.00838314 0.24480579
v 0.18490522 -0.00998038 0.24480579
v 0.18560956 -0.01153489 0.24480579
v 0.18641406 -0.01304000 0.24480579
v 0.18731527 -0.01448927 0.24480579
v 0.18830935 -0.01587650 0.24480579
v 0.18939202 -0.01719574 0.24480579
v 0.19055866 -0.01844134 0.24480579
v 0.19180426 -0.01960798 0.24480579
v 0.19312350 -0.02069065 0.24480579
v 0.19451073 -0.02168473 0.24480579
v 0.19596000 -0.02258594 0.24480579
v 0.19746511 -0.02339044 0.24480579
v 0.19901962 -0.02409478 0.24480579
v 0.20061686 -0.02469594 0.24480579
v 0.20225000 -0.02519134 0.24480579
v 0.20391204 -0.02557888 0.24480579
v 0.20559588 -0.02585688 0.24480579
v 0.20729429 -0.02602416 0.24480579
v 0.20900000 -0.02608000 0.24480579
v 0.21070571 -0.02602416 0.24480579
v 0.21240412 -0.02585688 0.24480579
v 0.21408796 -0.02557888 0.24480579
v 0.21575000 -0.02519134 0.24480579
v 0.21738314 -0.02469594 0.24480579
v 0.21898038 -0.02409478 0.24480579
v 0.22053489 -0.02339044 0.24480579
v 0.22204000 -0.02258594 0.24480579
v 0.22348927 -0.02168473 0.24480579
v 0.22487650 -0.02069065 0.24480579
v 0.22619574 -0.01960798 0.24480579
v 0.22744134 -0.01844134 0.24480579
v 0.22860798 -0.01719574 0.24480579
v 0.22969065 -0.01587650 0.24480579
v 0.23068473 -0.01448927 0.24480579
v 0.23158594 -0.01304000 0.24480579
v 0.23239044 -0.01153489 0.24480579
v 0.23309478 -0.00998038 0.24480579
v 0.23369594 -0.00838314 0.24480579
v 0.23419134 -0.00675000 0.24480579
v 0.23457888 -0.00508796 0.24480579
v 0.23485688 -0.00340412 0.24480579
v 0.23502416 -0.00170571 0.24480579
v 0.23548120 0.00000000 0.24349935
v 0.23542450 0.00173195 0.24349935
v 0.23525465 0.00345649 0.24349935
v 0.23497237 0.00516623 0.24349935
v 0.23457888 0.00685384 0.24349935
v 0.23407585 0.00851210 0.24349935
v 0.23346544 0.01013392 0.24349935
v 0.23275027 0.01171234 0.24349935
v 0.23193339 0.01324060 0.24349935
v 0.23101832 0.01471217 0.24349935
v 0.23000895 0.01612073 0.24349935
v 0.22890962 0.01746027 0.24349935
v 0.22772504 0.01872504 0.24349935
v 0.22646027 0.01990962 0.24349935
v 0.22512073 0.02100895 0.24349935
v 0.22371217 0.02201832 0.24349935
v 0.22224060 0.02293339 0.24349935
v 0.22071234 0.02375027 0.24349935
v 0.21913392 0.02446544 0.24349935
v 0.21751210 0.02507585 0.24349935
v 0.21585384 0.02557888 0.24349935
v 0.21416623 0.02597237 0.24349935
v 0.21245649 0.02625465 0.24349935
v 0.21073195 0.02642450 0.24349935
v 0.20900000 0.02648120 0.24349935
v 0.20726805 0.02642450 0.24349935
v 0.20554351 0.02625465 0.24349935
v 0.20383377 0.02597237 0.24349935
v 0.20214616 0.02557888 0.24349935
v 0.20048790 0.02507585 0.24349935
v 0.19886608 0.02446544 0.24349935
v 0.19728766 0.02375027 0.24349935
v 0.19575940 0.02293339 0.24349935
v 0.19428783 0.02201832 0.24349935
v 0.19287927 0.02100895 0.24349935
v 0.19153973 0.01990962 0.24349935
v 0.19027496 0.01872504 0.24349935
v 0.18909038 0.01746027 0.24349935
v 0.18799105 0.01612073 0.24349935
v 0.18698168 0.01471217 0.24349935
v 0.18606661 0.01324060 0.24349935
v 0.18524973 0.01171234 0.24349935
v 0.18453456 0.01013392 0.24349935
v 0.18392415 0.00851210 0.24349935
v 0.18342112 0.00685384 0.24349935
v 0.18302763 0.00516623 0.24349935
v 0.18274535 0.00345649 0.24349935
v 0.18257550 0.00173195 0.24349935
v 0.18251880 0.00000000 0.24349935
v 0.18257550 -0.00173195 0.24349935
v 0.18274535 -0.00345649 0.24349935
v 0.18302763 -0.00516623 0.24349935
v 0.18342112 -0.00685384 0.24349935
v 0.18392415 -0.00851210 0.24349935
v 0.18453456 -0.01013392 0.24349935
v 0.18524973 -0.01171234 0.24349935
v 0.18606661 -0.01324060 0.24349935
v 0.18698168 -0.01471217 0.24349935
v 0.18799105 -0.01612073 0.24349935
v 0.18909038 -0.01746027 0.24349935
v 0.19027496 -0.01872504 0.24349935
v 0.19153973 -0.01990962 0.24349935
v 0.19287927 -0.02100895 0.24349935
v 0.19428783 -0.02201832 0.24349935
v 0.19575940 -0.02293339 0.24349935
v 0.19728766 -0.02375027 0.24349935
v 0.19886608 -0.02446544 0.24349935
v 0.20048790 -0.02507585 0.24349935
v 0.20214616 -0.02557888 0.24349935
v 0.20383377 -0.02597237 0.24349935
v 0.20554351 -0.02625465 0.24349935
v 0.20726805 -0.02642450 0.24349935
v 0.20900000 -0.02648120 0.24349935
v 0.21073195 -0.02642450 0.24349935
v 0.21245649 -0.02625465 0.24349935
v 0.21416623 -0.02597237 0.24349935
v 0.21585384 -0.02557888 0.24349935
v 0.21751210 -0.02507585 0.24349935
v 0.21913392 -0.02446544 0.24349935
v 0.22071234 -0.02375027 0.24349935
v 0.22224060 -0.02293339 0.24349935
v 0.22371217 -0.02201832 0.24349935
v 0.22512073 -0.02100895 0.24349935
v 0.22646027 -0.01990962 0.24349935
v 0.22772504 -0.01872504 0.24349935
v 0.22890962 -0.01746027 0.24349935
v 0.23000895 -0.01612073 0.24349935
v 0.23101832 -0.01471217 0.24349935
v 0.23193339 -0.01324060 0.24349935
v 0.23275027 -0.01171234 0.24349935
v 0.23346544 -0.01013392 0.24349935
v 0.23407585 -0.00851210 0.24349935
v 0.23457888 -0.00685384 0.24349935
v 0.23497237 -0.00516623 0.24349935
v 0.23525465 -0.00345649 0.24349935
v 0.23542450 -0.00173195 0.24349935
v 0.23576901 0.00000000 0.24217579
v 0.23571170 0.00175078 0.24217579
v 0.23554000 0.00349406 0.24217579
v 0.23525465 0.00522238 0.24217579
v 0.23485688 0.00692833 0.24217579
v 0.23434838 0.00860462 0.24217579
v 0.23373134 0.01024406 0.24217579
v 0.23300840 0.01183963 0.24217579
v 0.23218264 0.01338451 0.24217579
v 0.23125762 0.01487207 0.24217579
v 0.23023728 0.01629594 0.24217579
v 0.22912601 0.01765004 0.24217579
v 0.22792855 0.01892855 0.24217579
v 0.22665004 0.02012601 0.24217579
v 0.22529594 0.02123728 0.24217579
v 0.22387207 0.02225762 0.24217579
v 0.22238451 0.02318264 0.24217579
v 0.22083963 0.02400840 0.24217579
v 0.21924406 0.02473134 0.24217579
v 0.21760462 0.02534838 0.24217579
v 0.21592833 0.02585688 0.24217579
v 0.21422238 0.02625465 0.24217579
v 0.21249406 0.02654000 0.24217579
v 0.21075078 0.02671170 0.24217579
v 0.20900000 0.02676901 0.24217579
v 0.20724922 0.02671170 0.24217579
v 0.20550594 0.02654000 0.24217579
v 0.20377762 0.02625465 0.24217579
v 0.20207167 0.02585688 0.24217579
v 0.20039538 0.02534838 0.24217579
v 0.19875594 0.02473134 0.24217579
v 0.19716037 0.02400840 0.24217579
v 0.19561549 0.02318264 0.24217579
v 0.19412793 0.02225762 0.24217579
v 0.19270406 0.02123728 0.24217579
v 0.19134996 0.02012601 0.24217579
v 0.19007145 0.01892855 0.24217579
v 0.18887399 0.01765004 0.24217579
v 0.18776272 0.01629594 0.24217579
v 0.18674238 0.01487207 0.24217579
v 0.18581736 0.01338451 0.24217579
v 0.18499160 0.01183963 0.24217579
v 0.18426866 0.01024406 0.24217579
v 0.18365162 0.00860462 0.24217579
v 0.18314312 0.00692833 0.24217579
v 0.18274535 0.00522238 0.24217579
v 0.18246000 0.00349406 0.24217579
v 0.18228830 0.00175078 0.24217579
v 0.18223099 0.00000000 0.24217579
v 0.18228830 -0.00175078 0.24217579
v 0.18246000 -0.00349406 0.24217579
v 0.18274535 -0.00522238 0.24217579
v 0.18314312 -0.00692833 0.24217579
v 0.18365162 -0.00860462 0.24217579
v 0.18426866 -0.01024406 0.24217579
v 0.18499160 -0.01183963 0.24217579
v 0.18581736 -0.01338451 0.24217579
v 0.18674238 -0.01487207 0.24217579
v 0.18776272 -0.01629594 0.24217579
v 0.18887399 -0.01765004 0.24217579
v 0.19007145 -0.01892855 0.24217579
v 0.19134996 -0.02012601 0.24217579
v 0.19270406 -0.02123728 0.24217579
v 0.19412793 -0.02225762 0.24217579
v 0.19561549 -0.02318264 0.24217579
v 0.19716037 -0.02400840 0.24217579
v 0.19875594 -0.02473134 0.24217579
v 0.20039538 -0.02534838 0.24217579
v 0.20207167 -0.02585688 0.24217579
v 0.20377762 -0.02625465 0.24217579
v 0.20550594 -0.02654000 0.24217579
v 0.20724922 -0.02671170 0.24217579
v 0.20900000 -0.02676901 0.24217579
v 0.21075078 -0.02671170 0.24217579
v 0.21249406 -0.02654000 0.24217579
v 0.21422238 -0.02625465 0.24217579
v 0.21592833 -0.02585688 0.24217579
v 0.21760462 -0.02534838 0.24217579
v 0.21924406 -0.02473134 0.24217579
v 0.22083963 -0.02400840 0.24217579
v 0.22238451 -0.02318264 0.24217579
v 0.22387207 -0.02225762 0.24217579
v 0.22529594 -0.02123728 0.24217579
v 0.22665004 -0.02012601 0.24217579
v 0.22792855 -0.01892855 0.24217579
v 0.22912601 -0.01765004 0.24217579
v 0.23023728 -0.01629594 0.24217579
v 0.23125762 -0.01487207 0.24217579
v 0.23218264 -0.01338451 0.24217579
v 0.23300840 -0.01183963 0.24217579
v 0.23373134 -0.01024406 0.24217579
v 0.23434838 -0.00860462 0.24217579
v 0.23485688 -0.00692833 0.24217579
v 0.23525465 -0.00522238 0.24217579
v 0.23554000 -0.00349406 0.24217579
v 0.23571170 -0.00175078 0.24217579
v 0.23594219 0.00000000 0.24084076
v 0.23588451 0.00176210 0.24084076
v 0.23571170 0.00351666 0.24084076
v 0.23542450 0.00525616 0.24084076
v 0.23502416 0.00697315 0.24084076
v 0.23451237 0.00866028 0.24084076
v 0.23389134 0.01031033 0.24084076
v 0.23316372 0.01191623 0.24084076
v 0.23233262 0.01347110 0.24084076
v 0.23140161 0.01496828 0.24084076
v 0.23037468 0.01640137 0.24084076
v 0.22925621 0.01776422 0.24084076
v 0.22805101 0.01905101 0.24084076
v 0.22676422 0.02025621 0.24084076
v 0.22540137 0.02137468 0.24084076
v 0.22396828 0.02240161 0.24084076
v 0.22247110 0.02333262 0.24084076
v 0.22091623 0.02416372 0.24084076
v 0.21931033 0.02489134 0.24084076
v 0.21766028 0.02551237 0.24084076
v 0.21597315 0.02602416 0.24084076
v 0.21425616 0.02642450 0.24084076
v 0.21251666 0.02671170 0.24084076
v 0.21076210 0.02688451 0.24084076
v 0.20900000 0.02694219 0.24084076
v 0.20723790 0.02688451 0.24084076
v 0.20548334 0.02671170 0.24084076
v 0.20374384 0.02642450 0.24084076
v 0.20202685 0.02602416 0.24084076
v 0.20033972 0.02551237 0.24084076
v 0.19868967 0.02489134 0.24084076
v 0.19708377 0.02416372 0.24084076
v 0.19552890 0.02333262 0.24084076
v 0.19403172 0.02240161 0.24084076
v 0.19259863 0.02137468 0.24084076
v 0.19123578 0.02025621 0.24084076
v 0.18994899 0.01905101 0.24084076
v 0.18874379 0.01776422 0.24084076
v 0.18762532 0.01640137 0.24084076
v 0.18659839 0.01496828 0.24084076
v 0.18566738 0.01347110 0.24084076
v 0.18483628 0.01191623 0.24084076
v 0.18410866 0.01031033 0.24084076
v 0.18348763 0.00866028 0.24084076
v 0.18297584 0.00697315 0.24084076
v 0.18257550 0.00525616 0.24084076
v 0.18228830 0.00351666 0.24084076
v 0.18211549 0.00176210 0.24084076
v 0.18205781 0.00000000 0.24084076
v 0.18211549 -0.00176210 0.24084076
v 0.18228830 -0.00351666 0.24084076
v 0.18257550 -0.00525616 0.24084076
v 0.18297584 -0.00697315 0.24084076
v 0.18348763 -0.00866028 0.24084076
v 0.18410866 -0.01031033 0.24084076
v 0.18483628 -0.01191623 0.24084076
v 0.18566738 -0.01347110 0.24084076
v 0.18659839 -0.01496828 0.24084076
v 0.18762532 -0.01640137 0.24084076
v 0.18874379 -0.01776422 0.24084076
v 0.18994899 -0.01905101 0.24084076
v 0.19123578 -0.02025621 0.24084076
v 0.19259863 -0.02137468 0.24084076
v 0.19403172 -0.02240161 0.24084076
v 0.19552890 -0.02333262 0.24084076
v 0.19708377 -0.02416372 0.24084076
v 0.19868967 -0.02489134 0.24084076
v 0.20033972 -0.02551237 0.24084076
v 0.20202685 -0.02602416 0.24084076
v 0.20374384 -0.02642450 0.24084076
v 0.20548334 -0.02671170 0.24084076
v 0.20723790 -0.02688451 0.24084076
v 0.20900000 -0.02694219 0.24084076
v 0.21076210 -0.02688451 0.24084076
v 0.21251666 -0.02671170 0.24084076
v 0.21425616 -0.02642450 0.24084076
v 0.21597315 -0.02602416 0.24084076
v 0.21766028 -0.02551237 0.24084076
v 0.21931033 -0.02489134 0.24084076
v 0.22091623 -0.02416372 0.24084076
v 0.22247110 -0.02333262 0.24084076
v 0.22396828 -0.02240161 0.24084076
v 0.22540137 -0.02137468 0.24084076
v 0.22676422 -0.02025621 0.24084076
v 0.22805101 -0.01905101 0.24084076
v 0.22925621 -0.01776422 0.24084076
v 0.23037468 -0.01640137 0.24084076
v 0.23140161 -0.01496828 0.24084076
v 0.23233262 -0.01347110 0.24084076
v 0.23316372 -0.01191623 0.24084076
v 0.23389134 -0.01031033 0.24084076
v 0.23451237 -0.00866028 0.24084076
v 0.23502416 -0.00697315 0.24084076
v 0.23542450 -0.00525616 0.24084076
v 0.23571170 -0.00351666 0.24084076
v 0.23588451 -0.00176210 0.24084076
v 0.23600000 0.00000000 0.23950000
v 0.23594219 0.00176588 0.23950000
v 0.23576901 0.00352421 0.23950000
v 0.23548120 0.00526744 0.23950000
v 0.23508000 0.00698811 0.23950000
v 0.23456711 0.00867887 0.23950000
v 0.23394475 0.01033245 0.23950000
v 0.23321556 0.01194179 0.23950000
v 0.23238269 0.01350000 0.23950000
v 0.23144968 0.01500040 0.23950000
v 0.23042054 0.01643656 0.23950000
v 0.22929967 0.01780234 0.23950000
v 0.22809188 0.01909188 0.23950000
v 0.22680234 0.02029967 0.23950000
v 0.22543656 0.02142054 0.23950000
v 0.22400040 0.02244968 0.23950000
v 0.22250000 0.02338269 0.23950000
v 0.22094179 0.02421556 0.23950000
v 0.21933245 0.02494475 0.23950000
v 0.21767887 0.02556711 0.23950000
v 0.21598811 0.02608000 0.23950000
v 0.21426744 0.02648120 0.23950000
v 0.21252421 0.02676901 0.23950000
v 0.21076588 0.02694219 0.23950000
v 0.20900000 0.02700000 0.23950000
v 0.20723412 0.02694219 0.23950000
v 0.20547579 0.02676901 0.23950000
v 0.20373256 0.02648120 0.23950000
v 0.20201189 0.02608000 0.23950000
v 0.20032113 0.02556711 0.23950000
v 0.19866755 0.02494475 0.23950000
v 0.19705821 0.02421556 0.23950000
v 0.19550000 0.02338269 0.23950000
v 0.19399960 0.02244968 0.23950000
v 0.19256344 0.02142054 0.23950000
v 0.19119766 0.02029967 0.23950000
v 0.18990812 0.01909188 0.23950000
v 0.18870033 0.01780234 0.23950000
v 0.18757946 0.01643656 0.23950000
v 0.18655032 0.01500040 0.23950000
v 0.18561731 0.01350000 0.23950000
v 0.18478444 0.01194179 0.23950000
v 0.18405525 0.01033245 0.23950000
v 0.18343289 0.00867887 0.23950000
v 0.18292000 0.00698811 0.23950000
v 0.18251880 0.00526744 0.23950000
v 0.18223099 0.00352421 0.23950000
v 0.18205781 0.00176588 0.23950000
v 0.18200000 0.00000000 0.23950000
v 0.18205781 -0.00176588 0.23950000
v 0.18223099 -0.00352421 0.23950000
v 0.18251880 -0.00526744 0.23950000
v 0.18292000 -0.00698811 0.23950000
v 0.18343289 -0.00867887 0.23950000
v 0.18405525 -0.01033245 0.23950000
v 0.18478444 -0.01194179 0.23950000
v 0.18561731 -0.01350000 0.23950000
v 0.18655032 -0.01500040 0.23950000
v 0.18757946 -0.01643656 0.23950000
v 0.18870033 -0.01780234 0.23950000
v 0.18990812 -0.01909188 0.23950000
v 0.19119766 -0.02029967 0.23950000
v 0.19256344 -0.02142054 0.23950000
v 0.19399960 -0.02244968 0.23950000
v 0.19550000 -0.02338269 0.23950000
v 0.19705821 -0.02421556 0.23950000
v 0.19866755 -0.02494475 0.23950000
v 0.20032113 -0.02556711 0.23950000
v 0.20201189 -0.02608000 0.23950000
v 0.20373256 -0.02648120 0.23950000
v 0.20547579 -0.02676901 0.23950000
v 0.20723412 -0.02694219 0.23950000
v 0.20900000 -0.02700000 0.23950000
v 0.21076588 -0.02694219 0.23950000
v 0.21252421 -0.02676901 0.23950000
v 0.21426744 -0.02648120 0.23950000
v 0.21598811 -0.02608000 0.23950000
v 0.21767887 -0.02556711 0.23950000
v 0.21933245 -0.02494475 0.23950000
v 0.22094179 -0.02421556 0.23950000
v 0.22250000 -0.02338269 0.23950000
v 0.22400040 -0.02244968 0.23950000
v 0.22543656 -0.02142054 0.23950000
v 0.22680234 -0.02029967 0.23950000
v 0.22809188 -0.01909188 0.23950000
v 0.22929967 -0.01780234 0.23950000
v 0.23042054 -0.01643656 0.23950000
v 0.23144968 -0.01500040 0.23950000
v 0.23238269 -0.01350000 0.23950000
v 0.23321556 -0.01194179 0.23950000
v 0.23394475 -0.01033245 0.23950000
v 0.23456711 -0.00867887 0.23950000
v 0.23508000 -0.00698811 0.23950000
v 0.23548120 -0.00526744 0.23950000
v 0.23576901 -0.00352421 0.23950000
v 0.23594219 -0.00176588 0.23950000
v 0.01960000 -0.05000000 1.44100000
v 0.01960000 -0.05000000 1.43400000
v 0.02140000 -0.05000000 1.43400000
v 0.02140000 -0.05000000 1.44100000
v 0.01960000 -0.04931388 1.43403371
v 0.02140000 -0.04931388 1.43403371
v 0.01960000 -0.04863437 1.43413450
v 0.02140000 -0.04863437 1.43413450
v 0.01960000 -0.04796801 1.43430142
v 0.02140000 -0.04796801 1.43430142
v 0.01960000 -0.04732122 1.43453284
v 0.02140000 -0.04732122 1.43453284
v 0.01960000 -0.04670022 1.43482655
v 0.02140000 -0.04670022 1.43482655
v 0.01960000 -0.04611101 1.43517971
v 0.02140000 -0.04611101 1.43517971
v 0.01960000 -0.04555925 1.43558893
v 0.02140000 -0.04555925 1.43558893
v 0.01960000 -0.04505025 1.43605025
v 0.02140000 -0.04505025 1.43605025
v 0.01960000 -0.04458893 1.43655925
v 0.02140000 -0.04458893 1.43655925
v 0.01960000 -0.04417971 1.43711101
v 0.02140000 -0.04417971 1.43711101
v 0.01960000 -0.04382655 1.43770022
v 0.02140000 -0.04382655 1.43770022
v 0.01960000 -0.04353284 1.43832122
v 0.02140000 -0.04353284 1.43832122
v 0.01960000 -0.04330142 1.43896801
v 0.02140000 -0.04330142 1.43896801
v 0.01960000 -0.04313450 1.43963437
v 0.02140000 -0.04313450 1.43963437
v 0.01960000 -0.04303371 1.44031388
v 0.02140000 -0.04303371 1.44031388
v 0.01960000 -0.04300000 1.44100000
v 0.02140000 -0.04300000 1.44100000
v 0.01960000 -0.04303371 1.44168612
v 0.02140000 -0.04303371 1.44168612
v 0.01960000 -0.04313450 1.44236563
v 0.02140000 -0.04313450 1.44236563
v 0.01960000 -0.04330142 1.44303199
v 0.02140000 -0.04330142 1.44303199
v 0.01960000 -0.04353284 1.44367878
v 0.02140000 -0.04353284 1.44367878
v 0.01960000 -0.04382655 1.44429978
v 0.02140000 -0.04382655 1.44429978
v 0.01960000 -0.04417971 1.44488899
v 0.02140000 -0.04417971 1.44488899
v 0.01960000 -0.04458893 1.44544075
v 0.02140000 -0.04458893 1.44544075
v 0.01960000 -0.04505025 1.44594975
v 0.02140000 -0.04505025 1.44594975
v 0.01960000 -0.04555925 1.44641107
v 0.02140000 -0.04555925 1.44641107
v 0.01960000 -0.04611101 1.44682029
v 0.02140000 -0.04611101 1.44682029
v 0.01960000 -0.04670022 1.44717345
v 0.02140000 -0.04670022 1.44717345
v 0.01960000 -0.04732122 1.44746716
v 0.02140000 -0.04732122 1.44746716
v 0.01960000 -0.04796801 1.44769858
v 0.02140000 -0.04796801 1.44769858
v 0.01960000 -0.04863437 1.44786550
v 0.02140000 -0.04863437 1.44786550
v 0.01960000 -0.04931388 1.44796629
v 0.02140000 -0.04931388 1.44796629
v 0.01960000 -0.05000000 1.44800000
v 0.02140000 -0.05000000 1.44800000
v 0.01960000 -0.05068612 1.44796629
v 0.02140000 -0.05068612 1.44796629
v 0.01960000 -0.05136563 1.44786550
v 0.02140000 -0.05136563 1.44786550
v 0.01960000 -0.05203199 1.44769858
v 0.02140000 -0.05203199 1.44769858
v 0.01960000 -0.05267878 1.44746716
v 0.02140000 -0.05267878 1.44746716
v 0.01960000 -0.05329978 1.44717345
v 0.02140000 -0.05329978 1.44717345
v 0.01960000 -0.05388899 1.44682029
v 0.02140000 -0.05388899 1.44682029
v 0.01960000 -0.05444075 1.44641107
v 0.02140000 -0.05444075 1.44641107
v 0.01960000 -0.05494975 1.44594975
v 0.02140000 -0.05494975 1.44594975
v 0.01960000 -0.05541107 1.44544075
v 0.02140000 -0.05541107 1.44544075
v 0.01960000 -0.05582029 1.44488899
v 0.02140000 -0.05582029 1.44488899
v 0.01960000 -0.05617345 1.44429978
v 0.02140000 -0.05617345 1.44429978
v 0.01960000 -0.05646716 1.44367878
v 0.02140000 -0.05646716 1.44367878
v 0.01960000 -0.05669858 1.44303199
v 0.02140000 -0.05669858 1.44303199
v 0.01960000 -0.05686550 1.44236563
v 0.02140000 -0.05686550 1.44236563
v 0.01960000 -0.05696629 1.44168612
v 0.02140000 -0.05696629 1.44168612
v 0.01960000 -0.05700000 1.44100000
v 0.02140000 -0.05700000 1.44100000
v 0.01960000 -0.05696629 1.44031388
v 0.02140000 -0.05696629 1.44031388
v 0.01960000 -0.05686550 1.43963437
v 0.02140000 -0.05686550 1.43963437
v 0.01960000 -0.05669858 1.43896801
v 0.02140000 -0.05669858 1.43896801
v 0.01960000 -0.05646716 1.43832122
v 0.02140000 -0.05646716 1.43832122
v 0.01960000 -0.05617345 1.43770022
v 0.02140000 -0.05617345 1.43770022
v 0.01960000 -0.05582029 1.43711101
v 0.02140000 -0.05582029 1.43711101
v 0.01960000 -0.05541107 1.43655925
v 0.02140000 -0.05541107 1.43655925
v 0.01960000 -0.05494975 1.43605025
v 0.02140000 -0.05494975 1.43605025
v 0.01960000 -0.05444075 1.43558893
v 0.02140000 -0.05444075 1.43558893
v 0.01960000 -0.05388899 1.43517971
v 0.02140000 -0.05388899 1.43517971
v 0.01960000 -0.05329978 1.43482655
v 0.02140000 -0.05329978 1.43482655
v 0.01960000 -0.05267878 1.43453284
v 0.02140000 -0.05267878 1.43453284
v 0.01960000 -0.05203199 1.43430142
v 0.02140000 -0.05203199 1.43430142
v 0.01960000 -0.05136563 1.43413450
v 0.02140000 -0.05136563 1.43413450
v 0.01960000 -0.05068612 1.43403371
v 0.02140000 -0.05068612 1.43403371
v 0.01960000 0.05000000 1.44100000
v 0.01960000 0.05000000 1.43400000
v 0.02140000 0.05000000 1.43400000
v 0.02140000 0.05000000 1.44100000
v 0.01960000 0.05068612 1.43403371
v 0.02140000 0.05068612 1.43403371
v 0.01960000 0.05136563 1.43413450
v 0.02140000 0.05136563 1.43413450
v 0.01960000 0.05203199 1.43430142
v 0.02140000 0.05203199 1.43430142
v 0.01960000 0.05267878 1.43453284
v 0.02140000 0.05267878 1.43453284
v 0.01960000 0.05329978 1.43482655
v 0.02140000 0.05329978 1.43482655
v 0.01960000 0.05388899 1.43517971
v 0.02140000 0.05388899 1.43517971
v 0.01960000 0.05444075 1.43558893
v 0.02140000 0.05444075 1.43558893
v 0.01960000 0.05494975 1.43605025
v 0.02140000 0.05494975 1.43605025
v 0.01960000 0.05541107 1.43655925
v 0.02140000 0.05541107 1.43655925
v 0.01960000 0.05582029 1.43711101
v 0.02140000 0.05582029 1.43711101
v 0.01960000 0.05617345 1.43770022
v 0.02140000 0.05617345 1.43770022
v 0.01960000 0.05646716 1.43832122
v 0.02140000 0.05646716 1.43832122
v 0.01960000 0.05669858 1.43896801
v 0.02140000 0.05669858 1.43896801
v 0.01960000 0.05686550 1.43963437
v 0.02140000 0.05686550 1.43963437
v 0.01960000 0.05696629 1.44031388
v 0.02140000 0.05696629 1.44031388
v 0.01960000 0.05700000 1.44100000
v 0.02140000 0.05700000 1.44100000
v 0.01960000 0.05696629 1.44168612
v 0.02140000 0.05696629 1.44168612
v 0.01960000 0.05686550 1.44236563
v 0.02140000 0.05686550 1.44236563
v 0.01960000 0.05669858 1.44303199
v 0.02140000 0.05669858 1.44303199
v 0.01960000 0.05646716 1.44367878
v 0.02140000 0.05646716 1.44367878
v 0.01960000 0.05617345 1.44429978
v 0.02140000 0.05617345 1.44429978
v 0.01960000 0.05582029 1.44488899
v 0.02140000 0.05582029 1.44488899
v 0.01960000 0.05541107 1.44544075
v 0.02140000 0.05541107 1.44544075
v 0.01960000 0.05494975 1.44594975
v 0.02140000 0.05494975 1.44594975
v 0.01960000 0.05444075 1.44641107
v 0.02140000 0.05444075 1.44641107
v 0.01960000 0.05388899 1.44682029
v 0.02140000 0.05388899 1.44682029
v 0.01960000 0.05329978 1.44717345
v 0.02140000 0.05329978 1.44717345
v 0.01960000 0.05267878 1.44746716
v 0.02140000 0.05267878 1.44746716
v 0.01960000 0.05203199 1.44769858
v 0.02140000 0.05203199 1.44769858
v 0.01960000 0.05136563 1.44786550
v 0.02140000 0.05136563 1.44786550
v 0.01960000 0.05068612 1.44796629
v 0.02140000 0.05068612 1.44796629
v 0.01960000 0.05000000 1.44800000
v 0.02140000 0.05000000 1.44800000
v 0.01960000 0.04931388 1.44796629
v 0.02140000 0.04931388 1.44796629
v 0.01960000 0.04863437 1.44786550
v 0.02140000 0.04863437 1.44786550
v 0.01960000 0.04796801 1.44769858
v 0.02140000 0.04796801 1.44769858
v 0.01960000 0.04732122 1.44746716
v 0.02140000 0.04732122 1.44746716
v 0.01960000 0.04670022 1.44717345
v 0.02140000 0.04670022 1.44717345
v 0.01960000 0.04611101 1.44682029
v 0.02140000 0.04611101 1.44682029
v 0.01960000 0.04555925 1.44641107
v 0.02140000 0.04555925 1.44641107
v 0.01960000 0.04505025 1.44594975
v 0.02140000 0.04505025 1.44594975
v 0.01960000 0.04458893 1.44544075
v 0.02140000 0.04458893 1.44544075
v 0.01960000 0.04417971 1.44488899
v 0.02140000 0.04417971 1.44488899
v 0.01960000 0.04382655 1.44429978
v 0.02140000 0.04382655 1.44429978
v 0.01960000 0.04353284 1.44367878
v 0.02140000 0.04353284 1.44367878
v 0.01960000 0.04330142 1.44303199
v 0.02140000 0.04330142 1.44303199
v 0.01960000 0.04313450 1.44236563
v 0.02140000 0.04313450 1.44236563
v 0.01960000 0.04303371 1.44168612
v 0.02140000 0.04303371 1.44168612
v 0.01960000 0.04300000 1.44100000
v 0.02140000 0.04300000 1.44100000
v 0.01960000 0.04303371 1.44031388
v 0.02140000 0.04303371 1.44031388
v 0.01960000 0.04313450 1.43963437
v 0.02140000 0.04313450 1.43963437
v 0.01960000 0.04330142 1.43896801
v 0.02140000 0.04330142 1.43896801
v 0.01960000 0.04353284 1.43832122
v 0.02140000 0.04353284 1.43832122
v 0.01960000 0.04382655 1.43770022
v 0.02140000 0.04382655 1.43770022
v 0.01960000 0.04417971 1.43711101
v 0.02140000 0.04417971 1.43711101
v 0.01960000 0.04458893 1.43655925
v 0.02140000 0.04458893 1.43655925
v 0.01960000 0.04505025 1.43605025
v 0.02140000 0.04505025 1.43605025
v 0.01960000 0.04555925 1.43558893
v 0.02140000 0.04555925 1.43558893
v 0.01960000 0.04611101 1.43517971
v 0.02140000 0.04611101 1.43517971
v 0.01960000 0.04670022 1.43482655
v 0.02140000 0.04670022 1.43482655
v 0.01960000 0.04732122 1.43453284
v 0.02140000 0.04732122 1.43453284
v 0.01960000 0.04796801 1.43430142
v 0.02140000 0.04796801 1.43430142
v 0.01960000 0.04863437 1.43413450
v 0.02140000 0.04863437 1.43413450
v 0.01960000 0.04931388 1.43403371
v 0.02140000 0.04931388 1.43403371
v 0.01960000 0.00000000 1.44100000
v 0.01960000 0.00000000 1.43550000
v 0.02140000 0.00000000 1.43550000
v 0.02140000 0.00000000 1.44100000
v 0.01960000 0.00053909 1.43552648
v 0.02140000 0.00053909 1.43552648
v 0.01960000 0.00107300 1.43560568
v 0.02140000 0.00107300 1.43560568
v 0.01960000 0.00159657 1.43573683
v 0.02140000 0.00159657 1.43573683
v 0.01960000 0.00210476 1.43591866
v 0.02140000 0.00210476 1.43591866
v 0.01960000 0.00259268 1.43614943
v 0.02140000 0.00259268 1.43614943
v 0.01960000 0.00305564 1.43642692
v 0.02140000 0.00305564 1.43642692
v 0.01960000 0.00348916 1.43674844
v 0.02140000 0.00348916 1.43674844
v 0.01960000 0.00388909 1.43711091
v 0.02140000 0.00388909 1.43711091
v 0.01960000 0.00425156 1.43751084
v 0.02140000 0.00425156 1.43751084
v 0.01960000 0.00457308 1.43794436
v 0.02140000 0.00457308 1.43794436
v 0.01960000 0.00485057 1.43840732
v 0.02140000 0.00485057 1.43840732
v 0.01960000 0.00508134 1.43889524
v 0.02140000 0.00508134 1.43889524
v 0.01960000 0.00526317 1.43940343
v 0.02140000 0.00526317 1.43940343
v 0.01960000 0.00539432 1.43992700
v 0.02140000 0.00539432 1.43992700
v 0.01960000 0.00547352 1.44046091
v 0.02140000 0.00547352 1.44046091
v 0.01960000 0.00550000 1.44100000
v 0.02140000 0.00550000 1.44100000
v 0.01960000 0.00547352 1.44153909
v 0.02140000 0.00547352 1.44153909
v 0.01960000 0.00539432 1.44207300
v 0.02140000 0.00539432 1.44207300
v 0.01960000 0.00526317 1.44259657
v 0.02140000 0.00526317 1.44259657
v 0.01960000 0.00508134 1.44310476
v 0.02140000 0.00508134 1.44310476
v 0.01960000 0.00485057 1.44359268
v 0.02140000 0.00485057 1.44359268
v 0.01960000 0.00457308 1.44405564
v 0.02140000 0.00457308 1.44405564
v 0.01960000 0.00425156 1.44448916
v 0.02140000 0.00425156 1.44448916
v 0.01960000 0.00388909 1.44488909
v 0.02140000 0.00388909 1.44488909
v 0.01960000 0.00348916 1.44525156
v 0.02140000 0.00348916 1.44525156
v 0.01960000 0.00305564 1.44557308
v 0.02140000 0.00305564 1.44557308
v 0.01960000 0.00259268 1.44585057
v 0.02140000 0.00259268 1.44585057
v 0.01960000 0.00210476 1.44608134
v 0.02140000 0.00210476 1.44608134
v 0.01960000 0.00159657 1.44626317
v 0.02140000 0.00159657 1.44626317
v 0.01960000 0.00107300 1.44639432
v 0.02140000 0.00107300 1.44639432
v 0.01960000 0.00053909 1.44647352
v 0.02140000 0.00053909 1.44647352
v 0.01960000 0.00000000 1.44650000
v 0.02140000 0.00000000 1.44650000
v 0.01960000 -0.00053909 1.44647352
v 0.02140000 -0.00053909 1.44647352
v 0.01960000 -0.00107300 1.44639432
v 0.02140000 -0.00107300 1.44639432
v 0.01960000 -0.00159657 1.44626317
v 0.02140000 -0.00159657 1.44626317
v 0.01960000 -0.00210476 1.44608134
v 0.02140000 -0.00210476 1.44608134
v 0.01960000 -0.00259268 1.44585057
v 0.02140000 -0.00259268 1.44585057
v 0.01960000 -0.00305564 1.44557308
v 0.02140000 -0.00305564 1.44557308
v 0.01960000 -0.00348916 1.44525156
v 0.02140000 -0.00348916 1.44525156
v 0.01960000 -0.00388909 1.44488909
v 0.02140000 -0.00388909 1.44488909
v 0.01960000 -0.00425156 1.44448916
v 0.02140000 -0.00425156 1.44448916
v 0.01960000 -0.00457308 1.44405564
v 0.02140000 -0.00457308 1.44405564
v 0.01960000 -0.00485057 1.44359268
v 0.02140000 -0.00485057 1.44359268
v 0.01960000 -0.00508134 1.44310476
v 0.02140000 -0.00508134 1.44310476
v 0.01960000 -0.00526317 1.44259657
v 0.02140000 -0.00526317 1.44259657
v 0.01960000 -0.00539432 1.44207300
v 0.02140000 -0.00539432 1.44207300
v 0.01960000 -0.00547352 1.44153909
v 0.02140000 -0.00547352 1.44153909
v 0.01960000 -0.00550000 1.44100000
v 0.02140000 -0.00550000 1.44100000
v 0.01960000 -0.00547352 1.44046091
v 0.02140000 -0.00547352 1.44046091
v 0.01960000 -0.00539432 1.43992700
v 0.02140000 -0.00539432 1.43992700
v 0.01960000 -0.00526317 1.43940343
v 0.02140000 -0.00526317 1.43940343
v 0.01960000 -0.00508134 1.43889524
v 0.02140000 -0.00508134 1.43889524
v 0.01960000 -0.00485057 1.43840732
v 0.02140000 -0.00485057 1.43840732
v 0.01960000 -0.00457308 1.43794436
v 0.02140000 -0.00457308 1.43794436
v 0.01960000 -0.00425156 1.43751084
v 0.02140000 -0.00425156 1.43751084
v 0.01960000 -0.00388909 1.43711091
v 0.02140000 -0.00388909 1.43711091
v 0.01960000 -0.00348916 1.43674844
v 0.02140000 -0.00348916 1.43674844
v 0.01960000 -0.00305564 1.43642692
v 0.02140000 -0.00305564 1.43642692
v 0.01960000 -0.00259268 1.43614943
v 0.02140000 -0.00259268 1.43614943
v 0.01960000 -0.00210476 1.43591866
v 0.02140000 -0.00210476 1.43591866
v 0.01960000 -0.00159657 1.43573683
v 0.02140000 -0.00159657 1.43573683
v 0.01960000 -0.00107300 1.43560568
v 0.02140000 -0.00107300 1.43560568
v 0.01960000 -0.00053909 1.43552648
v 0.02140000 -0.00053909 1.43552648
v 0.01960000 0.01900000 1.44100000
v 0.01960000 0.01900000 1.43800000
v 0.02140000 0.01900000 1.43800000
v 0.02140000 0.01900000 1.44100000
v 0.01960000 0.01929405 1.43801445
v 0.02140000 0.01929405 1.43801445
v 0.01960000 0.01958527 1.43805764
v 0.02140000 0.01958527 1.43805764
v 0.01960000 0.01987085 1.43812918
v 0.02140000 0.01987085 1.43812918
v 0.01960000 0.02014805 1.43822836
v 0.02140000 0.02014805 1.43822836
v 0.01960000 0.02041419 1.43835424
v 0.02140000 0.02041419 1.43835424
v 0.01960000 0.02066671 1.43850559
v 0.02140000 0.02066671 1.43850559
v 0.01960000 0.02090318 1.43868097
v 0.02140000 0.02090318 1.43868097
v 0.01960000 0.02112132 1.43887868
v 0.02140000 0.02112132 1.43887868
v 0.01960000 0.02131903 1.43909682
v 0.02140000 0.02131903 1.43909682
v 0.01960000 0.02149441 1.43933329
v 0.02140000 0.02149441 1.43933329
v 0.01960000 0.02164576 1.43958581
v 0.02140000 0.02164576 1.43958581
v 0.01960000 0.02177164 1.43985195
v 0.02140000 0.02177164 1.43985195
v 0.01960000 0.02187082 1.44012915
v 0.02140000 0.02187082 1.44012915
v 0.01960000 0.02194236 1.44041473
v 0.02140000 0.02194236 1.44041473
v 0.01960000 0.02198555 1.44070595
v 0.02140000 0.02198555 1.44070595
v 0.01960000 0.02200000 1.44100000
v 0.02140000 0.02200000 1.44100000
v 0.01960000 0.02198555 1.44129405
v 0.02140000 0.02198555 1.44129405
v 0.01960000 0.02194236 1.44158527
v 0.02140000 0.02194236 1.44158527
v 0.01960000 0.02187082 1.44187085
v 0.02140000 0.02187082 1.44187085
v 0.01960000 0.02177164 1.44214805
v 0.02140000 0.02177164 1.44214805
v 0.01960000 0.02164576 1.44241419
v 0.02140000 0.02164576 1.44241419
v 0.01960000 0.02149441 1.44266671
v 0.02140000 0.02149441 1.44266671
v 0.01960000 0.02131903 1.44290318
v 0.02140000 0.02131903 1.44290318
v 0.01960000 0.02112132 1.44312132
v 0.02140000 0.02112132 1.44312132
v 0.01960000 0.02090318 1.44331903
v 0.02140000 0.02090318 1.44331903
v 0.01960000 0.02066671 1.44349441
v 0.02140000 0.02066671 1.44349441
v 0.01960000 0.02041419 1.44364576
v 0.02140000 0.02041419 1.44364576
v 0.01960000 0.02014805 1.44377164
v 0.02140000 0.02014805 1.44377164
v 0.01960000 0.01987085 1.44387082
v 0.02140000 0.01987085 1.44387082
v 0.01960000 0.01958527 1.44394236
v 0.02140000 0.01958527 1.44394236
v 0.01960000 0.01929405 1.44398555
v 0.02140000 0.01929405 1.44398555
v 0.01960000 0.01900000 1.44400000
v 0.02140000 0.01900000 1.44400000
v 0.01960000 0.01870595 1.44398555
v 0.02140000 0.01870595 1.44398555
v 0.01960000 0.01841473 1.44394236
v 0.02140000 0.01841473 1.44394236
v 0.01960000 0.01812915 1.44387082
v 0.02140000 0.01812915 1.44387082
v 0.01960000 0.01785195 1.44377164
v 0.02140000 0.01785195 1.44377164
v 0.01960000 0.01758581 1.44364576
v 0.02140000 0.01758581 1.44364576
v 0.01960000 0.01733329 1.44349441
v 0.02140000 0.01733329 1.44349441
v 0.01960000 0.01709682 1.44331903
v 0.02140000 0.01709682 1.44331903
v 0.01960000 0.01687868 1.44312132
v 0.02140000 0.01687868 1.44312132
v 0.01960000 0.01668097 1.44290318
v 0.02140000 0.01668097 1.44290318
v 0.01960000 0.01650559 1.44266671
v 0.02140000 0.01650559 1.44266671
v 0.01960000 0.01635424 1.44241419
v 0.02140000 0.01635424 1.44241419
v 0.01960000 0.01622836 1.44214805
v 0.02140000 0.01622836 1.44214805
v 0.01960000 0.01612918 1.44187085
v 0.02140000 0.01612918 1.44187085
v 0.01960000 0.01605764 1.44158527
v 0.02140000 0.01605764 1.44158527
v 0.01960000 0.01601445 1.44129405
v 0.02140000 0.01601445 1.44129405
v 0.01960000 0.01600000 1.44100000
v 0.02140000 0.01600000 1.44100000
v 0.01960000 0.01601445 1.44070595
v 0.02140000 0.01601445 1.44070595
v 0.01960000 0.01605764 1.44041473
v 0.02140000 0.01605764 1.44041473
v 0.01960000 0.01612918 1.44012915
v 0.02140000 0.01612918 1.44012915
v 0.01960000 0.01622836 1.43985195
v 0.02140000 0.01622836 1.43985195
v 0.01960000 0.01635424 1.43958581
v 0.02140000 0.01635424 1.43958581
v 0.01960000 0.01650559 1.43933329
v 0.02140000 0.01650559 1.43933329
v 0.01960000 0.01668097 1.43909682
v 0.02140000 0.01668097 1.43909682
v 0.01960000 0.01687868 1.43887868
v 0.02140000 0.01687868 1.43887868
v 0.01960000 0.01709682 1.43868097
v 0.02140000 0.01709682 1.43868097
v 0.01960000 0.01733329 1.43850559
v 0.02140000 0.01733329 1.43850559
v 0.01960000 0.01758581 1.43835424
v 0.02140000 0.01758581 1.43835424
v 0.01960000 0.01785195 1.43822836
v 0.02140000 0.01785195 1.43822836
v 0.01960000 0.01812915 1.43812918
v 0.02140000 0.01812915 1.43812918
v 0.01960000 0.01841473 1.43805764
v 0.02140000 0.01841473 1.43805764
v 0.01960000 0.01870595 1.43801445
v 0.02140000 0.01870595 1.43801445
v 0.05000000 0.11860000 1.33600000
v 0.05000000 0.11860000 1.32900000
v 0.05000000 0.12040000 1.32900000
v 0.05000000 0.12040000 1.33600000
v 0.04931388 0.11860000 1.32903371
v 0.04931388 0.12040000 1.32903371
v 0.04863437 0.11860000 1.32913450
v 0.04863437 0.12040000 1.32913450
v 0.04796801 0.11860000 1.32930142
v 0.04796801 0.12040000 1.32930142
v 0.04732122 0.11860000 1.32953284
v 0.04732122 0.12040000 1.32953284
v 0.04670022 0.11860000 1.32982655
v 0.04670022 0.12040000 1.32982655
v 0.04611101 0.11860000 1.33017971
v 0.04611101 0.12040000 1.33017971
v 0.04555925 0.11860000 1.33058893
v 0.04555925 0.12040000 1.33058893
v 0.04505025 0.11860000 1.33105025
v 0.04505025 0.12040000 1.33105025
v 0.04458893 0.11860000 1.33155925
v 0.04458893 0.12040000 1.33155925
v 0.04417971 0.11860000 1.33211101
v 0.04417971 0.12040000 1.33211101
v 0.04382655 0.11860000 1.33270022
v 0.04382655 0.12040000 1.33270022
v 0.04353284 0.11860000 1.33332122
v 0.04353284 0.12040000 1.33332122
v 0.04330142 0.11860000 1.33396801
v 0.04330142 0.12040000 1.33396801
v 0.04313450 0.11860000 1.33463437
v 0.04313450 0.12040000 1.33463437
v 0.04303371 0.11860000 1.33531388
v 0.04303371 0.12040000 1.33531388
v 0.04300000 0.11860000 1.33600000
v 0.04300000 0.12040000 1.33600000
v 0.04303371 0.11860000 1.33668612
v 0.04303371 0.12040000 1.33668612
v 0.04313450 0.11860000 1.33736563
v 0.04313450 0.12040000 1.33736563
v 0.04330142 0.11860000 1.33803199
v 0.04330142 0.12040000 1.33803199
v 0.04353284 0.11860000 1.33867878
v 0.04353284 0.12040000 1.33867878
v 0.04382655 0.11860000 1.33929978
v 0.04382655 0.12040000 1.33929978
v 0.04417971 0.11860000 1.33988899
v 0.04417971 0.12040000 1.33988899
v 0.04458893 0.11860000 1.34044075
v 0.04458893 0.12040000 1.34044075
v 0.04505025 0.11860000 1.34094975
v 0.04505025 0.12040000 1.34094975
v 0.04555925 0.11860000 1.34141107
v 0.04555925 0.12040000 1.34141107
v 0.04611101 0.11860000 1.34182029
v 0.04611101 0.12040000 1.34182029
v 0.04670022 0.11860000 1.34217345
v 0.04670022 0.12040000 1.34217345
v 0.04732122 0.11860000 1.34246716
v 0.04732122 0.12040000 1.34246716
v 0.04796801 0.11860000 1.34269858
v 0.04796801 0.12040000 1.34269858
v 0.04863437 0.11860000 1.34286550
v 0.04863437 0.12040000 1.34286550
v 0.04931388 0.11860000 1.34296629
v 0.04931388 0.12040000 1.34296629
v 0.05000000 0.11860000 1.34300000
v 0.05000000 0.12040000 1.34300000
v 0.05068612 0.11860000 1.34296629
v 0.05068612 0.12040000 1.34296629
v 0.05136563 0.11860000 1.34286550
v 0.05136563 0.12040000 1.34286550
v 0.05203199 0.11860000 1.34269858
v 0.05203199 0.12040000 1.34269858
v 0.05267878 0.11860000 1.34246716
v 0.05267878 0.12040000 1.34246716
v 0.05329978 0.11860000 1.34217345
v 0.05329978 0.12040000 1.34217345
v 0.05388899 0.11860000 1.34182029
v 0.05388899 0.12040000 1.34182029
v 0.05444075 0.11860000 1.34141107
v 0.05444075 0.12040000 1.34141107
v 0.05494975 0.11860000 1.34094975
v 0.05494975 0.12040000 1.34094975
v 0.05541107 0.11860000 1.34044075
v 0.05541107 0.12040000 1.34044075
v 0.05582029 0.11860000 1.33988899
v 0.05582029 0.12040000 1.33988899
v 0.05617345 0.11860000 1.33929978
v 0.05617345 0.12040000 1.33929978
v 0.05646716 0.11860000 1.33867878
v 0.05646716 0.12040000 1.33867878
v 0.05669858 0.11860000 1.33803199
v 0.05669858 0.12040000 1.33803199
v 0.05686550 0.11860000 1.33736563
v 0.05686550 0.12040000 1.33736563
v 0.05696629 0.11860000 1.33668612
v 0.05696629 0.12040000 1.33668612
v 0.05700000 0.11860000 1.33600000
v 0.05700000 0.12040000 1.33600000
v 0.05696629 0.11860000 1.33531388
v 0.05696629 0.12040000 1.33531388
v 0.05686550 0.11860000 1.33463437
v 0.05686550 0.12040000 1.33463437
v 0.05669858 0.11860000 1.33396801
v 0.05669858 0.12040000 1.33396801
v 0.05646716 0.11860000 1.33332122
v 0.05646716 0.12040000 1.33332122
v 0.05617345 0.11860000 1.33270022
v 0.05617345 0.12040000 1.33270022
v 0.05582029 0.11860000 1.33211101
v 0.05582029 0.12040000 1.33211101
v 0.05541107 0.11860000 1.33155925
v 0.05541107 0.12040000 1.33155925
v 0.05494975 0.11860000 1.33105025
v 0.05494975 0.12040000 1.33105025
v 0.05444075 0.11860000 1.33058893
v 0.05444075 0.12040000 1.33058893
v 0.05388899 0.11860000 1.33017971
v 0.05388899 0.12040000 1.33017971
v 0.05329978 0.11860000 1.32982655
v 0.05329978 0.12040000 1.32982655
v 0.05267878 0.11860000 1.32953284
v 0.05267878 0.12040000 1.32953284
v 0.05203199 0.11860000 1.32930142
v 0.05203199 0.12040000 1.32930142
v 0.05136563 0.11860000 1.32913450
v 0.05136563 0.12040000 1.32913450
v 0.05068612 0.11860000 1.32903371
v 0.05068612 0.12040000 1.32903371
v -0.05000000 0.11860000 1.33600000
v -0.05000000 0.11860000 1.32900000
v -0.05000000 0.12040000 1.32900000
v -0.05000000 0.12040000 1.33600000
v -0.05068612 0.11860000 1.32903371
v -0.05068612 0.12040000 1.32903371
v -0.05136563 0.11860000 1.32913450
v -0.05136563 0.12040000 1.32913450
v -0.05203199 0.11860000 1.32930142
v -0.05203199 0.12040000 1.32930142
v -0.05267878 0.11860000 1.32953284
v -0.05267878 0.12040000 1.32953284
v -0.05329978 0.11860000 1.32982655
v -0.05329978 0.12040000 1.32982655
v -0.05388899 0.11860000 1.33017971
v -0.05388899 0.12040000 1.33017971
v -0.05444075 0.11860000 1.33058893
v -0.05444075 0.12040000 1.33058893
v -0.05494975 0.11860000 1.33105025
v -0.05494975 0.12040000 1.33105025
v -0.05541107 0.11860000 1.33155925
v -0.05541107 0.12040000 1.33155925
v -0.05582029 0.11860000 1.33211101
v -0.05582029 0.12040000 1.33211101
v -0.05617345 0.11860000 1.33270022
v -0.05617345 0.12040000 1.33270022
v -0.05646716 0.11860000 1.33332122
v -0.05646716 0.12040000 1.33332122
v -0.05669858 0.11860000 1.33396801
v -0.05669858 0.12040000 1.33396801
v -0.05686550 0.11860000 1.33463437
v -0.05686550 0.12040000 1.33463437
v -0.05696629 0.11860000 1.33531388
v -0.05696629 0.12040000 1.33531388
v -0.05700000 0.11860000 1.33600000
v -0.05700000 0.12040000 1.33600000
v -0.05696629 0.11860000 1.33668612
v -0.05696629 0.12040000 1.33668612
v -0.05686550 0.11860000 1.33736563
v -0.05686550 0.12040000 1.33736563
v -0.05669858 0.11860000 1.33803199
v -0.05669858 0.12040000 1.33803199
v -0.05646716 0.11860000 1.33867878
v -0.05646716 0.12040000 1.33867878
v -0.05617345 0.11860000 1.33929978
v -0.05617345 0.12040000 1.33929978
v -0.05582029 0.11860000 1.33988899
v -0.05582029 0.12040000 1.33988899
v -0.05541107 0.11860000 1.34044075
v -0.05541107 0.12040000 1.34044075
v -0.05494975 0.11860000 1.34094975
v -0.05494975 0.12040000 1.34094975
v -0.05444075 0.11860000 1.34141107
v -0.05444075 0.12040000 1.34141107
v -0.05388899 0.11860000 1.34182029
v -0.05388899 0.12040000 1.34182029
v -0.05329978 0.11860000 1.34217345
v -0.05329978 0.12040000 1.34217345
v -0.05267878 0.11860000 1.34246716
v -0.05267878 0.12040000 1.34246716
v -0.05203199 0.11860000 1.34269858
v -0.05203199 0.12040000 1.34269858
v -0.05136563 0.11860000 1.34286550
v -0.05136563 0.12040000 1.34286550
v -0.05068612 0.11860000 1.34296629
v -0.05068612 0.12040000 1.34296629
v -0.05000000 0.11860000 1.34300000
v -0.05000000 0.12040000 1.34300000
v -0.04931388 0.11860000 1.34296629
v -0.04931388 0.12040000 1.34296629
v -0.04863437 0.11860000 1.34286550
v -0.04863437 0.12040000 1.34286550
v -0.04796801 0.11860000 1.34269858
v -0.04796801 0.12040000 1.34269858
v -0.04732122 0.11860000 1.34246716
v -0.04732122 0.12040000 1.34246716
v -0.04670022 0.11860000 1.34217345
v -0.04670022 0.12040000 1.34217345
v -0.04611101 0.11860000 1.34182029
v -0.04611101 0.12040000 1.34182029
v -0.04555925 0.11860000 1.34141107
v -0.04555925 0.12040000 1.34141107
v -0.04505025 0.11860000 1.34094975
v -0.04505025 0.12040000 1.34094975
v -0.04458893 0.11860000 1.34044075
v -0.04458893 0.12040000 1.34044075
v -0.04417971 0.11860000 1.33988899
v -0.04417971 0.12040000 1.33988899
v -0.04382655 0.11860000 1.33929978
v -0.04382655 0.12040000 1.33929978
v -0.04353284 0.11860000 1.33867878
v -0.04353284 0.12040000 1.33867878
v -0.04330142 0.11860000 1.33803199
v -0.04330142 0.12040000 1.33803199
v -0.04313450 0.11860000 1.33736563
v -0.04313450 0.12040000 1.33736563
v -0.04303371 0.11860000 1.33668612
v -0.04303371 0.12040000 1.33668612
v -0.04300000 0.11860000 1.33600000
v -0.04300000 0.12040000 1.33600000
v -0.04303371 0.11860000 1.33531388
v -0.04303371 0.12040000 1.33531388
v -0.04313450 0.11860000 1.33463437
v -0.04313450 0.12040000 1.33463437
v -0.04330142 0.11860000 1.33396801
v -0.04330142 0.12040000 1.33396801
v -0.04353284 0.11860000 1.33332122
v -0.04353284 0.12040000 1.33332122
v -0.04382655 0.11860000 1.33270022
v -0.04382655 0.12040000 1.33270022
v -0.04417971 0.11860000 1.33211101
v -0.04417971 0.12040000 1.33211101
v -0.04458893 0.11860000 1.33155925
v -0.04458893 0.12040000 1.33155925
v -0.04505025 0.11860000 1.33105025
v -0.04505025 0.12040000 1.33105025
v -0.04555925 0.11860000 1.33058893
v -0.04555925 0.12040000 1.33058893
v -0.04611101 0.11860000 1.33017971
v -0.04611101 0.12040000 1.33017971
v -0.04670022 0.11860000 1.32982655
v -0.04670022 0.12040000 1.32982655
v -0.04732122 0.11860000 1.32953284
v -0.04732122 0.12040000 1.32953284
v -0.04796801 0.11860000 1.32930142
v -0.04796801 0.12040000 1.32930142
v -0.04863437 0.11860000 1.32913450
v -0.04863437 0.12040000 1.32913450
v -0.04931388 0.11860000 1.32903371
v -0.04931388 0.12040000 1.32903371
v 0.00000000 0.11860000 1.33600000
v 0.00000000 0.11860000 1.33050000
v 0.00000000 0.12040000 1.33050000
v 0.00000000 0.12040000 1.33600000
v -0.00053909 0.11860000 1.33052648
v -0.00053909 0.12040000 1.33052648
v -0.00107300 0.11860000 1.33060568
v -0.00107300 0.12040000 1.33060568
v -0.00159657 0.11860000 1.33073683
v -0.00159657 0.12040000 1.33073683
v -0.00210476 0.11860000 1.33091866
v -0.00210476 0.12040000 1.33091866
v -0.00259268 0.11860000 1.33114943
v -0.00259268 0.12040000 1.33114943
v -0.00305564 0.11860000 1.33142692
v -0.00305564 0.12040000 1.33142692
v -0.00348916 0.11860000 1.33174844
v -0.00348916 0.12040000 1.33174844
v -0.00388909 0.11860000 1.33211091
v -0.00388909 0.12040000 1.33211091
v -0.00425156 0.11860000 1.33251084
v -0.00425156 0.12040000 1.33251084
v -0.00457308 0.11860000 1.33294436
v -0.00457308 0.12040000 1.33294436
v -0.00485057 0.11860000 1.33340732
v -0.00485057 0.12040000 1.33340732
v -0.00508134 0.11860000 1.33389524
v -0.00508134 0.12040000 1.33389524
v -0.00526317 0.11860000 1.33440343
v -0.00526317 0.12040000 1.33440343
v -0.00539432 0.11860000 1.33492700
v -0.00539432 0.12040000 1.33492700
v -0.00547352 0.11860000 1.33546091
v -0.00547352 0.12040000 1.33546091
v -0.00550000 0.11860000 1.33600000
v -0.00550000 0.12040000 1.33600000
v -0.00547352 0.11860000 1.33653909
v -0.00547352 0.12040000 1.33653909
v -0.00539432 0.11860000 1.33707300
v -0.00539432 0.12040000 1.33707300
v -0.00526317 0.11860000 1.33759657
v -0.00526317 0.12040000 1.33759657
v -0.00508134 0.11860000 1.33810476
v -0.00508134 0.12040000 1.33810476
v -0.00485057 0.11860000 1.33859268
v -0.00485057 0.12040000 1.33859268
v -0.00457308 0.11860000 1.33905564
v -0.00457308 0.12040000 1.33905564
v -0.00425156 0.11860000 1.33948916
v -0.00425156 0.12040000 1.33948916
v -0.00388909 0.11860000 1.33988909
v -0.00388909 0.12040000 1.33988909
v -0.00348916 0.11860000 1.34025156
v -0.00348916 0.12040000 1.34025156
v -0.00305564 0.11860000 1.34057308
v -0.00305564 0.12040000 1.34057308
v -0.00259268 0.11860000 1.34085057
v -0.00259268 0.12040000 1.34085057
v -0.00210476 0.11860000 1.34108134
v -0.00210476 0.12040000 1.34108134
v -0.00159657 0.11860000 1.34126317
v -0.00159657 0.12040000 1.34126317
v -0.00107300 0.11860000 1.34139432
v -0.00107300 0.12040000 1.34139432
v -0.00053909 0.11860000 1.34147352
v -0.00053909 0.12040000 1.34147352
v 0.00000000 0.11860000 1.34150000
v 0.00000000 0.12040000 1.34150000
v 0.00053909 0.11860000 1.34147352
v 0.00053909 0.12040000 1.34147352
v 0.00107300 0.11860000 1.34139432
v 0.00107300 0.12040000 1.34139432
v 0.00159657 0.11860000 1.34126317
v 0.00159657 0.12040000 1.34126317
v 0.00210476 0.11860000 1.34108134
v 0.00210476 0.12040000 1.34108134
v 0.00259268 0.11860000 1.34085057
v 0.00259268 0.12040000 1.34085057
v 0.00305564 0.11860000 1.34057308
v 0.00305564 0.12040000 1.34057308
v 0.00348916 0.11860000 1.34025156
v 0.00348916 0.12040000 1.34025156
v 0.00388909 0.11860000 1.33988909
v 0.00388909 0.12040000 1.33988909
v 0.00425156 0.11860000 1.33948916
v 0.00425156 0.12040000 1.33948916
v 0.00457308 0.11860000 1.33905564
v 0.00457308 0.12040000 1.33905564
v 0.00485057 0.11860000 1.33859268
v 0.00485057 0.12040000 1.33859268
v 0.00508134 0.11860000 1.33810476
v 0.00508134 0.12040000 1.33810476
v 0.00526317 0.11860000 1.33759657
v 0.00526317 0.12040000 1.33759657
v 0.00539432 0.11860000 1.33707300
v 0.00539432 0.12040000 1.33707300
v 0.00547352 0.11860000 1.33653909
v 0.00547352 0.12040000 1.33653909
v 0.00550000 0.11860000 1.33600000
v 0.00550000 0.12040000 1.33600000
v 0.00547352 0.11860000 1.33546091
v 0.00547352 0.12040000 1.33546091
v 0.00539432 0.11860000 1.33492700
v 0.00539432 0.12040000 1.33492700
v 0.00526317 0.11860000 1.33440343
v 0.00526317 0.12040000 1.33440343
v 0.00508134 0.11860000 1.33389524
v 0.00508134 0.12040000 1.33389524
v 0.00485057 0.11860000 1.33340732
v 0.00485057 0.12040000 1.33340732
v 0.00457308 0.11860000 1.33294436
v 0.00457308 0.12040000 1.33294436
v 0.00425156 0.11860000 1.33251084
v 0.00425156 0.12040000 1.33251084
v 0.00388909 0.11860000 1.33211091
v 0.00388909 0.12040000 1.33211091
v 0.00348916 0.11860000 1.33174844
v 0.00348916 0.12040000 1.33174844
v 0.00305564 0.11860000 1.33142692
v 0.00305564 0.12040000 1.33142692
v 0.00259268 0.11860000 1.33114943
v 0.00259268 0.12040000 1.33114943
v 0.00210476 0.11860000 1.33091866
v 0.00210476 0.12040000 1.33091866
v 0.00159657 0.11860000 1.33073683
v 0.00159657 0.12040000 1.33073683
v 0.00107300 0.11860000 1.33060568
v 0.00107300 0.12040000 1.33060568
v 0.00053909 0.11860000 1.33052648
v 0.00053909 0.12040000 1.33052648
v -0.01900000 0.11860000 1.33600000
v -0.01900000 0.11860000 1.33300000
v -0.01900000 0.12040000 1.33300000
v -0.01900000 0.12040000 1.33600000
v -0.01929405 0.11860000 1.33301445
v -0.01929405 0.12040000 1.33301445
v -0.01958527 0.11860000 1.33305764
v -0.01958527 0.12040000 1.33305764
v -0.01987085 0.11860000 1.33312918
v -0.01987085 0.12040000 1.33312918
v -0.02014805 0.11860000 1.33322836
v -0.02014805 0.12040000 1.33322836
v -0.02041419 0.11860000 1.33335424
v -0.02041419 0.12040000 1.33335424
v -0.02066671 0.11860000 1.33350559
v -0.02066671 0.12040000 1.33350559
v -0.02090318 0.11860000 1.33368097
v -0.02090318 0.12040000 1.33368097
v -0.02112132 0.11860000 1.33387868
v -0.02112132 0.12040000 1.33387868
v -0.02131903 0.11860000 1.33409682
v -0.02131903 0.12040000 1.33409682
v -0.02149441 0.11860000 1.33433329
v -0.02149441 0.12040000 1.33433329
v -0.02164576 0.11860000 1.33458581
v -0.02164576 0.12040000 1.33458581
v -0.02177164 0.11860000 1.33485195
v -0.02177164 0.12040000 1.33485195
v -0.02187082 0.11860000 1.33512915
v -0.02187082 0.12040000 1.33512915
v -0.02194236 0.11860000 1.33541473
v -0.02194236 0.12040000 1.33541473
v -0.02198555 0.11860000 1.33570595
v -0.02198555 0.12040000 1.33570595
v -0.02200000 0.11860000 1.33600000
v -0.02200000 0.12040000 1.33600000
v -0.02198555 0.11860000 1.33629405
v -0.02198555 0.12040000 1.33629405
v -0.02194236 0.11860000 1.33658527
v -0.02194236 0.12040000 1.33658527
v -0.02187082 0.11860000 1.33687085
v -0.02187082 0.12040000 1.33687085
v -0.02177164 0.11860000 1.33714805
v -0.02177164 0.12040000 1.33714805
v -0.02164576 0.11860000 1.33741419
v -0.02164576 0.12040000 1.33741419
v -0.02149441 0.11860000 1.33766671
v -0.02149441 0.12040000 1.33766671
v -0.02131903 0.11860000 1.33790318
v -0.02131903 0.12040000 1.33790318
v -0.02112132 0.11860000 1.33812132
v -0.02112132 0.12040000 1.33812132
v -0.02090318 0.11860000 1.33831903
v -0.02090318 0.12040000 1.33831903
v -0.02066671 0.11860000 1.33849441
v -0.02066671 0.12040000 1.33849441
v -0.02041419 0.11860000 1.33864576
v -0.02041419 0.12040000 1.33864576
v -0.02014805 0.11860000 1.33877164
v -0.02014805 0.12040000 1.33877164
v -0.01987085 0.11860000 1.33887082
v -0.01987085 0.12040000 1.33887082
v -0.01958527 0.11860000 1.33894236
v -0.01958527 0.12040000 1.33894236
v -0.01929405 0.11860000 1.33898555
v -0.01929405 0.12040000 1.33898555
v -0.01900000 0.11860000 1.33900000
v -0.01900000 0.12040000 1.33900000
v -0.01870595 0.11860000 1.33898555
v -0.01870595 0.12040000 1.33898555
v -0.01841473 0.11860000 1.33894236
v -0.01841473 0.12040000 1.33894236
v -0.01812915 0.11860000 1.33887082
v -0.01812915 0.12040000 1.33887082
v -0.01785195 0.11860000 1.33877164
v -0.01785195 0.12040000 1.33877164
v -0.01758581 0.11860000 1.33864576
v -0.01758581 0.12040000 1.33864576
v -0.01733329 0.11860000 1.33849441
v -0.01733329 0.12040000 1.33849441
v -0.01709682 0.11860000 1.33831903
v -0.01709682 0.12040000 1.33831903
v -0.01687868 0.11860000 1.33812132
v -0.01687868 0.12040000 1.33812132
v -0.01668097 0.11860000 1.33790318
v -0.01668097 0.12040000 1.33790318
v -0.01650559 0.11860000 1.33766671
v -0.01650559 0.12040000 1.33766671
v -0.01635424 0.11860000 1.33741419
v -0.01635424 0.12040000 1.33741419
v -0.01622836 0.11860000 1.33714805
v -0.01622836 0.12040000 1.33714805
v -0.01612918 0.11860000 1.33687085
v -0.01612918 0.12040000 1.33687085
v -0.01605764 0.11860000 1.33658527
v -0.01605764 0.12040000 1.33658527
v -0.01601445 0.11860000 1.33629405
v -0.01601445 0.12040000 1.33629405
v -0.01600000 0.11860000 1.33600000
v -0.01600000 0.12040000 1.33600000
v -0.01601445 0.11860000 1.33570595
v -0.01601445 0.12040000 1.33570595
v -0.01605764 0.11860000 1.33541473
v -0.01605764 0.12040000 1.33541473
v -0.01612918 0.11860000 1.33512915
v -0.01612918 0.12040000 1.33512915
v -0.01622836 0.11860000 1.33485195
v -0.01622836 0.12040000 1.33485195
v -0.01635424 0.11860000 1.33458581
v -0.01635424 0.12040000 1.33458581
v -0.01650559 0.11860000 1.33433329
v -0.01650559 0.12040000 1.33433329
v -0.01668097 0.11860000 1.33409682
v -0.01668097 0.12040000 1.33409682
v -0.01687868 0.11860000 1.33387868
v -0.01687868 0.12040000 1.33387868
v -0.01709682 0.11860000 1.33368097
v -0.01709682 0.12040000 1.33368097
v -0.01733329 0.11860000 1.33350559
v -0.01733329 0.12040000 1.33350559
v -0.01758581 0.11860000 1.33335424
v -0.01758581 0.12040000 1.33335424
v -0.01785195 0.11860000 1.33322836
v -0.01785195 0.12040000 1.33322836
v -0.01812915 0.11860000 1.33312918
v -0.01812915 0.12040000 1.33312918
v -0.01841473 0.11860000 1.33305764
v -0.01841473 0.12040000 1.33305764
v -0.01870595 0.11860000 1.33301445
v -0.01870595 0.12040000 1.33301445
v -0.05000000 -0.11860000 1.33600000
v -0.05000000 -0.11860000 1.32900000
v -0.05000000 -0.12040000 1.32900000
v -0.05000000 -0.12040000 1.33600000
v -0.04931388 -0.11860000 1.32903371
v -0.04931388 -0.12040000 1.32903371
v -0.04863437 -0.11860000 1.32913450
v -0.04863437 -0.12040000 1.32913450
v -0.04796801 -0.11860000 1.32930142
v -0.04796801 -0.12040000 1.32930142
v -0.04732122 -0.11860000 1.32953284
v -0.04732122 -0.12040000 1.32953284
v -0.04670022 -0.11860000 1.32982655
v -0.04670022 -0.12040000 1.32982655
v -0.04611101 -0.11860000 1.33017971
v -0.04611101 -0.12040000 1.33017971
v -0.04555925 -0.11860000 1.33058893
v -0.04555925 -0.12040000 1.33058893
v -0.04505025 -0.11860000 1.33105025
v -0.04505025 -0.12040000 1.33105025
v -0.04458893 -0.11860000 1.33155925
v -0.04458893 -0.12040000 1.33155925
v -0.04417971 -0.11860000 1.33211101
v -0.04417971 -0.12040000 1.33211101
v -0.04382655 -0.11860000 1.33270022
v -0.04382655 -0.12040000 1.33270022
v -0.04353284 -0.11860000 1.33332122
v -0.04353284 -0.12040000 1.33332122
v -0.04330142 -0.11860000 1.33396801
v -0.04330142 -0.12040000 1.33396801
v -0.04313450 -0.11860000 1.33463437
v -0.04313450 -0.12040000 1.33463437
v -0.04303371 -0.11860000 1.33531388
v -0.04303371 -0.12040000 1.33531388
v -0.04300000 -0.11860000 1.33600000
v -0.04300000 -0.12040000 1.33600000
v -0.04303371 -0.11860000 1.33668612
v -0.04303371 -0.12040000 1.33668612
v -0.04313450 -0.11860000 1.33736563
v -0.04313450 -0.12040000 1.33736563
v -0.04330142 -0.11860000 1.33803199
v -0.04330142 -0.12040000 1.33803199
v -0.04353284 -0.11860000 1.33867878
v -0.04353284 -0.12040000 1.33867878
v -0.04382655 -0.11860000 1.33929978
v -0.04382655 -0.12040000 1.33929978
v -0.04417971 -0.11860000 1.33988899
v -0.04417971 -0.12040000 1.33988899
v -0.04458893 -0.11860000 1.34044075
v -0.04458893 -0.12040000 1.34044075
v -0.04505025 -0.11860000 1.34094975
v -0.04505025 -0.12040000 1.34094975
v -0.04555925 -0.11860000 1.34141107
v -0.04555925 -0.12040000 1.34141107
v -0.04611101 -0.11860000 1.34182029
v -0.04611101 -0.12040000 1.34182029
v -0.04670022 -0.11860000 1.34217345
v -0.04670022 -0.12040000 1.34217345
v -0.04732122 -0.11860000 1.34246716
v -0.04732122 -0.12040000 1.34246716
v -0.04796801 -0.11860000 1.34269858
v -0.04796801 -0.12040000 1.34269858
v -0.04863437 -0.11860000 1.34286550
v -0.04863437 -0.12040000 1.34286550
v -0.04931388 -0.11860000 1.34296629
v -0.04931388 -0.12040000 1.34296629
v -0.05000000 -0.11860000 1.34300000
v -0.05000000 -0.12040000 1.34300000
v -0.05068612 -0.11860000 1.34296629
v -0.05068612 -0.12040000 1.34296629
v -0.05136563 -0.11860000 1.34286550
v -0.05136563 -0.12040000 1.34286550
v -0.05203199 -0.11860000 1.34269858
v -0.05203199 -0.12040000 1.34269858
v -0.05267878 -0.11860000 1.34246716
v -0.05267878 -0.12040000 1.34246716
v -0.05329978 -0.11860000 1.34217345
v -0.05329978 -0.12040000 1.34217345
v -0.05388899 -0.11860000 1.34182029
v -0.05388899 -0.12040000 1.34182029
v -0.05444075 -0.11860000 1.34141107
v -0.05444075 -0.12040000 1.34141107
v -0.05494975 -0.11860000 1.34094975
v -0.05494975 -0.12040000 1.34094975
v -0.05541107 -0.11860000 1.34044075
v -0.05541107 -0.12040000 1.34044075
v -0.05582029 -0.11860000 1.33988899
v -0.05582029 -0.12040000 1.33988899
v -0.05617345 -0.11860000 1.33929978
v -0.05617345 -0.12040000 1.33929978
v -0.05646716 -0.11860000 1.33867878
v -0.05646716 -0.12040000 1.33867878
v -0.05669858 -0.11860000 1.33803199
v -0.05669858 -0.12040000 1.33803199
v -0.05686550 -0.11860000 1.33736563
v -0.05686550 -0.12040000 1.33736563
v -0.05696629 -0.11860000 1.33668612
v -0.05696629 -0.12040000 1.33668612
v -0.05700000 -0.11860000 1.33600000
v -0.05700000 -0.12040000 1.33600000
v -0.05696629 -0.11860000 1.33531388
v -0.05696629 -0.12040000 1.33531388
v -0.05686550 -0.11860000 1.33463437
v -0.05686550 -0.12040000 1.33463437
v -0.05669858 -0.11860000 1.33396801
v -0.05669858 -0.12040000 1.33396801
v -0.05646716 -0.11860000 1.33332122
v -0.05646716 -0.12040000 1.33332122
v -0.05617345 -0.11860000 1.33270022
v -0.05617345 -0.12040000 1.33270022
v -0.05582029 -0.11860000 1.33211101
v -0.05582029 -0.12040000 1.33211101
v -0.05541107 -0.11860000 1.33155925
v -0.05541107 -0.12040000 1.33155925
v -0.05494975 -0.11860000 1.33105025
v -0.05494975 -0.12040000 1.33105025
v -0.05444075 -0.11860000 1.33058893
v -0.05444075 -0.12040000 1.33058893
v -0.05388899 -0.11860000 1.33017971
v -0.05388899 -0.12040000 1.33017971
v -0.05329978 -0.11860000 1.32982655
v -0.05329978 -0.12040000 1.32982655
v -0.05267878 -0.11860000 1.32953284
v -0.05267878 -0.12040000 1.32953284
v -0.05203199 -0.11860000 1.32930142
v -0.05203199 -0.12040000 1.32930142
v -0.05136563 -0.11860000 1.32913450
v -0.05136563 -0.12040000 1.32913450
v -0.05068612 -0.11860000 1.32903371
v -0.05068612 -0.12040000 1.32903371
v 0.05000000 -0.11860000 1.33600000
v 0.05000000 -0.11860000 1.32900000
v 0.05000000 -0.12040000 1.32900000
v 0.05000000 -0.12040000 1.33600000
v 0.05068612 -0.11860000 1.32903371
v 0.05068612 -0.12040000 1.32903371
v 0.05136563 -0.11860000 1.32913450
v 0.05136563 -0.12040000 1.32913450
v 0.05203199 -0.11860000 1.32930142
v 0.05203199 -0.12040000 1.32930142
v 0.05267878 -0.11860000 1.32953284
v 0.05267878 -0.12040000 1.32953284
v 0.05329978 -0.11860000 1.32982655
v 0.05329978 -0.12040000 1.32982655
v 0.05388899 -0.11860000 1.33017971
v 0.05388899 -0.12040000 1.33017971
v 0.05444075 -0.11860000 1.33058893
v 0.05444075 -0.12040000 1.33058893
v 0.05494975 -0.11860000 1.33105025
v 0.05494975 -0.12040000 1.33105025
v 0.05541107 -0.11860000 1.33155925
v 0.05541107 -0.12040000 1.33155925
v 0.05582029 -0.11860000 1.33211101
v 0.05582029 -0.12040000 1.33211101
v 0.05617345 -0.11860000 1.33270022
v 0.05617345 -0.12040000 1.33270022
v 0.05646716 -0.11860000 1.33332122
v 0.05646716 -0.12040000 1.33332122
v 0.05669858 -0.11860000 1.33396801
v 0.05669858 -0.12040000 1.33396801
v 0.05686550 -0.11860000 1.33463437
v 0.05686550 -0.12040000 1.33463437
v 0.05696629 -0.11860000 1.33531388
v 0.05696629 -0.12040000 1.33531388
v 0.05700000 -0.11860000 1.33600000
v 0.05700000 -0.12040000 1.33600000
v 0.05696629 -0.11860000 1.33668612
v 0.05696629 -0.12040000 1.33668612
v 0.05686550 -0.11860000 1.33736563
v 0.05686550 -0.12040000 1.33736563
v 0.05669858 -0.11860000 1.33803199
v 0.05669858 -0.12040000 1.33803199
v 0.05646716 -0.11860000 1.33867878
v 0.05646716 -0.12040000 1.33867878
v 0.05617345 -0.11860000 1.33929978
v 0.05617345 -0.12040000 1.33929978
v 0.05582029 -0.11860000 1.33988899
v 0.05582029 -0.12040000 1.33988899
v 0.05541107 -0.11860000 1.34044075
v 0.05541107 -0.12040000 1.34044075
v 0.05494975 -0.11860000 1.34094975
v 0.05494975 -0.12040000 1.34094975
v 0.05444075 -0.11860000 1.34141107
v 0.05444075 -0.12040000 1.34141107
v 0.05388899 -0.11860000 1.34182029
v 0.05388899 -0.12040000 1.34182029
v 0.05329978 -0.11860000 1.34217345
v 0.05329978 -0.12040000 1.34217345
v 0.05267878 -0.11860000 1.34246716
v 0.05267878 -0.12040000 1.34246716
v 0.05203199 -0.11860000 1.34269858
v 0.05203199 -0.12040000 1.34269858
v 0.05136563 -0.11860000 1.34286550
v 0.05136563 -0.12040000 1.34286550
v 0.05068612 -0.11860000 1.34296629
v 0.05068612 -0.12040000 1.34296629
v 0.05000000 -0.11860000 1.34300000
v 0.05000000 -0.12040000 1.34300000
v 0.04931388 -0.11860000 1.34296629
v 0.04931388 -0.12040000 1.34296629
v 0.04863437 -0.11860000 1.34286550
v 0.04863437 -0.12040000 1.34286550
v 0.04796801 -0.11860000 1.34269858
v 0.04796801 -0.12040000 1.34269858
v 0.04732122 -0.11860000 1.34246716
v 0.04732122 -0.12040000 1.34246716
v 0.04670022 -0.11860000 1.34217345
v 0.04670022 -0.12040000 1.34217345
v 0.04611101 -0.11860000 1.34182029
v 0.04611101 -0.12040000 1.34182029
v 0.04555925 -0.11860000 1.34141107
v 0.04555925 -0.12040000 1.34141107
v 0.04505025 -0.11860000 1.34094975
v 0.04505025 -0.12040000 1.34094975
v 0.04458893 -0.11860000 1.34044075
v 0.04458893 -0.12040000 1.34044075
v 0.04417971 -0.11860000 1.33988899
v 0.04417971 -0.12040000 1.33988899
v 0.04382655 -0.11860000 1.33929978
v 0.04382655 -0.12040000 1.33929978
v 0.04353284 -0.11860000 1.33867878
v 0.04353284 -0.12040000 1.33867878
v 0.04330142 -0.11860000 1.33803199
v 0.04330142 -0.12040000 1.33803199
v 0.04313450 -0.11860000 1.33736563
v 0.04313450 -0.12040000 1.33736563
v 0.04303371 -0.11860000 1.33668612
v 0.04303371 -0.12040000 1.33668612
v 0.04300000 -0.11860000 1.33600000
v 0.04300000 -0.12040000 1.33600000
v 0.04303371 -0.11860000 1.33531388
v 0.04303371 -0.12040000 1.33531388
v 0.04313450 -0.11860000 1.33463437
v 0.04313450 -0.12040000 1.33463437
v 0.04330142 -0.11860000 1.33396801
v 0.04330142 -0.12040000 1.33396801
v 0.04353284 -0.11860000 1.33332122
v 0.04353284 -0.12040000 1.33332122
v 0.04382655 -0.11860000 1.33270022
v 0.04382655 -0.12040000 1.33270022
v 0.04417971 -0.11860000 1.33211101
v 0.04417971 -0.12040000 1.33211101
v 0.04458893 -0.11860000 1.33155925
v 0.04458893 -0.12040000 1.33155925
v 0.04505025 -0.11860000 1.33105025
v 0.04505025 -0.12040000 1.33105025
v 0.04555925 -0.11860000 1.33058893
v 0.04555925 -0.12040000 1.33058893
v 0.04611101 -0.11860000 1.33017971
v 0.04611101 -0.12040000 1.33017971
v 0.04670022 -0.11860000 1.32982655
v 0.04670022 -0.12040000 1.32982655
v 0.04732122 -0.11860000 1.32953284
v 0.04732122 -0.12040000 1.32953284
v 0.04796801 -0.11860000 1.32930142
v 0.04796801 -0.12040000 1.32930142
v 0.04863437 -0.11860000 1.32913450
v 0.04863437 -0.12040000 1.32913450
v 0.04931388 -0.11860000 1.32903371
v 0.04931388 -0.12040000 1.32903371
v 0.00000000 -0.11860000 1.33600000
v 0.00000000 -0.11860000 1.33050000
v 0.00000000 -0.12040000 1.33050000
v 0.00000000 -0.12040000 1.33600000
v 0.00053909 -0.11860000 1.33052648
v 0.00053909 -0.12040000 1.33052648
v 0.00107300 -0.11860000 1.33060568
v 0.00107300 -0.12040000 1.33060568
v 0.00159657 -0.11860000 1.33073683
v 0.00159657 -0.12040000 1.33073683
v 0.00210476 -0.11860000 1.33091866
v 0.00210476 -0.12040000 1.33091866
v 0.00259268 -0.11860000 1.33114943
v 0.00259268 -0.12040000 1.33114943
v 0.00305564 -0.11860000 1.33142692
v 0.00305564 -0.12040000 1.33142692
v 0.00348916 -0.11860000 1.33174844
v 0.00348916 -0.12040000 1.33174844
v 0.00388909 -0.11860000 1.33211091
v 0.00388909 -0.12040000 1.33211091
v 0.00425156 -0.11860000 1.33251084
v 0.00425156 -0.12040000 1.33251084
v 0.00457308 -0.11860000 1.33294436
v 0.00457308 -0.12040000 1.33294436
v 0.00485057 -0.11860000 1.33340732
v 0.00485057 -0.12040000 1.33340732
v 0.00508134 -0.11860000 1.33389524
v 0.00508134 -0.12040000 1.33389524
v 0.00526317 -0.11860000 1.33440343
v 0.00526317 -0.12040000 1.33440343
v 0.00539432 -0.11860000 1.33492700
v 0.00539432 -0.12040000 1.33492700
v 0.00547352 -0.11860000 1.33546091
v 0.00547352 -0.12040000 1.33546091
v 0.00550000 -0.11860000 1.33600000
v 0.00550000 -0.12040000 1.33600000
v 0.00547352 -0.11860000 1.33653909
v 0.00547352 -0.12040000 1.33653909
v 0.00539432 -0.11860000 1.33707300
v 0.00539432 -0.12040000 1.33707300
v 0.00526317 -0.11860000 1.33759657
v 0.00526317 -0.12040000 1.33759657
v 0.00508134 -0.11860000 1.33810476
v 0.00508134 -0.12040000 1.33810476
v 0.00485057 -0.11860000 1.33859268
v 0.00485057 -0.12040000 1.33859268
v 0.00457308 -0.11860000 1.33905564
v 0.00457308 -0.12040000 1.33905564
v 0.00425156 -0.11860000 1.33948916
v 0.00425156 -0.12040000 1.33948916
v 0.00388909 -0.11860000 1.33988909
v 0.00388909 -0.12040000 1.33988909
v 0.00348916 -0.11860000 1.34025156
v 0.00348916 -0.12040000 1.34025156
v 0.00305564 -0.11860000 1.34057308
v 0.00305564 -0.12040000 1.34057308
v 0.00259268 -0.11860000 1.34085057
v 0.00259268 -0.12040000 1.34085057
v 0.00210476 -0.11860000 1.34108134
v 0.00210476 -0.12040000 1.34108134
v 0.00159657 -0.11860000 1.34126317
v 0.00159657 -0.12040000 1.34126317
v 0.00107300 -0.11860000 1.34139432
v 0.00107300 -0.12040000 1.34139432
v 0.00053909 -0.11860000 1.34147352
v 0.00053909 -0.12040000 1.34147352
v 0.00000000 -0.11860000 1.34150000
v 0.00000000 -0.12040000 1.34150000
v -0.00053909 -0.11860000 1.34147352
v -0.00053909 -0.12040000 1.34147352
v -0.00107300 -0.11860000 1.34139432
v -0.00107300 -0.12040000 1.34139432
v -0.00159657 -0.11860000 1.34126317
v -0.00159657 -0.12040000 1.34126317
v -0.00210476 -0.11860000 1.34108134
v -0.00210476 -0.12040000 1.34108134
v -0.00259268 -0.11860000 1.34085057
v -0.00259268 -0.12040000 1.34085057
v -0.00305564 -0.11860000 1.34057308
v -0.00305564 -0.12040000 1.34057308
v -0.00348916 -0.11860000 1.34025156
v -0.00348916 -0.12040000 1.34025156
v -0.00388909 -0.11860000 1.33988909
v -0.00388909 -0.12040000 1.33988909
v -0.00425156 -0.11860000 1.33948916
v -0.00425156 -0.12040000 1.33948916
v -0.00457308 -0.11860000 1.33905564
v -0.00457308 -0.12040000 1.33905564
v -0.00485057 -0.11860000 1.33859268
v -0.00485057 -0.12040000 1.33859268
v -0.00508134 -0.11860000 1.33810476
v -0.00508134 -0.12040000 1.33810476
v -0.00526317 -0.11860000 1.33759657
v -0.00526317 -0.12040000 1.33759657
v -0.00539432 -0.11860000 1.33707300
v -0.00539432 -0.12040000 1.33707300
v -0.00547352 -0.11860000 1.33653909
v -0.00547352 -0.12040000 1.33653909
v -0.00550000 -0.11860000 1.33600000
v -0.00550000 -0.12040000 1.33600000
v -0.00547352 -0.11860000 1.33546091
v -0.00547352 -0.12040000 1.33546091
v -0.00539432 -0.11860000 1.33492700
v -0.00539432 -0.12040000 1.33492700
v -0.00526317 -0.11860000 1.33440343
v -0.00526317 -0.12040000 1.33440343
v -0.00508134 -0.11860000 1.33389524
v -0.00508134 -0.12040000 1.33389524
v -0.00485057 -0.11860000 1.33340732
v -0.00485057 -0.12040000 1.33340732
v -0.00457308 -0.11860000 1.33294436
v -0.00457308 -0.12040000 1.33294436
v -0.00425156 -0.11860000 1.33251084
v -0.00425156 -0.12040000 1.33251084
v -0.00388909 -0.11860000 1.33211091
v -0.00388909 -0.12040000 1.33211091
v -0.00348916 -0.11860000 1.33174844
v -0.00348916 -0.12040000 1.33174844
v -0.00305564 -0.11860000 1.33142692
v -0.00305564 -0.12040000 1.33142692
v -0.00259268 -0.11860000 1.33114943
v -0.00259268 -0.12040000 1.33114943
v -0.00210476 -0.11860000 1.33091866
v -0.00210476 -0.12040000 1.33091866
v -0.00159657 -0.11860000 1.33073683
v -0.00159657 -0.12040000 1.33073683
v -0.00107300 -0.11860000 1.33060568
v -0.00107300 -0.12040000 1.33060568
v -0.00053909 -0.11860000 1.33052648
v -0.00053909 -0.12040000 1.33052648
v 0.01900000 -0.11860000 1.33600000
v 0.01900000 -0.11860000 1.33300000
v 0.01900000 -0.12040000 1.33300000
v 0.01900000 -0.12040000 1.33600000
v 0.01929405 -0.11860000 1.33301445
v 0.01929405 -0.12040000 1.33301445
v 0.01958527 -0.11860000 1.33305764
v 0.01958527 -0.12040000 1.33305764
v 0.01987085 -0.11860000 1.33312918
v 0.01987085 -0.12040000 1.33312918
v 0.02014805 -0.11860000 1.33322836
v 0.02014805 -0.12040000 1.33322836
v 0.02041419 -0.11860000 1.33335424
v 0.02041419 -0.12040000 1.33335424
v 0.02066671 -0.11860000 1.33350559
v 0.02066671 -0.12040000 1.33350559
v 0.02090318 -0.11860000 1.33368097
v 0.02090318 -0.12040000 1.33368097
v 0.02112132 -0.11860000 1.33387868
v 0.02112132 -0.12040000 1.33387868
v 0.02131903 -0.11860000 1.33409682
v 0.02131903 -0.12040000 1.33409682
v 0.02149441 -0.11860000 1.33433329
v 0.02149441 -0.12040000 1.33433329
v 0.02164576 -0.11860000 1.33458581
v 0.02164576 -0.12040000 1.33458581
v 0.02177164 -0.11860000 1.33485195
v 0.02177164 -0.12040000 1.33485195
v 0.02187082 -0.11860000 1.33512915
v 0.02187082 -0.12040000 1.33512915
v 0.02194236 -0.11860000 1.33541473
v 0.02194236 -0.12040000 1.33541473
v 0.02198555 -0.11860000 1.33570595
v 0.02198555 -0.12040000 1.33570595
v 0.02200000 -0.11860000 1.33600000
v 0.02200000 -0.12040000 1.33600000
v 0.02198555 -0.11860000 1.33629405
v 0.02198555 -0.12040000 1.33629405
v 0.02194236 -0.11860000 1.33658527
v 0.02194236 -0.12040000 1.33658527
v 0.02187082 -0.11860000 1.33687085
v 0.02187082 -0.12040000 1.33687085
v 0.02177164 -0.11860000 1.33714805
v 0.02177164 -0.12040000 1.33714805
v 0.02164576 -0.11860000 1.33741419
v 0.02164576 -0.12040000 1.33741419
v 0.02149441 -0.11860000 1.33766671
v 0.02149441 -0.12040000 1.33766671
v 0.02131903 -0.11860000 1.33790318
v 0.02131903 -0.12040000 1.33790318
v 0.02112132 -0.11860000 1.33812132
v 0.02112132 -0.12040000 1.33812132
v 0.02090318 -0.11860000 1.33831903
v 0.02090318 -0.12040000 1.33831903
v 0.02066671 -0.11860000 1.33849441
v 0.02066671 -0.12040000 1.33849441
v 0.02041419 -0.11860000 1.33864576
v 0.02041419 -0.12040000 1.33864576
v 0.02014805 -0.11860000 1.33877164
v 0.02014805 -0.12040000 1.33877164
v 0.01987085 -0.11860000 1.33887082
v 0.01987085 -0.12040000 1.33887082
v 0.01958527 -0.11860000 1.33894236
v 0.01958527 -0.12040000 1.33894236
v 0.01929405 -0.11860000 1.33898555
v 0.01929405 -0.12040000 1.33898555
v 0.01900000 -0.11860000 1.33900000
v 0.01900000 -0.12040000 1.33900000
v 0.01870595 -0.11860000 1.33898555
v 0.01870595 -0.12040000 1.33898555
v 0.01841473 -0.11860000 1.33894236
v 0.01841473 -0.12040000 1.33894236
v 0.01812915 -0.11860000 1.33887082
v 0.01812915 -0.12040000 1.33887082
v 0.01785195 -0.11860000 1.33877164
v 0.01785195 -0.12040000 1.33877164
v 0.01758581 -0.11860000 1.33864576
v 0.01758581 -0.12040000 1.33864576
v 0.01733329 -0.11860000 1.33849441
v 0.01733329 -0.12040000 1.33849441
v 0.01709682 -0.11860000 1.33831903
v 0.01709682 -0.12040000 1.33831903
v 0.01687868 -0.11860000 1.33812132
v 0.01687868 -0.12040000 1.33812132
v 0.01668097 -0.11860000 1.33790318
v 0.01668097 -0.12040000 1.33790318
v 0.01650559 -0.11860000 1.33766671
v 0.01650559 -0.12040000 1.33766671
v 0.01635424 -0.11860000 1.33741419
v 0.01635424 -0.12040000 1.33741419
v 0.01622836 -0.11860000 1.33714805
v 0.01622836 -0.12040000 1.33714805
v 0.01612918 -0.11860000 1.33687085
v 0.01612918 -0.12040000 1.33687085
v 0.01605764 -0.11860000 1.33658527
v 0.01605764 -0.12040000 1.33658527
v 0.01601445 -0.11860000 1.33629405
v 0.01601445 -0.12040000 1.33629405
v 0.01600000 -0.11860000 1.33600000
v 0.01600000 -0.12040000 1.33600000
v 0.01601445 -0.11860000 1.33570595
v 0.01601445 -0.12040000 1.33570595
v 0.01605764 -0.11860000 1.33541473
v 0.01605764 -0.12040000 1.33541473
v 0.01612918 -0.11860000 1.33512915
v 0.01612918 -0.12040000 1.33512915
v 0.01622836 -0.11860000 1.33485195
v 0.01622836 -0.12040000 1.33485195
v 0.01635424 -0.11860000 1.33458581
v 0.01635424 -0.12040000 1.33458581
v 0.01650559 -0.11860000 1.33433329
v 0.01650559 -0.12040000 1.33433329
v 0.01668097 -0.11860000 1.33409682
v 0.01668097 -0.12040000 1.33409682
v 0.01687868 -0.11860000 1.33387868
v 0.01687868 -0.12040000 1.33387868
v 0.01709682 -0.11860000 1.33368097
v 0.01709682 -0.12040000 1.33368097
v 0.01733329 -0.11860000 1.33350559
v 0.01733329 -0.12040000 1.33350559
v 0.01758581 -0.11860000 1.33335424
v 0.01758581 -0.12040000 1.33335424
v 0.01785195 -0.11860000 1.33322836
v 0.01785195 -0.12040000 1.33322836
v 0.01812915 -0.11860000 1.33312918
v 0.01812915 -0.12040000 1.33312918
v 0.01841473 -0.11860000 1.33305764
v 0.01841473 -0.12040000 1.33305764
v 0.01870595 -0.11860000 1.33301445
v 0.01870595 -0.12040000 1.33301445
vn 0.00000000 -0.00000000 1.00000000
vn 0.05024280 -0.00000000 0.99873703
vn 0.05013523 0.00328604 0.99873703
vn 0.04981297 0.00655800 0.99873703
vn 0.04927740 0.00980188 0.99873703
vn 0.04853082 0.01300379 0.99873703
vn 0.04757642 0.01615002 0.99873703
vn 0.04641829 0.01922709 0.99873703
vn 0.04506140 0.02222182 0.99873703
vn 0.04351154 0.02512140 0.99873703
vn 0.04177536 0.02791340 0.99873703
vn 0.03986029 0.03058588 0.99873703
vn 0.03777454 0.03312738 0.99873703
vn 0.03552702 0.03552702 0.99873703
vn 0.03312738 0.03777454 0.99873703
vn 0.03058588 0.03986029 0.99873703
vn 0.02791340 0.04177536 0.99873703
vn 0.02512140 0.04351154 0.99873703
vn 0.02222182 0.04506140 0.99873703
vn 0.01922709 0.04641829 0.99873703
vn 0.01615002 0.04757642 0.99873703
vn 0.01300379 0.04853082 0.99873703
vn 0.00980188 0.04927740 0.99873703
vn 0.00655800 0.04981297 0.99873703
vn 0.00328604 0.05013523 0.99873703
vn 0.00000000 0.05024280 0.99873703
vn -0.00328604 0.05013523 0.99873703
vn -0.00655800 0.04981297 0.99873703
vn -0.00980188 0.04927740 0.99873703
vn -0.01300379 0.04853082 0.99873703
vn -0.01615002 0.04757642 0.99873703
vn -0.01922709 0.04641829 0.99873703
vn -0.02222182 0.04506140 0.99873703
vn -0.02512140 0.04351154 0.99873703
vn -0.02791340 0.04177536 0.99873703
vn -0.03058588 0.03986029 0.99873703
vn -0.03312738 0.03777454 0.99873703
vn -0.03552702 0.03552702 0.99873703
vn -0.03777454 0.03312738 0.99873703
vn -0.03986029 0.03058588 0.99873703
vn -0.04177536 0.02791340 0.99873703
vn -0.04351154 0.02512140 0.99873703
vn -0.04506140 0.02222182 0.99873703
vn -0.04641829 0.01922709 0.99873703
vn -0.04757642 0.01615002 0.99873703
vn -0.04853082 0.01300379 0.99873703
vn -0.04927740 0.00980188 0.99873703
vn -0.04981297 0.00655800 0.99873703
vn -0.05013523 0.00328604 0.99873703
vn -0.05024280 0.00000000 0.99873703
vn -0.05013523 -0.00328604 0.99873703
vn -0.04981297 -0.00655800 0.99873703
vn -0.04927740 -0.00980188 0.99873703
vn -0.04853082 -0.01300379 0.99873703
vn -0.04757642 -0.01615002 0.99873703
vn -0.04641829 -0.01922709 0.99873703
vn -0.04506140 -0.02222182 0.99873703
vn -0.04351154 -0.02512140 0.99873703
vn -0.04177536 -0.02791340 0.99873703
vn -0.03986029 -0.03058588 0.99873703
vn -0.03777454 -0.03312738 0.99873703
vn -0.03552702 -0.03552702 0.99873703
vn -0.03312738 -0.03777454 0.99873703
vn -0.03058588 -0.03986029 0.99873703
vn -0.02791340 -0.04177536 0.99873703
vn -0.02512140 -0.04351154 0.99873703
vn -0.02222182 -0.04506140 0.99873703
vn -0.01922709 -0.04641829 0.99873703
vn -0.01615002 -0.04757642 0.99873703
vn -0.01300379 -0.04853082 0.99873703
vn -0.00980188 -0.04927740 0.99873703
vn -0.00655800 -0.04981297 0.99873703
vn -0.00328604 -0.05013523 0.99873703
vn -0.00000000 -0.05024280 0.99873703
vn 0.00328604 -0.05013523 0.99873703
vn 0.00655800 -0.04981297 0.99873703
vn 0.00980188 -0.04927740 0.99873703
vn 0.01300379 -0.04853082 0.99873703
vn 0.01615002 -0.04757642 0.99873703
vn 0.01922709 -0.04641829 0.99873703
vn 0.02222182 -0.04506140 0.99873703
vn 0.02512140 -0.04351154 0.99873703
vn 0.02791340 -0.04177536 0.99873703
vn 0.03058588 -0.03986029 0.99873703
vn 0.03312738 -0.03777454 0.99873703
vn 0.03552702 -0.03552702 0.99873703
vn 0.03777454 -0.03312738 0.99873703
vn 0.03986029 -0.03058588 0.99873703
vn 0.04177536 -0.02791340 0.99873703
vn 0.04351154 -0.02512140 0.99873703
vn 0.04506140 -0.02222182 0.99873703
vn 0.04641829 -0.01922709 0.99873703
vn 0.04757642 -0.01615002 0.99873703
vn 0.04853082 -0.01300379 0.99873703
vn 0.04927740 -0.00980188 0.99873703
vn 0.04981297 -0.00655800 0.99873703
vn 0.05013523 -0.00328604 0.99873703
vn 0.10002392 0.00000000 0.99498503
vn 0.09980976 0.00654188 0.99498503
vn 0.09916820 0.01305574 0.99498503
vn 0.09810199 0.01951370 0.99498503
vn 0.09661569 0.02588809 0.99498503
vn 0.09471566 0.03215163 0.99498503
vn 0.09241005 0.03827750 0.99498503
vn 0.08970873 0.04423945 0.99498503
vn 0.08662325 0.05001196 0.99498503
vn 0.08316685 0.05557031 0.99498503
vn 0.07935431 0.06089070 0.99498503
vn 0.07520196 0.06595035 0.99498503
vn 0.07072759 0.07072759 0.99498503
vn 0.06595035 0.07520196 0.99498503
vn 0.06089070 0.07935431 0.99498503
vn 0.05557031 0.08316685 0.99498503
vn 0.05001196 0.08662325 0.99498503
vn 0.04423945 0.08970873 0.99498503
vn 0.03827750 0.09241005 0.99498503
vn 0.03215163 0.09471566 0.99498503
vn 0.02588809 0.09661569 0.99498503
vn 0.01951370 0.09810199 0.99498503
vn 0.01305574 0.09916820 0.99498503
vn 0.00654188 0.09980976 0.99498503
vn -0.00000000 0.10002392 0.99498503
vn -0.00654188 0.09980976 0.99498503
vn -0.01305574 0.09916820 0.99498503
vn -0.01951370 0.09810199 0.99498503
vn -0.02588809 0.09661569 0.99498503
vn -0.03215163 0.09471566 0.99498503
vn -0.03827750 0.09241005 0.99498503
vn -0.04423945 0.08970873 0.99498503
vn -0.05001196 0.08662325 0.99498503
vn -0.05557031 0.08316685 0.99498503
vn -0.06089070 0.07935431 0.99498503
vn -0.06595035 0.07520196 0.99498503
vn -0.07072759 0.07072759 0.99498503
vn -0.07520196 0.06595035 0.99498503
vn -0.07935431 0.06089070 0.99498503
vn -0.08316685 0.05557031 0.99498503
vn -0.08662325 0.05001196 0.99498503
vn -0.08970873 0.04423945 0.99498503
vn -0.09241005 0.03827750 0.99498503
vn -0.09471566 0.03215163 0.99498503
vn -0.09661569 0.02588809 0.99498503
vn -0.09810199 0.01951370 0.99498503
vn -0.09916820 0.01305574 0.99498503
vn -0.09980976 0.00654188 0.99498503
vn -0.10002392 -0.00000000 0.99498503
vn -0.09980976 -0.00654188 0.99498503
vn -0.09916820 -0.01305574 0.99498503
vn -0.09810199 -0.01951370 0.99498503
vn -0.09661569 -0.02588809 0.99498503
vn -0.09471566 -0.03215163 0.99498503
vn -0.09241005 -0.03827750 0.99498503
vn -0.08970873 -0.04423945 0.99498503
vn -0.08662325 -0.05001196 0.99498503
vn -0.08316685 -0.05557031 0.99498503
vn -0.07935431 -0.06089070 0.99498503
vn -0.07520196 -0.06595035 0.99498503
vn -0.07072759 -0.07072759 0.99498503
vn -0.06595035 -0.07520196 0.99498503
vn -0.06089070 -0.07935431 0.99498503
vn -0.05557031 -0.08316685 0.99498503
vn -0.05001196 -0.08662325 0.99498503
vn -0.04423945 -0.08970873 0.99498503
vn -0.03827750 -0.09241005 0.99498503
vn -0.03215163 -0.09471566 0.99498503
vn -0.02588809 -0.09661569 0.99498503
vn -0.01951370 -0.09810199 0.99498503
vn -0.01305574 -0.09916820 0.99498503
vn -0.00654188 -0.09980976 0.99498503
vn -0.00000000 -0.10002392 0.99498503
vn 0.00654188 -0.09980976 0.99498503
vn 0.01305574 -0.09916820 0.99498503
vn 0.01951370 -0.09810199 0.99498503
vn 0.02588809 -0.09661569 0.99498503
vn 0.03215163 -0.09471566 0.99498503
vn 0.03827750 -0.09241005 0.99498503
vn 0.04423945 -0.08970873 0.99498503
vn 0.05001196 -0.08662325 0.99498503
vn 0.05557031 -0.08316685 0.99498503
vn 0.06089070 -0.07935431 0.99498503
vn 0.06595035 -0.07520196 0.99498503
vn 0.07072759 -0.07072759 0.99498503
vn 0.07520196 -0.06595035 0.99498503
vn 0.07935431 -0.06089070 0.99498503
vn 0.08316685 -0.05557031 0.99498503
vn 0.08662325 -0.05001196 0.99498503
vn 0.08970873 -0.04423945 0.99498503
vn 0.09241005 -0.03827750 0.99498503
vn 0.09471566 -0.03215163 0.99498503
vn 0.09661569 -0.02588809 0.99498503
vn 0.09810199 -0.01951370 0.99498503
vn 0.09916820 -0.01305574 0.99498503
vn 0.09980976 -0.00654188 0.99498503
vn 0.14991423 0.00000000 0.98869900
vn 0.14959326 0.00980486 0.98869900
vn 0.14863170 0.01956773 0.98869900
vn 0.14703367 0.02924682 0.98869900
vn 0.14480603 0.03880066 0.98869900
vn 0.14195831 0.04818835 0.98869900
vn 0.13850269 0.05736969 0.98869900
vn 0.13445399 0.06630537 0.98869900
vn 0.12982954 0.07495712 0.98869900
vn 0.12464913 0.08328789 0.98869900
vn 0.11893496 0.09126200 0.98869900
vn 0.11271149 0.09884532 0.98869900
vn 0.10600537 0.10600537 0.98869900
vn 0.09884532 0.11271149 0.98869900
vn 0.09126200 0.11893496 0.98869900
vn 0.08328789 0.12464913 0.98869900
vn 0.07495712 0.12982954 0.98869900
vn 0.06630537 0.13445399 0.98869900
vn 0.05736969 0.13850269 0.98869900
vn 0.04818835 0.14195831 0.98869900
vn 0.03880066 0.14480603 0.98869900
vn 0.02924682 0.14703367 0.98869900
vn 0.01956773 0.14863170 0.98869900
vn 0.00980486 0.14959326 0.98869900
vn -0.00000000 0.14991423 0.98869900
vn -0.00980486 0.14959326 0.98869900
vn -0.01956773 0.14863170 0.98869900
vn -0.02924682 0.14703367 0.98869900
vn -0.03880066 0.14480603 0.98869900
vn -0.04818835 0.14195831 0.98869900
vn -0.05736969 0.13850269 0.98869900
vn -0.06630537 0.13445399 0.98869900
vn -0.07495712 0.12982954 0.98869900
vn -0.08328789 0.12464913 0.98869900
vn -0.09126200 0.11893496 0.98869900
vn -0.09884532 0.11271149 0.98869900
vn -0.10600537 0.10600537 0.98869900
vn -0.11271149 0.09884532 0.98869900
vn -0.11893496 0.09126200 0.98869900
vn -0.12464913 0.08328789 0.98869900
vn -0.12982954 0.07495712 0.98869900
vn -0.13445399 0.06630537 0.98869900
vn -0.13850269 0.05736969 0.98869900
vn -0.14195831 0.04818835 0.98869900
vn -0.14480603 0.03880066 0.98869900
vn -0.14703367 0.02924682 0.98869900
vn -0.14863170 0.01956773 0.98869900
vn -0.14959326 0.00980486 0.98869900
vn -0.14991423 -0.00000000 0.98869900
vn -0.14959326 -0.00980486 0.98869900
vn -0.14863170 -0.01956773 0.98869900
vn -0.14703367 -0.02924682 0.98869900
vn -0.14480603 -0.03880066 0.98869900
vn -0.14195831 -0.04818835 0.98869900
vn -0.13850269 -0.05736969 0.98869900
vn -0.13445399 -0.06630537 0.98869900
vn -0.12982954 -0.07495712 0.98869900
vn -0.12464913 -0.08328789 0.98869900
vn -0.11893496 -0.09126200 0.98869900
vn -0.11271149 -0.09884532 0.98869900
vn -0.10600537 -0.10600537 0.98869900
vn -0.09884532 -0.11271149 0.98869900
vn -0.09126200 -0.11893496 0.98869900
vn -0.08328789 -0.12464913 0.98869900
vn -0.07495712 -0.12982954 0.98869900
vn -0.06630537 -0.13445399 0.98869900
vn -0.05736969 -0.13850269 0.98869900
vn -0.04818835 -0.14195831 0.98869900
vn -0.03880066 -0.14480603 0.98869900
vn -0.02924682 -0.14703367 0.98869900
vn -0.01956773 -0.14863170 0.98869900
vn -0.00980486 -0.14959326 0.98869900
vn -0.00000000 -0.14991423 0.98869900
vn 0.00980486 -0.14959326 0.98869900
vn 0.01956773 -0.14863170 0.98869900
vn 0.02924682 -0.14703367 0.98869900
vn 0.03880066 -0.14480603 0.98869900
vn 0.04818835 -0.14195831 0.98869900
vn 0.05736969 -0.13850269 0.98869900
vn 0.06630537 -0.13445399 0.98869900
vn 0.07495712 -0.12982954 0.98869900
vn 0.08328789 -0.12464913 0.98869900
vn 0.09126200 -0.11893496 0.98869900
vn 0.09884532 -0.11271149 0.98869900
vn 0.10600537 -0.10600537 0.98869900
vn 0.11271149 -0.09884532 0.98869900
vn 0.11893496 -0.09126200 0.98869900
vn 0.12464913 -0.08328789 0.98869900
vn 0.12982954 -0.07495712 0.98869900
vn 0.13445399 -0.06630537 0.98869900
vn 0.13850269 -0.05736969 0.98869900
vn 0.14195831 -0.04818835 0.98869900
vn 0.14480603 -0.03880066 0.98869900
vn 0.14703367 -0.02924682 0.98869900
vn 0.14863170 -0.01956773 0.98869900
vn 0.14959326 -0.00980486 0.98869900
vn 0.19995994 -0.00000000 0.97980407
vn 0.19953181 0.01307801 0.97980407
vn 0.19824925 0.02610001 0.97980407
vn 0.19611776 0.03901025 0.97980407
vn 0.19314647 0.05175344 0.97980407
vn 0.18934809 0.06427502 0.97980407
vn 0.18473889 0.07652135 0.97980407
vn 0.17933862 0.08844002 0.97980407
vn 0.17317038 0.09997997 0.97980407
vn 0.16626061 0.11109179 0.97980407
vn 0.15863888 0.12172790 0.97980407
vn 0.15033784 0.13184275 0.97980407
vn 0.14139303 0.14139303 0.97980407
vn 0.13184275 0.15033784 0.97980407
vn 0.12172790 0.15863888 0.97980407
vn 0.11109179 0.16626061 0.97980407
vn 0.09997997 0.17317038 0.97980407
vn 0.08844002 0.17933862 0.97980407
vn 0.07652135 0.18473889 0.97980407
vn 0.06427502 0.18934809 0.97980407
vn 0.05175344 0.19314647 0.97980407
vn 0.03901025 0.19611776 0.97980407
vn 0.02610001 0.19824925 0.97980407
vn 0.01307801 0.19953181 0.97980407
vn -0.00000000 0.19995994 0.97980407
vn -0.01307801 0.19953181 0.97980407
vn -0.02610001 0.19824925 0.97980407
vn -0.03901025 0.19611776 0.97980407
vn -0.05175344 0.19314647 0.97980407
vn -0.06427502 0.18934809 0.97980407
vn -0.07652135 0.18473889 0.97980407
vn -0.08844002 0.17933862 0.97980407
vn -0.09997997 0.17317038 0.97980407
vn -0.11109179 0.16626061 0.97980407
vn -0.12172790 0.15863888 0.97980407
vn -0.13184275 0.15033784 0.97980407
vn -0.14139303 0.14139303 0.97980407
vn -0.15033784 0.13184275 0.97980407
vn -0.15863888 0.12172790 0.97980407
vn -0.16626061 0.11109179 0.97980407
vn -0.17317038 0.09997997 0.97980407
vn -0.17933862 0.08844002 0.97980407
vn -0.18473889 0.07652135 0.97980407
vn -0.18934809 0.06427502 0.97980407
vn -0.19314647 0.05175344 0.97980407
vn -0.19611776 0.03901025 0.97980407
vn -0.19824925 0.02610001 0.97980407
vn -0.19953181 0.01307801 0.97980407
vn -0.19995994 0.00000000 0.97980407
vn -0.19953181 -0.01307801 0.97980407
vn -0.19824925 -0.02610001 0.97980407
vn -0.19611776 -0.03901025 0.97980407
vn -0.19314647 -0.05175344 0.97980407
vn -0.18934809 -0.06427502 0.97980407
vn -0.18473889 -0.07652135 0.97980407
vn -0.17933862 -0.08844002 0.97980407
vn -0.17317038 -0.09997997 0.97980407
vn -0.16626061 -0.11109179 0.97980407
vn -0.15863888 -0.12172790 0.97980407
vn -0.15033784 -0.13184275 0.97980407
vn -0.14139303 -0.14139303 0.97980407
vn -0.13184275 -0.15033784 0.97980407
vn -0.12172790 -0.15863888 0.97980407
vn -0.11109179 -0.16626061 0.97980407
vn -0.09997997 -0.17317038 0.97980407
vn -0.08844002 -0.17933862 0.97980407
vn -0.07652135 -0.18473889 0.97980407
vn -0.06427502 -0.18934809 0.97980407
vn -0.05175344 -0.19314647 0.97980407
vn -0.03901025 -0.19611776 0.97980407
vn -0.02610001 -0.19824925 0.97980407
vn -0.01307801 -0.19953181 0.97980407
vn -0.00000000 -0.19995994 0.97980407
vn 0.01307801 -0.19953181 0.97980407
vn 0.02610001 -0.19824925 0.97980407
vn 0.03901025 -0.19611776 0.97980407
vn 0.05175344 -0.19314647 0.97980407
vn 0.06427502 -0.18934809 0.97980407
vn 0.07652135 -0.18473889 0.97980407
vn 0.08844002 -0.17933862 0.97980407
vn 0.09997997 -0.17317038 0.97980407
vn 0.11109179 -0.16626061 0.97980407
vn 0.12172790 -0.15863888 0.97980407
vn 0.13184275 -0.15033784 0.97980407
vn 0.14139303 -0.14139303 0.97980407
vn 0.15033784 -0.13184275 0.97980407
vn 0.15863888 -0.12172790 0.97980407
vn 0.16626061 -0.11109179 0.97980407
vn 0.17317038 -0.09997997 0.97980407
vn 0.17933862 -0.08844002 0.97980407
vn 0.18473889 -0.07652135 0.97980407
vn 0.18934809 -0.06427502 0.97980407
vn 0.19314647 -0.05175344 0.97980407
vn 0.19611776 -0.03901025 0.97980407
vn 0.19824925 -0.02610001 0.97980407
vn 0.19953181 -0.01307801 0.97980407
vn 0.25019621 0.00000000 0.96819515
vn 0.24966052 0.01636362 0.96819515
vn 0.24805575 0.03265716 0.96819515
vn 0.24538876 0.04881086 0.96819515
vn 0.24167098 0.06475554 0.96819515
vn 0.23691833 0.08042294 0.96819515
vn 0.23115116 0.09574594 0.96819515
vn 0.22439416 0.11065895 0.96819515
vn 0.21667627 0.12509811 0.96819515
vn 0.20803055 0.13900157 0.96819515
vn 0.19849400 0.15230980 0.96819515
vn 0.18810747 0.16496582 0.96819515
vn 0.17691544 0.17691544 0.96819515
vn 0.16496582 0.18810747 0.96819515
vn 0.15230980 0.19849400 0.96819515
vn 0.13900157 0.20803055 0.96819515
vn 0.12509811 0.21667627 0.96819515
vn 0.11065895 0.22439416 0.96819515
vn 0.09574594 0.23115116 0.96819515
vn 0.08042294 0.23691833 0.96819515
vn 0.06475554 0.24167098 0.96819515
vn 0.04881086 0.24538876 0.96819515
vn 0.03265716 0.24805575 0.96819515
vn 0.01636362 0.24966052 0.96819515
vn 0.00000000 0.25019621 0.96819515
vn -0.01636362 0.24966052 0.96819515
vn -0.03265716 0.24805575 0.96819515
vn -0.04881086 0.24538876 0.96819515
vn -0.06475554 0.24167098 0.96819515
vn -0.08042294 0.23691833 0.96819515
vn -0.09574594 0.23115116 0.96819515
vn -0.11065895 0.22439416 0.96819515
vn -0.12509811 0.21667627 0.96819515
vn -0.13900157 0.20803055 0.96819515
vn -0.15230980 0.19849400 0.96819515
vn -0.16496582 0.18810747 0.96819515
vn -0.17691544 0.17691544 0.96819515
vn -0.18810747 0.16496582 0.96819515
vn -0.19849400 0.15230980 0.96819515
vn -0.20803055 0.13900157 0.96819515
vn -0.21667627 0.12509811 0.96819515
vn -0.22439416 0.11065895 0.96819515
vn -0.23115116 0.09574594 0.96819515
vn -0.23691833 0.08042294 0.96819515
vn -0.24167098 0.06475554 0.96819515
vn -0.24538876 0.04881086 0.96819515
vn -0.24805575 0.03265716 0.96819515
vn -0.24966052 0.01636362 0.96819515
vn -0.25019621 -0.00000000 0.96819515
vn -0.24966052 -0.01636362 0.96819515
vn -0.24805575 -0.03265716 0.96819515
vn -0.24538876 -0.04881086 0.96819515
vn -0.24167098 -0.06475554 0.96819515
vn -0.23691833 -0.08042294 0.96819515
vn -0.23115116 -0.09574594 0.96819515
vn -0.22439416 -0.11065895 0.96819515
vn -0.21667627 -0.12509811 0.96819515
vn -0.20803055 -0.13900157 0.96819515
vn -0.19849400 -0.15230980 0.96819515
vn -0.18810747 -0.16496582 0.96819515
vn -0.17691544 -0.17691544 0.96819515
vn -0.16496582 -0.18810747 0.96819515
vn -0.15230980 -0.19849400 0.96819515
vn -0.13900157 -0.20803055 0.96819515
vn -0.12509811 -0.21667627 0.96819515
vn -0.11065895 -0.22439416 0.96819515
vn -0.09574594 -0.23115116 0.96819515
vn -0.08042294 -0.23691833 0.96819515
vn -0.06475554 -0.24167098 0.96819515
vn -0.04881086 -0.24538876 0.96819515
vn -0.03265716 -0.24805575 0.96819515
vn -0.01636362 -0.24966052 0.96819515
vn -0.00000000 -0.25019621 0.96819515
vn 0.01636362 -0.24966052 0.96819515
vn 0.03265716 -0.24805575 0.96819515
vn 0.04881086 -0.24538876 0.96819515
vn 0.06475554 -0.24167098 0.96819515
vn 0.08042294 -0.23691833 0.96819515
vn 0.09574594 -0.23115116 0.96819515
vn 0.11065895 -0.22439416 0.96819515
vn 0.12509811 -0.21667627 0.96819515
vn 0.13900157 -0.20803055 0.96819515
vn 0.15230980 -0.19849400 0.96819515
vn 0.16496582 -0.18810747 0.96819515
vn 0.17691544 -0.17691544 0.96819515
vn 0.18810747 -0.16496582 0.96819515
vn 0.19849400 -0.15230980 0.96819515
vn 0.20803055 -0.13900157 0.96819515
vn 0.21667627 -0.12509811 0.96819515
vn 0.22439416 -0.11065895 0.96819515
vn 0.23115116 -0.09574594 0.96819515
vn 0.23691833 -0.08042294 0.96819515
vn 0.24167098 -0.06475554 0.96819515
vn 0.24538876 -0.04881086 0.96819515
vn 0.24805575 -0.03265716 0.96819515
vn 0.24966052 -0.01636362 0.96819515
vn 0.30064272 0.00000000 0.95373684
vn 0.29999902 0.01966297 0.95373684
vn 0.29807068 0.03924175 0.95373684
vn 0.29486596 0.05865249 0.95373684
vn 0.29039857 0.07781206 0.95373684
vn 0.28468765 0.09663844 0.95373684
vn 0.27775766 0.11505099 0.95373684
vn 0.26963826 0.13297088 0.95373684
vn 0.26036424 0.15032136 0.95373684
vn 0.24997529 0.16702815 0.95373684
vn 0.23851591 0.18301969 0.95373684
vn 0.22603517 0.19822752 0.95373684
vn 0.21258651 0.21258651 0.95373684
vn 0.19822752 0.22603517 0.95373684
vn 0.18301969 0.23851591 0.95373684
vn 0.16702815 0.24997529 0.95373684
vn 0.15032136 0.26036424 0.95373684
vn 0.13297088 0.26963826 0.95373684
vn 0.11505099 0.27775766 0.95373684
vn 0.09663844 0.28468765 0.95373684
vn 0.07781206 0.29039857 0.95373684
vn 0.05865249 0.29486596 0.95373684
vn 0.03924175 0.29807068 0.95373684
vn 0.01966297 0.29999902 0.95373684
vn 0.00000000 0.30064272 0.95373684
vn -0.01966297 0.29999902 0.95373684
vn -0.03924175 0.29807068 0.95373684
vn -0.05865249 0.29486596 0.95373684
vn -0.07781206 0.29039857 0.95373684
vn -0.09663844 0.28468765 0.95373684
vn -0.11505099 0.27775766 0.95373684
vn -0.13297088 0.26963826 0.95373684
vn -0.15032136 0.26036424 0.95373684
vn -0.16702815 0.24997529 0.95373684
vn -0.18301969 0.23851591 0.95373684
vn -0.19822752 0.22603517 0.95373684
vn -0.21258651 0.21258651 0.95373684
vn -0.22603517 0.19822752 0.95373684
vn -0.23851591 0.18301969 0.95373684
vn -0.24997529 0.16702815 0.95373684
vn -0.26036424 0.15032136 0.95373684
vn -0.26963826 0.13297088 0.95373684
vn -0.27775766 0.11505099 0.95373684
vn -0.28468765 0.09663844 0.95373684
vn -0.29039857 0.07781206 0.95373684
vn -0.29486596 0.05865249 0.95373684
vn -0.29807068 0.03924175 0.95373684
vn -0.29999902 0.01966297 0.95373684
vn -0.30064272 -0.00000000 0.95373684
vn -0.29999902 -0.01966297 0.95373684
vn -0.29807068 -0.03924175 0.95373684
vn -0.29486596 -0.05865249 0.95373684
vn -0.29039857 -0.07781206 0.95373684
vn -0.28468765 -0.09663844 0.95373684
vn -0.27775766 -0.11505099 0.95373684
vn -0.26963826 -0.13297088 0.95373684
vn -0.26036424 -0.15032136 0.95373684
vn -0.24997529 -0.16702815 0.95373684
vn -0.23851591 -0.18301969 0.95373684
vn -0.22603517 -0.19822752 0.95373684
vn -0.21258651 -0.21258651 0.95373684
vn -0.19822752 -0.22603517 0.95373684
vn -0.18301969 -0.23851591 0.95373684
vn -0.16702815 -0.24997529 0.95373684
vn -0.15032136 -0.26036424 0.95373684
vn -0.13297088 -0.26963826 0.95373684
vn -0.11505099 -0.27775766 0.95373684
vn -0.09663844 -0.28468765 0.95373684
vn -0.07781206 -0.29039857 0.95373684
vn -0.05865249 -0.29486596 0.95373684
vn -0.03924175 -0.29807068 0.95373684
vn -0.01966297 -0.29999902 0.95373684
vn -0.00000000 -0.30064272 0.95373684
vn 0.01966297 -0.29999902 0.95373684
vn 0.03924175 -0.29807068 0.95373684
vn 0.05865249 -0.29486596 0.95373684
vn 0.07781206 -0.29039857 0.95373684
vn 0.09663844 -0.28468765 0.95373684
vn 0.11505099 -0.27775766 0.95373684
vn 0.13297088 -0.26963826 0.95373684
vn 0.15032136 -0.26036424 0.95373684
vn 0.16702815 -0.24997529 0.95373684
vn 0.18301969 -0.23851591 0.95373684
vn 0.19822752 -0.22603517 0.95373684
vn 0.21258651 -0.21258651 0.95373684
vn 0.22603517 -0.19822752 0.95373684
vn 0.23851591 -0.18301969 0.95373684
vn 0.24997529 -0.16702815 0.95373684
vn 0.26036424 -0.15032136 0.95373684
vn 0.26963826 -0.13297088 0.95373684
vn 0.27775766 -0.11505099 0.95373684
vn 0.28468765 -0.09663844 0.95373684
vn 0.29039857 -0.07781206 0.95373684
vn 0.29486596 -0.05865249 0.95373684
vn 0.29807068 -0.03924175 0.95373684
vn 0.29999902 -0.01966297 0.95373684
vn 0.35129832 -0.00000000 0.93626358
vn 0.35054617 0.02297601 0.93626358
vn 0.34829292 0.04585363 0.93626358
vn 0.34454822 0.06853490 0.93626358
vn 0.33932812 0.09092270 0.93626358
vn 0.33265497 0.11292114 0.93626358
vn 0.32455733 0.13443605 0.93626358
vn 0.31506989 0.15537527 0.93626358
vn 0.30423327 0.17564916 0.93626358
vn 0.29209388 0.19517089 0.93626358
vn 0.27870370 0.21385687 0.93626358
vn 0.26412006 0.23162708 0.93626358
vn 0.24840543 0.24840543 0.93626358
vn 0.23162708 0.26412006 0.93626358
vn 0.21385687 0.27870370 0.93626358
vn 0.19517089 0.29209388 0.93626358
vn 0.17564916 0.30423327 0.93626358
vn 0.15537527 0.31506989 0.93626358
vn 0.13443605 0.32455733 0.93626358
vn 0.11292114 0.33265497 0.93626358
vn 0.09092270 0.33932812 0.93626358
vn 0.06853490 0.34454822 0.93626358
vn 0.04585363 0.34829292 0.93626358
vn 0.02297601 0.35054617 0.93626358
vn -0.00000000 0.35129832 0.93626358
vn -0.02297601 0.35054617 0.93626358
vn -0.04585363 0.34829292 0.93626358
vn -0.06853490 0.34454822 0.93626358
vn -0.09092270 0.33932812 0.93626358
vn -0.11292114 0.33265497 0.93626358
vn -0.13443605 0.32455733 0.93626358
vn -0.15537527 0.31506989 0.93626358
vn -0.17564916 0.30423327 0.93626358
vn -0.19517089 0.29209388 0.93626358
vn -0.21385687 0.27870370 0.93626358
vn -0.23162708 0.26412006 0.93626358
vn -0.24840543 0.24840543 0.93626358
vn -0.26412006 0.23162708 0.93626358
vn -0.27870370 0.21385687 0.93626358
vn -0.29209388 0.19517089 0.93626358
vn -0.30423327 0.17564916 0.93626358
vn -0.31506989 0.15537527 0.93626358
vn -0.32455733 0.13443605 0.93626358
vn -0.33265497 0.11292114 0.93626358
vn -0.33932812 0.09092270 0.93626358
vn -0.34454822 0.06853490 0.93626358
vn -0.34829292 0.04585363 0.93626358
vn -0.35054617 0.02297601 0.93626358
vn -0.35129832 0.00000000 0.93626358
vn -0.35054617 -0.02297601 0.93626358
vn -0.34829292 -0.04585363 0.93626358
vn -0.34454822 -0.06853490 0.93626358
vn -0.33932812 -0.09092270 0.93626358
vn -0.33265497 -0.11292114 0.93626358
vn -0.32455733 -0.13443605 0.93626358
vn -0.31506989 -0.15537527 0.93626358
vn -0.30423327 -0.17564916 0.93626358
vn -0.29209388 -0.19517089 0.93626358
vn -0.27870370 -0.21385687 0.93626358
vn -0.26412006 -0.23162708 0.93626358
vn -0.24840543 -0.24840543 0.93626358
vn -0.23162708 -0.26412006 0.93626358
vn -0.21385687 -0.27870370 0.93626358
vn -0.19517089 -0.29209388 0.93626358
vn -0.17564916 -0.30423327 0.93626358
vn -0.15537527 -0.31506989 0.93626358
vn -0.13443605 -0.32455733 0.93626358
vn -0.11292114 -0.33265497 0.93626358
vn -0.09092270 -0.33932812 0.93626358
vn -0.06853490 -0.34454822 0.93626358
vn -0.04585363 -0.34829292 0.93626358
vn -0.02297601 -0.35054617 0.93626358
vn -0.00000000 -0.35129832 0.93626358
vn 0.02297601 -0.35054617 0.93626358
vn 0.04585363 -0.34829292 0.93626358
vn 0.06853490 -0.34454822 0.93626358
vn 0.09092270 -0.33932812 0.93626358
vn 0.11292114 -0.33265497 0.93626358
vn 0.13443605 -0.32455733 0.93626358
vn 0.15537527 -0.31506989 0.93626358
vn 0.17564916 -0.30423327 0.93626358
vn 0.19517089 -0.29209388 0.93626358
vn 0.21385687 -0.27870370 0.93626358
vn 0.23162708 -0.26412006 0.93626358
vn 0.24840543 -0.24840543 0.93626358
vn 0.26412006 -0.23162708 0.93626358
vn 0.27870370 -0.21385687 0.93626358
vn 0.29209388 -0.19517089 0.93626358
vn 0.30423327 -0.17564916 0.93626358
vn 0.31506989 -0.15537527 0.93626358
vn 0.32455733 -0.13443605 0.93626358
vn 0.33265497 -0.11292114 0.93626358
vn 0.33932812 -0.09092270 0.93626358
vn 0.34454822 -0.06853490 0.93626358
vn 0.34829292 -0.04585363 0.93626358
vn 0.35054617 -0.02297601 0.93626358
vn 0.40213485 0.00000000 0.91558045
vn 0.40127385 0.02630088 0.91558045
vn 0.39869453 0.05248913 0.91558045
vn 0.39440794 0.07845262 0.91558045
vn 0.38843244 0.10408016 0.91558045
vn 0.38079361 0.12926201 0.91558045
vn 0.37152416 0.15389034 0.91558045
vn 0.36066379 0.17785970 0.91558045
vn 0.34825900 0.20106743 0.91558045
vn 0.33436291 0.22341415 0.91558045
vn 0.31903503 0.24480419 0.91558045
vn 0.30234099 0.26514593 0.91558045
vn 0.28435228 0.28435228 0.91558045
vn 0.26514593 0.30234099 0.91558045
vn 0.24480419 0.31903503 0.91558045
vn 0.22341415 0.33436291 0.91558045
vn 0.20106743 0.34825900 0.91558045
vn 0.17785970 0.36066379 0.91558045
vn 0.15389034 0.37152416 0.91558045
vn 0.12926201 0.38079361 0.91558045
vn 0.10408016 0.38843244 0.91558045
vn 0.07845262 0.39440794 0.91558045
vn 0.05248913 0.39869453 0.91558045
vn 0.02630088 0.40127385 0.91558045
vn -0.00000000 0.40213485 0.91558045
vn -0.02630088 0.40127385 0.91558045
vn -0.05248913 0.39869453 0.91558045
vn -0.07845262 0.39440794 0.91558045
vn -0.10408016 0.38843244 0.91558045
vn -0.12926201 0.38079361 0.91558045
vn -0.15389034 0.37152416 0.91558045
vn -0.17785970 0.36066379 0.91558045
vn -0.20106743 0.34825900 0.91558045
vn -0.22341415 0.33436291 0.91558045
vn -0.24480419 0.31903503 0.91558045
vn -0.26514593 0.30234099 0.91558045
vn -0.28435228 0.28435228 0.91558045
vn -0.30234099 0.26514593 0.91558045
vn -0.31903503 0.24480419 0.91558045
vn -0.33436291 0.22341415 0.91558045
vn -0.34825900 0.20106743 0.91558045
vn -0.36066379 0.17785970 0.91558045
vn -0.37152416 0.15389034 0.91558045
vn -0.38079361 0.12926201 0.91558045
vn -0.38843244 0.10408016 0.91558045
vn -0.39440794 0.07845262 0.91558045
vn -0.39869453 0.05248913 0.91558045
vn -0.40127385 0.02630088 0.91558045
vn -0.40213485 -0.00000000 0.91558045
vn -0.40127385 -0.02630088 0.91558045
vn -0.39869453 -0.05248913 0.91558045
vn -0.39440794 -0.07845262 0.91558045
vn -0.38843244 -0.10408016 0.91558045
vn -0.38079361 -0.12926201 0.91558045
vn -0.37152416 -0.15389034 0.91558045
vn -0.36066379 -0.17785970 0.91558045
vn -0.34825900 -0.20106743 0.91558045
vn -0.33436291 -0.22341415 0.91558045
vn -0.31903503 -0.24480419 0.91558045
vn -0.30234099 -0.26514593 0.91558045
vn -0.28435228 -0.28435228 0.91558045
vn -0.26514593 -0.30234099 0.91558045
vn -0.24480419 -0.31903503 0.91558045
vn -0.22341415 -0.33436291 0.91558045
vn -0.20106743 -0.34825900 0.91558045
vn -0.17785970 -0.36066379 0.91558045
vn -0.15389034 -0.37152416 0.91558045
vn -0.12926201 -0.38079361 0.91558045
vn -0.10408016 -0.38843244 0.91558045
vn -0.07845262 -0.39440794 0.91558045
vn -0.05248913 -0.39869453 0.91558045
vn -0.02630088 -0.40127385 0.91558045
vn -0.00000000 -0.40213485 0.91558045
vn 0.02630088 -0.40127385 0.91558045
vn 0.05248913 -0.39869453 0.91558045
vn 0.07845262 -0.39440794 0.91558045
vn 0.10408016 -0.38843244 0.91558045
vn 0.12926201 -0.38079361 0.91558045
vn 0.15389034 -0.37152416 0.91558045
vn 0.17785970 -0.36066379 0.91558045
vn 0.20106743 -0.34825900 0.91558045
vn 0.22341415 -0.33436291 0.91558045
vn 0.24480419 -0.31903503 0.91558045
vn 0.26514593 -0.30234099 0.91558045
vn 0.28435228 -0.28435228 0.91558045
vn 0.30234099 -0.26514593 0.91558045
vn 0.31903503 -0.24480419 0.91558045
vn 0.33436291 -0.22341415 0.91558045
vn 0.34825900 -0.20106743 0.91558045
vn 0.36066379 -0.17785970 0.91558045
vn 0.37152416 -0.15389034 0.91558045
vn 0.38079361 -0.12926201 0.91558045
vn 0.38843244 -0.10408016 0.91558045
vn 0.39440794 -0.07845262 0.91558045
vn 0.39869453 -0.05248913 0.91558045
vn 0.40127385 -0.02630088 0.91558045
vn 0.45308989 -0.00000000 0.89146484
vn 0.45211979 0.02963350 0.89146484
vn 0.44921364 0.05914010 0.89146484
vn 0.44438389 0.08839345 0.89146484
vn 0.43765122 0.11726829 0.89146484
vn 0.42904447 0.14564097 0.89146484
vn 0.41860047 0.17338999 0.89146484
vn 0.40636397 0.20039653 0.89146484
vn 0.39238735 0.22654494 0.89146484
vn 0.37673047 0.25172325 0.89146484
vn 0.35946038 0.27582365 0.89146484
vn 0.34065101 0.29874292 0.89146484
vn 0.32038293 0.32038293 0.89146484
vn 0.29874292 0.34065101 0.89146484
vn 0.27582365 0.35946038 0.89146484
vn 0.25172325 0.37673047 0.89146484
vn 0.22654494 0.39238735 0.89146484
vn 0.20039653 0.40636397 0.89146484
vn 0.17338999 0.41860047 0.89146484
vn 0.14564097 0.42904447 0.89146484
vn 0.11726829 0.43765122 0.89146484
vn 0.08839345 0.44438389 0.89146484
vn 0.05914010 0.44921364 0.89146484
vn 0.02963350 0.45211979 0.89146484
vn -0.00000000 0.45308989 0.89146484
vn -0.02963350 0.45211979 0.89146484
vn -0.05914010 0.44921364 0.89146484
vn -0.08839345 0.44438389 0.89146484
vn -0.11726829 0.43765122 0.89146484
vn -0.14564097 0.42904447 0.89146484
vn -0.17338999 0.41860047 0.89146484
vn -0.20039653 0.40636397 0.89146484
vn -0.22654494 0.39238735 0.89146484
vn -0.25172325 0.37673047 0.89146484
vn -0.27582365 0.35946038 0.89146484
vn -0.29874292 0.34065101 0.89146484
vn -0.32038293 0.32038293 0.89146484
vn -0.34065101 0.29874292 0.89146484
vn -0.35946038 0.27582365 0.89146484
vn -0.37673047 0.25172325 0.89146484
vn -0.39238735 0.22654494 0.89146484
vn -0.40636397 0.20039653 0.89146484
vn -0.41860047 0.17338999 0.89146484
vn -0.42904447 0.14564097 0.89146484
vn -0.43765122 0.11726829 0.89146484
vn -0.44438389 0.08839345 0.89146484
vn -0.44921364 0.05914010 0.89146484
vn -0.45211979 0.02963350 0.89146484
vn -0.45308989 0.00000000 0.89146484
vn -0.45211979 -0.02963350 0.89146484
vn -0.44921364 -0.05914010 0.89146484
vn -0.44438389 -0.08839345 0.89146484
vn -0.43765122 -0.11726829 0.89146484
vn -0.42904447 -0.14564097 0.89146484
vn -0.41860047 -0.17338999 0.89146484
vn -0.40636397 -0.20039653 0.89146484
vn -0.39238735 -0.22654494 0.89146484
vn -0.37673047 -0.25172325 0.89146484
vn -0.35946038 -0.27582365 0.89146484
vn -0.34065101 -0.29874292 0.89146484
vn -0.32038293 -0.32038293 0.89146484
vn -0.29874292 -0.34065101 0.89146484
vn -0.27582365 -0.35946038 0.89146484
vn -0.25172325 -0.37673047 0.89146484
vn -0.22654494 -0.39238735 0.89146484
vn -0.20039653 -0.40636397 0.89146484
vn -0.17338999 -0.41860047 0.89146484
vn -0.14564097 -0.42904447 0.89146484
vn -0.11726829 -0.43765122 0.89146484
vn -0.08839345 -0.44438389 0.89146484
vn -0.05914010 -0.44921364 0.89146484
vn -0.02963350 -0.45211979 0.89146484
vn -0.00000000 -0.45308989 0.89146484
vn 0.02963350 -0.45211979 0.89146484
vn 0.05914010 -0.44921364 0.89146484
vn 0.08839345 -0.44438389 0.89146484
vn 0.11726829 -0.43765122 0.89146484
vn 0.14564097 -0.42904447 0.89146484
vn 0.17338999 -0.41860047 0.89146484
vn 0.20039653 -0.40636397 0.89146484
vn 0.22654494 -0.39238735 0.89146484
vn 0.25172325 -0.37673047 0.89146484
vn 0.27582365 -0.35946038 0.89146484
vn 0.29874292 -0.34065101 0.89146484
vn 0.32038293 -0.32038293 0.89146484
vn 0.34065101 -0.29874292 0.89146484
vn 0.35946038 -0.27582365 0.89146484
vn 0.37673047 -0.25172325 0.89146484
vn 0.39238735 -0.22654494 0.89146484
vn 0.40636397 -0.20039653 0.89146484
vn 0.41860047 -0.17338999 0.89146484
vn 0.42904447 -0.14564097 0.89146484
vn 0.43765122 -0.11726829 0.89146484
vn 0.44438389 -0.08839345 0.89146484
vn 0.44921364 -0.05914010 0.89146484
vn 0.45211979 -0.02963350 0.89146484
vn 0.50405841 -0.00000000 0.86366957
vn 0.50297918 0.03296700 0.86366957
vn 0.49974612 0.06579283 0.86366957
vn 0.49437307 0.09833692 0.86366957
vn 0.48688304 0.13045992 0.86366957
vn 0.47730810 0.16202427 0.86366957
vn 0.46568925 0.19289480 0.86366957
vn 0.45207625 0.22293933 0.86366957
vn 0.43652739 0.25202921 0.86366957
vn 0.41910925 0.28003985 0.86366957
vn 0.39989642 0.30685132 0.86366957
vn 0.37897118 0.33234880 0.86366957
vn 0.35642312 0.35642312 0.86366957
vn 0.33234880 0.37897118 0.86366957
vn 0.30685132 0.39989642 0.86366957
vn 0.28003985 0.41910925 0.86366957
vn 0.25202921 0.43652739 0.86366957
vn 0.22293933 0.45207625 0.86366957
vn 0.19289480 0.46568925 0.86366957
vn 0.16202427 0.47730810 0.86366957
vn 0.13045992 0.48688304 0.86366957
vn 0.09833692 0.49437307 0.86366957
vn 0.06579283 0.49974612 0.86366957
vn 0.03296700 0.50297918 0.86366957
vn 0.00000000 0.50405841 0.86366957
vn -0.03296700 0.50297918 0.86366957
vn -0.06579283 0.49974612 0.86366957
vn -0.09833692 0.49437307 0.86366957
vn -0.13045992 0.48688304 0.86366957
vn -0.16202427 0.47730810 0.86366957
vn -0.19289480 0.46568925 0.86366957
vn -0.22293933 0.45207625 0.86366957
vn -0.25202921 0.43652739 0.86366957
vn -0.28003985 0.41910925 0.86366957
vn -0.30685132 0.39989642 0.86366957
vn -0.33234880 0.37897118 0.86366957
vn -0.35642312 0.35642312 0.86366957
vn -0.37897118 0.33234880 0.86366957
vn -0.39989642 0.30685132 0.86366957
vn -0.41910925 0.28003985 0.86366957
vn -0.43652739 0.25202921 0.86366957
vn -0.45207625 0.22293933 0.86366957
vn -0.46568925 0.19289480 0.86366957
vn -0.47730810 0.16202427 0.86366957
vn -0.48688304 0.13045992 0.86366957
vn -0.49437307 0.09833692 0.86366957
vn -0.49974612 0.06579283 0.86366957
vn -0.50297918 0.03296700 0.86366957
vn -0.50405841 0.00000000 0.86366957
vn -0.50297918 -0.03296700 0.86366957
vn -0.49974612 -0.06579283 0.86366957
vn -0.49437307 -0.09833692 0.86366957
vn -0.48688304 -0.13045992 0.86366957
vn -0.47730810 -0.16202427 0.86366957
vn -0.46568925 -0.19289480 0.86366957
vn -0.45207625 -0.22293933 0.86366957
vn -0.43652739 -0.25202921 0.86366957
vn -0.41910925 -0.28003985 0.86366957
vn -0.39989642 -0.30685132 0.86366957
vn -0.37897118 -0.33234880 0.86366957
vn -0.35642312 -0.35642312 0.86366957
vn -0.33234880 -0.37897118 0.86366957
vn -0.30685132 -0.39989642 0.86366957
vn -0.28003985 -0.41910925 0.86366957
vn -0.25202921 -0.43652739 0.86366957
vn -0.22293933 -0.45207625 0.86366957
vn -0.19289480 -0.46568925 0.86366957
vn -0.16202427 -0.47730810 0.86366957
vn -0.13045992 -0.48688304 0.86366957
vn -0.09833692 -0.49437307 0.86366957
vn -0.06579283 -0.49974612 0.86366957
vn -0.03296700 -0.50297918 0.86366957
vn -0.00000000 -0.50405841 0.86366957
vn 0.03296700 -0.50297918 0.86366957
vn 0.06579283 -0.49974612 0.86366957
vn 0.09833692 -0.49437307 0.86366957
vn 0.13045992 -0.48688304 0.86366957
vn 0.16202427 -0.47730810 0.86366957
vn 0.19289480 -0.46568925 0.86366957
vn 0.22293933 -0.45207625 0.86366957
vn 0.25202921 -0.43652739 0.86366957
vn 0.28003985 -0.41910925 0.86366957
vn 0.30685132 -0.39989642 0.86366957
vn 0.33234880 -0.37897118 0.86366957
vn 0.35642312 -0.35642312 0.86366957
vn 0.37897118 -0.33234880 0.86366957
vn 0.39989642 -0.30685132 0.86366957
vn 0.41910925 -0.28003985 0.86366957
vn 0.43652739 -0.25202921 0.86366957
vn 0.45207625 -0.22293933 0.86366957
vn 0.46568925 -0.19289480 0.86366957
vn 0.47730810 -0.16202427 0.86366957
vn 0.48688304 -0.13045992 0.86366957
vn 0.49437307 -0.09833692 0.86366957
vn 0.49974612 -0.06579283 0.86366957
vn 0.50297918 -0.03296700 0.86366957
vn 0.55488344 0.00000000 0.83192811
vn 0.55369539 0.03629111 0.83192811
vn 0.55013633 0.07242682 0.83192811
vn 0.54422151 0.10825239 0.83192811
vn 0.53597624 0.14361440 0.83192811
vn 0.52543584 0.17836143 0.83192811
vn 0.51264545 0.21234470 0.83192811
vn 0.49765983 0.24541867 0.83192811
vn 0.48054315 0.27744172 0.83192811
vn 0.46136872 0.30827672 0.83192811
vn 0.44021863 0.33779163 0.83192811
vn 0.41718346 0.36586007 0.83192811
vn 0.39236184 0.39236184 0.83192811
vn 0.36586007 0.41718346 0.83192811
vn 0.33779163 0.44021863 0.83192811
vn 0.30827672 0.46136872 0.83192811
vn 0.27744172 0.48054315 0.83192811
vn 0.24541867 0.49765983 0.83192811
vn 0.21234470 0.51264545 0.83192811
vn 0.17836143 0.52543584 0.83192811
vn 0.14361440 0.53597624 0.83192811
vn 0.10825239 0.54422151 0.83192811
vn 0.07242682 0.55013633 0.83192811
vn 0.03629111 0.55369539 0.83192811
vn -0.00000000 0.55488344 0.83192811
vn -0.03629111 0.55369539 0.83192811
vn -0.07242682 0.55013633 0.83192811
vn -0.10825239 0.54422151 0.83192811
vn -0.14361440 0.53597624 0.83192811
vn -0.17836143 0.52543584 0.83192811
vn -0.21234470 0.51264545 0.83192811
vn -0.24541867 0.49765983 0.83192811
vn -0.27744172 0.48054315 0.83192811
vn -0.30827672 0.46136872 0.83192811
vn -0.33779163 0.44021863 0.83192811
vn -0.36586007 0.41718346 0.83192811
vn -0.39236184 0.39236184 0.83192811
vn -0.41718346 0.36586007 0.83192811
vn -0.44021863 0.33779163 0.83192811
vn -0.46136872 0.30827672 0.83192811
vn -0.48054315 0.27744172 0.83192811
vn -0.49765983 0.24541867 0.83192811
vn -0.51264545 0.21234470 0.83192811
vn -0.52543584 0.17836143 0.83192811
vn -0.53597624 0.14361440 0.83192811
vn -0.54422151 0.10825239 0.83192811
vn -0.55013633 0.07242682 0.83192811
vn -0.55369539 0.03629111 0.83192811
vn -0.55488344 -0.00000000 0.83192811
vn -0.55369539 -0.03629111 0.83192811
vn -0.55013633 -0.07242682 0.83192811
vn -0.54422151 -0.10825239 0.83192811
vn -0.53597624 -0.14361440 0.83192811
vn -0.52543584 -0.17836143 0.83192811
vn -0.51264545 -0.21234470 0.83192811
vn -0.49765983 -0.24541867 0.83192811
vn -0.48054315 -0.27744172 0.83192811
vn -0.46136872 -0.30827672 0.83192811
vn -0.44021863 -0.33779163 0.83192811
vn -0.41718346 -0.36586007 0.83192811
vn -0.39236184 -0.39236184 0.83192811
vn -0.36586007 -0.41718346 0.83192811
vn -0.33779163 -0.44021863 0.83192811
vn -0.30827672 -0.46136872 0.83192811
vn -0.27744172 -0.48054315 0.83192811
vn -0.24541867 -0.49765983 0.83192811
vn -0.21234470 -0.51264545 0.83192811
vn -0.17836143 -0.52543584 0.83192811
vn -0.14361440 -0.53597624 0.83192811
vn -0.10825239 -0.54422151 0.83192811
vn -0.07242682 -0.55013633 0.83192811
vn -0.03629111 -0.55369539 0.83192811
vn -0.00000000 -0.55488344 0.83192811
vn 0.03629111 -0.55369539 0.83192811
vn 0.07242682 -0.55013633 0.83192811
vn 0.10825239 -0.54422151 0.83192811
vn 0.14361440 -0.53597624 0.83192811
vn 0.17836143 -0.52543584 0.83192811
vn 0.21234470 -0.51264545 0.83192811
vn 0.24541867 -0.49765983 0.83192811
vn 0.27744172 -0.48054315 0.83192811
vn 0.30827672 -0.46136872 0.83192811
vn 0.33779163 -0.44021863 0.83192811
vn 0.36586007 -0.41718346 0.83192811
vn 0.39236184 -0.39236184 0.83192811
vn 0.41718346 -0.36586007 0.83192811
vn 0.44021863 -0.33779163 0.83192811
vn 0.46136872 -0.30827672 0.83192811
vn 0.48054315 -0.27744172 0.83192811
vn 0.49765983 -0.24541867 0.83192811
vn 0.51264545 -0.21234470 0.83192811
vn 0.52543584 -0.17836143 0.83192811
vn 0.53597624 -0.14361440 0.83192811
vn 0.54422151 -0.10825239 0.83192811
vn 0.55013633 -0.07242682 0.83192811
vn 0.55369539 -0.03629111 0.83192811
vn 0.60534590 -0.00000000 0.79596252
vn 0.60404981 0.03959152 0.79596252
vn 0.60016708 0.07901350 0.79596252
vn 0.59371435 0.11809713 0.79596252
vn 0.58471924 0.15667505 0.79596252
vn 0.57322027 0.19458206 0.79596252
vn 0.55926669 0.23165585 0.79596252
vn 0.54291824 0.26773765 0.79596252
vn 0.52424493 0.30267295 0.79596252
vn 0.50332672 0.33631216 0.79596252
vn 0.48025319 0.36851124 0.79596252
vn 0.45512315 0.39913229 0.79596252
vn 0.42804419 0.42804419 0.79596252
vn 0.39913229 0.45512315 0.79596252
vn 0.36851124 0.48025319 0.79596252
vn 0.33631216 0.50332672 0.79596252
vn 0.30267295 0.52424493 0.79596252
vn 0.26773765 0.54291824 0.79596252
vn 0.23165585 0.55926669 0.79596252
vn 0.19458206 0.57322027 0.79596252
vn 0.15667505 0.58471924 0.79596252
vn 0.11809713 0.59371435 0.79596252
vn 0.07901350 0.60016708 0.79596252
vn 0.03959152 0.60404981 0.79596252
vn -0.00000000 0.60534590 0.79596252
vn -0.03959152 0.60404981 0.79596252
vn -0.07901350 0.60016708 0.79596252
vn -0.11809713 0.59371435 0.79596252
vn -0.15667505 0.58471924 0.79596252
vn -0.19458206 0.57322027 0.79596252
vn -0.23165585 0.55926669 0.79596252
vn -0.26773765 0.54291824 0.79596252
vn -0.30267295 0.52424493 0.79596252
vn -0.33631216 0.50332672 0.79596252
vn -0.36851124 0.48025319 0.79596252
vn -0.39913229 0.45512315 0.79596252
vn -0.42804419 0.42804419 0.79596252
vn -0.45512315 0.39913229 0.79596252
vn -0.48025319 0.36851124 0.79596252
vn -0.50332672 0.33631216 0.79596252
vn -0.52424493 0.30267295 0.79596252
vn -0.54291824 0.26773765 0.79596252
vn -0.55926669 0.23165585 0.79596252
vn -0.57322027 0.19458206 0.79596252
vn -0.58471924 0.15667505 0.79596252
vn -0.59371435 0.11809713 0.79596252
vn -0.60016708 0.07901350 0.79596252
vn -0.60404981 0.03959152 0.79596252
vn -0.60534590 0.00000000 0.79596252
vn -0.60404981 -0.03959152 0.79596252
vn -0.60016708 -0.07901350 0.79596252
vn -0.59371435 -0.11809713 0.79596252
vn -0.58471924 -0.15667505 0.79596252
vn -0.57322027 -0.19458206 0.79596252
vn -0.55926669 -0.23165585 0.79596252
vn -0.54291824 -0.26773765 0.79596252
vn -0.52424493 -0.30267295 0.79596252
vn -0.50332672 -0.33631216 0.79596252
vn -0.48025319 -0.36851124 0.79596252
vn -0.45512315 -0.39913229 0.79596252
vn -0.42804419 -0.42804419 0.79596252
vn -0.39913229 -0.45512315 0.79596252
vn -0.36851124 -0.48025319 0.79596252
vn -0.33631216 -0.50332672 0.79596252
vn -0.30267295 -0.52424493 0.79596252
vn -0.26773765 -0.54291824 0.79596252
vn -0.23165585 -0.55926669 0.79596252
vn -0.19458206 -0.57322027 0.79596252
vn -0.15667505 -0.58471924 0.79596252
vn -0.11809713 -0.59371435 0.79596252
vn -0.07901350 -0.60016708 0.79596252
vn -0.03959152 -0.60404981 0.79596252
vn -0.00000000 -0.60534590 0.79596252
vn 0.03959152 -0.60404981 0.79596252
vn 0.07901350 -0.60016708 0.79596252
vn 0.11809713 -0.59371435 0.79596252
vn 0.15667505 -0.58471924 0.79596252
vn 0.19458206 -0.57322027 0.79596252
vn 0.23165585 -0.55926669 0.79596252
vn 0.26773765 -0.54291824 0.79596252
vn 0.30267295 -0.52424493 0.79596252
vn 0.33631216 -0.50332672 0.79596252
vn 0.36851124 -0.48025319 0.79596252
vn 0.39913229 -0.45512315 0.79596252
vn 0.42804419 -0.42804419 0.79596252
vn 0.45512315 -0.39913229 0.79596252
vn 0.48025319 -0.36851124 0.79596252
vn 0.50332672 -0.33631216 0.79596252
vn 0.52424493 -0.30267295 0.79596252
vn 0.54291824 -0.26773765 0.79596252
vn 0.55926669 -0.23165585 0.79596252
vn 0.57322027 -0.19458206 0.79596252
vn 0.58471924 -0.15667505 0.79596252
vn 0.59371435 -0.11809713 0.79596252
vn 0.60016708 -0.07901350 0.79596252
vn 0.60404981 -0.03959152 0.79596252
vn 0.65515440 -0.00000000 0.75549501
vn 0.65375167 0.04284915 0.75549501
vn 0.64954946 0.08551481 0.75549501
vn 0.64256579 0.12781428 0.75549501
vn 0.63283056 0.16956644 0.75549501
vn 0.62038544 0.21059248 0.75549501
vn 0.60528374 0.25071673 0.75549501
vn 0.58759012 0.28976738 0.75549501
vn 0.56738035 0.32757720 0.75549501
vn 0.54474098 0.36398428 0.75549501
vn 0.51976893 0.39883273 0.75549501
vn 0.49257116 0.43197331 0.75549501
vn 0.46326412 0.46326412 0.75549501
vn 0.43197331 0.49257116 0.75549501
vn 0.39883273 0.51976893 0.75549501
vn 0.36398428 0.54474098 0.75549501
vn 0.32757720 0.56738035 0.75549501
vn 0.28976738 0.58759012 0.75549501
vn 0.25071673 0.60528374 0.75549501
vn 0.21059248 0.62038544 0.75549501
vn 0.16956644 0.63283056 0.75549501
vn 0.12781428 0.64256579 0.75549501
vn 0.08551481 0.64954946 0.75549501
vn 0.04284915 0.65375167 0.75549501
vn 0.00000000 0.65515440 0.75549501
vn -0.04284915 0.65375167 0.75549501
vn -0.08551481 0.64954946 0.75549501
vn -0.12781428 0.64256579 0.75549501
vn -0.16956644 0.63283056 0.75549501
vn -0.21059248 0.62038544 0.75549501
vn -0.25071673 0.60528374 0.75549501
vn -0.28976738 0.58759012 0.75549501
vn -0.32757720 0.56738035 0.75549501
vn -0.36398428 0.54474098 0.75549501
vn -0.39883273 0.51976893 0.75549501
vn -0.43197331 0.49257116 0.75549501
vn -0.46326412 0.46326412 0.75549501
vn -0.49257116 0.43197331 0.75549501
vn -0.51976893 0.39883273 0.75549501
vn -0.54474098 0.36398428 0.75549501
vn -0.56738035 0.32757720 0.75549501
vn -0.58759012 0.28976738 0.75549501
vn -0.60528374 0.25071673 0.75549501
vn -0.62038544 0.21059248 0.75549501
vn -0.63283056 0.16956644 0.75549501
vn -0.64256579 0.12781428 0.75549501
vn -0.64954946 0.08551481 0.75549501
vn -0.65375167 0.04284915 0.75549501
vn -0.65515440 0.00000000 0.75549501
vn -0.65375167 -0.04284915 0.75549501
vn -0.64954946 -0.08551481 0.75549501
vn -0.64256579 -0.12781428 0.75549501
vn -0.63283056 -0.16956644 0.75549501
vn -0.62038544 -0.21059248 0.75549501
vn -0.60528374 -0.25071673 0.75549501
vn -0.58759012 -0.28976738 0.75549501
vn -0.56738035 -0.32757720 0.75549501
vn -0.54474098 -0.36398428 0.75549501
vn -0.51976893 -0.39883273 0.75549501
vn -0.49257116 -0.43197331 0.75549501
vn -0.46326412 -0.46326412 0.75549501
vn -0.43197331 -0.49257116 0.75549501
vn -0.39883273 -0.51976893 0.75549501
vn -0.36398428 -0.54474098 0.75549501
vn -0.32757720 -0.56738035 0.75549501
vn -0.28976738 -0.58759012 0.75549501
vn -0.25071673 -0.60528374 0.75549501
vn -0.21059248 -0.62038544 0.75549501
vn -0.16956644 -0.63283056 0.75549501
vn -0.12781428 -0.64256579 0.75549501
vn -0.08551481 -0.64954946 0.75549501
vn -0.04284915 -0.65375167 0.75549501
vn -0.00000000 -0.65515440 0.75549501
vn 0.04284915 -0.65375167 0.75549501
vn 0.08551481 -0.64954946 0.75549501
vn 0.12781428 -0.64256579 0.75549501
vn 0.16956644 -0.63283056 0.75549501
vn 0.21059248 -0.62038544 0.75549501
vn 0.25071673 -0.60528374 0.75549501
vn 0.28976738 -0.58759012 0.75549501
vn 0.32757720 -0.56738035 0.75549501
vn 0.36398428 -0.54474098 0.75549501
vn 0.39883273 -0.51976893 0.75549501
vn 0.43197331 -0.49257116 0.75549501
vn 0.46326412 -0.46326412 0.75549501
vn 0.49257116 -0.43197331 0.75549501
vn 0.51976893 -0.39883273 0.75549501
vn 0.54474098 -0.36398428 0.75549501
vn 0.56738035 -0.32757720 0.75549501
vn 0.58759012 -0.28976738 0.75549501
vn 0.60528374 -0.25071673 0.75549501
vn 0.62038544 -0.21059248 0.75549501
vn 0.63283056 -0.16956644 0.75549501
vn 0.64256579 -0.12781428 0.75549501
vn 0.64954946 -0.08551481 0.75549501
vn 0.65375167 -0.04284915 0.75549501
vn 0.70393568 -0.00000000 0.71026373
vn 0.70242850 0.04603960 0.71026373
vn 0.69791341 0.09188204 0.71026373
vn 0.69040975 0.13733104 0.71026373
vn 0.67994965 0.18219196 0.71026373
vn 0.66657790 0.22627271 0.71026373
vn 0.65035176 0.26938452 0.71026373
vn 0.63134072 0.31134279 0.71026373
vn 0.60962618 0.35196784 0.71026373
vn 0.58530112 0.39108571 0.71026373
vn 0.55846972 0.42852889 0.71026373
vn 0.52924686 0.46413704 0.71026373
vn 0.49775769 0.49775769 0.71026373
vn 0.46413704 0.52924686 0.71026373
vn 0.42852889 0.55846972 0.71026373
vn 0.39108571 0.58530112 0.71026373
vn 0.35196784 0.60962618 0.71026373
vn 0.31134279 0.63134072 0.71026373
vn 0.26938452 0.65035176 0.71026373
vn 0.22627271 0.66657790 0.71026373
vn 0.18219196 0.67994965 0.71026373
vn 0.13733104 0.69040975 0.71026373
vn 0.09188204 0.69791341 0.71026373
vn 0.04603960 0.70242850 0.71026373
vn -0.00000000 0.70393568 0.71026373
vn -0.04603960 0.70242850 0.71026373
vn -0.09188204 0.69791341 0.71026373
vn -0.13733104 0.69040975 0.71026373
vn -0.18219196 0.67994965 0.71026373
vn -0.22627271 0.66657790 0.71026373
vn -0.26938452 0.65035176 0.71026373
vn -0.31134279 0.63134072 0.71026373
vn -0.35196784 0.60962618 0.71026373
vn -0.39108571 0.58530112 0.71026373
vn -0.42852889 0.55846972 0.71026373
vn -0.46413704 0.52924686 0.71026373
vn -0.49775769 0.49775769 0.71026373
vn -0.52924686 0.46413704 0.71026373
vn -0.55846972 0.42852889 0.71026373
vn -0.58530112 0.39108571 0.71026373
vn -0.60962618 0.35196784 0.71026373
vn -0.63134072 0.31134279 0.71026373
vn -0.65035176 0.26938452 0.71026373
vn -0.66657790 0.22627271 0.71026373
vn -0.67994965 0.18219196 0.71026373
vn -0.69040975 0.13733104 0.71026373
vn -0.69791341 0.09188204 0.71026373
vn -0.70242850 0.04603960 0.71026373
vn -0.70393568 0.00000000 0.71026373
vn -0.70242850 -0.04603960 0.71026373
vn -0.69791341 -0.09188204 0.71026373
vn -0.69040975 -0.13733104 0.71026373
vn -0.67994965 -0.18219196 0.71026373
vn -0.66657790 -0.22627271 0.71026373
vn -0.65035176 -0.26938452 0.71026373
vn -0.63134072 -0.31134279 0.71026373
vn -0.60962618 -0.35196784 0.71026373
vn -0.58530112 -0.39108571 0.71026373
vn -0.55846972 -0.42852889 0.71026373
vn -0.52924686 -0.46413704 0.71026373
vn -0.49775769 -0.49775769 0.71026373
vn -0.46413704 -0.52924686 0.71026373
vn -0.42852889 -0.55846972 0.71026373
vn -0.39108571 -0.58530112 0.71026373
vn -0.35196784 -0.60962618 0.71026373
vn -0.31134279 -0.63134072 0.71026373
vn -0.26938452 -0.65035176 0.71026373
vn -0.22627271 -0.66657790 0.71026373
vn -0.18219196 -0.67994965 0.71026373
vn -0.13733104 -0.69040975 0.71026373
vn -0.09188204 -0.69791341 0.71026373
vn -0.04603960 -0.70242850 0.71026373
vn -0.00000000 -0.70393568 0.71026373
vn 0.04603960 -0.70242850 0.71026373
vn 0.09188204 -0.69791341 0.71026373
vn 0.13733104 -0.69040975 0.71026373
vn 0.18219196 -0.67994965 0.71026373
vn 0.22627271 -0.66657790 0.71026373
vn 0.26938452 -0.65035176 0.71026373
vn 0.31134279 -0.63134072 0.71026373
vn 0.35196784 -0.60962618 0.71026373
vn 0.39108571 -0.58530112 0.71026373
vn 0.42852889 -0.55846972 0.71026373
vn 0.46413704 -0.52924686 0.71026373
vn 0.49775769 -0.49775769 0.71026373
vn 0.52924686 -0.46413704 0.71026373
vn 0.55846972 -0.42852889 0.71026373
vn 0.58530112 -0.39108571 0.71026373
vn 0.60962618 -0.35196784 0.71026373
vn 0.63134072 -0.31134279 0.71026373
vn 0.65035176 -0.26938452 0.71026373
vn 0.66657790 -0.22627271 0.71026373
vn 0.67994965 -0.18219196 0.71026373
vn 0.69040975 -0.13733104 0.71026373
vn 0.69791341 -0.09188204 0.71026373
vn 0.70242850 -0.04603960 0.71026373
vn 0.75122737 -0.00000000 0.66004351
vn 0.74961893 0.04913262 0.66004351
vn 0.74480052 0.09805485 0.66004351
vn 0.73679275 0.14655719 0.66004351
vn 0.72562992 0.19443195 0.66004351
vn 0.71135983 0.24147412 0.66004351
vn 0.69404359 0.28748227 0.66004351
vn 0.67375535 0.33225937 0.66004351
vn 0.65058199 0.37561368 0.66004351
vn 0.62462273 0.41735956 0.66004351
vn 0.59598874 0.45731825 0.66004351
vn 0.56480264 0.49531862 0.66004351
vn 0.53119797 0.53119797 0.66004351
vn 0.49531862 0.56480264 0.66004351
vn 0.45731825 0.59598874 0.66004351
vn 0.41735956 0.62462273 0.66004351
vn 0.37561368 0.65058199 0.66004351
vn 0.33225937 0.67375535 0.66004351
vn 0.28748227 0.69404359 0.66004351
vn 0.24147412 0.71135983 0.66004351
vn 0.19443195 0.72562992 0.66004351
vn 0.14655719 0.73679275 0.66004351
vn 0.09805485 0.74480052 0.66004351
vn 0.04913262 0.74961893 0.66004351
vn -0.00000000 0.75122737 0.66004351
vn -0.04913262 0.74961893 0.66004351
vn -0.09805485 0.74480052 0.66004351
vn -0.14655719 0.73679275 0.66004351
vn -0.19443195 0.72562992 0.66004351
vn -0.24147412 0.71135983 0.66004351
vn -0.28748227 0.69404359 0.66004351
vn -0.33225937 0.67375535 0.66004351
vn -0.37561368 0.65058199 0.66004351
vn -0.41735956 0.62462273 0.66004351
vn -0.45731825 0.59598874 0.66004351
vn -0.49531862 0.56480264 0.66004351
vn -0.53119797 0.53119797 0.66004351
vn -0.56480264 0.49531862 0.66004351
vn -0.59598874 0.45731825 0.66004351
vn -0.62462273 0.41735956 0.66004351
vn -0.65058199 0.37561368 0.66004351
vn -0.67375535 0.33225937 0.66004351
vn -0.69404359 0.28748227 0.66004351
vn -0.71135983 0.24147412 0.66004351
vn -0.72562992 0.19443195 0.66004351
vn -0.73679275 0.14655719 0.66004351
vn -0.74480052 0.09805485 0.66004351
vn -0.74961893 0.04913262 0.66004351
vn -0.75122737 0.00000000 0.66004351
vn -0.74961893 -0.04913262 0.66004351
vn -0.74480052 -0.09805485 0.66004351
vn -0.73679275 -0.14655719 0.66004351
vn -0.72562992 -0.19443195 0.66004351
vn -0.71135983 -0.24147412 0.66004351
vn -0.69404359 -0.28748227 0.66004351
vn -0.67375535 -0.33225937 0.66004351
vn -0.65058199 -0.37561368 0.66004351
vn -0.62462273 -0.41735956 0.66004351
vn -0.59598874 -0.45731825 0.66004351
vn -0.56480264 -0.49531862 0.66004351
vn -0.53119797 -0.53119797 0.66004351
vn -0.49531862 -0.56480264 0.66004351
vn -0.45731825 -0.59598874 0.66004351
vn -0.41735956 -0.62462273 0.66004351
vn -0.37561368 -0.65058199 0.66004351
vn -0.33225937 -0.67375535 0.66004351
vn -0.28748227 -0.69404359 0.66004351
vn -0.24147412 -0.71135983 0.66004351
vn -0.19443195 -0.72562992 0.66004351
vn -0.14655719 -0.73679275 0.66004351
vn -0.09805485 -0.74480052 0.66004351
vn -0.04913262 -0.74961893 0.66004351
vn -0.00000000 -0.75122737 0.66004351
vn 0.04913262 -0.74961893 0.66004351
vn 0.09805485 -0.74480052 0.66004351
vn 0.14655719 -0.73679275 0.66004351
vn 0.19443195 -0.72562992 0.66004351
vn 0.24147412 -0.71135983 0.66004351
vn 0.28748227 -0.69404359 0.66004351
vn 0.33225937 -0.67375535 0.66004351
vn 0.37561368 -0.65058199 0.66004351
vn 0.41735956 -0.62462273 0.66004351
vn 0.45731825 -0.59598874 0.66004351
vn 0.49531862 -0.56480264 0.66004351
vn 0.53119797 -0.53119797 0.66004351
vn 0.56480264 -0.49531862 0.66004351
vn 0.59598874 -0.45731825 0.66004351
vn 0.62462273 -0.41735956 0.66004351
vn 0.65058199 -0.37561368 0.66004351
vn 0.67375535 -0.33225937 0.66004351
vn 0.69404359 -0.28748227 0.66004351
vn 0.71135983 -0.24147412 0.66004351
vn 0.72562992 -0.19443195 0.66004351
vn 0.73679275 -0.14655719 0.66004351
vn 0.74480052 -0.09805485 0.66004351
vn 0.74961893 -0.04913262 0.66004351
vn 0.79647495 0.00000000 0.60467152
vn 0.79476964 0.05209195 0.60467152
vn 0.78966100 0.10396084 0.60467152
vn 0.78117091 0.15538455 0.60467152
vn 0.76933573 0.20614289 0.60467152
vn 0.75420613 0.25601848 0.60467152
vn 0.73584691 0.30479777 0.60467152
vn 0.71433667 0.35227186 0.60467152
vn 0.68976754 0.39823748 0.60467152
vn 0.66224472 0.44249777 0.60467152
vn 0.63188606 0.48486323 0.60467152
vn 0.59882157 0.52515243 0.60467152
vn 0.56319284 0.56319284 0.60467152
vn 0.52515243 0.59882157 0.60467152
vn 0.48486323 0.63188606 0.60467152
vn 0.44249777 0.66224472 0.60467152
vn 0.39823748 0.68976754 0.60467152
vn 0.35227186 0.71433667 0.60467152
vn 0.30479777 0.73584691 0.60467152
vn 0.25601848 0.75420613 0.60467152
vn 0.20614289 0.76933573 0.60467152
vn 0.15538455 0.78117091 0.60467152
vn 0.10396084 0.78966100 0.60467152
vn 0.05209195 0.79476964 0.60467152
vn -0.00000000 0.79647495 0.60467152
vn -0.05209195 0.79476964 0.60467152
vn -0.10396084 0.78966100 0.60467152
vn -0.15538455 0.78117091 0.60467152
vn -0.20614289 0.76933573 0.60467152
vn -0.25601848 0.75420613 0.60467152
vn -0.30479777 0.73584691 0.60467152
vn -0.35227186 0.71433667 0.60467152
vn -0.39823748 0.68976754 0.60467152
vn -0.44249777 0.66224472 0.60467152
vn -0.48486323 0.63188606 0.60467152
vn -0.52515243 0.59882157 0.60467152
vn -0.56319284 0.56319284 0.60467152
vn -0.59882157 0.52515243 0.60467152
vn -0.63188606 0.48486323 0.60467152
vn -0.66224472 0.44249777 0.60467152
vn -0.68976754 0.39823748 0.60467152
vn -0.71433667 0.35227186 0.60467152
vn -0.73584691 0.30479777 0.60467152
vn -0.75420613 0.25601848 0.60467152
vn -0.76933573 0.20614289 0.60467152
vn -0.78117091 0.15538455 0.60467152
vn -0.78966100 0.10396084 0.60467152
vn -0.79476964 0.05209195 0.60467152
vn -0.79647495 -0.00000000 0.60467152
vn -0.79476964 -0.05209195 0.60467152
vn -0.78966100 -0.10396084 0.60467152
vn -0.78117091 -0.15538455 0.60467152
vn -0.76933573 -0.20614289 0.60467152
vn -0.75420613 -0.25601848 0.60467152
vn -0.73584691 -0.30479777 0.60467152
vn -0.71433667 -0.35227186 0.60467152
vn -0.68976754 -0.39823748 0.60467152
vn -0.66224472 -0.44249777 0.60467152
vn -0.63188606 -0.48486323 0.60467152
vn -0.59882157 -0.52515243 0.60467152
vn -0.56319284 -0.56319284 0.60467152
vn -0.52515243 -0.59882157 0.60467152
vn -0.48486323 -0.63188606 0.60467152
vn -0.44249777 -0.66224472 0.60467152
vn -0.39823748 -0.68976754 0.60467152
vn -0.35227186 -0.71433667 0.60467152
vn -0.30479777 -0.73584691 0.60467152
vn -0.25601848 -0.75420613 0.60467152
vn -0.20614289 -0.76933573 0.60467152
vn -0.15538455 -0.78117091 0.60467152
vn -0.10396084 -0.78966100 0.60467152
vn -0.05209195 -0.79476964 0.60467152
vn -0.00000000 -0.79647495 0.60467152
vn 0.05209195 -0.79476964 0.60467152
vn 0.10396084 -0.78966100 0.60467152
vn 0.15538455 -0.78117091 0.60467152
vn 0.20614289 -0.76933573 0.60467152
vn 0.25601848 -0.75420613 0.60467152
vn 0.30479777 -0.73584691 0.60467152
vn 0.35227186 -0.71433667 0.60467152
vn 0.39823748 -0.68976754 0.60467152
vn 0.44249777 -0.66224472 0.60467152
vn 0.48486323 -0.63188606 0.60467152
vn 0.52515243 -0.59882157 0.60467152
vn 0.56319284 -0.56319284 0.60467152
vn 0.59882157 -0.52515243 0.60467152
vn 0.63188606 -0.48486323 0.60467152
vn 0.66224472 -0.44249777 0.60467152
vn 0.68976754 -0.39823748 0.60467152
vn 0.71433667 -0.35227186 0.60467152
vn 0.73584691 -0.30479777 0.60467152
vn 0.75420613 -0.25601848 0.60467152
vn 0.76933573 -0.20614289 0.60467152
vn 0.78117091 -0.15538455 0.60467152
vn 0.78966100 -0.10396084 0.60467152
vn 0.79476964 -0.05209195 0.60467152
vn 0.83903520 0.00000000 0.54407713
vn 0.83723877 0.05487553 0.54407713
vn 0.83185714 0.10951607 0.54407713
vn 0.82291338 0.16368765 0.54407713
vn 0.81044577 0.21715829 0.54407713
vn 0.79450771 0.26969903 0.54407713
vn 0.77516745 0.32108487 0.54407713
vn 0.75250780 0.37109578 0.54407713
vn 0.72662580 0.41951760 0.54407713
vn 0.69763228 0.46614298 0.54407713
vn 0.66565138 0.51077227 0.54407713
vn 0.63082007 0.55321435 0.54407713
vn 0.59328748 0.59328748 0.54407713
vn 0.55321435 0.63082007 0.54407713
vn 0.51077227 0.66565138 0.54407713
vn 0.46614298 0.69763228 0.54407713
vn 0.41951760 0.72662580 0.54407713
vn 0.37109578 0.75250780 0.54407713
vn 0.32108487 0.77516745 0.54407713
vn 0.26969903 0.79450771 0.54407713
vn 0.21715829 0.81044577 0.54407713
vn 0.16368765 0.82291338 0.54407713
vn 0.10951607 0.83185714 0.54407713
vn 0.05487553 0.83723877 0.54407713
vn -0.00000000 0.83903520 0.54407713
vn -0.05487553 0.83723877 0.54407713
vn -0.10951607 0.83185714 0.54407713
vn -0.16368765 0.82291338 0.54407713
vn -0.21715829 0.81044577 0.54407713
vn -0.26969903 0.79450771 0.54407713
vn -0.32108487 0.77516745 0.54407713
vn -0.37109578 0.75250780 0.54407713
vn -0.41951760 0.72662580 0.54407713
vn -0.46614298 0.69763228 0.54407713
vn -0.51077227 0.66565138 0.54407713
vn -0.55321435 0.63082007 0.54407713
vn -0.59328748 0.59328748 0.54407713
vn -0.63082007 0.55321435 0.54407713
vn -0.66565138 0.51077227 0.54407713
vn -0.69763228 0.46614298 0.54407713
vn -0.72662580 0.41951760 0.54407713
vn -0.75250780 0.37109578 0.54407713
vn -0.77516745 0.32108487 0.54407713
vn -0.79450771 0.26969903 0.54407713
vn -0.81044577 0.21715829 0.54407713
vn -0.82291338 0.16368765 0.54407713
vn -0.83185714 0.10951607 0.54407713
vn -0.83723877 0.05487553 0.54407713
vn -0.83903520 -0.00000000 0.54407713
vn -0.83723877 -0.05487553 0.54407713
vn -0.83185714 -0.10951607 0.54407713
vn -0.82291338 -0.16368765 0.54407713
vn -0.81044577 -0.21715829 0.54407713
vn -0.79450771 -0.26969903 0.54407713
vn -0.77516745 -0.32108487 0.54407713
vn -0.75250780 -0.37109578 0.54407713
vn -0.72662580 -0.41951760 0.54407713
vn -0.69763228 -0.46614298 0.54407713
vn -0.66565138 -0.51077227 0.54407713
vn -0.63082007 -0.55321435 0.54407713
vn -0.59328748 -0.59328748 0.54407713
vn -0.55321435 -0.63082007 0.54407713
vn -0.51077227 -0.66565138 0.54407713
vn -0.46614298 -0.69763228 0.54407713
vn -0.41951760 -0.72662580 0.54407713
vn -0.37109578 -0.75250780 0.54407713
vn -0.32108487 -0.77516745 0.54407713
vn -0.26969903 -0.79450771 0.54407713
vn -0.21715829 -0.81044577 0.54407713
vn -0.16368765 -0.82291338 0.54407713
vn -0.10951607 -0.83185714 0.54407713
vn -0.05487553 -0.83723877 0.54407713
vn -0.00000000 -0.83903520 0.54407713
vn 0.05487553 -0.83723877 0.54407713
vn 0.10951607 -0.83185714 0.54407713
vn 0.16368765 -0.82291338 0.54407713
vn 0.21715829 -0.81044577 0.54407713
vn 0.26969903 -0.79450771 0.54407713
vn 0.32108487 -0.77516745 0.54407713
vn 0.37109578 -0.75250780 0.54407713
vn 0.41951760 -0.72662580 0.54407713
vn 0.46614298 -0.69763228 0.54407713
vn 0.51077227 -0.66565138 0.54407713
vn 0.55321435 -0.63082007 0.54407713
vn 0.59328748 -0.59328748 0.54407713
vn 0.63082007 -0.55321435 0.54407713
vn 0.66565138 -0.51077227 0.54407713
vn 0.69763228 -0.46614298 0.54407713
vn 0.72662580 -0.41951760 0.54407713
vn 0.75250780 -0.37109578 0.54407713
vn 0.77516745 -0.32108487 0.54407713
vn 0.79450771 -0.26969903 0.54407713
vn 0.81044577 -0.21715829 0.54407713
vn 0.82291338 -0.16368765 0.54407713
vn 0.83185714 -0.10951607 0.54407713
vn 0.83723877 -0.05487553 0.54407713
vn 0.87818878 0.00000000 0.47831419
vn 0.87630851 0.05743629 0.47831419
vn 0.87067575 0.11462664 0.47831419
vn 0.86131463 0.17132613 0.47831419
vn 0.84826522 0.22729198 0.47831419
vn 0.83158342 0.28228453 0.47831419
vn 0.81134064 0.33606830 0.47831419
vn 0.78762358 0.38841297 0.47831419
vn 0.76053379 0.43909439 0.47831419
vn 0.73018728 0.48789555 0.47831419
vn 0.69671400 0.53460746 0.47831419
vn 0.66025728 0.57903010 0.47831419
vn 0.62097324 0.62097324 0.47831419
vn 0.57903010 0.66025728 0.47831419
vn 0.53460746 0.69671400 0.47831419
vn 0.48789555 0.73018728 0.47831419
vn 0.43909439 0.76053379 0.47831419
vn 0.38841297 0.78762358 0.47831419
vn 0.33606830 0.81134064 0.47831419
vn 0.28228453 0.83158342 0.47831419
vn 0.22729198 0.84826522 0.47831419
vn 0.17132613 0.86131463 0.47831419
vn 0.11462664 0.87067575 0.47831419
vn 0.05743629 0.87630851 0.47831419
vn -0.00000000 0.87818878 0.47831419
vn -0.05743629 0.87630851 0.47831419
vn -0.11462664 0.87067575 0.47831419
vn -0.17132613 0.86131463 0.47831419
vn -0.22729198 0.84826522 0.47831419
vn -0.28228453 0.83158342 0.47831419
vn -0.33606830 0.81134064 0.47831419
vn -0.38841297 0.78762358 0.47831419
vn -0.43909439 0.76053379 0.47831419
vn -0.48789555 0.73018728 0.47831419
vn -0.53460746 0.69671400 0.47831419
vn -0.57903010 0.66025728 0.47831419
vn -0.62097324 0.62097324 0.47831419
vn -0.66025728 0.57903010 0.47831419
vn -0.69671400 0.53460746 0.47831419
vn -0.73018728 0.48789555 0.47831419
vn -0.76053379 0.43909439 0.47831419
vn -0.78762358 0.38841297 0.47831419
vn -0.81134064 0.33606830 0.47831419
vn -0.83158342 0.28228453 0.47831419
vn -0.84826522 0.22729198 0.47831419
vn -0.86131463 0.17132613 0.47831419
vn -0.87067575 0.11462664 0.47831419
vn -0.87630851 0.05743629 0.47831419
vn -0.87818878 -0.00000000 0.47831419
vn -0.87630851 -0.05743629 0.47831419
vn -0.87067575 -0.11462664 0.47831419
vn -0.86131463 -0.17132613 0.47831419
vn -0.84826522 -0.22729198 0.47831419
vn -0.83158342 -0.28228453 0.47831419
vn -0.81134064 -0.33606830 0.47831419
vn -0.78762358 -0.38841297 0.47831419
vn -0.76053379 -0.43909439 0.47831419
vn -0.73018728 -0.48789555 0.47831419
vn -0.69671400 -0.53460746 0.47831419
vn -0.66025728 -0.57903010 0.47831419
vn -0.62097324 -0.62097324 0.47831419
vn -0.57903010 -0.66025728 0.47831419
vn -0.53460746 -0.69671400 0.47831419
vn -0.48789555 -0.73018728 0.47831419
vn -0.43909439 -0.76053379 0.47831419
vn -0.38841297 -0.78762358 0.47831419
vn -0.33606830 -0.81134064 0.47831419
vn -0.28228453 -0.83158342 0.47831419
vn -0.22729198 -0.84826522 0.47831419
vn -0.17132613 -0.86131463 0.47831419
vn -0.11462664 -0.87067575 0.47831419
vn -0.05743629 -0.87630851 0.47831419
vn -0.00000000 -0.87818878 0.47831419
vn 0.05743629 -0.87630851 0.47831419
vn 0.11462664 -0.87067575 0.47831419
vn 0.17132613 -0.86131463 0.47831419
vn 0.22729198 -0.84826522 0.47831419
vn 0.28228453 -0.83158342 0.47831419
vn 0.33606830 -0.81134064 0.47831419
vn 0.38841297 -0.78762358 0.47831419
vn 0.43909439 -0.76053379 0.47831419
vn 0.48789555 -0.73018728 0.47831419
vn 0.53460746 -0.69671400 0.47831419
vn 0.57903010 -0.66025728 0.47831419
vn 0.62097324 -0.62097324 0.47831419
vn 0.66025728 -0.57903010 0.47831419
vn 0.69671400 -0.53460746 0.47831419
vn 0.73018728 -0.48789555 0.47831419
vn 0.76053379 -0.43909439 0.47831419
vn 0.78762358 -0.38841297 0.47831419
vn 0.81134064 -0.33606830 0.47831419
vn 0.83158342 -0.28228453 0.47831419
vn 0.84826522 -0.22729198 0.47831419
vn 0.86131463 -0.17132613 0.47831419
vn 0.87067575 -0.11462664 0.47831419
vn 0.87630851 -0.05743629 0.47831419
vn 0.91316397 -0.00000000 0.40759241
vn 0.91120881 0.05972378 0.40759241
vn 0.90535172 0.11919182 0.40759241
vn 0.89561778 0.17814945 0.40759241
vn 0.88204866 0.23634423 0.40759241
vn 0.86470247 0.29352694 0.40759241
vn 0.84365350 0.34945272 0.40759241
vn 0.81899187 0.40388209 0.40759241
vn 0.79082319 0.45658198 0.40759241
vn 0.75926809 0.50732672 0.40759241
vn 0.72446168 0.55589900 0.40759241
vn 0.68655302 0.60209084 0.40759241
vn 0.64570443 0.64570443 0.40759241
vn 0.60209084 0.68655302 0.40759241
vn 0.55589900 0.72446168 0.40759241
vn 0.50732672 0.75926809 0.40759241
vn 0.45658198 0.79082319 0.40759241
vn 0.40388209 0.81899187 0.40759241
vn 0.34945272 0.84365350 0.40759241
vn 0.29352694 0.86470247 0.40759241
vn 0.23634423 0.88204866 0.40759241
vn 0.17814945 0.89561778 0.40759241
vn 0.11919182 0.90535172 0.40759241
vn 0.05972378 0.91120881 0.40759241
vn -0.00000000 0.91316397 0.40759241
vn -0.05972378 0.91120881 0.40759241
vn -0.11919182 0.90535172 0.40759241
vn -0.17814945 0.89561778 0.40759241
vn -0.23634423 0.88204866 0.40759241
vn -0.29352694 0.86470247 0.40759241
vn -0.34945272 0.84365350 0.40759241
vn -0.40388209 0.81899187 0.40759241
vn -0.45658198 0.79082319 0.40759241
vn -0.50732672 0.75926809 0.40759241
vn -0.55589900 0.72446168 0.40759241
vn -0.60209084 0.68655302 0.40759241
vn -0.64570443 0.64570443 0.40759241
vn -0.68655302 0.60209084 0.40759241
vn -0.72446168 0.55589900 0.40759241
vn -0.75926809 0.50732672 0.40759241
vn -0.79082319 0.45658198 0.40759241
vn -0.81899187 0.40388209 0.40759241
vn -0.84365350 0.34945272 0.40759241
vn -0.86470247 0.29352694 0.40759241
vn -0.88204866 0.23634423 0.40759241
vn -0.89561778 0.17814945 0.40759241
vn -0.90535172 0.11919182 0.40759241
vn -0.91120881 0.05972378 0.40759241
vn -0.91316397 0.00000000 0.40759241
vn -0.91120881 -0.05972378 0.40759241
vn -0.90535172 -0.11919182 0.40759241
vn -0.89561778 -0.17814945 0.40759241
vn -0.88204866 -0.23634423 0.40759241
vn -0.86470247 -0.29352694 0.40759241
vn -0.84365350 -0.34945272 0.40759241
vn -0.81899187 -0.40388209 0.40759241
vn -0.79082319 -0.45658198 0.40759241
vn -0.75926809 -0.50732672 0.40759241
vn -0.72446168 -0.55589900 0.40759241
vn -0.68655302 -0.60209084 0.40759241
vn -0.64570443 -0.64570443 0.40759241
vn -0.60209084 -0.68655302 0.40759241
vn -0.55589900 -0.72446168 0.40759241
vn -0.50732672 -0.75926809 0.40759241
vn -0.45658198 -0.79082319 0.40759241
vn -0.40388209 -0.81899187 0.40759241
vn -0.34945272 -0.84365350 0.40759241
vn -0.29352694 -0.86470247 0.40759241
vn -0.23634423 -0.88204866 0.40759241
vn -0.17814945 -0.89561778 0.40759241
vn -0.11919182 -0.90535172 0.40759241
vn -0.05972378 -0.91120881 0.40759241
vn -0.00000000 -0.91316397 0.40759241
vn 0.05972378 -0.91120881 0.40759241
vn 0.11919182 -0.90535172 0.40759241
vn 0.17814945 -0.89561778 0.40759241
vn 0.23634423 -0.88204866 0.40759241
vn 0.29352694 -0.86470247 0.40759241
vn 0.34945272 -0.84365350 0.40759241
vn 0.40388209 -0.81899187 0.40759241
vn 0.45658198 -0.79082319 0.40759241
vn 0.50732672 -0.75926809 0.40759241
vn 0.55589900 -0.72446168 0.40759241
vn 0.60209084 -0.68655302 0.40759241
vn 0.64570443 -0.64570443 0.40759241
vn 0.68655302 -0.60209084 0.40759241
vn 0.72446168 -0.55589900 0.40759241
vn 0.75926809 -0.50732672 0.40759241
vn 0.79082319 -0.45658198 0.40759241
vn 0.81899187 -0.40388209 0.40759241
vn 0.84365350 -0.34945272 0.40759241
vn 0.86470247 -0.29352694 0.40759241
vn 0.88204866 -0.23634423 0.40759241
vn 0.89561778 -0.17814945 0.40759241
vn 0.90535172 -0.11919182 0.40759241
vn 0.91120881 -0.05972378 0.40759241
vn 0.94317261 -0.00000000 0.33230321
vn 0.94115321 0.06168644 0.33230321
vn 0.93510364 0.12310873 0.33230321
vn 0.92504982 0.18400385 0.33230321
vn 0.91103479 0.24411103 0.33230321
vn 0.89311856 0.30317290 0.33230321
vn 0.87137787 0.36093653 0.33230321
vn 0.84590581 0.41715458 0.33230321
vn 0.81681144 0.47158631 0.33230321
vn 0.78421937 0.52399863 0.33230321
vn 0.74826914 0.57416711 0.33230321
vn 0.70911472 0.62187692 0.33230321
vn 0.66692375 0.66692375 0.33230321
vn 0.62187692 0.70911472 0.33230321
vn 0.57416711 0.74826914 0.33230321
vn 0.52399863 0.78421937 0.33230321
vn 0.47158631 0.81681144 0.33230321
vn 0.41715458 0.84590581 0.33230321
vn 0.36093653 0.87137787 0.33230321
vn 0.30317290 0.89311856 0.33230321
vn 0.24411103 0.91103479 0.33230321
vn 0.18400385 0.92504982 0.33230321
vn 0.12310873 0.93510364 0.33230321
vn 0.06168644 0.94115321 0.33230321
vn 0.00000000 0.94317261 0.33230321
vn -0.06168644 0.94115321 0.33230321
vn -0.12310873 0.93510364 0.33230321
vn -0.18400385 0.92504982 0.33230321
vn -0.24411103 0.91103479 0.33230321
vn -0.30317290 0.89311856 0.33230321
vn -0.36093653 0.87137787 0.33230321
vn -0.41715458 0.84590581 0.33230321
vn -0.47158631 0.81681144 0.33230321
vn -0.52399863 0.78421937 0.33230321
vn -0.57416711 0.74826914 0.33230321
vn -0.62187692 0.70911472 0.33230321
vn -0.66692375 0.66692375 0.33230321
vn -0.70911472 0.62187692 0.33230321
vn -0.74826914 0.57416711 0.33230321
vn -0.78421937 0.52399863 0.33230321
vn -0.81681144 0.47158631 0.33230321
vn -0.84590581 0.41715458 0.33230321
vn -0.87137787 0.36093653 0.33230321
vn -0.89311856 0.30317290 0.33230321
vn -0.91103479 0.24411103 0.33230321
vn -0.92504982 0.18400385 0.33230321
vn -0.93510364 0.12310873 0.33230321
vn -0.94115321 0.06168644 0.33230321
vn -0.94317261 0.00000000 0.33230321
vn -0.94115321 -0.06168644 0.33230321
vn -0.93510364 -0.12310873 0.33230321
vn -0.92504982 -0.18400385 0.33230321
vn -0.91103479 -0.24411103 0.33230321
vn -0.89311856 -0.30317290 0.33230321
vn -0.87137787 -0.36093653 0.33230321
vn -0.84590581 -0.41715458 0.33230321
vn -0.81681144 -0.47158631 0.33230321
vn -0.78421937 -0.52399863 0.33230321
vn -0.74826914 -0.57416711 0.33230321
vn -0.70911472 -0.62187692 0.33230321
vn -0.66692375 -0.66692375 0.33230321
vn -0.62187692 -0.70911472 0.33230321
vn -0.57416711 -0.74826914 0.33230321
vn -0.52399863 -0.78421937 0.33230321
vn -0.47158631 -0.81681144 0.33230321
vn -0.41715458 -0.84590581 0.33230321
vn -0.36093653 -0.87137787 0.33230321
vn -0.30317290 -0.89311856 0.33230321
vn -0.24411103 -0.91103479 0.33230321
vn -0.18400385 -0.92504982 0.33230321
vn -0.12310873 -0.93510364 0.33230321
vn -0.06168644 -0.94115321 0.33230321
vn -0.00000000 -0.94317261 0.33230321
vn 0.06168644 -0.94115321 0.33230321
vn 0.12310873 -0.93510364 0.33230321
vn 0.18400385 -0.92504982 0.33230321
vn 0.24411103 -0.91103479 0.33230321
vn 0.30317290 -0.89311856 0.33230321
vn 0.36093653 -0.87137787 0.33230321
vn 0.41715458 -0.84590581 0.33230321
vn 0.47158631 -0.81681144 0.33230321
vn 0.52399863 -0.78421937 0.33230321
vn 0.57416711 -0.74826914 0.33230321
vn 0.62187692 -0.70911472 0.33230321
vn 0.66692375 -0.66692375 0.33230321
vn 0.70911472 -0.62187692 0.33230321
vn 0.74826914 -0.57416711 0.33230321
vn 0.78421937 -0.52399863 0.33230321
vn 0.81681144 -0.47158631 0.33230321
vn 0.84590581 -0.41715458 0.33230321
vn 0.87137787 -0.36093653 0.33230321
vn 0.89311856 -0.30317290 0.33230321
vn 0.91103479 -0.24411103 0.33230321
vn 0.92504982 -0.18400385 0.33230321
vn 0.93510364 -0.12310873 0.33230321
vn 0.94115321 -0.06168644 0.33230321
vn 0.96745725 0.00000000 0.25303451
vn 0.96538585 0.06327473 0.25303451
vn 0.95918052 0.12627851 0.25303451
vn 0.94886783 0.18874155 0.25303451
vn 0.93449195 0.25039636 0.25303451
vn 0.91611442 0.31097894 0.25303451
vn 0.89381396 0.37022986 0.25303451
vn 0.86768604 0.42789540 0.25303451
vn 0.83784256 0.48372863 0.25303451
vn 0.80441131 0.53749045 0.25303451
vn 0.76753544 0.58895066 0.25303451
vn 0.72737288 0.63788889 0.25303451
vn 0.68409558 0.68409558 0.25303451
vn 0.63788889 0.72737288 0.25303451
vn 0.58895066 0.76753544 0.25303451
vn 0.53749045 0.80441131 0.25303451
vn 0.48372863 0.83784256 0.25303451
vn 0.42789540 0.86768604 0.25303451
vn 0.37022986 0.89381396 0.25303451
vn 0.31097894 0.91611442 0.25303451
vn 0.25039636 0.93449195 0.25303451
vn 0.18874155 0.94886783 0.25303451
vn 0.12627851 0.95918052 0.25303451
vn 0.06327473 0.96538585 0.25303451
vn 0.00000000 0.96745725 0.25303451
vn -0.06327473 0.96538585 0.25303451
vn -0.12627851 0.95918052 0.25303451
vn -0.18874155 0.94886783 0.25303451
vn -0.25039636 0.93449195 0.25303451
vn -0.31097894 0.91611442 0.25303451
vn -0.37022986 0.89381396 0.25303451
vn -0.42789540 0.86768604 0.25303451
vn -0.48372863 0.83784256 0.25303451
vn -0.53749045 0.80441131 0.25303451
vn -0.58895066 0.76753544 0.25303451
vn -0.63788889 0.72737288 0.25303451
vn -0.68409558 0.68409558 0.25303451
vn -0.72737288 0.63788889 0.25303451
vn -0.76753544 0.58895066 0.25303451
vn -0.80441131 0.53749045 0.25303451
vn -0.83784256 0.48372863 0.25303451
vn -0.86768604 0.42789540 0.25303451
vn -0.89381396 0.37022986 0.25303451
vn -0.91611442 0.31097894 0.25303451
vn -0.93449195 0.25039636 0.25303451
vn -0.94886783 0.18874155 0.25303451
vn -0.95918052 0.12627851 0.25303451
vn -0.96538585 0.06327473 0.25303451
vn -0.96745725 -0.00000000 0.25303451
vn -0.96538585 -0.06327473 0.25303451
vn -0.95918052 -0.12627851 0.25303451
vn -0.94886783 -0.18874155 0.25303451
vn -0.93449195 -0.25039636 0.25303451
vn -0.91611442 -0.31097894 0.25303451
vn -0.89381396 -0.37022986 0.25303451
vn -0.86768604 -0.42789540 0.25303451
vn -0.83784256 -0.48372863 0.25303451
vn -0.80441131 -0.53749045 0.25303451
vn -0.76753544 -0.58895066 0.25303451
vn -0.72737288 -0.63788889 0.25303451
vn -0.68409558 -0.68409558 0.25303451
vn -0.63788889 -0.72737288 0.25303451
vn -0.58895066 -0.76753544 0.25303451
vn -0.53749045 -0.80441131 0.25303451
vn -0.48372863 -0.83784256 0.25303451
vn -0.42789540 -0.86768604 0.25303451
vn -0.37022986 -0.89381396 0.25303451
vn -0.31097894 -0.91611442 0.25303451
vn -0.25039636 -0.93449195 0.25303451
vn -0.18874155 -0.94886783 0.25303451
vn -0.12627851 -0.95918052 0.25303451
vn -0.06327473 -0.96538585 0.25303451
vn -0.00000000 -0.96745725 0.25303451
vn 0.06327473 -0.96538585 0.25303451
vn 0.12627851 -0.95918052 0.25303451
vn 0.18874155 -0.94886783 0.25303451
vn 0.25039636 -0.93449195 0.25303451
vn 0.31097894 -0.91611442 0.25303451
vn 0.37022986 -0.89381396 0.25303451
vn 0.42789540 -0.86768604 0.25303451
vn 0.48372863 -0.83784256 0.25303451
vn 0.53749045 -0.80441131 0.25303451
vn 0.58895066 -0.76753544 0.25303451
vn 0.63788889 -0.72737288 0.25303451
vn 0.68409558 -0.68409558 0.25303451
vn 0.72737288 -0.63788889 0.25303451
vn 0.76753544 -0.58895066 0.25303451
vn 0.80441131 -0.53749045 0.25303451
vn 0.83784256 -0.48372863 0.25303451
vn 0.86768604 -0.42789540 0.25303451
vn 0.89381396 -0.37022986 0.25303451
vn 0.91611442 -0.31097894 0.25303451
vn 0.93449195 -0.25039636 0.25303451
vn 0.94886783 -0.18874155 0.25303451
vn 0.95918052 -0.12627851 0.25303451
vn 0.96538585 -0.06327473 0.25303451
vn 0.98534573 0.00000000 0.17056902
vn 0.98323603 0.06444469 0.17056902
vn 0.97691596 0.12861343 0.17056902
vn 0.96641259 0.19223142 0.17056902
vn 0.95177089 0.25502624 0.17056902
vn 0.93305356 0.31672901 0.17056902
vn 0.91034075 0.37707549 0.17056902
vn 0.88372973 0.43580727 0.17056902
vn 0.85333444 0.49267287 0.17056902
vn 0.81928503 0.54742876 0.17056902
vn 0.78172733 0.59984048 0.17056902
vn 0.74082215 0.64968358 0.17056902
vn 0.69674465 0.69674465 0.17056902
vn 0.64968358 0.74082215 0.17056902
vn 0.59984048 0.78172733 0.17056902
vn 0.54742876 0.81928503 0.17056902
vn 0.49267287 0.85333444 0.17056902
vn 0.43580727 0.88372973 0.17056902
vn 0.37707549 0.91034075 0.17056902
vn 0.31672901 0.93305356 0.17056902
vn 0.25502624 0.95177089 0.17056902
vn 0.19223142 0.96641259 0.17056902
vn 0.12861343 0.97691596 0.17056902
vn 0.06444469 0.98323603 0.17056902
vn -0.00000000 0.98534573 0.17056902
vn -0.06444469 0.98323603 0.17056902
vn -0.12861343 0.97691596 0.17056902
vn -0.19223142 0.96641259 0.17056902
vn -0.25502624 0.95177089 0.17056902
vn -0.31672901 0.93305356 0.17056902
vn -0.37707549 0.91034075 0.17056902
vn -0.43580727 0.88372973 0.17056902
vn -0.49267287 0.85333444 0.17056902
vn -0.54742876 0.81928503 0.17056902
vn -0.59984048 0.78172733 0.17056902
vn -0.64968358 0.74082215 0.17056902
vn -0.69674465 0.69674465 0.17056902
vn -0.74082215 0.64968358 0.17056902
vn -0.78172733 0.59984048 0.17056902
vn -0.81928503 0.54742876 0.17056902
vn -0.85333444 0.49267287 0.17056902
vn -0.88372973 0.43580727 0.17056902
vn -0.91034075 0.37707549 0.17056902
vn -0.93305356 0.31672901 0.17056902
vn -0.95177089 0.25502624 0.17056902
vn -0.96641259 0.19223142 0.17056902
vn -0.97691596 0.12861343 0.17056902
vn -0.98323603 0.06444469 0.17056902
vn -0.98534573 -0.00000000 0.17056902
vn -0.98323603 -0.06444469 0.17056902
vn -0.97691596 -0.12861343 0.17056902
vn -0.96641259 -0.19223142 0.17056902
vn -0.95177089 -0.25502624 0.17056902
vn -0.93305356 -0.31672901 0.17056902
vn -0.91034075 -0.37707549 0.17056902
vn -0.88372973 -0.43580727 0.17056902
vn -0.85333444 -0.49267287 0.17056902
vn -0.81928503 -0.54742876 0.17056902
vn -0.78172733 -0.59984048 0.17056902
vn -0.74082215 -0.64968358 0.17056902
vn -0.69674465 -0.69674465 0.17056902
vn -0.64968358 -0.74082215 0.17056902
vn -0.59984048 -0.78172733 0.17056902
vn -0.54742876 -0.81928503 0.17056902
vn -0.49267287 -0.85333444 0.17056902
vn -0.43580727 -0.88372973 0.17056902
vn -0.37707549 -0.91034075 0.17056902
vn -0.31672901 -0.93305356 0.17056902
vn -0.25502624 -0.95177089 0.17056902
vn -0.19223142 -0.96641259 0.17056902
vn -0.12861343 -0.97691596 0.17056902
vn -0.06444469 -0.98323603 0.17056902
vn -0.00000000 -0.98534573 0.17056902
vn 0.06444469 -0.98323603 0.17056902
vn 0.12861343 -0.97691596 0.17056902
vn 0.19223142 -0.96641259 0.17056902
vn 0.25502624 -0.95177089 0.17056902
vn 0.31672901 -0.93305356 0.17056902
vn 0.37707549 -0.91034075 0.17056902
vn 0.43580727 -0.88372973 0.17056902
vn 0.49267287 -0.85333444 0.17056902
vn 0.54742876 -0.81928503 0.17056902
vn 0.59984048 -0.78172733 0.17056902
vn 0.64968358 -0.74082215 0.17056902
vn 0.69674465 -0.69674465 0.17056902
vn 0.74082215 -0.64968358 0.17056902
vn 0.78172733 -0.59984048 0.17056902
vn 0.81928503 -0.54742876 0.17056902
vn 0.85333444 -0.49267287 0.17056902
vn 0.88372973 -0.43580727 0.17056902
vn 0.91034075 -0.37707549 0.17056902
vn 0.93305356 -0.31672901 0.17056902
vn 0.95177089 -0.25502624 0.17056902
vn 0.96641259 -0.19223142 0.17056902
vn 0.97691596 -0.12861343 0.17056902
vn 0.98323603 -0.06444469 0.17056902
vn 0.99630701 -0.00000000 0.08586230
vn 0.99417384 0.06516160 0.08586230
vn 0.98778347 0.13004416 0.08586230
vn 0.97716325 0.19436986 0.08586230
vn 0.96235868 0.25786323 0.08586230
vn 0.94343313 0.32025239 0.08586230
vn 0.92046766 0.38127019 0.08586230
vn 0.89356060 0.44065532 0.08586230
vn 0.86282718 0.49815351 0.08586230
vn 0.82839901 0.55351852 0.08586230
vn 0.79042350 0.60651328 0.08586230
vn 0.74906327 0.65691086 0.08586230
vn 0.70449545 0.70449545 0.08586230
vn 0.65691086 0.74906327 0.08586230
vn 0.60651328 0.79042350 0.08586230
vn 0.55351852 0.82839901 0.08586230
vn 0.49815351 0.86282718 0.08586230
vn 0.44065532 0.89356060 0.08586230
vn 0.38127019 0.92046766 0.08586230
vn 0.32025239 0.94343313 0.08586230
vn 0.25786323 0.96235868 0.08586230
vn 0.19436986 0.97716325 0.08586230
vn 0.13004416 0.98778347 0.08586230
vn 0.06516160 0.99417384 0.08586230
vn -0.00000000 0.99630701 0.08586230
vn -0.06516160 0.99417384 0.08586230
vn -0.13004416 0.98778347 0.08586230
vn -0.19436986 0.97716325 0.08586230
vn -0.25786323 0.96235868 0.08586230
vn -0.32025239 0.94343313 0.08586230
vn -0.38127019 0.92046766 0.08586230
vn -0.44065532 0.89356060 0.08586230
vn -0.49815351 0.86282718 0.08586230
vn -0.55351852 0.82839901 0.08586230
vn -0.60651328 0.79042350 0.08586230
vn -0.65691086 0.74906327 0.08586230
vn -0.70449545 0.70449545 0.08586230
vn -0.74906327 0.65691086 0.08586230
vn -0.79042350 0.60651328 0.08586230
vn -0.82839901 0.55351852 0.08586230
vn -0.86282718 0.49815351 0.08586230
vn -0.89356060 0.44065532 0.08586230
vn -0.92046766 0.38127019 0.08586230
vn -0.94343313 0.32025239 0.08586230
vn -0.96235868 0.25786323 0.08586230
vn -0.97716325 0.19436986 0.08586230
vn -0.98778347 0.13004416 0.08586230
vn -0.99417384 0.06516160 0.08586230
vn -0.99630701 0.00000000 0.08586230
vn -0.99417384 -0.06516160 0.08586230
vn -0.98778347 -0.13004416 0.08586230
vn -0.97716325 -0.19436986 0.08586230
vn -0.96235868 -0.25786323 0.08586230
vn -0.94343313 -0.32025239 0.08586230
vn -0.92046766 -0.38127019 0.08586230
vn -0.89356060 -0.44065532 0.08586230
vn -0.86282718 -0.49815351 0.08586230
vn -0.82839901 -0.55351852 0.08586230
vn -0.79042350 -0.60651328 0.08586230
vn -0.74906327 -0.65691086 0.08586230
vn -0.70449545 -0.70449545 0.08586230
vn -0.65691086 -0.74906327 0.08586230
vn -0.60651328 -0.79042350 0.08586230
vn -0.55351852 -0.82839901 0.08586230
vn -0.49815351 -0.86282718 0.08586230
vn -0.44065532 -0.89356060 0.08586230
vn -0.38127019 -0.92046766 0.08586230
vn -0.32025239 -0.94343313 0.08586230
vn -0.25786323 -0.96235868 0.08586230
vn -0.19436986 -0.97716325 0.08586230
vn -0.13004416 -0.98778347 0.08586230
vn -0.06516160 -0.99417384 0.08586230
vn -0.00000000 -0.99630701 0.08586230
vn 0.06516160 -0.99417384 0.08586230
vn 0.13004416 -0.98778347 0.08586230
vn 0.19436986 -0.97716325 0.08586230
vn 0.25786323 -0.96235868 0.08586230
vn 0.32025239 -0.94343313 0.08586230
vn 0.38127019 -0.92046766 0.08586230
vn 0.44065532 -0.89356060 0.08586230
vn 0.49815351 -0.86282718 0.08586230
vn 0.55351852 -0.82839901 0.08586230
vn 0.60651328 -0.79042350 0.08586230
vn 0.65691086 -0.74906327 0.08586230
vn 0.70449545 -0.70449545 0.08586230
vn 0.74906327 -0.65691086 0.08586230
vn 0.79042350 -0.60651328 0.08586230
vn 0.82839901 -0.55351852 0.08586230
vn 0.86282718 -0.49815351 0.08586230
vn 0.89356060 -0.44065532 0.08586230
vn 0.92046766 -0.38127019 0.08586230
vn 0.94343313 -0.32025239 0.08586230
vn 0.96235868 -0.25786323 0.08586230
vn 0.97716325 -0.19436986 0.08586230
vn 0.98778347 -0.13004416 0.08586230
vn 0.99417384 -0.06516160 0.08586230
vn 0.99907178 0.00000000 0.04307649
vn 0.99693269 0.06534242 0.04307649
vn 0.99052458 0.13040503 0.04307649
vn 0.97987489 0.19490923 0.04307649
vn 0.96502923 0.25857880 0.04307649
vn 0.94605117 0.32114110 0.04307649
vn 0.92302197 0.38232822 0.04307649
vn 0.89604024 0.44187815 0.04307649
vn 0.86522154 0.49953589 0.04307649
vn 0.83069782 0.55505454 0.04307649
vn 0.79261693 0.60819636 0.04307649
vn 0.75114193 0.65873380 0.04307649
vn 0.70645043 0.70645043 0.04307649
vn 0.65873380 0.75114193 0.04307649
vn 0.60819636 0.79261693 0.04307649
vn 0.55505454 0.83069782 0.04307649
vn 0.49953589 0.86522154 0.04307649
vn 0.44187815 0.89604024 0.04307649
vn 0.38232822 0.92302197 0.04307649
vn 0.32114110 0.94605117 0.04307649
vn 0.25857880 0.96502923 0.04307649
vn 0.19490923 0.97987489 0.04307649
vn 0.13040503 0.99052458 0.04307649
vn 0.06534242 0.99693269 0.04307649
vn 0.00000000 0.99907178 0.04307649
vn -0.06534242 0.99693269 0.04307649
vn -0.13040503 0.99052458 0.04307649
vn -0.19490923 0.97987489 0.04307649
vn -0.25857880 0.96502923 0.04307649
vn -0.32114110 0.94605117 0.04307649
vn -0.38232822 0.92302197 0.04307649
vn -0.44187815 0.89604024 0.04307649
vn -0.49953589 0.86522154 0.04307649
vn -0.55505454 0.83069782 0.04307649
vn -0.60819636 0.79261693 0.04307649
vn -0.65873380 0.75114193 0.04307649
vn -0.70645043 0.70645043 0.04307649
vn -0.75114193 0.65873380 0.04307649
vn -0.79261693 0.60819636 0.04307649
vn -0.83069782 0.55505454 0.04307649
vn -0.86522154 0.49953589 0.04307649
vn -0.89604024 0.44187815 0.04307649
vn -0.92302197 0.38232822 0.04307649
vn -0.94605117 0.32114110 0.04307649
vn -0.96502923 0.25857880 0.04307649
vn -0.97987489 0.19490923 0.04307649
vn -0.99052458 0.13040503 0.04307649
vn -0.99693269 0.06534242 0.04307649
vn -0.99907178 -0.00000000 0.04307649
vn -0.99693269 -0.06534242 0.04307649
vn -0.99052458 -0.13040503 0.04307649
vn -0.97987489 -0.19490923 0.04307649
vn -0.96502923 -0.25857880 0.04307649
vn -0.94605117 -0.32114110 0.04307649
vn -0.92302197 -0.38232822 0.04307649
vn -0.89604024 -0.44187815 0.04307649
vn -0.86522154 -0.49953589 0.04307649
vn -0.83069782 -0.55505454 0.04307649
vn -0.79261693 -0.60819636 0.04307649
vn -0.75114193 -0.65873380 0.04307649
vn -0.70645043 -0.70645043 0.04307649
vn -0.65873380 -0.75114193 0.04307649
vn -0.60819636 -0.79261693 0.04307649
vn -0.55505454 -0.83069782 0.04307649
vn -0.49953589 -0.86522154 0.04307649
vn -0.44187815 -0.89604024 0.04307649
vn -0.38232822 -0.92302197 0.04307649
vn -0.32114110 -0.94605117 0.04307649
vn -0.25857880 -0.96502923 0.04307649
vn -0.19490923 -0.97987489 0.04307649
vn -0.13040503 -0.99052458 0.04307649
vn -0.06534242 -0.99693269 0.04307649
vn -0.00000000 -0.99907178 0.04307649
vn 0.06534242 -0.99693269 0.04307649
vn 0.13040503 -0.99052458 0.04307649
vn 0.19490923 -0.97987489 0.04307649
vn 0.25857880 -0.96502923 0.04307649
vn 0.32114110 -0.94605117 0.04307649
vn 0.38232822 -0.92302197 0.04307649
vn 0.44187815 -0.89604024 0.04307649
vn 0.49953589 -0.86522154 0.04307649
vn 0.55505454 -0.83069782 0.04307649
vn 0.60819636 -0.79261693 0.04307649
vn 0.65873380 -0.75114193 0.04307649
vn 0.70645043 -0.70645043 0.04307649
vn 0.75114193 -0.65873380 0.04307649
vn 0.79261693 -0.60819636 0.04307649
vn 0.83069782 -0.55505454 0.04307649
vn 0.86522154 -0.49953589 0.04307649
vn 0.89604024 -0.44187815 0.04307649
vn 0.92302197 -0.38232822 0.04307649
vn 0.94605117 -0.32114110 0.04307649
vn 0.96502923 -0.25857880 0.04307649
vn 0.97987489 -0.19490923 0.04307649
vn 0.99052458 -0.13040503 0.04307649
vn 0.99693269 -0.06534242 0.04307649
vn -1.00000000 -0.00000000 -0.00000000
vn -0.69622772 -0.00000000 -0.71782099
vn 0.69622772 0.00000000 -0.71782099
vn 1.00000000 -0.00000000 0.00000000
vn -0.69622772 0.07035876 -0.71436448
vn 0.69622772 0.07035876 -0.71436448
vn -0.69622772 0.14003993 -0.70402826
vn 0.69622772 0.14003993 -0.70402826
vn -0.69622772 0.20837243 -0.68691185
vn 0.69622772 0.20837243 -0.68691185
vn -0.69622772 0.27469820 -0.66318012
vn 0.69622772 0.27469820 -0.66318012
vn -0.69622772 0.33837847 -0.63306159
vn 0.69622772 0.33837847 -0.63306159
vn -0.69622772 0.39879997 -0.59684634
vn 0.69622772 0.39879997 -0.59684634
vn -0.69622772 0.45538081 -0.55488313
vn 0.69622772 0.45538081 -0.55488313
vn -0.69622772 0.50757609 -0.50757609
vn 0.69622772 0.50757609 -0.50757609
vn -0.69622772 0.55488313 -0.45538081
vn 0.69622772 0.55488313 -0.45538081
vn -0.69622772 0.59684634 -0.39879997
vn 0.69622772 0.59684634 -0.39879997
vn -0.69622772 0.63306159 -0.33837847
vn 0.69622772 0.63306159 -0.33837847
vn -0.69622772 0.66318012 -0.27469820
vn 0.69622772 0.66318012 -0.27469820
vn -0.69622772 0.68691185 -0.20837243
vn 0.69622772 0.68691185 -0.20837243
vn -0.69622772 0.70402826 -0.14003993
vn 0.69622772 0.70402826 -0.14003993
vn -0.69622772 0.71436448 -0.07035876
vn 0.69622772 0.71436448 -0.07035876
vn -0.69622772 0.71782099 0.00000000
vn 0.69622772 0.71782099 0.00000000
vn -0.69622772 0.71436448 0.07035876
vn 0.69622772 0.71436448 0.07035876
vn -0.69622772 0.70402826 0.14003993
vn 0.69622772 0.70402826 0.14003993
vn -0.69622772 0.68691185 0.20837243
vn 0.69622772 0.68691185 0.20837243
vn -0.69622772 0.66318012 0.27469820
vn 0.69622772 0.66318012 0.27469820
vn -0.69622772 0.63306159 0.33837847
vn 0.69622772 0.63306159 0.33837847
vn -0.69622772 0.59684634 0.39879997
vn 0.69622772 0.59684634 0.39879997
vn -0.69622772 0.55488313 0.45538081
vn 0.69622772 0.55488313 0.45538081
vn -0.69622772 0.50757609 0.50757609
vn 0.69622772 0.50757609 0.50757609
vn -0.69622772 0.45538081 0.55488313
vn 0.69622772 0.45538081 0.55488313
vn -0.69622772 0.39879997 0.59684634
vn 0.69622772 0.39879997 0.59684634
vn -0.69622772 0.33837847 0.63306159
vn 0.69622772 0.33837847 0.63306159
vn -0.69622772 0.27469820 0.66318012
vn 0.69622772 0.27469820 0.66318012
vn -0.69622772 0.20837243 0.68691185
vn 0.69622772 0.20837243 0.68691185
vn -0.69622772 0.14003993 0.70402826
vn 0.69622772 0.14003993 0.70402826
vn -0.69622772 0.07035876 0.71436448
vn 0.69622772 0.07035876 0.71436448
vn -0.69622772 -0.00000000 0.71782099
vn 0.69622772 -0.00000000 0.71782099
vn -0.69622772 -0.07035876 0.71436448
vn 0.69622772 -0.07035876 0.71436448
vn -0.69622772 -0.14003993 0.70402826
vn 0.69622772 -0.14003993 0.70402826
vn -0.69622772 -0.20837243 0.68691185
vn 0.69622772 -0.20837243 0.68691185
vn -0.69622772 -0.27469820 0.66318012
vn 0.69622772 -0.27469820 0.66318012
vn -0.69622772 -0.33837847 0.63306159
vn 0.69622772 -0.33837847 0.63306159
vn -0.69622772 -0.39879997 0.59684634
vn 0.69622772 -0.39879997 0.59684634
vn -0.69622772 -0.45538081 0.55488313
vn 0.69622772 -0.45538081 0.55488313
vn -0.69622772 -0.50757609 0.50757609
vn 0.69622772 -0.50757609 0.50757609
vn -0.69622772 -0.55488313 0.45538081
vn 0.69622772 -0.55488313 0.45538081
vn -0.69622772 -0.59684634 0.39879997
vn 0.69622772 -0.59684634 0.39879997
vn -0.69622772 -0.63306159 0.33837847
vn 0.69622772 -0.63306159 0.33837847
vn -0.69622772 -0.66318012 0.27469820
vn 0.69622772 -0.66318012 0.27469820
vn -0.69622772 -0.68691185 0.20837243
vn 0.69622772 -0.68691185 0.20837243
vn -0.69622772 -0.70402826 0.14003993
vn 0.69622772 -0.70402826 0.14003993
vn -0.69622772 -0.71436448 0.07035876
vn 0.69622772 -0.71436448 0.07035876
vn -0.69622772 -0.71782099 0.00000000
vn 0.69622772 -0.71782099 0.00000000
vn -0.69622772 -0.71436448 -0.07035876
vn 0.69622772 -0.71436448 -0.07035876
vn -0.69622772 -0.70402826 -0.14003993
vn 0.69622772 -0.70402826 -0.14003993
vn -0.69622772 -0.68691185 -0.20837243
vn 0.69622772 -0.68691185 -0.20837243
vn -0.69622772 -0.66318012 -0.27469820
vn 0.69622772 -0.66318012 -0.27469820
vn -0.69622772 -0.63306159 -0.33837847
vn 0.69622772 -0.63306159 -0.33837847
vn -0.69622772 -0.59684634 -0.39879997
vn 0.69622772 -0.59684634 -0.39879997
vn -0.69622772 -0.55488313 -0.45538081
vn 0.69622772 -0.55488313 -0.45538081
vn -0.69622772 -0.50757609 -0.50757609
vn 0.69622772 -0.50757609 -0.50757609
vn -0.69622772 -0.45538081 -0.55488313
vn 0.69622772 -0.45538081 -0.55488313
vn -0.69622772 -0.39879997 -0.59684634
vn 0.69622772 -0.39879997 -0.59684634
vn -0.69622772 -0.33837847 -0.63306159
vn 0.69622772 -0.33837847 -0.63306159
vn -0.69622772 -0.27469820 -0.66318012
vn 0.69622772 -0.27469820 -0.66318012
vn -0.69622772 -0.20837243 -0.68691185
vn 0.69622772 -0.20837243 -0.68691185
vn -0.69622772 -0.14003993 -0.70402826
vn 0.69622772 -0.14003993 -0.70402826
vn -0.69622772 -0.07035876 -0.71436448
vn 0.69622772 -0.07035876 -0.71436448
vn -1.00000000 -0.00000000 -0.00000000
vn -0.69622772 -0.00000000 -0.71782099
vn 0.69622772 0.00000000 -0.71782099
vn 1.00000000 -0.00000000 0.00000000
vn -0.69622772 0.07035876 -0.71436448
vn 0.69622772 0.07035876 -0.71436448
vn -0.69622772 0.14003993 -0.70402826
vn 0.69622772 0.14003993 -0.70402826
vn -0.69622772 0.20837243 -0.68691185
vn 0.69622772 0.20837243 -0.68691185
vn -0.69622772 0.27469820 -0.66318012
vn 0.69622772 0.27469820 -0.66318012
vn -0.69622772 0.33837847 -0.63306159
vn 0.69622772 0.33837847 -0.63306159
vn -0.69622772 0.39879997 -0.59684634
vn 0.69622772 0.39879997 -0.59684634
vn -0.69622772 0.45538081 -0.55488313
vn 0.69622772 0.45538081 -0.55488313
vn -0.69622772 0.50757609 -0.50757609
vn 0.69622772 0.50757609 -0.50757609
vn -0.69622772 0.55488313 -0.45538081
vn 0.69622772 0.55488313 -0.45538081
vn -0.69622772 0.59684634 -0.39879997
vn 0.69622772 0.59684634 -0.39879997
vn -0.69622772 0.63306159 -0.33837847
vn 0.69622772 0.63306159 -0.33837847
vn -0.69622772 0.66318012 -0.27469820
vn 0.69622772 0.66318012 -0.27469820
vn -0.69622772 0.68691185 -0.20837243
vn 0.69622772 0.68691185 -0.20837243
vn -0.69622772 0.70402826 -0.14003993
vn 0.69622772 0.70402826 -0.14003993
vn -0.69622772 0.71436448 -0.07035876
vn 0.69622772 0.71436448 -0.07035876
vn -0.69622772 0.71782099 0.00000000
vn 0.69622772 0.71782099 0.00000000
vn -0.69622772 0.71436448 0.07035876
vn 0.69622772 0.71436448 0.07035876
vn -0.69622772 0.70402826 0.14003993
vn 0.69622772 0.70402826 0.14003993
vn -0.69622772 0.68691185 0.20837243
vn 0.69622772 0.68691185 0.20837243
vn -0.69622772 0.66318012 0.27469820
vn 0.69622772 0.66318012 0.27469820
vn -0.69622772 0.63306159 0.33837847
vn 0.69622772 0.63306159 0.33837847
vn -0.69622772 0.59684634 0.39879997
vn 0.69622772 0.59684634 0.39879997
vn -0.69622772 0.55488313 0.45538081
vn 0.69622772 0.55488313 0.45538081
vn -0.69622772 0.50757609 0.50757609
vn 0.69622772 0.50757609 0.50757609
vn -0.69622772 0.45538081 0.55488313
vn 0.69622772 0.45538081 0.55488313
vn -0.69622772 0.39879997 0.59684634
vn 0.69622772 0.39879997 0.59684634
vn -0.69622772 0.33837847 0.63306159
vn 0.69622772 0.33837847 0.63306159
vn -0.69622772 0.27469820 0.66318012
vn 0.69622772 0.27469820 0.66318012
vn -0.69622772 0.20837243 0.68691185
vn 0.69622772 0.20837243 0.68691185
vn -0.69622772 0.14003993 0.70402826
vn 0.69622772 0.14003993 0.70402826
vn -0.69622772 0.07035876 0.71436448
vn 0.69622772 0.07035876 0.71436448
vn -0.69622772 -0.00000000 0.71782099
vn 0.69622772 -0.00000000 0.71782099
vn -0.69622772 -0.07035876 0.71436448
vn 0.69622772 -0.07035876 0.71436448
vn -0.69622772 -0.14003993 0.70402826
vn 0.69622772 -0.14003993 0.70402826
vn -0.69622772 -0.20837243 0.68691185
vn 0.69622772 -0.20837243 0.68691185
vn -0.69622772 -0.27469820 0.66318012
vn 0.69622772 -0.27469820 0.66318012
vn -0.69622772 -0.33837847 0.63306159
vn 0.69622772 -0.33837847 0.63306159
vn -0.69622772 -0.39879997 0.59684634
vn 0.69622772 -0.39879997 0.59684634
vn -0.69622772 -0.45538081 0.55488313
vn 0.69622772 -0.45538081 0.55488313
vn -0.69622772 -0.50757609 0.50757609
vn 0.69622772 -0.50757609 0.50757609
vn -0.69622772 -0.55488313 0.45538081
vn 0.69622772 -0.55488313 0.45538081
vn -0.69622772 -0.59684634 0.39879997
vn 0.69622772 -0.59684634 0.39879997
vn -0.69622772 -0.63306159 0.33837847
vn 0.69622772 -0.63306159 0.33837847
vn -0.69622772 -0.66318012 0.27469820
vn 0.69622772 -0.66318012 0.27469820
vn -0.69622772 -0.68691185 0.20837243
vn 0.69622772 -0.68691185 0.20837243
vn -0.69622772 -0.70402826 0.14003993
vn 0.69622772 -0.70402826 0.14003993
vn -0.69622772 -0.71436448 0.07035876
vn 0.69622772 -0.71436448 0.07035876
vn -0.69622772 -0.71782099 0.00000000
vn 0.69622772 -0.71782099 0.00000000
vn -0.69622772 -0.71436448 -0.07035876
vn 0.69622772 -0.71436448 -0.07035876
vn -0.69622772 -0.70402826 -0.14003993
vn 0.69622772 -0.70402826 -0.14003993
vn -0.69622772 -0.68691185 -0.20837243
vn 0.69622772 -0.68691185 -0.20837243
vn -0.69622772 -0.66318012 -0.27469820
vn 0.69622772 -0.66318012 -0.27469820
vn -0.69622772 -0.63306159 -0.33837847
vn 0.69622772 -0.63306159 -0.33837847
vn -0.69622772 -0.59684634 -0.39879997
vn 0.69622772 -0.59684634 -0.39879997
vn -0.69622772 -0.55488313 -0.45538081
vn 0.69622772 -0.55488313 -0.45538081
vn -0.69622772 -0.50757609 -0.50757609
vn 0.69622772 -0.50757609 -0.50757609
vn -0.69622772 -0.45538081 -0.55488313
vn 0.69622772 -0.45538081 -0.55488313
vn -0.69622772 -0.39879997 -0.59684634
vn 0.69622772 -0.39879997 -0.59684634
vn -0.69622772 -0.33837847 -0.63306159
vn 0.69622772 -0.33837847 -0.63306159
vn -0.69622772 -0.27469820 -0.66318012
vn 0.69622772 -0.27469820 -0.66318012
vn -0.69622772 -0.20837243 -0.68691185
vn 0.69622772 -0.20837243 -0.68691185
vn -0.69622772 -0.14003993 -0.70402826
vn 0.69622772 -0.14003993 -0.70402826
vn -0.69622772 -0.07035876 -0.71436448
vn 0.69622772 -0.07035876 -0.71436448
vn -1.00000000 -0.00000000 -0.00000000
vn -0.69622772 -0.00000000 -0.71782099
vn 0.69622772 -0.00000000 -0.71782099
vn 1.00000000 0.00000000 0.00000000
vn -0.69622772 0.07035876 -0.71436448
vn 0.69622772 0.07035876 -0.71436448
vn -0.69622772 0.14003993 -0.70402826
vn 0.69622772 0.14003993 -0.70402826
vn -0.69622772 0.20837243 -0.68691185
vn 0.69622772 0.20837243 -0.68691185
vn -0.69622772 0.27469820 -0.66318012
vn 0.69622772 0.27469820 -0.66318012
vn -0.69622772 0.33837847 -0.63306159
vn 0.69622772 0.33837847 -0.63306159
vn -0.69622772 0.39879997 -0.59684634
vn 0.69622772 0.39879997 -0.59684634
vn -0.69622772 0.45538081 -0.55488313
vn 0.69622772 0.45538081 -0.55488313
vn -0.69622772 0.50757609 -0.50757609
vn 0.69622772 0.50757609 -0.50757609
vn -0.69622772 0.55488313 -0.45538081
vn 0.69622772 0.55488313 -0.45538081
vn -0.69622772 0.59684634 -0.39879997
vn 0.69622772 0.59684634 -0.39879997
vn -0.69622772 0.63306159 -0.33837847
vn 0.69622772 0.63306159 -0.33837847
vn -0.69622772 0.66318012 -0.27469820
vn 0.69622772 0.66318012 -0.27469820
vn -0.69622772 0.68691185 -0.20837243
vn 0.69622772 0.68691185 -0.20837243
vn -0.69622772 0.70402826 -0.14003993
vn 0.69622772 0.70402826 -0.14003993
vn -0.69622772 0.71436448 -0.07035876
vn 0.69622772 0.71436448 -0.07035876
vn -0.69622772 0.71782099 0.00000000
vn 0.69622772 0.71782099 -0.00000000
vn -0.69622772 0.71436448 0.07035876
vn 0.69622772 0.71436448 0.07035876
vn -0.69622772 0.70402826 0.14003993
vn 0.69622772 0.70402826 0.14003993
vn -0.69622772 0.68691185 0.20837243
vn 0.69622772 0.68691185 0.20837243
vn -0.69622772 0.66318012 0.27469820
vn 0.69622772 0.66318012 0.27469820
vn -0.69622772 0.63306159 0.33837847
vn 0.69622772 0.63306159 0.33837847
vn -0.69622772 0.59684634 0.39879997
vn 0.69622772 0.59684634 0.39879997
vn -0.69622772 0.55488313 0.45538081
vn 0.69622772 0.55488313 0.45538081
vn -0.69622772 0.50757609 0.50757609
vn 0.69622772 0.50757609 0.50757609
vn -0.69622772 0.45538081 0.55488313
vn 0.69622772 0.45538081 0.55488313
vn -0.69622772 0.39879997 0.59684634
vn 0.69622772 0.39879997 0.59684634
vn -0.69622772 0.33837847 0.63306159
vn 0.69622772 0.33837847 0.63306159
vn -0.69622772 0.27469820 0.66318012
vn 0.69622772 0.27469820 0.66318012
vn -0.69622772 0.20837243 0.68691185
vn 0.69622772 0.20837243 0.68691185
vn -0.69622772 0.14003993 0.70402826
vn 0.69622772 0.14003993 0.70402826
vn -0.69622772 0.07035876 0.71436448
vn 0.69622772 0.07035876 0.71436448
vn -0.69622772 0.00000000 0.71782099
vn 0.69622772 -0.00000000 0.71782099
vn -0.69622772 -0.07035876 0.71436448
vn 0.69622772 -0.07035876 0.71436448
vn -0.69622772 -0.14003993 0.70402826
vn 0.69622772 -0.14003993 0.70402826
vn -0.69622772 -0.20837243 0.68691185
vn 0.69622772 -0.20837243 0.68691185
vn -0.69622772 -0.27469820 0.66318012
vn 0.69622772 -0.27469820 0.66318012
vn -0.69622772 -0.33837847 0.63306159
vn 0.69622772 -0.33837847 0.63306159
vn -0.69622772 -0.39879997 0.59684634
vn 0.69622772 -0.39879997 0.59684634
vn -0.69622772 -0.45538081 0.55488313
vn 0.69622772 -0.45538081 0.55488313
vn -0.69622772 -0.50757609 0.50757609
vn 0.69622772 -0.50757609 0.50757609
vn -0.69622772 -0.55488313 0.45538081
vn 0.69622772 -0.55488313 0.45538081
vn -0.69622772 -0.59684634 0.39879997
vn 0.69622772 -0.59684634 0.39879997
vn -0.69622772 -0.63306159 0.33837847
vn 0.69622772 -0.63306159 0.33837847
vn -0.69622772 -0.66318012 0.27469820
vn 0.69622772 -0.66318012 0.27469820
vn -0.69622772 -0.68691185 0.20837243
vn 0.69622772 -0.68691185 0.20837243
vn -0.69622772 -0.70402826 0.14003993
vn 0.69622772 -0.70402826 0.14003993
vn -0.69622772 -0.71436448 0.07035876
vn 0.69622772 -0.71436448 0.07035876
vn -0.69622772 -0.71782099 -0.00000000
vn 0.69622772 -0.71782099 0.00000000
vn -0.69622772 -0.71436448 -0.07035876
vn 0.69622772 -0.71436448 -0.07035876
vn -0.69622772 -0.70402826 -0.14003993
vn 0.69622772 -0.70402826 -0.14003993
vn -0.69622772 -0.68691185 -0.20837243
vn 0.69622772 -0.68691185 -0.20837243
vn -0.69622772 -0.66318012 -0.27469820
vn 0.69622772 -0.66318012 -0.27469820
vn -0.69622772 -0.63306159 -0.33837847
vn 0.69622772 -0.63306159 -0.33837847
vn -0.69622772 -0.59684634 -0.39879997
vn 0.69622772 -0.59684634 -0.39879997
vn -0.69622772 -0.55488313 -0.45538081
vn 0.69622772 -0.55488313 -0.45538081
vn -0.69622772 -0.50757609 -0.50757609
vn 0.69622772 -0.50757609 -0.50757609
vn -0.69622772 -0.45538081 -0.55488313
vn 0.69622772 -0.45538081 -0.55488313
vn -0.69622772 -0.39879997 -0.59684634
vn 0.69622772 -0.39879997 -0.59684634
vn -0.69622772 -0.33837847 -0.63306159
vn 0.69622772 -0.33837847 -0.63306159
vn -0.69622772 -0.27469820 -0.66318012
vn 0.69622772 -0.27469820 -0.66318012
vn -0.69622772 -0.20837243 -0.68691185
vn 0.69622772 -0.20837243 -0.68691185
vn -0.69622772 -0.14003993 -0.70402826
vn 0.69622772 -0.14003993 -0.70402826
vn -0.69622772 -0.07035876 -0.71436448
vn 0.69622772 -0.07035876 -0.71436448
vn -1.00000000 0.00000000 0.00000000
vn -0.69622772 -0.00000000 -0.71782099
vn 0.69622772 0.00000000 -0.71782099
vn 1.00000000 0.00000000 0.00000000
vn -0.69622772 0.07035876 -0.71436448
vn 0.69622772 0.07035876 -0.71436448
vn -0.69622772 0.14003993 -0.70402826
vn 0.69622772 0.14003993 -0.70402826
vn -0.69622772 0.20837243 -0.68691185
vn 0.69622772 0.20837243 -0.68691185
vn -0.69622772 0.27469820 -0.66318012
vn 0.69622772 0.27469820 -0.66318012
vn -0.69622772 0.33837847 -0.63306159
vn 0.69622772 0.33837847 -0.63306159
vn -0.69622772 0.39879997 -0.59684634
vn 0.69622772 0.39879997 -0.59684634
vn -0.69622772 0.45538081 -0.55488313
vn 0.69622772 0.45538081 -0.55488313
vn -0.69622772 0.50757609 -0.50757609
vn 0.69622772 0.50757609 -0.50757609
vn -0.69622772 0.55488313 -0.45538081
vn 0.69622772 0.55488313 -0.45538081
vn -0.69622772 0.59684634 -0.39879997
vn 0.69622772 0.59684634 -0.39879997
vn -0.69622772 0.63306159 -0.33837847
vn 0.69622772 0.63306159 -0.33837847
vn -0.69622772 0.66318012 -0.27469820
vn 0.69622772 0.66318012 -0.27469820
vn -0.69622772 0.68691185 -0.20837243
vn 0.69622772 0.68691185 -0.20837243
vn -0.69622772 0.70402826 -0.14003993
vn 0.69622772 0.70402826 -0.14003993
vn -0.69622772 0.71436448 -0.07035876
vn 0.69622772 0.71436448 -0.07035876
vn -0.69622772 0.71782099 -0.00000000
vn 0.69622772 0.71782099 0.00000000
vn -0.69622772 0.71436448 0.07035876
vn 0.69622772 0.71436448 0.07035876
vn -0.69622772 0.70402826 0.14003993
vn 0.69622772 0.70402826 0.14003993
vn -0.69622772 0.68691185 0.20837243
vn 0.69622772 0.68691185 0.20837243
vn -0.69622772 0.66318012 0.27469820
vn 0.69622772 0.66318012 0.27469820
vn -0.69622772 0.63306159 0.33837847
vn 0.69622772 0.63306159 0.33837847
vn -0.69622772 0.59684634 0.39879997
vn 0.69622772 0.59684634 0.39879997
vn -0.69622772 0.55488313 0.45538081
vn 0.69622772 0.55488313 0.45538081
vn -0.69622772 0.50757609 0.50757609
vn 0.69622772 0.50757609 0.50757609
vn -0.69622772 0.45538081 0.55488313
vn 0.69622772 0.45538081 0.55488313
vn -0.69622772 0.39879997 0.59684634
vn 0.69622772 0.39879997 0.59684634
vn -0.69622772 0.33837847 0.63306159
vn 0.69622772 0.33837847 0.63306159
vn -0.69622772 0.27469820 0.66318012
vn 0.69622772 0.27469820 0.66318012
vn -0.69622772 0.20837243 0.68691185
vn 0.69622772 0.20837243 0.68691185
vn -0.69622772 0.14003993 0.70402826
vn 0.69622772 0.14003993 0.70402826
vn -0.69622772 0.07035876 0.71436448
vn 0.69622772 0.07035876 0.71436448
vn -0.69622772 0.00000000 0.71782099
vn 0.69622772 -0.00000000 0.71782099
vn -0.69622772 -0.07035876 0.71436448
vn 0.69622772 -0.07035876 0.71436448
vn -0.69622772 -0.14003993 0.70402826
vn 0.69622772 -0.14003993 0.70402826
vn -0.69622772 -0.20837243 0.68691185
vn 0.69622772 -0.20837243 0.68691185
vn -0.69622772 -0.27469820 0.66318012
vn 0.69622772 -0.27469820 0.66318012
vn -0.69622772 -0.33837847 0.63306159
vn 0.69622772 -0.33837847 0.63306159
vn -0.69622772 -0.39879997 0.59684634
vn 0.69622772 -0.39879997 0.59684634
vn -0.69622772 -0.45538081 0.55488313
vn 0.69622772 -0.45538081 0.55488313
vn -0.69622772 -0.50757609 0.50757609
vn 0.69622772 -0.50757609 0.50757609
vn -0.69622772 -0.55488313 0.45538081
vn 0.69622772 -0.55488313 0.45538081
vn -0.69622772 -0.59684634 0.39879997
vn 0.69622772 -0.59684634 0.39879997
vn -0.69622772 -0.63306159 0.33837847
vn 0.69622772 -0.63306159 0.33837847
vn -0.69622772 -0.66318012 0.27469820
vn 0.69622772 -0.66318012 0.27469820
vn -0.69622772 -0.68691185 0.20837243
vn 0.69622772 -0.68691185 0.20837243
vn -0.69622772 -0.70402826 0.14003993
vn 0.69622772 -0.70402826 0.14003993
vn -0.69622772 -0.71436448 0.07035876
vn 0.69622772 -0.71436448 0.07035876
vn -0.69622772 -0.71782099 0.00000000
vn 0.69622772 -0.71782099 -0.00000000
vn -0.69622772 -0.71436448 -0.07035876
vn 0.69622772 -0.71436448 -0.07035876
vn -0.69622772 -0.70402826 -0.14003993
vn 0.69622772 -0.70402826 -0.14003993
vn -0.69622772 -0.68691185 -0.20837243
vn 0.69622772 -0.68691185 -0.20837243
vn -0.69622772 -0.66318012 -0.27469820
vn 0.69622772 -0.66318012 -0.27469820
vn -0.69622772 -0.63306159 -0.33837847
vn 0.69622772 -0.63306159 -0.33837847
vn -0.69622772 -0.59684634 -0.39879997
vn 0.69622772 -0.59684634 -0.39879997
vn -0.69622772 -0.55488313 -0.45538081
vn 0.69622772 -0.55488313 -0.45538081
vn -0.69622772 -0.50757609 -0.50757609
vn 0.69622772 -0.50757609 -0.50757609
vn -0.69622772 -0.45538081 -0.55488313
vn 0.69622772 -0.45538081 -0.55488313
vn -0.69622772 -0.39879997 -0.59684634
vn 0.69622772 -0.39879997 -0.59684634
vn -0.69622772 -0.33837847 -0.63306159
vn 0.69622772 -0.33837847 -0.63306159
vn -0.69622772 -0.27469820 -0.66318012
vn 0.69622772 -0.27469820 -0.66318012
vn -0.69622772 -0.20837243 -0.68691185
vn 0.69622772 -0.20837243 -0.68691185
vn -0.69622772 -0.14003993 -0.70402826
vn 0.69622772 -0.14003993 -0.70402826
vn -0.69622772 -0.07035876 -0.71436448
vn 0.69622772 -0.07035876 -0.71436448
vn 0.00000000 -1.00000000 0.00000000
vn 0.00000000 -0.69622772 -0.71782099
vn 0.00000000 0.69622772 -0.71782099
vn 0.00000000 1.00000000 0.00000000
vn -0.07035876 -0.69622772 -0.71436448
vn -0.07035876 0.69622772 -0.71436448
vn -0.14003993 -0.69622772 -0.70402826
vn -0.14003993 0.69622772 -0.70402826
vn -0.20837243 -0.69622772 -0.68691185
vn -0.20837243 0.69622772 -0.68691185
vn -0.27469820 -0.69622772 -0.66318012
vn -0.27469820 0.69622772 -0.66318012
vn -0.33837847 -0.69622772 -0.63306159
vn -0.33837847 0.69622772 -0.63306159
vn -0.39879997 -0.69622772 -0.59684634
vn -0.39879997 0.69622772 -0.59684634
vn -0.45538081 -0.69622772 -0.55488313
vn -0.45538081 0.69622772 -0.55488313
vn -0.50757609 -0.69622772 -0.50757609
vn -0.50757609 0.69622772 -0.50757609
vn -0.55488313 -0.69622772 -0.45538081
vn -0.55488313 0.69622772 -0.45538081
vn -0.59684634 -0.69622772 -0.39879997
vn -0.59684634 0.69622772 -0.39879997
vn -0.63306159 -0.69622772 -0.33837847
vn -0.63306159 0.69622772 -0.33837847
vn -0.66318012 -0.69622772 -0.27469820
vn -0.66318012 0.69622772 -0.27469820
vn -0.68691185 -0.69622772 -0.20837243
vn -0.68691185 0.69622772 -0.20837243
vn -0.70402826 -0.69622772 -0.14003993
vn -0.70402826 0.69622772 -0.14003993
vn -0.71436448 -0.69622772 -0.07035876
vn -0.71436448 0.69622772 -0.07035876
vn -0.71782099 -0.69622772 -0.00000000
vn -0.71782099 0.69622772 0.00000000
vn -0.71436448 -0.69622772 0.07035876
vn -0.71436448 0.69622772 0.07035876
vn -0.70402826 -0.69622772 0.14003993
vn -0.70402826 0.69622772 0.14003993
vn -0.68691185 -0.69622772 0.20837243
vn -0.68691185 0.69622772 0.20837243
vn -0.66318012 -0.69622772 0.27469820
vn -0.66318012 0.69622772 0.27469820
vn -0.63306159 -0.69622772 0.33837847
vn -0.63306159 0.69622772 0.33837847
vn -0.59684634 -0.69622772 0.39879997
vn -0.59684634 0.69622772 0.39879997
vn -0.55488313 -0.69622772 0.45538081
vn -0.55488313 0.69622772 0.45538081
vn -0.50757609 -0.69622772 0.50757609
vn -0.50757609 0.69622772 0.50757609
vn -0.45538081 -0.69622772 0.55488313
vn -0.45538081 0.69622772 0.55488313
vn -0.39879997 -0.69622772 0.59684634
vn -0.39879997 0.69622772 0.59684634
vn -0.33837847 -0.69622772 0.63306159
vn -0.33837847 0.69622772 0.63306159
vn -0.27469820 -0.69622772 0.66318012
vn -0.27469820 0.69622772 0.66318012
vn -0.20837243 -0.69622772 0.68691185
vn -0.20837243 0.69622772 0.68691185
vn -0.14003993 -0.69622772 0.70402826
vn -0.14003993 0.69622772 0.70402826
vn -0.07035876 -0.69622772 0.71436448
vn -0.07035876 0.69622772 0.71436448
vn 0.00000000 -0.69622772 0.71782099
vn 0.00000000 0.69622772 0.71782099
vn 0.07035876 -0.69622772 0.71436448
vn 0.07035876 0.69622772 0.71436448
vn 0.14003993 -0.69622772 0.70402826
vn 0.14003993 0.69622772 0.70402826
vn 0.20837243 -0.69622772 0.68691185
vn 0.20837243 0.69622772 0.68691185
vn 0.27469820 -0.69622772 0.66318012
vn 0.27469820 0.69622772 0.66318012
vn 0.33837847 -0.69622772 0.63306159
vn 0.33837847 0.69622772 0.63306159
vn 0.39879997 -0.69622772 0.59684634
vn 0.39879997 0.69622772 0.59684634
vn 0.45538081 -0.69622772 0.55488313
vn 0.45538081 0.69622772 0.55488313
vn 0.50757609 -0.69622772 0.50757609
vn 0.50757609 0.69622772 0.50757609
vn 0.55488313 -0.69622772 0.45538081
vn 0.55488313 0.69622772 0.45538081
vn 0.59684634 -0.69622772 0.39879997
vn 0.59684634 0.69622772 0.39879997
vn 0.63306159 -0.69622772 0.33837847
vn 0.63306159 0.69622772 0.33837847
vn 0.66318012 -0.69622772 0.27469820
vn 0.66318012 0.69622772 0.27469820
vn 0.68691185 -0.69622772 0.20837243
vn 0.68691185 0.69622772 0.20837243
vn 0.70402826 -0.69622772 0.14003993
vn 0.70402826 0.69622772 0.14003993
vn 0.71436448 -0.69622772 0.07035876
vn 0.71436448 0.69622772 0.07035876
vn 0.71782099 -0.69622772 0.00000000
vn 0.71782099 0.69622772 -0.00000000
vn 0.71436448 -0.69622772 -0.07035876
vn 0.71436448 0.69622772 -0.07035876
vn 0.70402826 -0.69622772 -0.14003993
vn 0.70402826 0.69622772 -0.14003993
vn 0.68691185 -0.69622772 -0.20837243
vn 0.68691185 0.69622772 -0.20837243
vn 0.66318012 -0.69622772 -0.27469820
vn 0.66318012 0.69622772 -0.27469820
vn 0.63306159 -0.69622772 -0.33837847
vn 0.63306159 0.69622772 -0.33837847
vn 0.59684634 -0.69622772 -0.39879997
vn 0.59684634 0.69622772 -0.39879997
vn 0.55488313 -0.69622772 -0.45538081
vn 0.55488313 0.69622772 -0.45538081
vn 0.50757609 -0.69622772 -0.50757609
vn 0.50757609 0.69622772 -0.50757609
vn 0.45538081 -0.69622772 -0.55488313
vn 0.45538081 0.69622772 -0.55488313
vn 0.39879997 -0.69622772 -0.59684634
vn 0.39879997 0.69622772 -0.59684634
vn 0.33837847 -0.69622772 -0.63306159
vn 0.33837847 0.69622772 -0.63306159
vn 0.27469820 -0.69622772 -0.66318012
vn 0.27469820 0.69622772 -0.66318012
vn 0.20837243 -0.69622772 -0.68691185
vn 0.20837243 0.69622772 -0.68691185
vn 0.14003993 -0.69622772 -0.70402826
vn 0.14003993 0.69622772 -0.70402826
vn 0.07035876 -0.69622772 -0.71436448
vn 0.07035876 0.69622772 -0.71436448
vn 0.00000000 -1.00000000 0.00000000
vn 0.00000000 -0.69622772 -0.71782099
vn 0.00000000 0.69622772 -0.71782099
vn 0.00000000 1.00000000 0.00000000
vn -0.07035876 -0.69622772 -0.71436448
vn -0.07035876 0.69622772 -0.71436448
vn -0.14003993 -0.69622772 -0.70402826
vn -0.14003993 0.69622772 -0.70402826
vn -0.20837243 -0.69622772 -0.68691185
vn -0.20837243 0.69622772 -0.68691185
vn -0.27469820 -0.69622772 -0.66318012
vn -0.27469820 0.69622772 -0.66318012
vn -0.33837847 -0.69622772 -0.63306159
vn -0.33837847 0.69622772 -0.63306159
vn -0.39879997 -0.69622772 -0.59684634
vn -0.39879997 0.69622772 -0.59684634
vn -0.45538081 -0.69622772 -0.55488313
vn -0.45538081 0.69622772 -0.55488313
vn -0.50757609 -0.69622772 -0.50757609
vn -0.50757609 0.69622772 -0.50757609
vn -0.55488313 -0.69622772 -0.45538081
vn -0.55488313 0.69622772 -0.45538081
vn -0.59684634 -0.69622772 -0.39879997
vn -0.59684634 0.69622772 -0.39879997
vn -0.63306159 -0.69622772 -0.33837847
vn -0.63306159 0.69622772 -0.33837847
vn -0.66318012 -0.69622772 -0.27469820
vn -0.66318012 0.69622772 -0.27469820
vn -0.68691185 -0.69622772 -0.20837243
vn -0.68691185 0.69622772 -0.20837243
vn -0.70402826 -0.69622772 -0.14003993
vn -0.70402826 0.69622772 -0.14003993
vn -0.71436448 -0.69622772 -0.07035876
vn -0.71436448 0.69622772 -0.07035876
vn -0.71782099 -0.69622772 -0.00000000
vn -0.71782099 0.69622772 0.00000000
vn -0.71436448 -0.69622772 0.07035876
vn -0.71436448 0.69622772 0.07035876
vn -0.70402826 -0.69622772 0.14003993
vn -0.70402826 0.69622772 0.14003993
vn -0.68691185 -0.69622772 0.20837243
vn -0.68691185 0.69622772 0.20837243
vn -0.66318012 -0.69622772 0.27469820
vn -0.66318012 0.69622772 0.27469820
vn -0.63306159 -0.69622772 0.33837847
vn -0.63306159 0.69622772 0.33837847
vn -0.59684634 -0.69622772 0.39879997
vn -0.59684634 0.69622772 0.39879997
vn -0.55488313 -0.69622772 0.45538081
vn -0.55488313 0.69622772 0.45538081
vn -0.50757609 -0.69622772 0.50757609
vn -0.50757609 0.69622772 0.50757609
vn -0.45538081 -0.69622772 0.55488313
vn -0.45538081 0.69622772 0.55488313
vn -0.39879997 -0.69622772 0.59684634
vn -0.39879997 0.69622772 0.59684634
vn -0.33837847 -0.69622772 0.63306159
vn -0.33837847 0.69622772 0.63306159
vn -0.27469820 -0.69622772 0.66318012
vn -0.27469820 0.69622772 0.66318012
vn -0.20837243 -0.69622772 0.68691185
vn -0.20837243 0.69622772 0.68691185
vn -0.14003993 -0.69622772 0.70402826
vn -0.14003993 0.69622772 0.70402826
vn -0.07035876 -0.69622772 0.71436448
vn -0.07035876 0.69622772 0.71436448
vn 0.00000000 -0.69622772 0.71782099
vn 0.00000000 0.69622772 0.71782099
vn 0.07035876 -0.69622772 0.71436448
vn 0.07035876 0.69622772 0.71436448
vn 0.14003993 -0.69622772 0.70402826
vn 0.14003993 0.69622772 0.70402826
vn 0.20837243 -0.69622772 0.68691185
vn 0.20837243 0.69622772 0.68691185
vn 0.27469820 -0.69622772 0.66318012
vn 0.27469820 0.69622772 0.66318012
vn 0.33837847 -0.69622772 0.63306159
vn 0.33837847 0.69622772 0.63306159
vn 0.39879997 -0.69622772 0.59684634
vn 0.39879997 0.69622772 0.59684634
vn 0.45538081 -0.69622772 0.55488313
vn 0.45538081 0.69622772 0.55488313
vn 0.50757609 -0.69622772 0.50757609
vn 0.50757609 0.69622772 0.50757609
vn 0.55488313 -0.69622772 0.45538081
vn 0.55488313 0.69622772 0.45538081
vn 0.59684634 -0.69622772 0.39879997
vn 0.59684634 0.69622772 0.39879997
vn 0.63306159 -0.69622772 0.33837847
vn 0.63306159 0.69622772 0.33837847
vn 0.66318012 -0.69622772 0.27469820
vn 0.66318012 0.69622772 0.27469820
vn 0.68691185 -0.69622772 0.20837243
vn 0.68691185 0.69622772 0.20837243
vn 0.70402826 -0.69622772 0.14003993
vn 0.70402826 0.69622772 0.14003993
vn 0.71436448 -0.69622772 0.07035876
vn 0.71436448 0.69622772 0.07035876
vn 0.71782099 -0.69622772 0.00000000
vn 0.71782099 0.69622772 -0.00000000
vn 0.71436448 -0.69622772 -0.07035876
vn 0.71436448 0.69622772 -0.07035876
vn 0.70402826 -0.69622772 -0.14003993
vn 0.70402826 0.69622772 -0.14003993
vn 0.68691185 -0.69622772 -0.20837243
vn 0.68691185 0.69622772 -0.20837243
vn 0.66318012 -0.69622772 -0.27469820
vn 0.66318012 0.69622772 -0.27469820
vn 0.63306159 -0.69622772 -0.33837847
vn 0.63306159 0.69622772 -0.33837847
vn 0.59684634 -0.69622772 -0.39879997
vn 0.59684634 0.69622772 -0.39879997
vn 0.55488313 -0.69622772 -0.45538081
vn 0.55488313 0.69622772 -0.45538081
vn 0.50757609 -0.69622772 -0.50757609
vn 0.50757609 0.69622772 -0.50757609
vn 0.45538081 -0.69622772 -0.55488313
vn 0.45538081 0.69622772 -0.55488313
vn 0.39879997 -0.69622772 -0.59684634
vn 0.39879997 0.69622772 -0.59684634
vn 0.33837847 -0.69622772 -0.63306159
vn 0.33837847 0.69622772 -0.63306159
vn 0.27469820 -0.69622772 -0.66318012
vn 0.27469820 0.69622772 -0.66318012
vn 0.20837243 -0.69622772 -0.68691185
vn 0.20837243 0.69622772 -0.68691185
vn 0.14003993 -0.69622772 -0.70402826
vn 0.14003993 0.69622772 -0.70402826
vn 0.07035876 -0.69622772 -0.71436448
vn 0.07035876 0.69622772 -0.71436448
vn 0.00000000 -1.00000000 0.00000000
vn 0.00000000 -0.69622772 -0.71782099
vn 0.00000000 0.69622772 -0.71782099
vn 0.00000000 1.00000000 0.00000000
vn -0.07035876 -0.69622772 -0.71436448
vn -0.07035876 0.69622772 -0.71436448
vn -0.14003993 -0.69622772 -0.70402826
vn -0.14003993 0.69622772 -0.70402826
vn -0.20837243 -0.69622772 -0.68691185
vn -0.20837243 0.69622772 -0.68691185
vn -0.27469820 -0.69622772 -0.66318012
vn -0.27469820 0.69622772 -0.66318012
vn -0.33837847 -0.69622772 -0.63306159
vn -0.33837847 0.69622772 -0.63306159
vn -0.39879997 -0.69622772 -0.59684634
vn -0.39879997 0.69622772 -0.59684634
vn -0.45538081 -0.69622772 -0.55488313
vn -0.45538081 0.69622772 -0.55488313
vn -0.50757609 -0.69622772 -0.50757609
vn -0.50757609 0.69622772 -0.50757609
vn -0.55488313 -0.69622772 -0.45538081
vn -0.55488313 0.69622772 -0.45538081
vn -0.59684634 -0.69622772 -0.39879997
vn -0.59684634 0.69622772 -0.39879997
vn -0.63306159 -0.69622772 -0.33837847
vn -0.63306159 0.69622772 -0.33837847
vn -0.66318012 -0.69622772 -0.27469820
vn -0.66318012 0.69622772 -0.27469820
vn -0.68691185 -0.69622772 -0.20837243
vn -0.68691185 0.69622772 -0.20837243
vn -0.70402826 -0.69622772 -0.14003993
vn -0.70402826 0.69622772 -0.14003993
vn -0.71436448 -0.69622772 -0.07035876
vn -0.71436448 0.69622772 -0.07035876
vn -0.71782099 -0.69622772 -0.00000000
vn -0.71782099 0.69622772 0.00000000
vn -0.71436448 -0.69622772 0.07035876
vn -0.71436448 0.69622772 0.07035876
vn -0.70402826 -0.69622772 0.14003993
vn -0.70402826 0.69622772 0.14003993
vn -0.68691185 -0.69622772 0.20837243
vn -0.68691185 0.69622772 0.20837243
vn -0.66318012 -0.69622772 0.27469820
vn -0.66318012 0.69622772 0.27469820
vn -0.63306159 -0.69622772 0.33837847
vn -0.63306159 0.69622772 0.33837847
vn -0.59684634 -0.69622772 0.39879997
vn -0.59684634 0.69622772 0.39879997
vn -0.55488313 -0.69622772 0.45538081
vn -0.55488313 0.69622772 0.45538081
vn -0.50757609 -0.69622772 0.50757609
vn -0.50757609 0.69622772 0.50757609
vn -0.45538081 -0.69622772 0.55488313
vn -0.45538081 0.69622772 0.55488313
vn -0.39879997 -0.69622772 0.59684634
vn -0.39879997 0.69622772 0.59684634
vn -0.33837847 -0.69622772 0.63306159
vn -0.33837847 0.69622772 0.63306159
vn -0.27469820 -0.69622772 0.66318012
vn -0.27469820 0.69622772 0.66318012
vn -0.20837243 -0.69622772 0.68691185
vn -0.20837243 0.69622772 0.68691185
vn -0.14003993 -0.69622772 0.70402826
vn -0.14003993 0.69622772 0.70402826
vn -0.07035876 -0.69622772 0.71436448
vn -0.07035876 0.69622772 0.71436448
vn 0.00000000 -0.69622772 0.71782099
vn -0.00000000 0.69622772 0.71782099
vn 0.07035876 -0.69622772 0.71436448
vn 0.07035876 0.69622772 0.71436448
vn 0.14003993 -0.69622772 0.70402826
vn 0.14003993 0.69622772 0.70402826
vn 0.20837243 -0.69622772 0.68691185
vn 0.20837243 0.69622772 0.68691185
vn 0.27469820 -0.69622772 0.66318012
vn 0.27469820 0.69622772 0.66318012
vn 0.33837847 -0.69622772 0.63306159
vn 0.33837847 0.69622772 0.63306159
vn 0.39879997 -0.69622772 0.59684634
vn 0.39879997 0.69622772 0.59684634
vn 0.45538081 -0.69622772 0.55488313
vn 0.45538081 0.69622772 0.55488313
vn 0.50757609 -0.69622772 0.50757609
vn 0.50757609 0.69622772 0.50757609
vn 0.55488313 -0.69622772 0.45538081
vn 0.55488313 0.69622772 0.45538081
vn 0.59684634 -0.69622772 0.39879997
vn 0.59684634 0.69622772 0.39879997
vn 0.63306159 -0.69622772 0.33837847
vn 0.63306159 0.69622772 0.33837847
vn 0.66318012 -0.69622772 0.27469820
vn 0.66318012 0.69622772 0.27469820
vn 0.68691185 -0.69622772 0.20837243
vn 0.68691185 0.69622772 0.20837243
vn 0.70402826 -0.69622772 0.14003993
vn 0.70402826 0.69622772 0.14003993
vn 0.71436448 -0.69622772 0.07035876
vn 0.71436448 0.69622772 0.07035876
vn 0.71782099 -0.69622772 0.00000000
vn 0.71782099 0.69622772 -0.00000000
vn 0.71436448 -0.69622772 -0.07035876
vn 0.71436448 0.69622772 -0.07035876
vn 0.70402826 -0.69622772 -0.14003993
vn 0.70402826 0.69622772 -0.14003993
vn 0.68691185 -0.69622772 -0.20837243
vn 0.68691185 0.69622772 -0.20837243
vn 0.66318012 -0.69622772 -0.27469820
vn 0.66318012 0.69622772 -0.27469820
vn 0.63306159 -0.69622772 -0.33837847
vn 0.63306159 0.69622772 -0.33837847
vn 0.59684634 -0.69622772 -0.39879997
vn 0.59684634 0.69622772 -0.39879997
vn 0.55488313 -0.69622772 -0.45538081
vn 0.55488313 0.69622772 -0.45538081
vn 0.50757609 -0.69622772 -0.50757609
vn 0.50757609 0.69622772 -0.50757609
vn 0.45538081 -0.69622772 -0.55488313
vn 0.45538081 0.69622772 -0.55488313
vn 0.39879997 -0.69622772 -0.59684634
vn 0.39879997 0.69622772 -0.59684634
vn 0.33837847 -0.69622772 -0.63306159
vn 0.33837847 0.69622772 -0.63306159
vn 0.27469820 -0.69622772 -0.66318012
vn 0.27469820 0.69622772 -0.66318012
vn 0.20837243 -0.69622772 -0.68691185
vn 0.20837243 0.69622772 -0.68691185
vn 0.14003993 -0.69622772 -0.70402826
vn 0.14003993 0.69622772 -0.70402826
vn 0.07035876 -0.69622772 -0.71436448
vn 0.07035876 0.69622772 -0.71436448
vn 0.00000000 -1.00000000 0.00000000
vn -0.00000000 -0.69622772 -0.71782099
vn 0.00000000 0.69622772 -0.71782099
vn 0.00000000 1.00000000 0.00000000
vn -0.07035876 -0.69622772 -0.71436448
vn -0.07035876 0.69622772 -0.71436448
vn -0.14003993 -0.69622772 -0.70402826
vn -0.14003993 0.69622772 -0.70402826
vn -0.20837243 -0.69622772 -0.68691185
vn -0.20837243 0.69622772 -0.68691185
vn -0.27469820 -0.69622772 -0.66318012
vn -0.27469820 0.69622772 -0.66318012
vn -0.33837847 -0.69622772 -0.63306159
vn -0.33837847 0.69622772 -0.63306159
vn -0.39879997 -0.69622772 -0.59684634
vn -0.39879997 0.69622772 -0.59684634
vn -0.45538081 -0.69622772 -0.55488313
vn -0.45538081 0.69622772 -0.55488313
vn -0.50757609 -0.69622772 -0.50757609
vn -0.50757609 0.69622772 -0.50757609
vn -0.55488313 -0.69622772 -0.45538081
vn -0.55488313 0.69622772 -0.45538081
vn -0.59684634 -0.69622772 -0.39879997
vn -0.59684634 0.69622772 -0.39879997
vn -0.63306159 -0.69622772 -0.33837847
vn -0.63306159 0.69622772 -0.33837847
vn -0.66318012 -0.69622772 -0.27469820
vn -0.66318012 0.69622772 -0.27469820
vn -0.68691185 -0.69622772 -0.20837243
vn -0.68691185 0.69622772 -0.20837243
vn -0.70402826 -0.69622772 -0.14003993
vn -0.70402826 0.69622772 -0.14003993
vn -0.71436448 -0.69622772 -0.07035876
vn -0.71436448 0.69622772 -0.07035876
vn -0.71782099 -0.69622772 -0.00000000
vn -0.71782099 0.69622772 0.00000000
vn -0.71436448 -0.69622772 0.07035876
vn -0.71436448 0.69622772 0.07035876
vn -0.70402826 -0.69622772 0.14003993
vn -0.70402826 0.69622772 0.14003993
vn -0.68691185 -0.69622772 0.20837243
vn -0.68691185 0.69622772 0.20837243
vn -0.66318012 -0.69622772 0.27469820
vn -0.66318012 0.69622772 0.27469820
vn -0.63306159 -0.69622772 0.33837847
vn -0.63306159 0.69622772 0.33837847
vn -0.59684634 -0.69622772 0.39879997
vn -0.59684634 0.69622772 0.39879997
vn -0.55488313 -0.69622772 0.45538081
vn -0.55488313 0.69622772 0.45538081
vn -0.50757609 -0.69622772 0.50757609
vn -0.50757609 0.69622772 0.50757609
vn -0.45538081 -0.69622772 0.55488313
vn -0.45538081 0.69622772 0.55488313
vn -0.39879997 -0.69622772 0.59684634
vn -0.39879997 0.69622772 0.59684634
vn -0.33837847 -0.69622772 0.63306159
vn -0.33837847 0.69622772 0.63306159
vn -0.27469820 -0.69622772 0.66318012
vn -0.27469820 0.69622772 0.66318012
vn -0.20837243 -0.69622772 0.68691185
vn -0.20837243 0.69622772 0.68691185
vn -0.14003993 -0.69622772 0.70402826
vn -0.14003993 0.69622772 0.70402826
vn -0.07035876 -0.69622772 0.71436448
vn -0.07035876 0.69622772 0.71436448
vn 0.00000000 -0.69622772 0.71782099
vn 0.00000000 0.69622772 0.71782099
vn 0.07035876 -0.69622772 0.71436448
vn 0.07035876 0.69622772 0.71436448
vn 0.14003993 -0.69622772 0.70402826
vn 0.14003993 0.69622772 0.70402826
vn 0.20837243 -0.69622772 0.68691185
vn 0.20837243 0.69622772 0.68691185
vn 0.27469820 -0.69622772 0.66318012
vn 0.27469820 0.69622772 0.66318012
vn 0.33837847 -0.69622772 0.63306159
vn 0.33837847 0.69622772 0.63306159
vn 0.39879997 -0.69622772 0.59684634
vn 0.39879997 0.69622772 0.59684634
vn 0.45538081 -0.69622772 0.55488313
vn 0.45538081 0.69622772 0.55488313
vn 0.50757609 -0.69622772 0.50757609
vn 0.50757609 0.69622772 0.50757609
vn 0.55488313 -0.69622772 0.45538081
vn 0.55488313 0.69622772 0.45538081
vn 0.59684634 -0.69622772 0.39879997
vn 0.59684634 0.69622772 0.39879997
vn 0.63306159 -0.69622772 0.33837847
vn 0.63306159 0.69622772 0.33837847
vn 0.66318012 -0.69622772 0.27469820
vn 0.66318012 0.69622772 0.27469820
vn 0.68691185 -0.69622772 0.20837243
vn 0.68691185 0.69622772 0.20837243
vn 0.70402826 -0.69622772 0.14003993
vn 0.70402826 0.69622772 0.14003993
vn 0.71436448 -0.69622772 0.07035876
vn 0.71436448 0.69622772 0.07035876
vn 0.71782099 -0.69622772 0.00000000
vn 0.71782099 0.69622772 -0.00000000
vn 0.71436448 -0.69622772 -0.07035876
vn 0.71436448 0.69622772 -0.07035876
vn 0.70402826 -0.69622772 -0.14003993
vn 0.70402826 0.69622772 -0.14003993
vn 0.68691185 -0.69622772 -0.20837243
vn 0.68691185 0.69622772 -0.20837243
vn 0.66318012 -0.69622772 -0.27469820
vn 0.66318012 0.69622772 -0.27469820
vn 0.63306159 -0.69622772 -0.33837847
vn 0.63306159 0.69622772 -0.33837847
vn 0.59684634 -0.69622772 -0.39879997
vn 0.59684634 0.69622772 -0.39879997
vn 0.55488313 -0.69622772 -0.45538081
vn 0.55488313 0.69622772 -0.45538081
vn 0.50757609 -0.69622772 -0.50757609
vn 0.50757609 0.69622772 -0.50757609
vn 0.45538081 -0.69622772 -0.55488313
vn 0.45538081 0.69622772 -0.55488313
vn 0.39879997 -0.69622772 -0.59684634
vn 0.39879997 0.69622772 -0.59684634
vn 0.33837847 -0.69622772 -0.63306159
vn 0.33837847 0.69622772 -0.63306159
vn 0.27469820 -0.69622772 -0.66318012
vn 0.27469820 0.69622772 -0.66318012
vn 0.20837243 -0.69622772 -0.68691185
vn 0.20837243 0.69622772 -0.68691185
vn 0.14003993 -0.69622772 -0.70402826
vn 0.14003993 0.69622772 -0.70402826
vn 0.07035876 -0.69622772 -0.71436448
vn 0.07035876 0.69622772 -0.71436448
vn 0.00000000 1.00000000 0.00000000
vn -0.00000000 0.69622772 -0.71782099
vn 0.00000000 -0.69622772 -0.71782099
vn 0.00000000 -1.00000000 0.00000000
vn 0.07035876 0.69622772 -0.71436448
vn 0.07035876 -0.69622772 -0.71436448
vn 0.14003993 0.69622772 -0.70402826
vn 0.14003993 -0.69622772 -0.70402826
vn 0.20837243 0.69622772 -0.68691185
vn 0.20837243 -0.69622772 -0.68691185
vn 0.27469820 0.69622772 -0.66318012
vn 0.27469820 -0.69622772 -0.66318012
vn 0.33837847 0.69622772 -0.63306159
vn 0.33837847 -0.69622772 -0.63306159
vn 0.39879997 0.69622772 -0.59684634
vn 0.39879997 -0.69622772 -0.59684634
vn 0.45538081 0.69622772 -0.55488313
vn 0.45538081 -0.69622772 -0.55488313
vn 0.50757609 0.69622772 -0.50757609
vn 0.50757609 -0.69622772 -0.50757609
vn 0.55488313 0.69622772 -0.45538081
vn 0.55488313 -0.69622772 -0.45538081
vn 0.59684634 0.69622772 -0.39879997
vn 0.59684634 -0.69622772 -0.39879997
vn 0.63306159 0.69622772 -0.33837847
vn 0.63306159 -0.69622772 -0.33837847
vn 0.66318012 0.69622772 -0.27469820
vn 0.66318012 -0.69622772 -0.27469820
vn 0.68691185 0.69622772 -0.20837243
vn 0.68691185 -0.69622772 -0.20837243
vn 0.70402826 0.69622772 -0.14003993
vn 0.70402826 -0.69622772 -0.14003993
vn 0.71436448 0.69622772 -0.07035876
vn 0.71436448 -0.69622772 -0.07035876
vn 0.71782099 0.69622772 -0.00000000
vn 0.71782099 -0.69622772 0.00000000
vn 0.71436448 0.69622772 0.07035876
vn 0.71436448 -0.69622772 0.07035876
vn 0.70402826 0.69622772 0.14003993
vn 0.70402826 -0.69622772 0.14003993
vn 0.68691185 0.69622772 0.20837243
vn 0.68691185 -0.69622772 0.20837243
vn 0.66318012 0.69622772 0.27469820
vn 0.66318012 -0.69622772 0.27469820
vn 0.63306159 0.69622772 0.33837847
vn 0.63306159 -0.69622772 0.33837847
vn 0.59684634 0.69622772 0.39879997
vn 0.59684634 -0.69622772 0.39879997
vn 0.55488313 0.69622772 0.45538081
vn 0.55488313 -0.69622772 0.45538081
vn 0.50757609 0.69622772 0.50757609
vn 0.50757609 -0.69622772 0.50757609
vn 0.45538081 0.69622772 0.55488313
vn 0.45538081 -0.69622772 0.55488313
vn 0.39879997 0.69622772 0.59684634
vn 0.39879997 -0.69622772 0.59684634
vn 0.33837847 0.69622772 0.63306159
vn 0.33837847 -0.69622772 0.63306159
vn 0.27469820 0.69622772 0.66318012
vn 0.27469820 -0.69622772 0.66318012
vn 0.20837243 0.69622772 0.68691185
vn 0.20837243 -0.69622772 0.68691185
vn 0.14003993 0.69622772 0.70402826
vn 0.14003993 -0.69622772 0.70402826
vn 0.07035876 0.69622772 0.71436448
vn 0.07035876 -0.69622772 0.71436448
vn -0.00000000 0.69622772 0.71782099
vn -0.00000000 -0.69622772 0.71782099
vn -0.07035876 0.69622772 0.71436448
vn -0.07035876 -0.69622772 0.71436448
vn -0.14003993 0.69622772 0.70402826
vn -0.14003993 -0.69622772 0.70402826
vn -0.20837243 0.69622772 0.68691185
vn -0.20837243 -0.69622772 0.68691185
vn -0.27469820 0.69622772 0.66318012
vn -0.27469820 -0.69622772 0.66318012
vn -0.33837847 0.69622772 0.63306159
vn -0.33837847 -0.69622772 0.63306159
vn -0.39879997 0.69622772 0.59684634
vn -0.39879997 -0.69622772 0.59684634
vn -0.45538081 0.69622772 0.55488313
vn -0.45538081 -0.69622772 0.55488313
vn -0.50757609 0.69622772 0.50757609
vn -0.50757609 -0.69622772 0.50757609
vn -0.55488313 0.69622772 0.45538081
vn -0.55488313 -0.69622772 0.45538081
vn -0.59684634 0.69622772 0.39879997
vn -0.59684634 -0.69622772 0.39879997
vn -0.63306159 0.69622772 0.33837847
vn -0.63306159 -0.69622772 0.33837847
vn -0.66318012 0.69622772 0.27469820
vn -0.66318012 -0.69622772 0.27469820
vn -0.68691185 0.69622772 0.20837243
vn -0.68691185 -0.69622772 0.20837243
vn -0.70402826 0.69622772 0.14003993
vn -0.70402826 -0.69622772 0.14003993
vn -0.71436448 0.69622772 0.07035876
vn -0.71436448 -0.69622772 0.07035876
vn -0.71782099 0.69622772 0.00000000
vn -0.71782099 -0.69622772 -0.00000000
vn -0.71436448 0.69622772 -0.07035876
vn -0.71436448 -0.69622772 -0.07035876
vn -0.70402826 0.69622772 -0.14003993
vn -0.70402826 -0.69622772 -0.14003993
vn -0.68691185 0.69622772 -0.20837243
vn -0.68691185 -0.69622772 -0.20837243
vn -0.66318012 0.69622772 -0.27469820
vn -0.66318012 -0.69622772 -0.27469820
vn -0.63306159 0.69622772 -0.33837847
vn -0.63306159 -0.69622772 -0.33837847
vn -0.59684634 0.69622772 -0.39879997
vn -0.59684634 -0.69622772 -0.39879997
vn -0.55488313 0.69622772 -0.45538081
vn -0.55488313 -0.69622772 -0.45538081
vn -0.50757609 0.69622772 -0.50757609
vn -0.50757609 -0.69622772 -0.50757609
vn -0.45538081 0.69622772 -0.55488313
vn -0.45538081 -0.69622772 -0.55488313
vn -0.39879997 0.69622772 -0.59684634
vn -0.39879997 -0.69622772 -0.59684634
vn -0.33837847 0.69622772 -0.63306159
vn -0.33837847 -0.69622772 -0.63306159
vn -0.27469820 0.69622772 -0.66318012
vn -0.27469820 -0.69622772 -0.66318012
vn -0.20837243 0.69622772 -0.68691185
vn -0.20837243 -0.69622772 -0.68691185
vn -0.14003993 0.69622772 -0.70402826
vn -0.14003993 -0.69622772 -0.70402826
vn -0.07035876 0.69622772 -0.71436448
vn -0.07035876 -0.69622772 -0.71436448
vn 0.00000000 1.00000000 0.00000000
vn -0.00000000 0.69622772 -0.71782099
vn 0.00000000 -0.69622772 -0.71782099
vn 0.00000000 -1.00000000 0.00000000
vn 0.07035876 0.69622772 -0.71436448
vn 0.07035876 -0.69622772 -0.71436448
vn 0.14003993 0.69622772 -0.70402826
vn 0.14003993 -0.69622772 -0.70402826
vn 0.20837243 0.69622772 -0.68691185
vn 0.20837243 -0.69622772 -0.68691185
vn 0.27469820 0.69622772 -0.66318012
vn 0.27469820 -0.69622772 -0.66318012
vn 0.33837847 0.69622772 -0.63306159
vn 0.33837847 -0.69622772 -0.63306159
vn 0.39879997 0.69622772 -0.59684634
vn 0.39879997 -0.69622772 -0.59684634
vn 0.45538081 0.69622772 -0.55488313
vn 0.45538081 -0.69622772 -0.55488313
vn 0.50757609 0.69622772 -0.50757609
vn 0.50757609 -0.69622772 -0.50757609
vn 0.55488313 0.69622772 -0.45538081
vn 0.55488313 -0.69622772 -0.45538081
vn 0.59684634 0.69622772 -0.39879997
vn 0.59684634 -0.69622772 -0.39879997
vn 0.63306159 0.69622772 -0.33837847
vn 0.63306159 -0.69622772 -0.33837847
vn 0.66318012 0.69622772 -0.27469820
vn 0.66318012 -0.69622772 -0.27469820
vn 0.68691185 0.69622772 -0.20837243
vn 0.68691185 -0.69622772 -0.20837243
vn 0.70402826 0.69622772 -0.14003993
vn 0.70402826 -0.69622772 -0.14003993
vn 0.71436448 0.69622772 -0.07035876
vn 0.71436448 -0.69622772 -0.07035876
vn 0.71782099 0.69622772 -0.00000000
vn 0.71782099 -0.69622772 0.00000000
vn 0.71436448 0.69622772 0.07035876
vn 0.71436448 -0.69622772 0.07035876
vn 0.70402826 0.69622772 0.14003993
vn 0.70402826 -0.69622772 0.14003993
vn 0.68691185 0.69622772 0.20837243
vn 0.68691185 -0.69622772 0.20837243
vn 0.66318012 0.69622772 0.27469820
vn 0.66318012 -0.69622772 0.27469820
vn 0.63306159 0.69622772 0.33837847
vn 0.63306159 -0.69622772 0.33837847
vn 0.59684634 0.69622772 0.39879997
vn 0.59684634 -0.69622772 0.39879997
vn 0.55488313 0.69622772 0.45538081
vn 0.55488313 -0.69622772 0.45538081
vn 0.50757609 0.69622772 0.50757609
vn 0.50757609 -0.69622772 0.50757609
vn 0.45538081 0.69622772 0.55488313
vn 0.45538081 -0.69622772 0.55488313
vn 0.39879997 0.69622772 0.59684634
vn 0.39879997 -0.69622772 0.59684634
vn 0.33837847 0.69622772 0.63306159
vn 0.33837847 -0.69622772 0.63306159
vn 0.27469820 0.69622772 0.66318012
vn 0.27469820 -0.69622772 0.66318012
vn 0.20837243 0.69622772 0.68691185
vn 0.20837243 -0.69622772 0.68691185
vn 0.14003993 0.69622772 0.70402826
vn 0.14003993 -0.69622772 0.70402826
vn 0.07035876 0.69622772 0.71436448
vn 0.07035876 -0.69622772 0.71436448
vn -0.00000000 0.69622772 0.71782099
vn -0.00000000 -0.69622772 0.71782099
vn -0.07035876 0.69622772 0.71436448
vn -0.07035876 -0.69622772 0.71436448
vn -0.14003993 0.69622772 0.70402826
vn -0.14003993 -0.69622772 0.70402826
vn -0.20837243 0.69622772 0.68691185
vn -0.20837243 -0.69622772 0.68691185
vn -0.27469820 0.69622772 0.66318012
vn -0.27469820 -0.69622772 0.66318012
vn -0.33837847 0.69622772 0.63306159
vn -0.33837847 -0.69622772 0.63306159
vn -0.39879997 0.69622772 0.59684634
vn -0.39879997 -0.69622772 0.59684634
vn -0.45538081 0.69622772 0.55488313
vn -0.45538081 -0.69622772 0.55488313
vn -0.50757609 0.69622772 0.50757609
vn -0.50757609 -0.69622772 0.50757609
vn -0.55488313 0.69622772 0.45538081
vn -0.55488313 -0.69622772 0.45538081
vn -0.59684634 0.69622772 0.39879997
vn -0.59684634 -0.69622772 0.39879997
vn -0.63306159 0.69622772 0.33837847
vn -0.63306159 -0.69622772 0.33837847
vn -0.66318012 0.69622772 0.27469820
vn -0.66318012 -0.69622772 0.27469820
vn -0.68691185 0.69622772 0.20837243
vn -0.68691185 -0.69622772 0.20837243
vn -0.70402826 0.69622772 0.14003993
vn -0.70402826 -0.69622772 0.14003993
vn -0.71436448 0.69622772 0.07035876
vn -0.71436448 -0.69622772 0.07035876
vn -0.71782099 0.69622772 0.00000000
vn -0.71782099 -0.69622772 -0.00000000
vn -0.71436448 0.69622772 -0.07035876
vn -0.71436448 -0.69622772 -0.07035876
vn -0.70402826 0.69622772 -0.14003993
vn -0.70402826 -0.69622772 -0.14003993
vn -0.68691185 0.69622772 -0.20837243
vn -0.68691185 -0.69622772 -0.20837243
vn -0.66318012 0.69622772 -0.27469820
vn -0.66318012 -0.69622772 -0.27469820
vn -0.63306159 0.69622772 -0.33837847
vn -0.63306159 -0.69622772 -0.33837847
vn -0.59684634 0.69622772 -0.39879997
vn -0.59684634 -0.69622772 -0.39879997
vn -0.55488313 0.69622772 -0.45538081
vn -0.55488313 -0.69622772 -0.45538081
vn -0.50757609 0.69622772 -0.50757609
vn -0.50757609 -0.69622772 -0.50757609
vn -0.45538081 0.69622772 -0.55488313
vn -0.45538081 -0.69622772 -0.55488313
vn -0.39879997 0.69622772 -0.59684634
vn -0.39879997 -0.69622772 -0.59684634
vn -0.33837847 0.69622772 -0.63306159
vn -0.33837847 -0.69622772 -0.63306159
vn -0.27469820 0.69622772 -0.66318012
vn -0.27469820 -0.69622772 -0.66318012
vn -0.20837243 0.69622772 -0.68691185
vn -0.20837243 -0.69622772 -0.68691185
vn -0.14003993 0.69622772 -0.70402826
vn -0.14003993 -0.69622772 -0.70402826
vn -0.07035876 0.69622772 -0.71436448
vn -0.07035876 -0.69622772 -0.71436448
vn 0.00000000 1.00000000 0.00000000
vn -0.00000000 0.69622772 -0.71782099
vn -0.00000000 -0.69622772 -0.71782099
vn 0.00000000 -1.00000000 0.00000000
vn 0.07035876 0.69622772 -0.71436448
vn 0.07035876 -0.69622772 -0.71436448
vn 0.14003993 0.69622772 -0.70402826
vn 0.14003993 -0.69622772 -0.70402826
vn 0.20837243 0.69622772 -0.68691185
vn 0.20837243 -0.69622772 -0.68691185
vn 0.27469820 0.69622772 -0.66318012
vn 0.27469820 -0.69622772 -0.66318012
vn 0.33837847 0.69622772 -0.63306159
vn 0.33837847 -0.69622772 -0.63306159
vn 0.39879997 0.69622772 -0.59684634
vn 0.39879997 -0.69622772 -0.59684634
vn 0.45538081 0.69622772 -0.55488313
vn 0.45538081 -0.69622772 -0.55488313
vn 0.50757609 0.69622772 -0.50757609
vn 0.50757609 -0.69622772 -0.50757609
vn 0.55488313 0.69622772 -0.45538081
vn 0.55488313 -0.69622772 -0.45538081
vn 0.59684634 0.69622772 -0.39879997
vn 0.59684634 -0.69622772 -0.39879997
vn 0.63306159 0.69622772 -0.33837847
vn 0.63306159 -0.69622772 -0.33837847
vn 0.66318012 0.69622772 -0.27469820
vn 0.66318012 -0.69622772 -0.27469820
vn 0.68691185 0.69622772 -0.20837243
vn 0.68691185 -0.69622772 -0.20837243
vn 0.70402826 0.69622772 -0.14003993
vn 0.70402826 -0.69622772 -0.14003993
vn 0.71436448 0.69622772 -0.07035876
vn 0.71436448 -0.69622772 -0.07035876
vn 0.71782099 0.69622772 -0.00000000
vn 0.71782099 -0.69622772 0.00000000
vn 0.71436448 0.69622772 0.07035876
vn 0.71436448 -0.69622772 0.07035876
vn 0.70402826 0.69622772 0.14003993
vn 0.70402826 -0.69622772 0.14003993
vn 0.68691185 0.69622772 0.20837243
vn 0.68691185 -0.69622772 0.20837243
vn 0.66318012 0.69622772 0.27469820
vn 0.66318012 -0.69622772 0.27469820
vn 0.63306159 0.69622772 0.33837847
vn 0.63306159 -0.69622772 0.33837847
vn 0.59684634 0.69622772 0.39879997
vn 0.59684634 -0.69622772 0.39879997
vn 0.55488313 0.69622772 0.45538081
vn 0.55488313 -0.69622772 0.45538081
vn 0.50757609 0.69622772 0.50757609
vn 0.50757609 -0.69622772 0.50757609
vn 0.45538081 0.69622772 0.55488313
vn 0.45538081 -0.69622772 0.55488313
vn 0.39879997 0.69622772 0.59684634
vn 0.39879997 -0.69622772 0.59684634
vn 0.33837847 0.69622772 0.63306159
vn 0.33837847 -0.69622772 0.63306159
vn 0.27469820 0.69622772 0.66318012
vn 0.27469820 -0.69622772 0.66318012
vn 0.20837243 0.69622772 0.68691185
vn 0.20837243 -0.69622772 0.68691185
vn 0.14003993 0.69622772 0.70402826
vn 0.14003993 -0.69622772 0.70402826
vn 0.07035876 0.69622772 0.71436448
vn 0.07035876 -0.69622772 0.71436448
vn 0.00000000 0.69622772 0.71782099
vn -0.00000000 -0.69622772 0.71782099
vn -0.07035876 0.69622772 0.71436448
vn -0.07035876 -0.69622772 0.71436448
vn -0.14003993 0.69622772 0.70402826
vn -0.14003993 -0.69622772 0.70402826
vn -0.20837243 0.69622772 0.68691185
vn -0.20837243 -0.69622772 0.68691185
vn -0.27469820 0.69622772 0.66318012
vn -0.27469820 -0.69622772 0.66318012
vn -0.33837847 0.69622772 0.63306159
vn -0.33837847 -0.69622772 0.63306159
vn -0.39879997 0.69622772 0.59684634
vn -0.39879997 -0.69622772 0.59684634
vn -0.45538081 0.69622772 0.55488313
vn -0.45538081 -0.69622772 0.55488313
vn -0.50757609 0.69622772 0.50757609
vn -0.50757609 -0.69622772 0.50757609
vn -0.55488313 0.69622772 0.45538081
vn -0.55488313 -0.69622772 0.45538081
vn -0.59684634 0.69622772 0.39879997
vn -0.59684634 -0.69622772 0.39879997
vn -0.63306159 0.69622772 0.33837847
vn -0.63306159 -0.69622772 0.33837847
vn -0.66318012 0.69622772 0.27469820
vn -0.66318012 -0.69622772 0.27469820
vn -0.68691185 0.69622772 0.20837243
vn -0.68691185 -0.69622772 0.20837243
vn -0.70402826 0.69622772 0.14003993
vn -0.70402826 -0.69622772 0.14003993
vn -0.71436448 0.69622772 0.07035876
vn -0.71436448 -0.69622772 0.07035876
vn -0.71782099 0.69622772 0.00000000
vn -0.71782099 -0.69622772 -0.00000000
vn -0.71436448 0.69622772 -0.07035876
vn -0.71436448 -0.69622772 -0.07035876
vn -0.70402826 0.69622772 -0.14003993
vn -0.70402826 -0.69622772 -0.14003993
vn -0.68691185 0.69622772 -0.20837243
vn -0.68691185 -0.69622772 -0.20837243
vn -0.66318012 0.69622772 -0.27469820
vn -0.66318012 -0.69622772 -0.27469820
vn -0.63306159 0.69622772 -0.33837847
vn -0.63306159 -0.69622772 -0.33837847
vn -0.59684634 0.69622772 -0.39879997
vn -0.59684634 -0.69622772 -0.39879997
vn -0.55488313 0.69622772 -0.45538081
vn -0.55488313 -0.69622772 -0.45538081
vn -0.50757609 0.69622772 -0.50757609
vn -0.50757609 -0.69622772 -0.50757609
vn -0.45538081 0.69622772 -0.55488313
vn -0.45538081 -0.69622772 -0.55488313
vn -0.39879997 0.69622772 -0.59684634
vn -0.39879997 -0.69622772 -0.59684634
vn -0.33837847 0.69622772 -0.63306159
vn -0.33837847 -0.69622772 -0.63306159
vn -0.27469820 0.69622772 -0.66318012
vn -0.27469820 -0.69622772 -0.66318012
vn -0.20837243 0.69622772 -0.68691185
vn -0.20837243 -0.69622772 -0.68691185
vn -0.14003993 0.69622772 -0.70402826
vn -0.14003993 -0.69622772 -0.70402826
vn -0.07035876 0.69622772 -0.71436448
vn -0.07035876 -0.69622772 -0.71436448
vn 0.00000000 1.00000000 0.00000000
vn 0.00000000 0.69622772 -0.71782099
vn 0.00000000 -0.69622772 -0.71782099
vn 0.00000000 -1.00000000 0.00000000
vn 0.07035876 0.69622772 -0.71436448
vn 0.07035876 -0.69622772 -0.71436448
vn 0.14003993 0.69622772 -0.70402826
vn 0.14003993 -0.69622772 -0.70402826
vn 0.20837243 0.69622772 -0.68691185
vn 0.20837243 -0.69622772 -0.68691185
vn 0.27469820 0.69622772 -0.66318012
vn 0.27469820 -0.69622772 -0.66318012
vn 0.33837847 0.69622772 -0.63306159
vn 0.33837847 -0.69622772 -0.63306159
vn 0.39879997 0.69622772 -0.59684634
vn 0.39879997 -0.69622772 -0.59684634
vn 0.45538081 0.69622772 -0.55488313
vn 0.45538081 -0.69622772 -0.55488313
vn 0.50757609 0.69622772 -0.50757609
vn 0.50757609 -0.69622772 -0.50757609
vn 0.55488313 0.69622772 -0.45538081
vn 0.55488313 -0.69622772 -0.45538081
vn 0.59684634 0.69622772 -0.39879997
vn 0.59684634 -0.69622772 -0.39879997
vn 0.63306159 0.69622772 -0.33837847
vn 0.63306159 -0.69622772 -0.33837847
vn 0.66318012 0.69622772 -0.27469820
vn 0.66318012 -0.69622772 -0.27469820
vn 0.68691185 0.69622772 -0.20837243
vn 0.68691185 -0.69622772 -0.20837243
vn 0.70402826 0.69622772 -0.14003993
vn 0.70402826 -0.69622772 -0.14003993
vn 0.71436448 0.69622772 -0.07035876
vn 0.71436448 -0.69622772 -0.07035876
vn 0.71782099 0.69622772 -0.00000000
vn 0.71782099 -0.69622772 0.00000000
vn 0.71436448 0.69622772 0.07035876
vn 0.71436448 -0.69622772 0.07035876
vn 0.70402826 0.69622772 0.14003993
vn 0.70402826 -0.69622772 0.14003993
vn 0.68691185 0.69622772 0.20837243
vn 0.68691185 -0.69622772 0.20837243
vn 0.66318012 0.69622772 0.27469820
vn 0.66318012 -0.69622772 0.27469820
vn 0.63306159 0.69622772 0.33837847
vn 0.63306159 -0.69622772 0.33837847
vn 0.59684634 0.69622772 0.39879997
vn 0.59684634 -0.69622772 0.39879997
vn 0.55488313 0.69622772 0.45538081
vn 0.55488313 -0.69622772 0.45538081
vn 0.50757609 0.69622772 0.50757609
vn 0.50757609 -0.69622772 0.50757609
vn 0.45538081 0.69622772 0.55488313
vn 0.45538081 -0.69622772 0.55488313
vn 0.39879997 0.69622772 0.59684634
vn 0.39879997 -0.69622772 0.59684634
vn 0.33837847 0.69622772 0.63306159
vn 0.33837847 -0.69622772 0.63306159
vn 0.27469820 0.69622772 0.66318012
vn 0.27469820 -0.69622772 0.66318012
vn 0.20837243 0.69622772 0.68691185
vn 0.20837243 -0.69622772 0.68691185
vn 0.14003993 0.69622772 0.70402826
vn 0.14003993 -0.69622772 0.70402826
vn 0.07035876 0.69622772 0.71436448
vn 0.07035876 -0.69622772 0.71436448
vn -0.00000000 0.69622772 0.71782099
vn 0.00000000 -0.69622772 0.71782099
vn -0.07035876 0.69622772 0.71436448
vn -0.07035876 -0.69622772 0.71436448
vn -0.14003993 0.69622772 0.70402826
vn -0.14003993 -0.69622772 0.70402826
vn -0.20837243 0.69622772 0.68691185
vn -0.20837243 -0.69622772 0.68691185
vn -0.27469820 0.69622772 0.66318012
vn -0.27469820 -0.69622772 0.66318012
vn -0.33837847 0.69622772 0.63306159
vn -0.33837847 -0.69622772 0.63306159
vn -0.39879997 0.69622772 0.59684634
vn -0.39879997 -0.69622772 0.59684634
vn -0.45538081 0.69622772 0.55488313
vn -0.45538081 -0.69622772 0.55488313
vn -0.50757609 0.69622772 0.50757609
vn -0.50757609 -0.69622772 0.50757609
vn -0.55488313 0.69622772 0.45538081
vn -0.55488313 -0.69622772 0.45538081
vn -0.59684634 0.69622772 0.39879997
vn -0.59684634 -0.69622772 0.39879997
vn -0.63306159 0.69622772 0.33837847
vn -0.63306159 -0.69622772 0.33837847
vn -0.66318012 0.69622772 0.27469820
vn -0.66318012 -0.69622772 0.27469820
vn -0.68691185 0.69622772 0.20837243
vn -0.68691185 -0.69622772 0.20837243
vn -0.70402826 0.69622772 0.14003993
vn -0.70402826 -0.69622772 0.14003993
vn -0.71436448 0.69622772 0.07035876
vn -0.71436448 -0.69622772 0.07035876
vn -0.71782099 0.69622772 0.00000000
vn -0.71782099 -0.69622772 -0.00000000
vn -0.71436448 0.69622772 -0.07035876
vn -0.71436448 -0.69622772 -0.07035876
vn -0.70402826 0.69622772 -0.14003993
vn -0.70402826 -0.69622772 -0.14003993
vn -0.68691185 0.69622772 -0.20837243
vn -0.68691185 -0.69622772 -0.20837243
vn -0.66318012 0.69622772 -0.27469820
vn -0.66318012 -0.69622772 -0.27469820
vn -0.63306159 0.69622772 -0.33837847
vn -0.63306159 -0.69622772 -0.33837847
vn -0.59684634 0.69622772 -0.39879997
vn -0.59684634 -0.69622772 -0.39879997
vn -0.55488313 0.69622772 -0.45538081
vn -0.55488313 -0.69622772 -0.45538081
vn -0.50757609 0.69622772 -0.50757609
vn -0.50757609 -0.69622772 -0.50757609
vn -0.45538081 0.69622772 -0.55488313
vn -0.45538081 -0.69622772 -0.55488313
vn -0.39879997 0.69622772 -0.59684634
vn -0.39879997 -0.69622772 -0.59684634
vn -0.33837847 0.69622772 -0.63306159
vn -0.33837847 -0.69622772 -0.63306159
vn -0.27469820 0.69622772 -0.66318012
vn -0.27469820 -0.69622772 -0.66318012
vn -0.20837243 0.69622772 -0.68691185
vn -0.20837243 -0.69622772 -0.68691185
vn -0.14003993 0.69622772 -0.70402826
vn -0.14003993 -0.69622772 -0.70402826
vn -0.07035876 0.69622772 -0.71436448
vn -0.07035876 -0.69622772 -0.71436448
f 1//1 2//2 3//3
f 1//1 3//3 4//4
f 1//1 4//4 5//5
f 1//1 5//5 6//6
f 1//1 6//6 7//7
f 1//1 7//7 8//8
f 1//1 8//8 9//9
f 1//1 9//9 10//10
f 1//1 10//10 11//11
f 1//1 11//11 12//12
f 1//1 12//12 13//13
f 1//1 13//13 14//14
f 1//1 14//14 15//15
f 1//1 15//15 16//16
f 1//1 16//16 17//17
f 1//1 17//17 18//18
f 1//1 18//18 19//19
f 1//1 19//19 20//20
f 1//1 20//20 21//21
f 1//1 21//21 22//22
f 1//1 22//22 23//23
f 1//1 23//23 24//24
f 1//1 24//24 25//25
f 1//1 25//25 26//26
f 1//1 26//26 27//27
f 1//1 27//27 28//28
f 1//1 28//28 29//29
f 1//1 29//29 30//30
f 1//1 30//30 31//31
f 1//1 31//31 32//32
f 1//1 32//32 33//33
f 1//1 33//33 34//34
f 1//1 34//34 35//35
f 1//1 35//35 36//36
f 1//1 36//36 37//37
f 1//1 37//37 38//38
f 1//1 38//38 39//39
f 1//1 39//39 40//40
f 1//1 40//40 41//41
f 1//1 41//41 42//42
f 1//1 42//42 43//43
f 1//1 43//43 44//44
f 1//1 44//44 45//45
f 1//1 45//45 46//46
f 1//1 46//46 47//47
f 1//1 47//47 48//48
f 1//1 48//48 49//49
f 1//1 49//49 50//50
f 1//1 50//50 51//51
f 1//1 51//51 52//52
f 1//1 52//52 53//53
f 1//1 53//53 54//54
f 1//1 54//54 55//55
f 1//1 55//55 56//56
f 1//1 56//56 57//57
f 1//1 57//57 58//58
f 1//1 58//58 59//59
f 1//1 59//59 60//60
f 1//1 60//60 61//61
f 1//1 61//61 62//62
f 1//1 62//62 63//63
f 1//1 63//63 64//64
f 1//1 64//64 65//65
f 1//1 65//65 66//66
f 1//1 66//66 67//67
f 1//1 67//67 68//68
f 1//1 68//68 69//69
f 1//1 69//69 70//70
f 1//1 70//70 71//71
f 1//1 71//71 72//72
f 1//1 72//72 73//73
f 1//1 73//73 74//74
f 1//1 74//74 75//75
f 1//1 75//75 76//76
f 1//1 76//76 77//77
f 1//1 77//77 78//78
f 1//1 78//78 79//79
f 1//1 79//79 80//80
f 1//1 80//80 81//81
f 1//1 81//81 82//82
f 1//1 82//82 83//83
f 1//1 83//83 84//84
f 1//1 84//84 85//85
f 1//1 85//85 86//86
f 1//1 86//86 87//87
f 1//1 87//87 88//88
f 1//1 88//88 89//89
f 1//1 89//89 90//90
f 1//1 90//90 91//91
f 1//1 91//91 92//92
f 1//1 92//92 93//93
f 1//1 93//93 94//94
f 1//1 94//94 95//95
f 1//1 95//95 96//96
f 1//1 96//96 97//97
f 1//1 97//97 2//2
f 2//2 98//98 3//3
f 3//3 98//98 99//99
f 3//3 99//99 4//4
f 4//4 99//99 100//100
f 4//4 100//100 5//5
f 5//5 100//100 101//101
f 5//5 101//101 6//6
f 6//6 101//101 102//102
f 6//6 102//102 7//7
f 7//7 102//102 103//103
f 7//7 103//103 8//8
f 8//8 103//103 104//104
f 8//8 104//104 9//9
f 9//9 104//104 105//105
f 9//9 105//105 10//10
f 10//10 105//105 106//106
f 10//10 106//106 11//11
f 11//11 106//106 107//107
f 11//11 107//107 12//12
f 12//12 107//107 108//108
f 12//12 108//108 13//13
f 13//13 108//108 109//109
f 13//13 109//109 14//14
f 14//14 109//109 110//110
f 14//14 110//110 15//15
f 15//15 110//110 111//111
f 15//15 111//111 16//16
f 16//16 111//111 112//112
f 16//16 112//112 17//17
f 17//17 112//112 113//113
f 17//17 113//113 18//18
f 18//18 113//113 114//114
f 18//18 114//114 19//19
f 19//19 114//114 115//115
f 19//19 115//115 20//20
f 20//20 115//115 116//116
f 20//20 116//116 21//21
f 21//21 116//116 117//117
f 21//21 117//117 22//22
f 22//22 117//117 118//118
f 22//22 118//118 23//23
f 23//23 118//118 119//119
f 23//23 119//119 24//24
f 24//24 119//119 120//120
f 24//24 120//120 25//25
f 25//25 120//120 121//121
f 25//25 121//121 26//26
f 26//26 121//121 122//122
f 26//26 122//122 27//27
f 27//27 122//122 123//123
f 27//27 123//123 28//28
f 28//28 123//123 124//124
f 28//28 124//124 29//29
f 29//29 124//124 125//125
f 29//29 125//125 30//30
f 30//30 125//125 126//126
f 30//30 126//126 31//31
f 31//31 126//126 127//127
f 31//31 127//127 32//32
f 32//32 127//127 128//128
f 32//32 128//128 33//33
f 33//33 128//128 129//129
f 33//33 129//129 34//34
f 34//34 129//129 130//130
f 34//34 130//130 35//35
f 35//35 130//130 131//131
f 35//35 131//131 36//36
f 36//36 131//131 132//132
f 36//36 132//132 37//37
f 37//37 132//132 133//133
f 37//37 133//133 38//38
f 38//38 133//133 134//134
f 38//38 134//134 39//39
f 39//39 134//134 135//135
f 39//39 135//135 40//40
f 40//40 135//135 136//136
f 40//40 136//136 41//41
f 41//41 136//136 137//137
f 41//41 137//137 42//42
f 42//42 137//137 138//138
f 42//42 138//138 43//43
f 43//43 138//138 139//139
f 43//43 139//139 44//44
f 44//44 139//139 140//140
f 44//44 140//140 45//45
f 45//45 140//140 141//141
f 45//45 141//141 46//46
f 46//46 141//141 142//142
f 46//46 142//142 47//47
f 47//47 142//142 143//143
f 47//47 143//143 48//48
f 48//48 143//143 144//144
f 48//48 144//144 49//49
f 49//49 144//144 145//145
f 49//49 145//145 50//50
f 50//50 145//145 146//146
f 50//50 146//146 51//51
f 51//51 146//146 147//147
f 51//51 147//147 52//52
f 52//52 147//147 148//148
f 52//52 148//148 53//53
f 53//53 148//148 149//149
f 53//53 149//149 54//54
f 54//54 149//149 150//150
f 54//54 150//150 55//55
f 55//55 150//150 151//151
f 55//55 151//151 56//56
f 56//56 151//151 152//152
f 56//56 152//152 57//57
f 57//57 152//152 153//153
f 57//57 153//153 58//58
f 58//58 153//153 154//154
f 58//58 154//154 59//59
f 59//59 154//154 155//155
f 59//59 155//155 60//60
f 60//60 155//155 156//156
f 60//60 156//156 61//61
f 61//61 156//156 157//157
f 61//61 157//157 62//62
f 62//62 157//157 158//158
f 62//62 158//158 63//63
f 63//63 158//158 159//159
f 63//63 159//159 64//64
f 64//64 159//159 160//160
f 64//64 160//160 65//65
f 65//65 160//160 161//161
f 65//65 161//161 66//66
f 66//66 161//161 162//162
f 66//66 162//162 67//67
f 67//67 162//162 163//163
f 67//67 163//163 68//68
f 68//68 163//163 164//164
f 68//68 164//164 69//69
f 69//69 164//164 165//165
f 69//69 165//165 70//70
f 70//70 165//165 166//166
f 70//70 166//166 71//71
f 71//71 166//166 167//167
f 71//71 167//167 72//72
f 72//72 167//167 168//168
f 72//72 168//168 73//73
f 73//73 168//168 169//169
f 73//73 169//169 74//74
f 74//74 169//169 170//170
f 74//74 170//170 75//75
f 75//75 170//170 171//171
f 75//75 171//171 76//76
f 76//76 171//171 172//172
f 76//76 172//172 77//77
f 77//77 172//172 173//173
f 77//77 173//173 78//78
f 78//78 173//173 174//174
f 78//78 174//174 79//79
f 79//79 174//174 175//175
f 79//79 175//175 80//80
f 80//80 175//175 176//176
f 80//80 176//176 81//81
f 81//81 176//176 177//177
f 81//81 177//177 82//82
f 82//82 177//177 178//178
f 82//82 178//178 83//83
f 83//83 178//178 179//179
f 83//83 179//179 84//84
f 84//84 179//179 180//180
f 84//84 180//180 85//85
f 85//85 180//180 181//181
f 85//85 181//181 86//86
f 86//86 181//181 182//182
f 86//86 182//182 87//87
f 87//87 182//182 183//183
f 87//87 183//183 88//88
f 88//88 183//183 184//184
f 88//88 184//184 89//89
f 89//89 184//184 185//185
f 89//89 185//185 90//90
f 90//90 185//185 186//186
f 90//90 186//186 91//91
f 91//91 186//186 187//187
f 91//91 187//187 92//92
f 92//92 187//187 188//188
f 92//92 188//188 93//93
f 93//93 188//188 189//189
f 93//93 189//189 94//94
f 94//94 189//189 190//190
f 94//94 190//190 95//95
f 95//95 190//190 191//191
f 95//95 191//191 96//96
f 96//96 191//191 192//192
f 96//96 192//192 97//97
f 97//97 192//192 193//193
f 97//97 193//193 2//2
f 2//2 193//193 98//98
f 98//98 194//194 99//99
f 99//99 194//194 195//195
f 99//99 195//195 100//100
f 100//100 195//195 196//196
f 100//100 196//196 101//101
f 101//101 196//196 197//197
f 101//101 197//197 102//102
f 102//102 197//197 198//198
f 102//102 198//198 103//103
f 103//103 198//198 199//199
f 103//103 199//199 104//104
f 104//104 199//199 200//200
f 104//104 200//200 105//105
f 105//105 200//200 201//201
f 105//105 201//201 106//106
f 106//106 201//201 202//202
f 106//106 202//202 107//107
f 107//107 202//202 203//203
f 107//107 203//203 108//108
f 108//108 203//203 204//204
f 108//108 204//204 109//109
f 109//109 204//204 205//205
f 109//109 205//205 110//110
f 110//110 205//205 206//206
f 110//110 206//206 111//111
f 111//111 206//206 207//207
f 111//111 207//207 112//112
f 112//112 207//207 208//208
f 112//112 208//208 113//113
f 113//113 208//208 209//209
f 113//113 209//209 114//114
f 114//114 209//209 210//210
f 114//114 210//210 115//115
f 115//115 210//210 211//211
f 115//115 211//211 116//116
f 116//116 211//211 212//212
f 116//116 212//212 117//117
f 117//117 212//212 213//213
f 117//117 213//213 118//118
f 118//118 213//213 214//214
f 118//118 214//214 119//119
f 119//119 214//214 215//215
f 119//119 215//215 120//120
f 120//120 215//215 216//216
f 120//120 216//216 121//121
f 121//121 216//216 217//217
f 121//121 217//217 122//122
f 122//122 217//217 218//218
f 122//122 218//218 123//123
f 123//123 218//218 219//219
f 123//123 219//219 124//124
f 124//124 219//219 220//220
f 124//124 220//220 125//125
f 125//125 220//220 221//221
f 125//125 221//221 126//126
f 126//126 221//221 222//222
f 126//126 222//222 127//127
f 127//127 222//222 223//223
f 127//127 223//223 128//128
f 128//128 223//223 224//224
f 128//128 224//224 129//129
f 129//129 224//224 225//225
f 129//129 225//225 130//130
f 130//130 225//225 226//226
f 130//130 226//226 131//131
f 131//131 226//226 227//227
f 131//131 227//227 132//132
f 132//132 227//227 228//228
f 132//132 228//228 133//133
f 133//133 228//228 229//229
f 133//133 229//229 134//134
f 134//134 229//229 230//230
f 134//134 230//230 135//135
f 135//135 230//230 231//231
f 135//135 231//231 136//136
f 136//136 231//231 232//232
f 136//136 232//232 137//137
f 137//137 232//232 233//233
f 137//137 233//233 138//138
f 138//138 233//233 234//234
f 138//138 234//234 139//139
f 139//139 234//234 235//235
f 139//139 235//235 140//140
f 140//140 235//235 236//236
f 140//140 236//236 141//141
f 141//141 236//236 237//237
f 141//141 237//237 142//142
f 142//142 237//237 238//238
f 142//142 238//238 143//143
f 143//143 238//238 239//239
f 143//143 239//239 144//144
f 144//144 239//239 240//240
f 144//144 240//240 145//145
f 145//145 240//240 241//241
f 145//145 241//241 146//146
f 146//146 241//241 242//242
f 146//146 242//242 147//147
f 147//147 242//242 243//243
f 147//147 243//243 148//148
f 148//148 243//243 244//244
f 148//148 244//244 149//149
f 149//149 244//244 245//245
f 149//149 245//245 150//150
f 150//150 245//245 246//246
f 150//150 246//246 151//151
f 151//151 246//246 247//247
f 151//151 247//247 152//152
f 152//152 247//247 248//248
f 152//152 248//248 153//153
f 153//153 248//248 249//249
f 153//153 249//249 154//154
f 154//154 249//249 250//250
f 154//154 250//250 155//155
f 155//155 250//250 251//251
f 155//155 251//251 156//156
f 156//156 251//251 252//252
f 156//156 252//252 157//157
f 157//157 252//252 253//253
f 157//157 253//253 158//158
f 158//158 253//253 254//254
f 158//158 254//254 159//159
f 159//159 254//254 255//255
f 159//159 255//255 160//160
f 160//160 255//255 256//256
f 160//160 256//256 161//161
f 161//161 256//256 257//257
f 161//161 257//257 162//162
f 162//162 257//257 258//258
f 162//162 258//258 163//163
f 163//163 258//258 259//259
f 163//163 259//259 164//164
f 164//164 259//259 260//260
f 164//164 260//260 165//165
f 165//165 260//260 261//261
f 165//165 261//261 166//166
f 166//166 261//261 262//262
f 166//166 262//262 167//167
f 167//167 262//262 263//263
f 167//167 263//263 168//168
f 168//168 263//263 264//264
f 168//168 264//264 169//169
f 169//169 264//264 265//265
f 169//169 265//265 170//170
f 170//170 265//265 266//266
f 170//170 266//266 171//171
f 171//171 266//266 267//267
f 171//171 267//267 172//172
f 172//172 267//267 268//268
f 172//172 268//268 173//173
f 173//173 268//268 269//269
f 173//173 269//269 174//174
f 174//174 269//269 270//270
f 174//174 270//270 175//175
f 175//175 270//270 271//271
f 175//175 271//271 176//176
f 176//176 271//271 272//272
f 176//176 272//272 177//177
f 177//177 272//272 273//273
f 177//177 273//273 178//178
f 178//178 273//273 274//274
f 178//178 274//274 179//179
f 179//179 274//274 275//275
f 179//179 275//275 180//180
f 180//180 275//275 276//276
f 180//180 276//276 181//181
f 181//181 276//276 277//277
f 181//181 277//277 182//182
f 182//182 277//277 278//278
f 182//182 278//278 183//183
f 183//183 278//278 279//279
f 183//183 279//279 184//184
f 184//184 279//279 280//280
f 184//184 280//280 185//185
f 185//185 280//280 281//281
f 185//185 281//281 186//186
f 186//186 281//281 282//282
f 186//186 282//282 187//187
f 187//187 282//282 283//283
f 187//187 283//283 188//188
f 188//188 283//283 284//284
f 188//188 284//284 189//189
f 189//189 284//284 285//285
f 189//189 285//285 190//190
f 190//190 285//285 286//286
f 190//190 286//286 191//191
f 191//191 286//286 287//287
f 191//191 287//287 192//192
f 192//192 287//287 288//288
f 192//192 288//288 193//193
f 193//193 288//288 289//289
f 193//193 289//289 98//98
f 98//98 289//289 194//194
f 194//194 290//290 195//195
f 195//195 290//290 291//291
f 195//195 291//291 196//196
f 196//196 291//291 292//292
f 196//196 292//292 197//197
f 197//197 292//292 293//293
f 197//197 293//293 198//198
f 198//198 293//293 294//294
f 198//198 294//294 199//199
f 199//199 294//294 295//295
f 199//199 295//295 200//200
f 200//200 295//295 296//296
f 200//200 296//296 201//201
f 201//201 296//296 297//297
f 201//201 297//297 202//202
f 202//202 297//297 298//298
f 202//202 298//298 203//203
f 203//203 298//298 299//299
f 203//203 299//299 204//204
f 204//204 299//299 300//300
f 204//204 300//300 205//205
f 205//205 300//300 301//301
f 205//205 301//301 206//206
f 206//206 301//301 302//302
f 206//206 302//302 207//207
f 207//207 302//302 303//303
f 207//207 303//303 208//208
f 208//208 303//303 304//304
f 208//208 304//304 209//209
f 209//209 304//304 305//305
f 209//209 305//305 210//210
f 210//210 305//305 306//306
f 210//210 306//306 211//211
f 211//211 306//306 307//307
f 211//211 307//307 212//212
f 212//212 307//307 308//308
f 212//212 308//308 213//213
f 213//213 308//308 309//309
f 213//213 309//309 214//214
f 214//214 309//309 310//310
f 214//214 310//310 215//215
f 215//215 310//310 311//311
f 215//215 311//311 216//216
f 216//216 311//311 312//312
f 216//216 312//312 217//217
f 217//217 312//312 313//313
f 217//217 313//313 218//218
f 218//218 313//313 314//314
f 218//218 314//314 219//219
f 219//219 314//314 315//315
f 219//219 315//315 220//220
f 220//220 315//315 316//316
f 220//220 316//316 221//221
f 221//221 316//316 317//317
f 221//221 317//317 222//222
f 222//222 317//317 318//318
f 222//222 318//318 223//223
f 223//223 318//318 319//319
f 223//223 319//319 224//224
f 224//224 319//319 320//320
f 224//224 320//320 225//225
f 225//225 320//320 321//321
f 225//225 321//321 226//226
f 226//226 321//321 322//322
f 226//226 322//322 227//227
f 227//227 322//322 323//323
f 227//227 323//323 228//228
f 228//228 323//323 324//324
f 228//228 324//324 229//229
f 229//229 324//324 325//325
f 229//229 325//325 230//230
f 230//230 325//325 326//326
f 230//230 326//326 231//231
f 231//231 326//326 327//327
f 231//231 327//327 232//232
f 232//232 327//327 328//328
f 232//232 328//328 233//233
f 233//233 328//328 329//329
f 233//233 329//329 234//234
f 234//234 329//329 330//330
f 234//234 330//330 235//235
f 235//235 330//330 331//331
f 235//235 331//331 236//236
f 236//236 331//331 332//332
f 236//236 332//332 237//237
f 237//237 332//332 333//333
f 237//237 333//333 238//238
f 238//238 333//333 334//334
f 238//238 334//334 239//239
f 239//239 334//334 335//335
f 239//239 335//335 240//240
f 240//240 335//335 336//336
f 240//240 336//336 241//241
f 241//241 336//336 337//337
f 241//241 337//337 242//242
f 242//242 337//337 338//338
f 242//242 338//338 243//243
f 243//243 338//338 339//339
f 243//243 339//339 244//244
f 244//244 339//339 340//340
f 244//244 340//340 245//245
f 245//245 340//340 341//341
f 245//245 341//341 246//246
f 246//246 341//341 342//342
f 246//246 342//342 247//247
f 247//247 342//342 343//343
f 247//247 343//343 248//248
f 248//248 343//343 344//344
f 248//248 344//344 249//249
f 249//249 344//344 345//345
f 249//249 345//345 250//250
f 250//250 345//345 346//346
f 250//250 346//346 251//251
f 251//251 346//346 347//347
f 251//251 347//347 252//252
f 252//252 347//347 348//348
f 252//252 348//348 253//253
f 253//253 348//348 349//349
f 253//253 349//349 254//254
f 254//254 349//349 350//350
f 254//254 350//350 255//255
f 255//255 350//350 351//351
f 255//255 351//351 256//256
f 256//256 351//351 352//352
f 256//256 352//352 257//257
f 257//257 352//352 353//353
f 257//257 353//353 258//258
f 258//258 353//353 354//354
f 258//258 354//354 259//259
f 259//259 354//354 355//355
f 259//259 355//355 260//260
f 260//260 355//355 356//356
f 260//260 356//356 261//261
f 261//261 356//356 357//357
f 261//261 357//357 262//262
f 262//262 357//357 358//358
f 262//262 358//358 263//263
f 263//263 358//358 359//359
f 263//263 359//359 264//264
f 264//264 359//359 360//360
f 264//264 360//360 265//265
f 265//265 360//360 361//361
f 265//265 361//361 266//266
f 266//266 361//361 362//362
f 266//266 362//362 267//267
f 267//267 362//362 363//363
f 267//267 363//363 268//268
f 268//268 363//363 364//364
f 268//268 364//364 269//269
f 269//269 364//364 365//365
f 269//269 365//365 270//270
f 270//270 365//365 366//366
f 270//270 366//366 271//271
f 271//271 366//366 367//367
f 271//271 367//367 272//272
f 272//272 367//367 368//368
f 272//272 368//368 273//273
f 273//273 368//368 369//369
f 273//273 369//369 274//274
f 274//274 369//369 370//370
f 274//274 370//370 275//275
f 275//275 370//370 371//371
f 275//275 371//371 276//276
f 276//276 371//371 372//372
f 276//276 372//372 277//277
f 277//277 372//372 373//373
f 277//277 373//373 278//278
f 278//278 373//373 374//374
f 278//278 374//374 279//279
f 279//279 374//374 375//375
f 279//279 375//375 280//280
f 280//280 375//375 376//376
f 280//280 376//376 281//281
f 281//281 376//376 377//377
f 281//281 377//377 282//282
f 282//282 377//377 378//378
f 282//282 378//378 283//283
f 283//283 378//378 379//379
f 283//283 379//379 284//284
f 284//284 379//379 380//380
f 284//284 380//380 285//285
f 285//285 380//380 381//381
f 285//285 381//381 286//286
f 286//286 381//381 382//382
f 286//286 382//382 287//287
f 287//287 382//382 383//383
f 287//287 383//383 288//288
f 288//288 383//383 384//384
f 288//288 384//384 289//289
f 289//289 384//384 385//385
f 289//289 385//385 194//194
f 194//194 385//385 290//290
f 290//290 386//386 291//291
f 291//291 386//386 387//387
f 291//291 387//387 292//292
f 292//292 387//387 388//388
f 292//292 388//388 293//293
f 293//293 388//388 389//389
f 293//293 389//389 294//294
f 294//294 389//389 390//390
f 294//294 390//390 295//295
f 295//295 390//390 391//391
f 295//295 391//391 296//296
f 296//296 391//391 392//392
f 296//296 392//392 297//297
f 297//297 392//392 393//393
f 297//297 393//393 298//298
f 298//298 393//393 394//394
f 298//298 394//394 299//299
f 299//299 394//394 395//395
f 299//299 395//395 300//300
f 300//300 395//395 396//396
f 300//300 396//396 301//301
f 301//301 396//396 397//397
f 301//301 397//397 302//302
f 302//302 397//397 398//398
f 302//302 398//398 303//303
f 303//303 398//398 399//399
f 303//303 399//399 304//304
f 304//304 399//399 400//400
f 304//304 400//400 305//305
f 305//305 400//400 401//401
f 305//305 401//401 306//306
f 306//306 401//401 402//402
f 306//306 402//402 307//307
f 307//307 402//402 403//403
f 307//307 403//403 308//308
f 308//308 403//403 404//404
f 308//308 404//404 309//309
f 309//309 404//404 405//405
f 309//309 405//405 310//310
f 310//310 405//405 406//406
f 310//310 406//406 311//311
f 311//311 406//406 407//407
f 311//311 407//407 312//312
f 312//312 407//407 408//408
f 312//312 408//408 313//313
f 313//313 408//408 409//409
f 313//313 409//409 314//314
f 314//314 409//409 410//410
f 314//314 410//410 315//315
f 315//315 410//410 411//411
f 315//315 411//411 316//316
f 316//316 411//411 412//412
f 316//316 412//412 317//317
f 317//317 412//412 413//413
f 317//317 413//413 318//318
f 318//318 413//413 414//414
f 318//318 414//414 319//319
f 319//319 414//414 415//415
f 319//319 415//415 320//320
f 320//320 415//415 416//416
f 320//320 416//416 321//321
f 321//321 416//416 417//417
f 321//321 417//417 322//322
f 322//322 417//417 418//418
f 322//322 418//418 323//323
f 323//323 418//418 419//419
f 323//323 419//419 324//324
f 324//324 419//419 420//420
f 324//324 420//420 325//325
f 325//325 420//420 421//421
f 325//325 421//421 326//326
f 326//326 421//421 422//422
f 326//326 422//422 327//327
f 327//327 422//422 423//423
f 327//327 423//423 328//328
f 328//328 423//423 424//424
f 328//328 424//424 329//329
f 329//329 424//424 425//425
f 329//329 425//425 330//330
f 330//330 425//425 426//426
f 330//330 426//426 331//331
f 331//331 426//426 427//427
f 331//331 427//427 332//332
f 332//332 427//427 428//428
f 332//332 428//428 333//333
f 333//333 428//428 429//429
f 333//333 429//429 334//334
f 334//334 429//429 430//430
f 334//334 430//430 335//335
f 335//335 430//430 431//431
f 335//335 431//431 336//336
f 336//336 431//431 432//432
f 336//336 432//432 337//337
f 337//337 432//432 433//433
f 337//337 433//433 338//338
f 338//338 433//433 434//434
f 338//338 434//434 339//339
f 339//339 434//434 435//435
f 339//339 435//435 340//340
f 340//340 435//435 436//436
f 340//340 436//436 341//341
f 341//341 436//436 437//437
f 341//341 437//437 342//342
f 342//342 437//437 438//438
f 342//342 438//438 343//343
f 343//343 438//438 439//439
f 343//343 439//439 344//344
f 344//344 439//439 440//440
f 344//344 440//440 345//345
f 345//345 440//440 441//441
f 345//345 441//441 346//346
f 346//346 441//441 442//442
f 346//346 442//442 347//347
f 347//347 442//442 443//443
f 347//347 443//443 348//348
f 348//348 443//443 444//444
f 348//348 444//444 349//349
f 349//349 444//444 445//445
f 349//349 445//445 350//350
f 350//350 445//445 446//446
f 350//350 446//446 351//351
f 351//351 446//446 447//447
f 351//351 447//447 352//352
f 352//352 447//447 448//448
f 352//352 448//448 353//353
f 353//353 448//448 449//449
f 353//353 449//449 354//354
f 354//354 449//449 450//450
f 354//354 450//450 355//355
f 355//355 450//450 451//451
f 355//355 451//451 356//356
f 356//356 451//451 452//452
f 356//356 452//452 357//357
f 357//357 452//452 453//453
f 357//357 453//453 358//358
f 358//358 453//453 454//454
f 358//358 454//454 359//359
f 359//359 454//454 455//455
f 359//359 455//455 360//360
f 360//360 455//455 456//456
f 360//360 456//456 361//361
f 361//361 456//456 457//457
f 361//361 457//457 362//362
f 362//362 457//457 458//458
f 362//362 458//458 363//363
f 363//363 458//458 459//459
f 363//363 459//459 364//364
f 364//364 459//459 460//460
f 364//364 460//460 365//365
f 365//365 460//460 461//461
f 365//365 461//461 366//366
f 366//366 461//461 462//462
f 366//366 462//462 367//367
f 367//367 462//462 463//463
f 367//367 463//463 368//368
f 368//368 463//463 464//464
f 368//368 464//464 369//369
f 369//369 464//464 465//465
f 369//369 465//465 370//370
f 370//370 465//465 466//466
f 370//370 466//466 371//371
f 371//371 466//466 467//467
f 371//371 467//467 372//372
f 372//372 467//467 468//468
f 372//372 468//468 373//373
f 373//373 468//468 469//469
f 373//373 469//469 374//374
f 374//374 469//469 470//470
f 374//374 470//470 375//375
f 375//375 470//470 471//471
f 375//375 471//471 376//376
f 376//376 471//471 472//472
f 376//376 472//472 377//377
f 377//377 472//472 473//473
f 377//377 473//473 378//378
f 378//378 473//473 474//474
f 378//378 474//474 379//379
f 379//379 474//474 475//475
f 379//379 475//475 380//380
f 380//380 475//475 476//476
f 380//380 476//476 381//381
f 381//381 476//476 477//477
f 381//381 477//477 382//382
f 382//382 477//477 478//478
f 382//382 478//478 383//383
f 383//383 478//478 479//479
f 383//383 479//479 384//384
f 384//384 479//479 480//480
f 384//384 480//480 385//385
f 385//385 480//480 481//481
f 385//385 481//481 290//290
f 290//290 481//481 386//386
f 386//386 482//482 387//387
f 387//387 482//482 483//483
f 387//387 483//483 388//388
f 388//388 483//483 484//484
f 388//388 484//484 389//389
f 389//389 484//484 485//485
f 389//389 485//485 390//390
f 390//390 485//485 486//486
f 390//390 486//486 391//391
f 391//391 486//486 487//487
f 391//391 487//487 392//392
f 392//392 487//487 488//488
f 392//392 488//488 393//393
f 393//393 488//488 489//489
f 393//393 489//489 394//394
f 394//394 489//489 490//490
f 394//394 490//490 395//395
f 395//395 490//490 491//491
f 395//395 491//491 396//396
f 396//396 491//491 492//492
f 396//396 492//492 397//397
f 397//397 492//492 493//493
f 397//397 493//493 398//398
f 398//398 493//493 494//494
f 398//398 494//494 399//399
f 399//399 494//494 495//495
f 399//399 495//495 400//400
f 400//400 495//495 496//496
f 400//400 496//496 401//401
f 401//401 496//496 497//497
f 401//401 497//497 402//402
f 402//402 497//497 498//498
f 402//402 498//498 403//403
f 403//403 498//498 499//499
f 403//403 499//499 404//404
f 404//404 499//499 500//500
f 404//404 500//500 405//405
f 405//405 500//500 501//501
f 405//405 501//501 406//406
f 406//406 501//501 502//502
f 406//406 502//502 407//407
f 407//407 502//502 503//503
f 407//407 503//503 408//408
f 408//408 503//503 504//504
f 408//408 504//504 409//409
f 409//409 504//504 505//505
f 409//409 505//505 410//410
f 410//410 505//505 506//506
f 410//410 506//506 411//411
f 411//411 506//506 507//507
f 411//411 507//507 412//412
f 412//412 507//507 508//508
f 412//412 508//508 413//413
f 413//413 508//508 509//509
f 413//413 509//509 414//414
f 414//414 509//509 510//510
f 414//414 510//510 415//415
f 415//415 510//510 511//511
f 415//415 511//511 416//416
f 416//416 511//511 512//512
f 416//416 512//512 417//417
f 417//417 512//512 513//513
f 417//417 513//513 418//418
f 418//418 513//513 514//514
f 418//418 514//514 419//419
f 419//419 514//514 515//515
f 419//419 515//515 420//420
f 420//420 515//515 516//516
f 420//420 516//516 421//421
f 421//421 516//516 517//517
f 421//421 517//517 422//422
f 422//422 517//517 518//518
f 422//422 518//518 423//423
f 423//423 518//518 519//519
f 423//423 519//519 424//424
f 424//424 519//519 520//520
f 424//424 520//520 425//425
f 425//425 520//520 521//521
f 425//425 521//521 426//426
f 426//426 521//521 522//522
f 426//426 522//522 427//427
f 427//427 522//522 523//523
f 427//427 523//523 428//428
f 428//428 523//523 524//524
f 428//428 524//524 429//429
f 429//429 524//524 525//525
f 429//429 525//525 430//430
f 430//430 525//525 526//526
f 430//430 526//526 431//431
f 431//431 526//526 527//527
f 431//431 527//527 432//432
f 432//432 527//527 528//528
f 432//432 528//528 433//433
f 433//433 528//528 529//529
f 433//433 529//529 434//434
f 434//434 529//529 530//530
f 434//434 530//530 435//435
f 435//435 530//530 531//531
f 435//435 531//531 436//436
f 436//436 531//531 532//532
f 436//436 532//532 437//437
f 437//437 532//532 533//533
f 437//437 533//533 438//438
f 438//438 533//533 534//534
f 438//438 534//534 439//439
f 439//439 534//534 535//535
f 439//439 535//535 440//440
f 440//440 535//535 536//536
f 440//440 536//536 441//441
f 441//441 536//536 537//537
f 441//441 537//537 442//442
f 442//442 537//537 538//538
f 442//442 538//538 443//443
f 443//443 538//538 539//539
f 443//443 539//539 444//444
f 444//444 539//539 540//540
f 444//444 540//540 445//445
f 445//445 540//540 541//541
f 445//445 541//541 446//446
f 446//446 541//541 542//542
f 446//446 542//542 447//447
f 447//447 542//542 543//543
f 447//447 543//543 448//448
f 448//448 543//543 544//544
f 448//448 544//544 449//449
f 449//449 544//544 545//545
f 449//449 545//545 450//450
f 450//450 545//545 546//546
f 450//450 546//546 451//451
f 451//451 546//546 547//547
f 451//451 547//547 452//452
f 452//452 547//547 548//548
f 452//452 548//548 453//453
f 453//453 548//548 549//549
f 453//453 549//549 454//454
f 454//454 549//549 550//550
f 454//454 550//550 455//455
f 455//455 550//550 551//551
f 455//455 551//551 456//456
f 456//456 551//551 552//552
f 456//456 552//552 457//457
f 457//457 552//552 553//553
f 457//457 553//553 458//458
f 458//458 553//553 554//554
f 458//458 554//554 459//459
f 459//459 554//554 555//555
f 459//459 555//555 460//460
f 460//460 555//555 556//556
f 460//460 556//556 461//461
f 461//461 556//556 557//557
f 461//461 557//557 462//462
f 462//462 557//557 558//558
f 462//462 558//558 463//463
f 463//463 558//558 559//559
f 463//463 559//559 464//464
f 464//464 559//559 560//560
f 464//464 560//560 465//465
f 465//465 560//560 561//561
f 465//465 561//561 466//466
f 466//466 561//561 562//562
f 466//466 562//562 467//467
f 467//467 562//562 563//563
f 467//467 563//563 468//468
f 468//468 563//563 564//564
f 468//468 564//564 469//469
f 469//469 564//564 565//565
f 469//469 565//565 470//470
f 470//470 565//565 566//566
f 470//470 566//566 471//471
f 471//471 566//566 567//567
f 471//471 567//567 472//472
f 472//472 567//567 568//568
f 472//472 568//568 473//473
f 473//473 568//568 569//569
f 473//473 569//569 474//474
f 474//474 569//569 570//570
f 474//474 570//570 475//475
f 475//475 570//570 571//571
f 475//475 571//571 476//476
f 476//476 571//571 572//572
f 476//476 572//572 477//477
f 477//477 572//572 573//573
f 477//477 573//573 478//478
f 478//478 573//573 574//574
f 478//478 574//574 479//479
f 479//479 574//574 575//575
f 479//479 575//575 480//480
f 480//480 575//575 576//576
f 480//480 576//576 481//481
f 481//481 576//576 577//577
f 481//481 577//577 386//386
f 386//386 577//577 482//482
f 482//482 578//578 483//483
f 483//483 578//578 579//579
f 483//483 579//579 484//484
f 484//484 579//579 580//580
f 484//484 580//580 485//485
f 485//485 580//580 581//581
f 485//485 581//581 486//486
f 486//486 581//581 582//582
f 486//486 582//582 487//487
f 487//487 582//582 583//583
f 487//487 583//583 488//488
f 488//488 583//583 584//584
f 488//488 584//584 489//489
f 489//489 584//584 585//585
f 489//489 585//585 490//490
f 490//490 585//585 586//586
f 490//490 586//586 491//491
f 491//491 586//586 587//587
f 491//491 587//587 492//492
f 492//492 587//587 588//588
f 492//492 588//588 493//493
f 493//493 588//588 589//589
f 493//493 589//589 494//494
f 494//494 589//589 590//590
f 494//494 590//590 495//495
f 495//495 590//590 591//591
f 495//495 591//591 496//496
f 496//496 591//591 592//592
f 496//496 592//592 497//497
f 497//497 592//592 593//593
f 497//497 593//593 498//498
f 498//498 593//593 594//594
f 498//498 594//594 499//499
f 499//499 594//594 595//595
f 499//499 595//595 500//500
f 500//500 595//595 596//596
f 500//500 596//596 501//501
f 501//501 596//596 597//597
f 501//501 597//597 502//502
f 502//502 597//597 598//598
f 502//502 598//598 503//503
f 503//503 598//598 599//599
f 503//503 599//599 504//504
f 504//504 599//599 600//600
f 504//504 600//600 505//505
f 505//505 600//600 601//601
f 505//505 601//601 506//506
f 506//506 601//601 602//602
f 506//506 602//602 507//507
f 507//507 602//602 603//603
f 507//507 603//603 508//508
f 508//508 603//603 604//604
f 508//508 604//604 509//509
f 509//509 604//604 605//605
f 509//509 605//605 510//510
f 510//510 605//605 606//606
f 510//510 606//606 511//511
f 511//511 606//606 607//607
f 511//511 607//607 512//512
f 512//512 607//607 608//608
f 512//512 608//608 513//513
f 513//513 608//608 609//609
f 513//513 609//609 514//514
f 514//514 609//609 610//610
f 514//514 610//610 515//515
f 515//515 610//610 611//611
f 515//515 611//611 516//516
f 516//516 611//611 612//612
f 516//516 612//612 517//517
f 517//517 612//612 613//613
f 517//517 613//613 518//518
f 518//518 613//613 614//614
f 518//518 614//614 519//519
f 519//519 614//614 615//615
f 519//519 615//615 520//520
f 520//520 615//615 616//616
f 520//520 616//616 521//521
f 521//521 616//616 617//617
f 521//521 617//617 522//522
f 522//522 617//617 618//618
f 522//522 618//618 523//523
f 523//523 618//618 619//619
f 523//523 619//619 524//524
f 524//524 619//619 620//620
f 524//524 620//620 525//525
f 525//525 620//620 621//621
f 525//525 621//621 526//526
f 526//526 621//621 622//622
f 526//526 622//622 527//527
f 527//527 622//622 623//623
f 527//527 623//623 528//528
f 528//528 623//623 624//624
f 528//528 624//624 529//529
f 529//529 624//624 625//625
f 529//529 625//625 530//530
f 530//530 625//625 626//626
f 530//530 626//626 531//531
f 531//531 626//626 627//627
f 531//531 627//627 532//532
f 532//532 627//627 628//628
f 532//532 628//628 533//533
f 533//533 628//628 629//629
f 533//533 629//629 534//534
f 534//534 629//629 630//630
f 534//534 630//630 535//535
f 535//535 630//630 631//631
f 535//535 631//631 536//536
f 536//536 631//631 632//632
f 536//536 632//632 537//537
f 537//537 632//632 633//633
f 537//537 633//633 538//538
f 538//538 633//633 634//634
f 538//538 634//634 539//539
f 539//539 634//634 635//635
f 539//539 635//635 540//540
f 540//540 635//635 636//636
f 540//540 636//636 541//541
f 541//541 636//636 637//637
f 541//541 637//637 542//542
f 542//542 637//637 638//638
f 542//542 638//638 543//543
f 543//543 638//638 639//639
f 543//543 639//639 544//544
f 544//544 639//639 640//640
f 544//544 640//640 545//545
f 545//545 640//640 641//641
f 545//545 641//641 546//546
f 546//546 641//641 642//642
f 546//546 642//642 547//547
f 547//547 642//642 643//643
f 547//547 643//643 548//548
f 548//548 643//643 644//644
f 548//548 644//644 549//549
f 549//549 644//644 645//645
f 549//549 645//645 550//550
f 550//550 645//645 646//646
f 550//550 646//646 551//551
f 551//551 646//646 647//647
f 551//551 647//647 552//552
f 552//552 647//647 648//648
f 552//552 648//648 553//553
f 553//553 648//648 649//649
f 553//553 649//649 554//554
f 554//554 649//649 650//650
f 554//554 650//650 555//555
f 555//555 650//650 651//651
f 555//555 651//651 556//556
f 556//556 651//651 652//652
f 556//556 652//652 557//557
f 557//557 652//652 653//653
f 557//557 653//653 558//558
f 558//558 653//653 654//654
f 558//558 654//654 559//559
f 559//559 654//654 655//655
f 559//559 655//655 560//560
f 560//560 655//655 656//656
f 560//560 656//656 561//561
f 561//561 656//656 657//657
f 561//561 657//657 562//562
f 562//562 657//657 658//658
f 562//562 658//658 563//563
f 563//563 658//658 659//659
f 563//563 659//659 564//564
f 564//564 659//659 660//660
f 564//564 660//660 565//565
f 565//565 660//660 661//661
f 565//565 661//661 566//566
f 566//566 661//661 662//662
f 566//566 662//662 567//567
f 567//567 662//662 663//663
f 567//567 663//663 568//568
f 568//568 663//663 664//664
f 568//568 664//664 569//569
f 569//569 664//664 665//665
f 569//569 665//665 570//570
f 570//570 665//665 666//666
f 570//570 666//666 571//571
f 571//571 666//666 667//667
f 571//571 667//667 572//572
f 572//572 667//667 668//668
f 572//572 668//668 573//573
f 573//573 668//668 669//669
f 573//573 669//669 574//574
f 574//574 669//669 670//670
f 574//574 670//670 575//575
f 575//575 670//670 671//671
f 575//575 671//671 576//576
f 576//576 671//671 672//672
f 576//576 672//672 577//577
f 577//577 672//672 673//673
f 577//577 673//673 482//482
f 482//482 673//673 578//578
f 578//578 674//674 579//579
f 579//579 674//674 675//675
f 579//579 675//675 580//580
f 580//580 675//675 676//676
f 580//580 676//676 581//581
f 581//581 676//676 677//677
f 581//581 677//677 582//582
f 582//582 677//677 678//678
f 582//582 678//678 583//583
f 583//583 678//678 679//679
f 583//583 679//679 584//584
f 584//584 679//679 680//680
f 584//584 680//680 585//585
f 585//585 680//680 681//681
f 585//585 681//681 586//586
f 586//586 681//681 682//682
f 586//586 682//682 587//587
f 587//587 682//682 683//683
f 587//587 683//683 588//588
f 588//588 683//683 684//684
f 588//588 684//684 589//589
f 589//589 684//684 685//685
f 589//589 685//685 590//590
f 590//590 685//685 686//686
f 590//590 686//686 591//591
f 591//591 686//686 687//687
f 591//591 687//687 592//592
f 592//592 687//687 688//688
f 592//592 688//688 593//593
f 593//593 688//688 689//689
f 593//593 689//689 594//594
f 594//594 689//689 690//690
f 594//594 690//690 595//595
f 595//595 690//690 691//691
f 595//595 691//691 596//596
f 596//596 691//691 692//692
f 596//596 692//692 597//597
f 597//597 692//692 693//693
f 597//597 693//693 598//598
f 598//598 693//693 694//694
f 598//598 694//694 599//599
f 599//599 694//694 695//695
f 599//599 695//695 600//600
f 600//600 695//695 696//696
f 600//600 696//696 601//601
f 601//601 696//696 697//697
f 601//601 697//697 602//602
f 602//602 697//697 698//698
f 602//602 698//698 603//603
f 603//603 698//698 699//699
f 603//603 699//699 604//604
f 604//604 699//699 700//700
f 604//604 700//700 605//605
f 605//605 700//700 701//701
f 605//605 701//701 606//606
f 606//606 701//701 702//702
f 606//606 702//702 607//607
f 607//607 702//702 703//703
f 607//607 703//703 608//608
f 608//608 703//703 704//704
f 608//608 704//704 609//609
f 609//609 704//704 705//705
f 609//609 705//705 610//610
f 610//610 705//705 706//706
f 610//610 706//706 611//611
f 611//611 706//706 707//707
f 611//611 707//707 612//612
f 612//612 707//707 708//708
f 612//612 708//708 613//613
f 613//613 708//708 709//709
f 613//613 709//709 614//614
f 614//614 709//709 710//710
f 614//614 710//710 615//615
f 615//615 710//710 711//711
f 615//615 711//711 616//616
f 616//616 711//711 712//712
f 616//616 712//712 617//617
f 617//617 712//712 713//713
f 617//617 713//713 618//618
f 618//618 713//713 714//714
f 618//618 714//714 619//619
f 619//619 714//714 715//715
f 619//619 715//715 620//620
f 620//620 715//715 716//716
f 620//620 716//716 621//621
f 621//621 716//716 717//717
f 621//621 717//717 622//622
f 622//622 717//717 718//718
f 622//622 718//718 623//623
f 623//623 718//718 719//719
f 623//623 719//719 624//624
f 624//624 719//719 720//720
f 624//624 720//720 625//625
f 625//625 720//720 721//721
f 625//625 721//721 626//626
f 626//626 721//721 722//722
f 626//626 722//722 627//627
f 627//627 722//722 723//723
f 627//627 723//723 628//628
f 628//628 723//723 724//724
f 628//628 724//724 629//629
f 629//629 724//724 725//725
f 629//629 725//725 630//630
f 630//630 725//725 726//726
f 630//630 726//726 631//631
f 631//631 726//726 727//727
f 631//631 727//727 632//632
f 632//632 727//727 728//728
f 632//632 728//728 633//633
f 633//633 728//728 729//729
f 633//633 729//729 634//634
f 634//634 729//729 730//730
f 634//634 730//730 635//635
f 635//635 730//730 731//731
f 635//635 731//731 636//636
f 636//636 731//731 732//732
f 636//636 732//732 637//637
f 637//637 732//732 733//733
f 637//637 733//733 638//638
f 638//638 733//733 734//734
f 638//638 734//734 639//639
f 639//639 734//734 735//735
f 639//639 735//735 640//640
f 640//640 735//735 736//736
f 640//640 736//736 641//641
f 641//641 736//736 737//737
f 641//641 737//737 642//642
f 642//642 737//737 738//738
f 642//642 738//738 643//643
f 643//643 738//738 739//739
f 643//643 739//739 644//644
f 644//644 739//739 740//740
f 644//644 740//740 645//645
f 645//645 740//740 741//741
f 645//645 741//741 646//646
f 646//646 741//741 742//742
f 646//646 742//742 647//647
f 647//647 742//742 743//743
f 647//647 743//743 648//648
f 648//648 743//743 744//744
f 648//648 744//744 649//649
f 649//649 744//744 745//745
f 649//649 745//745 650//650
f 650//650 745//745 746//746
f 650//650 746//746 651//651
f 651//651 746//746 747//747
f 651//651 747//747 652//652
f 652//652 747//747 748//748
f 652//652 748//748 653//653
f 653//653 748//748 749//749
f 653//653 749//749 654//654
f 654//654 749//749 750//750
f 654//654 750//750 655//655
f 655//655 750//750 751//751
f 655//655 751//751 656//656
f 656//656 751//751 752//752
f 656//656 752//752 657//657
f 657//657 752//752 753//753
f 657//657 753//753 658//658
f 658//658 753//753 754//754
f 658//658 754//754 659//659
f 659//659 754//754 755//755
f 659//659 755//755 660//660
f 660//660 755//755 756//756
f 660//660 756//756 661//661
f 661//661 756//756 757//757
f 661//661 757//757 662//662
f 662//662 757//757 758//758
f 662//662 758//758 663//663
f 663//663 758//758 759//759
f 663//663 759//759 664//664
f 664//664 759//759 760//760
f 664//664 760//760 665//665
f 665//665 760//760 761//761
f 665//665 761//761 666//666
f 666//666 761//761 762//762
f 666//666 762//762 667//667
f 667//667 762//762 763//763
f 667//667 763//763 668//668
f 668//668 763//763 764//764
f 668//668 764//764 669//669
f 669//669 764//764 765//765
f 669//669 765//765 670//670
f 670//670 765//765 766//766
f 670//670 766//766 671//671
f 671//671 766//766 767//767
f 671//671 767//767 672//672
f 672//672 767//767 768//768
f 672//672 768//768 673//673
f 673//673 768//768 769//769
f 673//673 769//769 578//578
f 578//578 769//769 674//674
f 674//674 770//770 675//675
f 675//675 770//770 771//771
f 675//675 771//771 676//676
f 676//676 771//771 772//772
f 676//676 772//772 677//677
f 677//677 772//772 773//773
f 677//677 773//773 678//678
f 678//678 773//773 774//774
f 678//678 774//774 679//679
f 679//679 774//774 775//775
f 679//679 775//775 680//680
f 680//680 775//775 776//776
f 680//680 776//776 681//681
f 681//681 776//776 777//777
f 681//681 777//777 682//682
f 682//682 777//777 778//778
f 682//682 778//778 683//683
f 683//683 778//778 779//779
f 683//683 779//779 684//684
f 684//684 779//779 780//780
f 684//684 780//780 685//685
f 685//685 780//780 781//781
f 685//685 781//781 686//686
f 686//686 781//781 782//782
f 686//686 782//782 687//687
f 687//687 782//782 783//783
f 687//687 783//783 688//688
f 688//688 783//783 784//784
f 688//688 784//784 689//689
f 689//689 784//784 785//785
f 689//689 785//785 690//690
f 690//690 785//785 786//786
f 690//690 786//786 691//691
f 691//691 786//786 787//787
f 691//691 787//787 692//692
f 692//692 787//787 788//788
f 692//692 788//788 693//693
f 693//693 788//788 789//789
f 693//693 789//789 694//694
f 694//694 789//789 790//790
f 694//694 790//790 695//695
f 695//695 790//790 791//791
f 695//695 791//791 696//696
f 696//696 791//791 792//792
f 696//696 792//792 697//697
f 697//697 792//792 793//793
f 697//697 793//793 698//698
f 698//698 793//793 794//794
f 698//698 794//794 699//699
f 699//699 794//794 795//795
f 699//699 795//795 700//700
f 700//700 795//795 796//796
f 700//700 796//796 701//701
f 701//701 796//796 797//797
f 701//701 797//797 702//702
f 702//702 797//797 798//798
f 702//702 798//798 703//703
f 703//703 798//798 799//799
f 703//703 799//799 704//704
f 704//704 799//799 800//800
f 704//704 800//800 705//705
f 705//705 800//800 801//801
f 705//705 801//801 706//706
f 706//706 801//801 802//802
f 706//706 802//802 707//707
f 707//707 802//802 803//803
f 707//707 803//803 708//708
f 708//708 803//803 804//804
f 708//708 804//804 709//709
f 709//709 804//804 805//805
f 709//709 805//805 710//710
f 710//710 805//805 806//806
f 710//710 806//806 711//711
f 711//711 806//806 807//807
f 711//711 807//807 712//712
f 712//712 807//807 808//808
f 712//712 808//808 713//713
f 713//713 808//808 809//809
f 713//713 809//809 714//714
f 714//714 809//809 810//810
f 714//714 810//810 715//715
f 715//715 810//810 811//811
f 715//715 811//811 716//716
f 716//716 811//811 812//812
f 716//716 812//812 717//717
f 717//717 812//812 813//813
f 717//717 813//813 718//718
f 718//718 813//813 814//814
f 718//718 814//814 719//719
f 719//719 814//814 815//815
f 719//719 815//815 720//720
f 720//720 815//815 816//816
f 720//720 816//816 721//721
f 721//721 816//816 817//817
f 721//721 817//817 722//722
f 722//722 817//817 818//818
f 722//722 818//818 723//723
f 723//723 818//818 819//819
f 723//723 819//819 724//724
f 724//724 819//819 820//820
f 724//724 820//820 725//725
f 725//725 820//820 821//821
f 725//725 821//821 726//726
f 726//726 821//821 822//822
f 726//726 822//822 727//727
f 727//727 822//822 823//823
f 727//727 823//823 728//728
f 728//728 823//823 824//824
f 728//728 824//824 729//729
f 729//729 824//824 825//825
f 729//729 825//825 730//730
f 730//730 825//825 826//826
f 730//730 826//826 731//731
f 731//731 826//826 827//827
f 731//731 827//827 732//732
f 732//732 827//827 828//828
f 732//732 828//828 733//733
f 733//733 828//828 829//829
f 733//733 829//829 734//734
f 734//734 829//829 830//830
f 734//734 830//830 735//735
f 735//735 830//830 831//831
f 735//735 831//831 736//736
f 736//736 831//831 832//832
f 736//736 832//832 737//737
f 737//737 832//832 833//833
f 737//737 833//833 738//738
f 738//738 833//833 834//834
f 738//738 834//834 739//739
f 739//739 834//834 835//835
f 739//739 835//835 740//740
f 740//740 835//835 836//836
f 740//740 836//836 741//741
f 741//741 836//836 837//837
f 741//741 837//837 742//742
f 742//742 837//837 838//838
f 742//742 838//838 743//743
f 743//743 838//838 839//839
f 743//743 839//839 744//744
f 744//744 839//839 840//840
f 744//744 840//840 745//745
f 745//745 840//840 841//841
f 745//745 841//841 746//746
f 746//746 841//841 842//842
f 746//746 842//842 747//747
f 747//747 842//842 843//843
f 747//747 843//843 748//748
f 748//748 843//843 844//844
f 748//748 844//844 749//749
f 749//749 844//844 845//845
f 749//749 845//845 750//750
f 750//750 845//845 846//846
f 750//750 846//846 751//751
f 751//751 846//846 847//847
f 751//751 847//847 752//752
f 752//752 847//847 848//848
f 752//752 848//848 753//753
f 753//753 848//848 849//849
f 753//753 849//849 754//754
f 754//754 849//849 850//850
f 754//754 850//850 755//755
f 755//755 850//850 851//851
f 755//755 851//851 756//756
f 756//756 851//851 852//852
f 756//756 852//852 757//757
f 757//757 852//852 853//853
f 757//757 853//853 758//758
f 758//758 853//853 854//854
f 758//758 854//854 759//759
f 759//759 854//854 855//855
f 759//759 855//855 760//760
f 760//760 855//855 856//856
f 760//760 856//856 761//761
f 761//761 856//856 857//857
f 761//761 857//857 762//762
f 762//762 857//857 858//858
f 762//762 858//858 763//763
f 763//763 858//858 859//859
f 763//763 859//859 764//764
f 764//764 859//859 860//860
f 764//764 860//860 765//765
f 765//765 860//860 861//861
f 765//765 861//861 766//766
f 766//766 861//861 862//862
f 766//766 862//862 767//767
f 767//767 862//862 863//863
f 767//767 863//863 768//768
f 768//768 863//863 864//864
f 768//768 864//864 769//769
f 769//769 864//864 865//865
f 769//769 865//865 674//674
f 674//674 865//865 770//770
f 770//770 866//866 771//771
f 771//771 866//866 867//867
f 771//771 867//867 772//772
f 772//772 867//867 868//868
f 772//772 868//868 773//773
f 773//773 868//868 869//869
f 773//773 869//869 774//774
f 774//774 869//869 870//870
f 774//774 870//870 775//775
f 775//775 870//870 871//871
f 775//775 871//871 776//776
f 776//776 871//871 872//872
f 776//776 872//872 777//777
f 777//777 872//872 873//873
f 777//777 873//873 778//778
f 778//778 873//873 874//874
f 778//778 874//874 779//779
f 779//779 874//874 875//875
f 779//779 875//875 780//780
f 780//780 875//875 876//876
f 780//780 876//876 781//781
f 781//781 876//876 877//877
f 781//781 877//877 782//782
f 782//782 877//877 878//878
f 782//782 878//878 783//783
f 783//783 878//878 879//879
f 783//783 879//879 784//784
f 784//784 879//879 880//880
f 784//784 880//880 785//785
f 785//785 880//880 881//881
f 785//785 881//881 786//786
f 786//786 881//881 882//882
f 786//786 882//882 787//787
f 787//787 882//882 883//883
f 787//787 883//883 788//788
f 788//788 883//883 884//884
f 788//788 884//884 789//789
f 789//789 884//884 885//885
f 789//789 885//885 790//790
f 790//790 885//885 886//886
f 790//790 886//886 791//791
f 791//791 886//886 887//887
f 791//791 887//887 792//792
f 792//792 887//887 888//888
f 792//792 888//888 793//793
f 793//793 888//888 889//889
f 793//793 889//889 794//794
f 794//794 889//889 890//890
f 794//794 890//890 795//795
f 795//795 890//890 891//891
f 795//795 891//891 796//796
f 796//796 891//891 892//892
f 796//796 892//892 797//797
f 797//797 892//892 893//893
f 797//797 893//893 798//798
f 798//798 893//893 894//894
f 798//798 894//894 799//799
f 799//799 894//894 895//895
f 799//799 895//895 800//800
f 800//800 895//895 896//896
f 800//800 896//896 801//801
f 801//801 896//896 897//897
f 801//801 897//897 802//802
f 802//802 897//897 898//898
f 802//802 898//898 803//803
f 803//803 898//898 899//899
f 803//803 899//899 804//804
f 804//804 899//899 900//900
f 804//804 900//900 805//805
f 805//805 900//900 901//901
f 805//805 901//901 806//806
f 806//806 901//901 902//902
f 806//806 902//902 807//807
f 807//807 902//902 903//903
f 807//807 903//903 808//808
f 808//808 903//903 904//904
f 808//808 904//904 809//809
f 809//809 904//904 905//905
f 809//809 905//905 810//810
f 810//810 905//905 906//906
f 810//810 906//906 811//811
f 811//811 906//906 907//907
f 811//811 907//907 812//812
f 812//812 907//907 908//908
f 812//812 908//908 813//813
f 813//813 908//908 909//909
f 813//813 909//909 814//814
f 814//814 909//909 910//910
f 814//814 910//910 815//815
f 815//815 910//910 911//911
f 815//815 911//911 816//816
f 816//816 911//911 912//912
f 816//816 912//912 817//817
f 817//817 912//912 913//913
f 817//817 913//913 818//818
f 818//818 913//913 914//914
f 818//818 914//914 819//819
f 819//819 914//914 915//915
f 819//819 915//915 820//820
f 820//820 915//915 916//916
f 820//820 916//916 821//821
f 821//821 916//916 917//917
f 821//821 917//917 822//822
f 822//822 917//917 918//918
f 822//822 918//918 823//823
f 823//823 918//918 919//919
f 823//823 919//919 824//824
f 824//824 919//919 920//920
f 824//824 920//920 825//825
f 825//825 920//920 921//921
f 825//825 921//921 826//826
f 826//826 921//921 922//922
f 826//826 922//922 827//827
f 827//827 922//922 923//923
f 827//827 923//923 828//828
f 828//828 923//923 924//924
f 828//828 924//924 829//829
f 829//829 924//924 925//925
f 829//829 925//925 830//830
f 830//830 925//925 926//926
f 830//830 926//926 831//831
f 831//831 926//926 927//927
f 831//831 927//927 832//832
f 832//832 927//927 928//928
f 832//832 928//928 833//833
f 833//833 928//928 929//929
f 833//833 929//929 834//834
f 834//834 929//929 930//930
f 834//834 930//930 835//835
f 835//835 930//930 931//931
f 835//835 931//931 836//836
f 836//836 931//931 932//932
f 836//836 932//932 837//837
f 837//837 932//932 933//933
f 837//837 933//933 838//838
f 838//838 933//933 934//934
f 838//838 934//934 839//839
f 839//839 934//934 935//935
f 839//839 935//935 840//840
f 840//840 935//935 936//936
f 840//840 936//936 841//841
f 841//841 936//936 937//937
f 841//841 937//937 842//842
f 842//842 937//937 938//938
f 842//842 938//938 843//843
f 843//843 938//938 939//939
f 843//843 939//939 844//844
f 844//844 939//939 940//940
f 844//844 940//940 845//845
f 845//845 940//940 941//941
f 845//845 941//941 846//846
f 846//846 941//941 942//942
f 846//846 942//942 847//847
f 847//847 942//942 943//943
f 847//847 943//943 848//848
f 848//848 943//943 944//944
f 848//848 944//944 849//849
f 849//849 944//944 945//945
f 849//849 945//945 850//850
f 850//850 945//945 946//946
f 850//850 946//946 851//851
f 851//851 946//946 947//947
f 851//851 947//947 852//852
f 852//852 947//947 948//948
f 852//852 948//948 853//853
f 853//853 948//948 949//949
f 853//853 949//949 854//854
f 854//854 949//949 950//950
f 854//854 950//950 855//855
f 855//855 950//950 951//951
f 855//855 951//951 856//856
f 856//856 951//951 952//952
f 856//856 952//952 857//857
f 857//857 952//952 953//953
f 857//857 953//953 858//858
f 858//858 953//953 954//954
f 858//858 954//954 859//859
f 859//859 954//954 955//955
f 859//859 955//955 860//860
f 860//860 955//955 956//956
f 860//860 956//956 861//861
f 861//861 956//956 957//957
f 861//861 957//957 862//862
f 862//862 957//957 958//958
f 862//862 958//958 863//863
f 863//863 958//958 959//959
f 863//863 959//959 864//864
f 864//864 959//959 960//960
f 864//864 960//960 865//865
f 865//865 960//960 961//961
f 865//865 961//961 770//770
f 770//770 961//961 866//866
f 866//866 962//962 867//867
f 867//867 962//962 963//963
f 867//867 963//963 868//868
f 868//868 963//963 964//964
f 868//868 964//964 869//869
f 869//869 964//964 965//965
f 869//869 965//965 870//870
f 870//870 965//965 966//966
f 870//870 966//966 871//871
f 871//871 966//966 967//967
f 871//871 967//967 872//872
f 872//872 967//967 968//968
f 872//872 968//968 873//873
f 873//873 968//968 969//969
f 873//873 969//969 874//874
f 874//874 969//969 970//970
f 874//874 970//970 875//875
f 875//875 970//970 971//971
f 875//875 971//971 876//876
f 876//876 971//971 972//972
f 876//876 972//972 877//877
f 877//877 972//972 973//973
f 877//877 973//973 878//878
f 878//878 973//973 974//974
f 878//878 974//974 879//879
f 879//879 974//974 975//975
f 879//879 975//975 880//880
f 880//880 975//975 976//976
f 880//880 976//976 881//881
f 881//881 976//976 977//977
f 881//881 977//977 882//882
f 882//882 977//977 978//978
f 882//882 978//978 883//883
f 883//883 978//978 979//979
f 883//883 979//979 884//884
f 884//884 979//979 980//980
f 884//884 980//980 885//885
f 885//885 980//980 981//981
f 885//885 981//981 886//886
f 886//886 981//981 982//982
f 886//886 982//982 887//887
f 887//887 982//982 983//983
f 887//887 983//983 888//888
f 888//888 983//983 984//984
f 888//888 984//984 889//889
f 889//889 984//984 985//985
f 889//889 985//985 890//890
f 890//890 985//985 986//986
f 890//890 986//986 891//891
f 891//891 986//986 987//987
f 891//891 987//987 892//892
f 892//892 987//987 988//988
f 892//892 988//988 893//893
f 893//893 988//988 989//989
f 893//893 989//989 894//894
f 894//894 989//989 990//990
f 894//894 990//990 895//895
f 895//895 990//990 991//991
f 895//895 991//991 896//896
f 896//896 991//991 992//992
f 896//896 992//992 897//897
f 897//897 992//992 993//993
f 897//897 993//993 898//898
f 898//898 993//993 994//994
f 898//898 994//994 899//899
f 899//899 994//994 995//995
f 899//899 995//995 900//900
f 900//900 995//995 996//996
f 900//900 996//996 901//901
f 901//901 996//996 997//997
f 901//901 997//997 902//902
f 902//902 997//997 998//998
f 902//902 998//998 903//903
f 903//903 998//998 999//999
f 903//903 999//999 904//904
f 904//904 999//999 1000//1000
f 904//904 1000//1000 905//905
f 905//905 1000//1000 1001//1001
f 905//905 1001//1001 906//906
f 906//906 1001//1001 1002//1002
f 906//906 1002//1002 907//907
f 907//907 1002//1002 1003//1003
f 907//907 1003//1003 908//908
f 908//908 1003//1003 1004//1004
f 908//908 1004//1004 909//909
f 909//909 1004//1004 1005//1005
f 909//909 1005//1005 910//910
f 910//910 1005//1005 1006//1006
f 910//910 1006//1006 911//911
f 911//911 1006//1006 1007//1007
f 911//911 1007//1007 912//912
f 912//912 1007//1007 1008//1008
f 912//912 1008//1008 913//913
f 913//913 1008//1008 1009//1009
f 913//913 1009//1009 914//914
f 914//914 1009//1009 1010//1010
f 914//914 1010//1010 915//915
f 915//915 1010//1010 1011//1011
f 915//915 1011//1011 916//916
f 916//916 1011//1011 1012//1012
f 916//916 1012//1012 917//917
f 917//917 1012//1012 1013//1013
f 917//917 1013//1013 918//918
f 918//918 1013//1013 1014//1014
f 918//918 1014//1014 919//919
f 919//919 1014//1014 1015//1015
f 919//919 1015//1015 920//920
f 920//920 1015//1015 1016//1016
f 920//920 1016//1016 921//921
f 921//921 1016//1016 1017//1017
f 921//921 1017//1017 922//922
f 922//922 1017//1017 1018//1018
f 922//922 1018//1018 923//923
f 923//923 1018//1018 1019//1019
f 923//923 1019//1019 924//924
f 924//924 1019//1019 1020//1020
f 924//924 1020//1020 925//925
f 925//925 1020//1020 1021//1021
f 925//925 1021//1021 926//926
f 926//926 1021//1021 1022//1022
f 926//926 1022//1022 927//927
f 927//927 1022//1022 1023//1023
f 927//927 1023//1023 928//928
f 928//928 1023//1023 1024//1024
f 928//928 1024//1024 929//929
f 929//929 1024//1024 1025//1025
f 929//929 1025//1025 930//930
f 930//930 1025//1025 1026//1026
f 930//930 1026//1026 931//931
f 931//931 1026//1026 1027//1027
f 931//931 1027//1027 932//932
f 932//932 1027//1027 1028//1028
f 932//932 1028//1028 933//933
f 933//933 1028//1028 1029//1029
f 933//933 1029//1029 934//934
f 934//934 1029//1029 1030//1030
f 934//934 1030//1030 935//935
f 935//935 1030//1030 1031//1031
f 935//935 1031//1031 936//936
f 936//936 1031//1031 1032//1032
f 936//936 1032//1032 937//937
f 937//937 1032//1032 1033//1033
f 937//937 1033//1033 938//938
f 938//938 1033//1033 1034//1034
f 938//938 1034//1034 939//939
f 939//939 1034//1034 1035//1035
f 939//939 1035//1035 940//940
f 940//940 1035//1035 1036//1036
f 940//940 1036//1036 941//941
f 941//941 1036//1036 1037//1037
f 941//941 1037//1037 942//942
f 942//942 1037//1037 1038//1038
f 942//942 1038//1038 943//943
f 943//943 1038//1038 1039//1039
f 943//943 1039//1039 944//944
f 944//944 1039//1039 1040//1040
f 944//944 1040//1040 945//945
f 945//945 1040//1040 1041//1041
f 945//945 1041//1041 946//946
f 946//946 1041//1041 1042//1042
f 946//946 1042//1042 947//947
f 947//947 1042//1042 1043//1043
f 947//947 1043//1043 948//948
f 948//948 1043//1043 1044//1044
f 948//948 1044//1044 949//949
f 949//949 1044//1044 1045//1045
f 949//949 1045//1045 950//950
f 950//950 1045//1045 1046//1046
f 950//950 1046//1046 951//951
f 951//951 1046//1046 1047//1047
f 951//951 1047//1047 952//952
f 952//952 1047//1047 1048//1048
f 952//952 1048//1048 953//953
f 953//953 1048//1048 1049//1049
f 953//953 1049//1049 954//954
f 954//954 1049//1049 1050//1050
f 954//954 1050//1050 955//955
f 955//955 1050//1050 1051//1051
f 955//955 1051//1051 956//956
f 956//956 1051//1051 1052//1052
f 956//956 1052//1052 957//957
f 957//957 1052//1052 1053//1053
f 957//957 1053//1053 958//958
f 958//958 1053//1053 1054//1054
f 958//958 1054//1054 959//959
f 959//959 1054//1054 1055//1055
f 959//959 1055//1055 960//960
f 960//960 1055//1055 1056//1056
f 960//960 1056//1056 961//961
f 961//961 1056//1056 1057//1057
f 961//961 1057//1057 866//866
f 866//866 1057//1057 962//962
f 962//962 1058//1058 963//963
f 963//963 1058//1058 1059//1059
f 963//963 1059//1059 964//964
f 964//964 1059//1059 1060//1060
f 964//964 1060//1060 965//965
f 965//965 1060//1060 1061//1061
f 965//965 1061//1061 966//966
f 966//966 1061//1061 1062//1062
f 966//966 1062//1062 967//967
f 967//967 1062//1062 1063//1063
f 967//967 1063//1063 968//968
f 968//968 1063//1063 1064//1064
f 968//968 1064//1064 969//969
f 969//969 1064//1064 1065//1065
f 969//969 1065//1065 970//970
f 970//970 1065//1065 1066//1066
f 970//970 1066//1066 971//971
f 971//971 1066//1066 1067//1067
f 971//971 1067//1067 972//972
f 972//972 1067//1067 1068//1068
f 972//972 1068//1068 973//973
f 973//973 1068//1068 1069//1069
f 973//973 1069//1069 974//974
f 974//974 1069//1069 1070//1070
f 974//974 1070//1070 975//975
f 975//975 1070//1070 1071//1071
f 975//975 1071//1071 976//976
f 976//976 1071//1071 1072//1072
f 976//976 1072//1072 977//977
f 977//977 1072//1072 1073//1073
f 977//977 1073//1073 978//978
f 978//978 1073//1073 1074//1074
f 978//978 1074//1074 979//979
f 979//979 1074//1074 1075//1075
f 979//979 1075//1075 980//980
f 980//980 1075//1075 1076//1076
f 980//980 1076//1076 981//981
f 981//981 1076//1076 1077//1077
f 981//981 1077//1077 982//982
f 982//982 1077//1077 1078//1078
f 982//982 1078//1078 983//983
f 983//983 1078//1078 1079//1079
f 983//983 1079//1079 984//984
f 984//984 1079//1079 1080//1080
f 984//984 1080//1080 985//985
f 985//985 1080//1080 1081//1081
f 985//985 1081//1081 986//986
f 986//986 1081//1081 1082//1082
f 986//986 1082//1082 987//987
f 987//987 1082//1082 1083//1083
f 987//987 1083//1083 988//988
f 988//988 1083//1083 1084//1084
f 988//988 1084//1084 989//989
f 989//989 1084//1084 1085//1085
f 989//989 1085//1085 990//990
f 990//990 1085//1085 1086//1086
f 990//990 1086//1086 991//991
f 991//991 1086//1086 1087//1087
f 991//991 1087//1087 992//992
f 992//992 1087//1087 1088//1088
f 992//992 1088//1088 993//993
f 993//993 1088//1088 1089//1089
f 993//993 1089//1089 994//994
f 994//994 1089//1089 1090//1090
f 994//994 1090//1090 995//995
f 995//995 1090//1090 1091//1091
f 995//995 1091//1091 996//996
f 996//996 1091//1091 1092//1092
f 996//996 1092//1092 997//997
f 997//997 1092//1092 1093//1093
f 997//997 1093//1093 998//998
f 998//998 1093//1093 1094//1094
f 998//998 1094//1094 999//999
f 999//999 1094//1094 1095//1095
f 999//999 1095//1095 1000//1000
f 1000//1000 1095//1095 1096//1096
f 1000//1000 1096//1096 1001//1001
f 1001//1001 1096//1096 1097//1097
f 1001//1001 1097//1097 1002//1002
f 1002//1002 1097//1097 1098//1098
f 1002//1002 1098//1098 1003//1003
f 1003//1003 1098//1098 1099//1099
f 1003//1003 1099//1099 1004//1004
f 1004//1004 1099//1099 1100//1100
f 1004//1004 1100//1100 1005//1005
f 1005//1005 1100//1100 1101//1101
f 1005//1005 1101//1101 1006//1006
f 1006//1006 1101//1101 1102//1102
f 1006//1006 1102//1102 1007//1007
f 1007//1007 1102//1102 1103//1103
f 1007//1007 1103//1103 1008//1008
f 1008//1008 1103//1103 1104//1104
f 1008//1008 1104//1104 1009//1009
f 1009//1009 1104//1104 1105//1105
f 1009//1009 1105//1105 1010//1010
f 1010//1010 1105//1105 1106//1106
f 1010//1010 1106//1106 1011//1011
f 1011//1011 1106//1106 1107//1107
f 1011//1011 1107//1107 1012//1012
f 1012//1012 1107//1107 1108//1108
f 1012//1012 1108//1108 1013//1013
f 1013//1013 1108//1108 1109//1109
f 1013//1013 1109//1109 1014//1014
f 1014//1014 1109//1109 1110//1110
f 1014//1014 1110//1110 1015//1015
f 1015//1015 1110//1110 1111//1111
f 1015//1015 1111//1111 1016//1016
f 1016//1016 1111//1111 1112//1112
f 1016//1016 1112//1112 1017//1017
f 1017//1017 1112//1112 1113//1113
f 1017//1017 1113//1113 1018//1018
f 1018//1018 1113//1113 1114//1114
f 1018//1018 1114//1114 1019//1019
f 1019//1019 1114//1114 1115//1115
f 1019//1019 1115//1115 1020//1020
f 1020//1020 1115//1115 1116//1116
f 1020//1020 1116//1116 1021//1021
f 1021//1021 1116//1116 1117//1117
f 1021//1021 1117//1117 1022//1022
f 1022//1022 1117//1117 1118//1118
f 1022//1022 1118//1118 1023//1023
f 1023//1023 1118//1118 1119//1119
f 1023//1023 1119//1119 1024//1024
f 1024//1024 1119//1119 1120//1120
f 1024//1024 1120//1120 1025//1025
f 1025//1025 1120//1120 1121//1121
f 1025//1025 1121//1121 1026//1026
f 1026//1026 1121//1121 1122//1122
f 1026//1026 1122//1122 1027//1027
f 1027//1027 1122//1122 1123//1123
f 1027//1027 1123//1123 1028//1028
f 1028//1028 1123//1123 1124//1124
f 1028//1028 1124//1124 1029//1029
f 1029//1029 1124//1124 1125//1125
f 1029//1029 1125//1125 1030//1030
f 1030//1030 1125//1125 1126//1126
f 1030//1030 1126//1126 1031//1031
f 1031//1031 1126//1126 1127//1127
f 1031//1031 1127//1127 1032//1032
f 1032//1032 1127//1127 1128//1128
f 1032//1032 1128//1128 1033//1033
f 1033//1033 1128//1128 1129//1129
f 1033//1033 1129//1129 1034//1034
f 1034//1034 1129//1129 1130//1130
f 1034//1034 1130//1130 1035//1035
f 1035//1035 1130//1130 1131//1131
f 1035//1035 1131//1131 1036//1036
f 1036//1036 1131//1131 1132//1132
f 1036//1036 1132//1132 1037//1037
f 1037//1037 1132//1132 1133//1133
f 1037//1037 1133//1133 1038//1038
f 1038//1038 1133//1133 1134//1134
f 1038//1038 1134//1134 1039//1039
f 1039//1039 1134//1134 1135//1135
f 1039//1039 1135//1135 1040//1040
f 1040//1040 1135//1135 1136//1136
f 1040//1040 1136//1136 1041//1041
f 1041//1041 1136//1136 1137//1137
f 1041//1041 1137//1137 1042//1042
f 1042//1042 1137//1137 1138//1138
f 1042//1042 1138//1138 1043//1043
f 1043//1043 1138//1138 1139//1139
f 1043//1043 1139//1139 1044//1044
f 1044//1044 1139//1139 1140//1140
f 1044//1044 1140//1140 1045//1045
f 1045//1045 1140//1140 1141//1141
f 1045//1045 1141//1141 1046//1046
f 1046//1046 1141//1141 1142//1142
f 1046//1046 1142//1142 1047//1047
f 1047//1047 1142//1142 1143//1143
f 1047//1047 1143//1143 1048//1048
f 1048//1048 1143//1143 1144//1144
f 1048//1048 1144//1144 1049//1049
f 1049//1049 1144//1144 1145//1145
f 1049//1049 1145//1145 1050//1050
f 1050//1050 1145//1145 1146//1146
f 1050//1050 1146//1146 1051//1051
f 1051//1051 1146//1146 1147//1147
f 1051//1051 1147//1147 1052//1052
f 1052//1052 1147//1147 1148//1148
f 1052//1052 1148//1148 1053//1053
f 1053//1053 1148//1148 1149//1149
f 1053//1053 1149//1149 1054//1054
f 1054//1054 1149//1149 1150//1150
f 1054//1054 1150//1150 1055//1055
f 1055//1055 1150//1150 1151//1151
f 1055//1055 1151//1151 1056//1056
f 1056//1056 1151//1151 1152//1152
f 1056//1056 1152//1152 1057//1057
f 1057//1057 1152//1152 1153//1153
f 1057//1057 1153//1153 962//962
f 962//962 1153//1153 1058//1058
f 1058//1058 1154//1154 1059//1059
f 1059//1059 1154//1154 1155//1155
f 1059//1059 1155//1155 1060//1060
f 1060//1060 1155//1155 1156//1156
f 1060//1060 1156//1156 1061//1061
f 1061//1061 1156//1156 1157//1157
f 1061//1061 1157//1157 1062//1062
f 1062//1062 1157//1157 1158//1158
f 1062//1062 1158//1158 1063//1063
f 1063//1063 1158//1158 1159//1159
f 1063//1063 1159//1159 1064//1064
f 1064//1064 1159//1159 1160//1160
f 1064//1064 1160//1160 1065//1065
f 1065//1065 1160//1160 1161//1161
f 1065//1065 1161//1161 1066//1066
f 1066//1066 1161//1161 1162//1162
f 1066//1066 1162//1162 1067//1067
f 1067//1067 1162//1162 1163//1163
f 1067//1067 1163//1163 1068//1068
f 1068//1068 1163//1163 1164//1164
f 1068//1068 1164//1164 1069//1069
f 1069//1069 1164//1164 1165//1165
f 1069//1069 1165//1165 1070//1070
f 1070//1070 1165//1165 1166//1166
f 1070//1070 1166//1166 1071//1071
f 1071//1071 1166//1166 1167//1167
f 1071//1071 1167//1167 1072//1072
f 1072//1072 1167//1167 1168//1168
f 1072//1072 1168//1168 1073//1073
f 1073//1073 1168//1168 1169//1169
f 1073//1073 1169//1169 1074//1074
f 1074//1074 1169//1169 1170//1170
f 1074//1074 1170//1170 1075//1075
f 1075//1075 1170//1170 1171//1171
f 1075//1075 1171//1171 1076//1076
f 1076//1076 1171//1171 1172//1172
f 1076//1076 1172//1172 1077//1077
f 1077//1077 1172//1172 1173//1173
f 1077//1077 1173//1173 1078//1078
f 1078//1078 1173//1173 1174//1174
f 1078//1078 1174//1174 1079//1079
f 1079//1079 1174//1174 1175//1175
f 1079//1079 1175//1175 1080//1080
f 1080//1080 1175//1175 1176//1176
f 1080//1080 1176//1176 1081//1081
f 1081//1081 1176//1176 1177//1177
f 1081//1081 1177//1177 1082//1082
f 1082//1082 1177//1177 1178//1178
f 1082//1082 1178//1178 1083//1083
f 1083//1083 1178//1178 1179//1179
f 1083//1083 1179//1179 1084//1084
f 1084//1084 1179//1179 1180//1180
f 1084//1084 1180//1180 1085//1085
f 1085//1085 1180//1180 1181//1181
f 1085//1085 1181//1181 1086//1086
f 1086//1086 1181//1181 1182//1182
f 1086//1086 1182//1182 1087//1087
f 1087//1087 1182//1182 1183//1183
f 1087//1087 1183//1183 1088//1088
f 1088//1088 1183//1183 1184//1184
f 1088//1088 1184//1184 1089//1089
f 1089//1089 1184//1184 1185//1185
f 1089//1089 1185//1185 1090//1090
f 1090//1090 1185//1185 1186//1186
f 1090//1090 1186//1186 1091//1091
f 1091//1091 1186//1186 1187//1187
f 1091//1091 1187//1187 1092//1092
f 1092//1092 1187//1187 1188//1188
f 1092//1092 1188//1188 1093//1093
f 1093//1093 1188//1188 1189//1189
f 1093//1093 1189//1189 1094//1094
f 1094//1094 1189//1189 1190//1190
f 1094//1094 1190//1190 1095//1095
f 1095//1095 1190//1190 1191//1191
f 1095//1095 1191//1191 1096//1096
f 1096//1096 1191//1191 1192//1192
f 1096//1096 1192//1192 1097//1097
f 1097//1097 1192//1192 1193//1193
f 1097//1097 1193//1193 1098//1098
f 1098//1098 1193//1193 1194//1194
f 1098//1098 1194//1194 1099//1099
f 1099//1099 1194//1194 1195//1195
f 1099//1099 1195//1195 1100//1100
f 1100//1100 1195//1195 1196//1196
f 1100//1100 1196//1196 1101//1101
f 1101//1101 1196//1196 1197//1197
f 1101//1101 1197//1197 1102//1102
f 1102//1102 1197//1197 1198//1198
f 1102//1102 1198//1198 1103//1103
f 1103//1103 1198//1198 1199//1199
f 1103//1103 1199//1199 1104//1104
f 1104//1104 1199//1199 1200//1200
f 1104//1104 1200//1200 1105//1105
f 1105//1105 1200//1200 1201//1201
f 1105//1105 1201//1201 1106//1106
f 1106//1106 1201//1201 1202//1202
f 1106//1106 1202//1202 1107//1107
f 1107//1107 1202//1202 1203//1203
f 1107//1107 1203//1203 1108//1108
f 1108//1108 1203//1203 1204//1204
f 1108//1108 1204//1204 1109//1109
f 1109//1109 1204//1204 1205//1205
f 1109//1109 1205//1205 1110//1110
f 1110//1110 1205//1205 1206//1206
f 1110//1110 1206//1206 1111//1111
f 1111//1111 1206//1206 1207//1207
f 1111//1111 1207//1207 1112//1112
f 1112//1112 1207//1207 1208//1208
f 1112//1112 1208//1208 1113//1113
f 1113//1113 1208//1208 1209//1209
f 1113//1113 1209//1209 1114//1114
f 1114//1114 1209//1209 1210//1210
f 1114//1114 1210//1210 1115//1115
f 1115//1115 1210//1210 1211//1211
f 1115//1115 1211//1211 1116//1116
f 1116//1116 1211//1211 1212//1212
f 1116//1116 1212//1212 1117//1117
f 1117//1117 1212//1212 1213//1213
f 1117//1117 1213//1213 1118//1118
f 1118//1118 1213//1213 1214//1214
f 1118//1118 1214//1214 1119//1119
f 1119//1119 1214//1214 1215//1215
f 1119//1119 1215//1215 1120//1120
f 1120//1120 1215//1215 1216//1216
f 1120//1120 1216//1216 1121//1121
f 1121//1121 1216//1216 1217//1217
f 1121//1121 1217//1217 1122//1122
f 1122//1122 1217//1217 1218//1218
f 1122//1122 1218//1218 1123//1123
f 1123//1123 1218//1218 1219//1219
f 1123//1123 1219//1219 1124//1124
f 1124//1124 1219//1219 1220//1220
f 1124//1124 1220//1220 1125//1125
f 1125//1125 1220//1220 1221//1221
f 1125//1125 1221//1221 1126//1126
f 1126//1126 1221//1221 1222//1222
f 1126//1126 1222//1222 1127//1127
f 1127//1127 1222//1222 1223//1223
f 1127//1127 1223//1223 1128//1128
f 1128//1128 1223//1223 1224//1224
f 1128//1128 1224//1224 1129//1129
f 1129//1129 1224//1224 1225//1225
f 1129//1129 1225//1225 1130//1130
f 1130//1130 1225//1225 1226//1226
f 1130//1130 1226//1226 1131//1131
f 1131//1131 1226//1226 1227//1227
f 1131//1131 1227//1227 1132//1132
f 1132//1132 1227//1227 1228//1228
f 1132//1132 1228//1228 1133//1133
f 1133//1133 1228//1228 1229//1229
f 1133//1133 1229//1229 1134//1134
f 1134//1134 1229//1229 1230//1230
f 1134//1134 1230//1230 1135//1135
f 1135//1135 1230//1230 1231//1231
f 1135//1135 1231//1231 1136//1136
f 1136//1136 1231//1231 1232//1232
f 1136//1136 1232//1232 1137//1137
f 1137//1137 1232//1232 1233//1233
f 1137//1137 1233//1233 1138//1138
f 1138//1138 1233//1233 1234//1234
f 1138//1138 1234//1234 1139//1139
f 1139//1139 1234//1234 1235//1235
f 1139//1139 1235//1235 1140//1140
f 1140//1140 1235//1235 1236//1236
f 1140//1140 1236//1236 1141//1141
f 1141//1141 1236//1236 1237//1237
f 1141//1141 1237//1237 1142//1142
f 1142//1142 1237//1237 1238//1238
f 1142//1142 1238//1238 1143//1143
f 1143//1143 1238//1238 1239//1239
f 1143//1143 1239//1239 1144//1144
f 1144//1144 1239//1239 1240//1240
f 1144//1144 1240//1240 1145//1145
f 1145//1145 1240//1240 1241//1241
f 1145//1145 1241//1241 1146//1146
f 1146//1146 1241//1241 1242//1242
f 1146//1146 1242//1242 1147//1147
f 1147//1147 1242//1242 1243//1243
f 1147//1147 1243//1243 1148//1148
f 1148//1148 1243//1243 1244//1244
f 1148//1148 1244//1244 1149//1149
f 1149//1149 1244//1244 1245//1245
f 1149//1149 1245//1245 1150//1150
f 1150//1150 1245//1245 1246//1246
f 1150//1150 1246//1246 1151//1151
f 1151//1151 1246//1246 1247//1247
f 1151//1151 1247//1247 1152//1152
f 1152//1152 1247//1247 1248//1248
f 1152//1152 1248//1248 1153//1153
f 1153//1153 1248//1248 1249//1249
f 1153//1153 1249//1249 1058//1058
f 1058//1058 1249//1249 1154//1154
f 1154//1154 1250//1250 1155//1155
f 1155//1155 1250//1250 1251//1251
f 1155//1155 1251//1251 1156//1156
f 1156//1156 1251//1251 1252//1252
f 1156//1156 1252//1252 1157//1157
f 1157//1157 1252//1252 1253//1253
f 1157//1157 1253//1253 1158//1158
f 1158//1158 1253//1253 1254//1254
f 1158//1158 1254//1254 1159//1159
f 1159//1159 1254//1254 1255//1255
f 1159//1159 1255//1255 1160//1160
f 1160//1160 1255//1255 1256//1256
f 1160//1160 1256//1256 1161//1161
f 1161//1161 1256//1256 1257//1257
f 1161//1161 1257//1257 1162//1162
f 1162//1162 1257//1257 1258//1258
f 1162//1162 1258//1258 1163//1163
f 1163//1163 1258//1258 1259//1259
f 1163//1163 1259//1259 1164//1164
f 1164//1164 1259//1259 1260//1260
f 1164//1164 1260//1260 1165//1165
f 1165//1165 1260//1260 1261//1261
f 1165//1165 1261//1261 1166//1166
f 1166//1166 1261//1261 1262//1262
f 1166//1166 1262//1262 1167//1167
f 1167//1167 1262//1262 1263//1263
f 1167//1167 1263//1263 1168//1168
f 1168//1168 1263//1263 1264//1264
f 1168//1168 1264//1264 1169//1169
f 1169//1169 1264//1264 1265//1265
f 1169//1169 1265//1265 1170//1170
f 1170//1170 1265//1265 1266//1266
f 1170//1170 1266//1266 1171//1171
f 1171//1171 1266//1266 1267//1267
f 1171//1171 1267//1267 1172//1172
f 1172//1172 1267//1267 1268//1268
f 1172//1172 1268//1268 1173//1173
f 1173//1173 1268//1268 1269//1269
f 1173//1173 1269//1269 1174//1174
f 1174//1174 1269//1269 1270//1270
f 1174//1174 1270//1270 1175//1175
f 1175//1175 1270//1270 1271//1271
f 1175//1175 1271//1271 1176//1176
f 1176//1176 1271//1271 1272//1272
f 1176//1176 1272//1272 1177//1177
f 1177//1177 1272//1272 1273//1273
f 1177//1177 1273//1273 1178//1178
f 1178//1178 1273//1273 1274//1274
f 1178//1178 1274//1274 1179//1179
f 1179//1179 1274//1274 1275//1275
f 1179//1179 1275//1275 1180//1180
f 1180//1180 1275//1275 1276//1276
f 1180//1180 1276//1276 1181//1181
f 1181//1181 1276//1276 1277//1277
f 1181//1181 1277//1277 1182//1182
f 1182//1182 1277//1277 1278//1278
f 1182//1182 1278//1278 1183//1183
f 1183//1183 1278//1278 1279//1279
f 1183//1183 1279//1279 1184//1184
f 1184//1184 1279//1279 1280//1280
f 1184//1184 1280//1280 1185//1185
f 1185//1185 1280//1280 1281//1281
f 1185//1185 1281//1281 1186//1186
f 1186//1186 1281//1281 1282//1282
f 1186//1186 1282//1282 1187//1187
f 1187//1187 1282//1282 1283//1283
f 1187//1187 1283//1283 1188//1188
f 1188//1188 1283//1283 1284//1284
f 1188//1188 1284//1284 1189//1189
f 1189//1189 1284//1284 1285//1285
f 1189//1189 1285//1285 1190//1190
f 1190//1190 1285//1285 1286//1286
f 1190//1190 1286//1286 1191//1191
f 1191//1191 1286//1286 1287//1287
f 1191//1191 1287//1287 1192//1192
f 1192//1192 1287//1287 1288//1288
f 1192//1192 1288//1288 1193//1193
f 1193//1193 1288//1288 1289//1289
f 1193//1193 1289//1289 1194//1194
f 1194//1194 1289//1289 1290//1290
f 1194//1194 1290//1290 1195//1195
f 1195//1195 1290//1290 1291//1291
f 1195//1195 1291//1291 1196//1196
f 1196//1196 1291//1291 1292//1292
f 1196//1196 1292//1292 1197//1197
f 1197//1197 1292//1292 1293//1293
f 1197//1197 1293//1293 1198//1198
f 1198//1198 1293//1293 1294//1294
f 1198//1198 1294//1294 1199//1199
f 1199//1199 1294//1294 1295//1295
f 1199//1199 1295//1295 1200//1200
f 1200//1200 1295//1295 1296//1296
f 1200//1200 1296//1296 1201//1201
f 1201//1201 1296//1296 1297//1297
f 1201//1201 1297//1297 1202//1202
f 1202//1202 1297//1297 1298//1298
f 1202//1202 1298//1298 1203//1203
f 1203//1203 1298//1298 1299//1299
f 1203//1203 1299//1299 1204//1204
f 1204//1204 1299//1299 1300//1300
f 1204//1204 1300//1300 1205//1205
f 1205//1205 1300//1300 1301//1301
f 1205//1205 1301//1301 1206//1206
f 1206//1206 1301//1301 1302//1302
f 1206//1206 1302//1302 1207//1207
f 1207//1207 1302//1302 1303//1303
f 1207//1207 1303//1303 1208//1208
f 1208//1208 1303//1303 1304//1304
f 1208//1208 1304//1304 1209//1209
f 1209//1209 1304//1304 1305//1305
f 1209//1209 1305//1305 1210//1210
f 1210//1210 1305//1305 1306//1306
f 1210//1210 1306//1306 1211//1211
f 1211//1211 1306//1306 1307//1307
f 1211//1211 1307//1307 1212//1212
f 1212//1212 1307//1307 1308//1308
f 1212//1212 1308//1308 1213//1213
f 1213//1213 1308//1308 1309//1309
f 1213//1213 1309//1309 1214//1214
f 1214//1214 1309//1309 1310//1310
f 1214//1214 1310//1310 1215//1215
f 1215//1215 1310//1310 1311//1311
f 1215//1215 1311//1311 1216//1216
f 1216//1216 1311//1311 1312//1312
f 1216//1216 1312//1312 1217//1217
f 1217//1217 1312//1312 1313//1313
f 1217//1217 1313//1313 1218//1218
f 1218//1218 1313//1313 1314//1314
f 1218//1218 1314//1314 1219//1219
f 1219//1219 1314//1314 1315//1315
f 1219//1219 1315//1315 1220//1220
f 1220//1220 1315//1315 1316//1316
f 1220//1220 1316//1316 1221//1221
f 1221//1221 1316//1316 1317//1317
f 1221//1221 1317//1317 1222//1222
f 1222//1222 1317//1317 1318//1318
f 1222//1222 1318//1318 1223//1223
f 1223//1223 1318//1318 1319//1319
f 1223//1223 1319//1319 1224//1224
f 1224//1224 1319//1319 1320//1320
f 1224//1224 1320//1320 1225//1225
f 1225//1225 1320//1320 1321//1321
f 1225//1225 1321//1321 1226//1226
f 1226//1226 1321//1321 1322//1322
f 1226//1226 1322//1322 1227//1227
f 1227//1227 1322//1322 1323//1323
f 1227//1227 1323//1323 1228//1228
f 1228//1228 1323//1323 1324//1324
f 1228//1228 1324//1324 1229//1229
f 1229//1229 1324//1324 1325//1325
f 1229//1229 1325//1325 1230//1230
f 1230//1230 1325//1325 1326//1326
f 1230//1230 1326//1326 1231//1231
f 1231//1231 1326//1326 1327//1327
f 1231//1231 1327//1327 1232//1232
f 1232//1232 1327//1327 1328//1328
f 1232//1232 1328//1328 1233//1233
f 1233//1233 1328//1328 1329//1329
f 1233//1233 1329//1329 1234//1234
f 1234//1234 1329//1329 1330//1330
f 1234//1234 1330//1330 1235//1235
f 1235//1235 1330//1330 1331//1331
f 1235//1235 1331//1331 1236//1236
f 1236//1236 1331//1331 1332//1332
f 1236//1236 1332//1332 1237//1237
f 1237//1237 1332//1332 1333//1333
f 1237//1237 1333//1333 1238//1238
f 1238//1238 1333//1333 1334//1334
f 1238//1238 1334//1334 1239//1239
f 1239//1239 1334//1334 1335//1335
f 1239//1239 1335//1335 1240//1240
f 1240//1240 1335//1335 1336//1336
f 1240//1240 1336//1336 1241//1241
f 1241//1241 1336//1336 1337//1337
f 1241//1241 1337//1337 1242//1242
f 1242//1242 1337//1337 1338//1338
f 1242//1242 1338//1338 1243//1243
f 1243//1243 1338//1338 1339//1339
f 1243//1243 1339//1339 1244//1244
f 1244//1244 1339//1339 1340//1340
f 1244//1244 1340//1340 1245//1245
f 1245//1245 1340//1340 1341//1341
f 1245//1245 1341//1341 1246//1246
f 1246//1246 1341//1341 1342//1342
f 1246//1246 1342//1342 1247//1247
f 1247//1247 1342//1342 1343//1343
f 1247//1247 1343//1343 1248//1248
f 1248//1248 1343//1343 1344//1344
f 1248//1248 1344//1344 1249//1249
f 1249//1249 1344//1344 1345//1345
f 1249//1249 1345//1345 1154//1154
f 1154//1154 1345//1345 1250//1250
f 1250//1250 1346//1346 1251//1251
f 1251//1251 1346//1346 1347//1347
f 1251//1251 1347//1347 1252//1252
f 1252//1252 1347//1347 1348//1348
f 1252//1252 1348//1348 1253//1253
f 1253//1253 1348//1348 1349//1349
f 1253//1253 1349//1349 1254//1254
f 1254//1254 1349//1349 1350//1350
f 1254//1254 1350//1350 1255//1255
f 1255//1255 1350//1350 1351//1351
f 1255//1255 1351//1351 1256//1256
f 1256//1256 1351//1351 1352//1352
f 1256//1256 1352//1352 1257//1257
f 1257//1257 1352//1352 1353//1353
f 1257//1257 1353//1353 1258//1258
f 1258//1258 1353//1353 1354//1354
f 1258//1258 1354//1354 1259//1259
f 1259//1259 1354//1354 1355//1355
f 1259//1259 1355//1355 1260//1260
f 1260//1260 1355//1355 1356//1356
f 1260//1260 1356//1356 1261//1261
f 1261//1261 1356//1356 1357//1357
f 1261//1261 1357//1357 1262//1262
f 1262//1262 1357//1357 1358//1358
f 1262//1262 1358//1358 1263//1263
f 1263//1263 1358//1358 1359//1359
f 1263//1263 1359//1359 1264//1264
f 1264//1264 1359//1359 1360//1360
f 1264//1264 1360//1360 1265//1265
f 1265//1265 1360//1360 1361//1361
f 1265//1265 1361//1361 1266//1266
f 1266//1266 1361//1361 1362//1362
f 1266//1266 1362//1362 1267//1267
f 1267//1267 1362//1362 1363//1363
f 1267//1267 1363//1363 1268//1268
f 1268//1268 1363//1363 1364//1364
f 1268//1268 1364//1364 1269//1269
f 1269//1269 1364//1364 1365//1365
f 1269//1269 1365//1365 1270//1270
f 1270//1270 1365//1365 1366//1366
f 1270//1270 1366//1366 1271//1271
f 1271//1271 1366//1366 1367//1367
f 1271//1271 1367//1367 1272//1272
f 1272//1272 1367//1367 1368//1368
f 1272//1272 1368//1368 1273//1273
f 1273//1273 1368//1368 1369//1369
f 1273//1273 1369//1369 1274//1274
f 1274//1274 1369//1369 1370//1370
f 1274//1274 1370//1370 1275//1275
f 1275//1275 1370//1370 1371//1371
f 1275//1275 1371//1371 1276//1276
f 1276//1276 1371//1371 1372//1372
f 1276//1276 1372//1372 1277//1277
f 1277//1277 1372//1372 1373//1373
f 1277//1277 1373//1373 1278//1278
f 1278//1278 1373//1373 1374//1374
f 1278//1278 1374//1374 1279//1279
f 1279//1279 1374//1374 1375//1375
f 1279//1279 1375//1375 1280//1280
f 1280//1280 1375//1375 1376//1376
f 1280//1280 1376//1376 1281//1281
f 1281//1281 1376//1376 1377//1377
f 1281//1281 1377//1377 1282//1282
f 1282//1282 1377//1377 1378//1378
f 1282//1282 1378//1378 1283//1283
f 1283//1283 1378//1378 1379//1379
f 1283//1283 1379//1379 1284//1284
f 1284//1284 1379//1379 1380//1380
f 1284//1284 1380//1380 1285//1285
f 1285//1285 1380//1380 1381//1381
f 1285//1285 1381//1381 1286//1286
f 1286//1286 1381//1381 1382//1382
f 1286//1286 1382//1382 1287//1287
f 1287//1287 1382//1382 1383//1383
f 1287//1287 1383//1383 1288//1288
f 1288//1288 1383//1383 1384//1384
f 1288//1288 1384//1384 1289//1289
f 1289//1289 1384//1384 1385//1385
f 1289//1289 1385//1385 1290//1290
f 1290//1290 1385//1385 1386//1386
f 1290//1290 1386//1386 1291//1291
f 1291//1291 1386//1386 1387//1387
f 1291//1291 1387//1387 1292//1292
f 1292//1292 1387//1387 1388//1388
f 1292//1292 1388//1388 1293//1293
f 1293//1293 1388//1388 1389//1389
f 1293//1293 1389//1389 1294//1294
f 1294//1294 1389//1389 1390//1390
f 1294//1294 1390//1390 1295//1295
f 1295//1295 1390//1390 1391//1391
f 1295//1295 1391//1391 1296//1296
f 1296//1296 1391//1391 1392//1392
f 1296//1296 1392//1392 1297//1297
f 1297//1297 1392//1392 1393//1393
f 1297//1297 1393//1393 1298//1298
f 1298//1298 1393//1393 1394//1394
f 1298//1298 1394//1394 1299//1299
f 1299//1299 1394//1394 1395//1395
f 1299//1299 1395//1395 1300//1300
f 1300//1300 1395//1395 1396//1396
f 1300//1300 1396//1396 1301//1301
f 1301//1301 1396//1396 1397//1397
f 1301//1301 1397//1397 1302//1302
f 1302//1302 1397//1397 1398//1398
f 1302//1302 1398//1398 1303//1303
f 1303//1303 1398//1398 1399//1399
f 1303//1303 1399//1399 1304//1304
f 1304//1304 1399//1399 1400//1400
f 1304//1304 1400//1400 1305//1305
f 1305//1305 1400//1400 1401//1401
f 1305//1305 1401//1401 1306//1306
f 1306//1306 1401//1401 1402//1402
f 1306//1306 1402//1402 1307//1307
f 1307//1307 1402//1402 1403//1403
f 1307//1307 1403//1403 1308//1308
f 1308//1308 1403//1403 1404//1404
f 1308//1308 1404//1404 1309//1309
f 1309//1309 1404//1404 1405//1405
f 1309//1309 1405//1405 1310//1310
f 1310//1310 1405//1405 1406//1406
f 1310//1310 1406//1406 1311//1311
f 1311//1311 1406//1406 1407//1407
f 1311//1311 1407//1407 1312//1312
f 1312//1312 1407//1407 1408//1408
f 1312//1312 1408//1408 1313//1313
f 1313//1313 1408//1408 1409//1409
f 1313//1313 1409//1409 1314//1314
f 1314//1314 1409//1409 1410//1410
f 1314//1314 1410//1410 1315//1315
f 1315//1315 1410//1410 1411//1411
f 1315//1315 1411//1411 1316//1316
f 1316//1316 1411//1411 1412//1412
f 1316//1316 1412//1412 1317//1317
f 1317//1317 1412//1412 1413//1413
f 1317//1317 1413//1413 1318//1318
f 1318//1318 1413//1413 1414//1414
f 1318//1318 1414//1414 1319//1319
f 1319//1319 1414//1414 1415//1415
f 1319//1319 1415//1415 1320//1320
f 1320//1320 1415//1415 1416//1416
f 1320//1320 1416//1416 1321//1321
f 1321//1321 1416//1416 1417//1417
f 1321//1321 1417//1417 1322//1322
f 1322//1322 1417//1417 1418//1418
f 1322//1322 1418//1418 1323//1323
f 1323//1323 1418//1418 1419//1419
f 1323//1323 1419//1419 1324//1324
f 1324//1324 1419//1419 1420//1420
f 1324//1324 1420//1420 1325//1325
f 1325//1325 1420//1420 1421//1421
f 1325//1325 1421//1421 1326//1326
f 1326//1326 1421//1421 1422//1422
f 1326//1326 1422//1422 1327//1327
f 1327//1327 1422//1422 1423//1423
f 1327//1327 1423//1423 1328//1328
f 1328//1328 1423//1423 1424//1424
f 1328//1328 1424//1424 1329//1329
f 1329//1329 1424//1424 1425//1425
f 1329//1329 1425//1425 1330//1330
f 1330//1330 1425//1425 1426//1426
f 1330//1330 1426//1426 1331//1331
f 1331//1331 1426//1426 1427//1427
f 1331//1331 1427//1427 1332//1332
f 1332//1332 1427//1427 1428//1428
f 1332//1332 1428//1428 1333//1333
f 1333//1333 1428//1428 1429//1429
f 1333//1333 1429//1429 1334//1334
f 1334//1334 1429//1429 1430//1430
f 1334//1334 1430//1430 1335//1335
f 1335//1335 1430//1430 1431//1431
f 1335//1335 1431//1431 1336//1336
f 1336//1336 1431//1431 1432//1432
f 1336//1336 1432//1432 1337//1337
f 1337//1337 1432//1432 1433//1433
f 1337//1337 1433//1433 1338//1338
f 1338//1338 1433//1433 1434//1434
f 1338//1338 1434//1434 1339//1339
f 1339//1339 1434//1434 1435//1435
f 1339//1339 1435//1435 1340//1340
f 1340//1340 1435//1435 1436//1436
f 1340//1340 1436//1436 1341//1341
f 1341//1341 1436//1436 1437//1437
f 1341//1341 1437//1437 1342//1342
f 1342//1342 1437//1437 1438//1438
f 1342//1342 1438//1438 1343//1343
f 1343//1343 1438//1438 1439//1439
f 1343//1343 1439//1439 1344//1344
f 1344//1344 1439//1439 1440//1440
f 1344//1344 1440//1440 1345//1345
f 1345//1345 1440//1440 1441//1441
f 1345//1345 1441//1441 1250//1250
f 1250//1250 1441//1441 1346//1346
f 1346//1346 1442//1442 1347//1347
f 1347//1347 1442//1442 1443//1443
f 1347//1347 1443//1443 1348//1348
f 1348//1348 1443//1443 1444//1444
f 1348//1348 1444//1444 1349//1349
f 1349//1349 1444//1444 1445//1445
f 1349//1349 1445//1445 1350//1350
f 1350//1350 1445//1445 1446//1446
f 1350//1350 1446//1446 1351//1351
f 1351//1351 1446//1446 1447//1447
f 1351//1351 1447//1447 1352//1352
f 1352//1352 1447//1447 1448//1448
f 1352//1352 1448//1448 1353//1353
f 1353//1353 1448//1448 1449//1449
f 1353//1353 1449//1449 1354//1354
f 1354//1354 1449//1449 1450//1450
f 1354//1354 1450//1450 1355//1355
f 1355//1355 1450//1450 1451//1451
f 1355//1355 1451//1451 1356//1356
f 1356//1356 1451//1451 1452//1452
f 1356//1356 1452//1452 1357//1357
f 1357//1357 1452//1452 1453//1453
f 1357//1357 1453//1453 1358//1358
f 1358//1358 1453//1453 1454//1454
f 1358//1358 1454//1454 1359//1359
f 1359//1359 1454//1454 1455//1455
f 1359//1359 1455//1455 1360//1360
f 1360//1360 1455//1455 1456//1456
f 1360//1360 1456//1456 1361//1361
f 1361//1361 1456//1456 1457//1457
f 1361//1361 1457//1457 1362//1362
f 1362//1362 1457//1457 1458//1458
f 1362//1362 1458//1458 1363//1363
f 1363//1363 1458//1458 1459//1459
f 1363//1363 1459//1459 1364//1364
f 1364//1364 1459//1459 1460//1460
f 1364//1364 1460//1460 1365//1365
f 1365//1365 1460//1460 1461//1461
f 1365//1365 1461//1461 1366//1366
f 1366//1366 1461//1461 1462//1462
f 1366//1366 1462//1462 1367//1367
f 1367//1367 1462//1462 1463//1463
f 1367//1367 1463//1463 1368//1368
f 1368//1368 1463//1463 1464//1464
f 1368//1368 1464//1464 1369//1369
f 1369//1369 1464//1464 1465//1465
f 1369//1369 1465//1465 1370//1370
f 1370//1370 1465//1465 1466//1466
f 1370//1370 1466//1466 1371//1371
f 1371//1371 1466//1466 1467//1467
f 1371//1371 1467//1467 1372//1372
f 1372//1372 1467//1467 1468//1468
f 1372//1372 1468//1468 1373//1373
f 1373//1373 1468//1468 1469//1469
f 1373//1373 1469//1469 1374//1374
f 1374//1374 1469//1469 1470//1470
f 1374//1374 1470//1470 1375//1375
f 1375//1375 1470//1470 1471//1471
f 1375//1375 1471//1471 1376//1376
f 1376//1376 1471//1471 1472//1472
f 1376//1376 1472//1472 1377//1377
f 1377//1377 1472//1472 1473//1473
f 1377//1377 1473//1473 1378//1378
f 1378//1378 1473//1473 1474//1474
f 1378//1378 1474//1474 1379//1379
f 1379//1379 1474//1474 1475//1475
f 1379//1379 1475//1475 1380//1380
f 1380//1380 1475//1475 1476//1476
f 1380//1380 1476//1476 1381//1381
f 1381//1381 1476//1476 1477//1477
f 1381//1381 1477//1477 1382//1382
f 1382//1382 1477//1477 1478//1478
f 1382//1382 1478//1478 1383//1383
f 1383//1383 1478//1478 1479//1479
f 1383//1383 1479//1479 1384//1384
f 1384//1384 1479//1479 1480//1480
f 1384//1384 1480//1480 1385//1385
f 1385//1385 1480//1480 1481//1481
f 1385//1385 1481//1481 1386//1386
f 1386//1386 1481//1481 1482//1482
f 1386//1386 1482//1482 1387//1387
f 1387//1387 1482//1482 1483//1483
f 1387//1387 1483//1483 1388//1388
f 1388//1388 1483//1483 1484//1484
f 1388//1388 1484//1484 1389//1389
f 1389//1389 1484//1484 1485//1485
f 1389//1389 1485//1485 1390//1390
f 1390//1390 1485//1485 1486//1486
f 1390//1390 1486//1486 1391//1391
f 1391//1391 1486//1486 1487//1487
f 1391//1391 1487//1487 1392//1392
f 1392//1392 1487//1487 1488//1488
f 1392//1392 1488//1488 1393//1393
f 1393//1393 1488//1488 1489//1489
f 1393//1393 1489//1489 1394//1394
f 1394//1394 1489//1489 1490//1490
f 1394//1394 1490//1490 1395//1395
f 1395//1395 1490//1490 1491//1491
f 1395//1395 1491//1491 1396//1396
f 1396//1396 1491//1491 1492//1492
f 1396//1396 1492//1492 1397//1397
f 1397//1397 1492//1492 1493//1493
f 1397//1397 1493//1493 1398//1398
f 1398//1398 1493//1493 1494//1494
f 1398//1398 1494//1494 1399//1399
f 1399//1399 1494//1494 1495//1495
f 1399//1399 1495//1495 1400//1400
f 1400//1400 1495//1495 1496//1496
f 1400//1400 1496//1496 1401//1401
f 1401//1401 1496//1496 1497//1497
f 1401//1401 1497//1497 1402//1402
f 1402//1402 1497//1497 1498//1498
f 1402//1402 1498//1498 1403//1403
f 1403//1403 1498//1498 1499//1499
f 1403//1403 1499//1499 1404//1404
f 1404//1404 1499//1499 1500//1500
f 1404//1404 1500//1500 1405//1405
f 1405//1405 1500//1500 1501//1501
f 1405//1405 1501//1501 1406//1406
f 1406//1406 1501//1501 1502//1502
f 1406//1406 1502//1502 1407//1407
f 1407//1407 1502//1502 1503//1503
f 1407//1407 1503//1503 1408//1408
f 1408//1408 1503//1503 1504//1504
f 1408//1408 1504//1504 1409//1409
f 1409//1409 1504//1504 1505//1505
f 1409//1409 1505//1505 1410//1410
f 1410//1410 1505//1505 1506//1506
f 1410//1410 1506//1506 1411//1411
f 1411//1411 1506//1506 1507//1507
f 1411//1411 1507//1507 1412//1412
f 1412//1412 1507//1507 1508//1508
f 1412//1412 1508//1508 1413//1413
f 1413//1413 1508//1508 1509//1509
f 1413//1413 1509//1509 1414//1414
f 1414//1414 1509//1509 1510//1510
f 1414//1414 1510//1510 1415//1415
f 1415//1415 1510//1510 1511//1511
f 1415//1415 1511//1511 1416//1416
f 1416//1416 1511//1511 1512//1512
f 1416//1416 1512//1512 1417//1417
f 1417//1417 1512//1512 1513//1513
f 1417//1417 1513//1513 1418//1418
f 1418//1418 1513//1513 1514//1514
f 1418//1418 1514//1514 1419//1419
f 1419//1419 1514//1514 1515//1515
f 1419//1419 1515//1515 1420//1420
f 1420//1420 1515//1515 1516//1516
f 1420//1420 1516//1516 1421//1421
f 1421//1421 1516//1516 1517//1517
f 1421//1421 1517//1517 1422//1422
f 1422//1422 1517//1517 1518//1518
f 1422//1422 1518//1518 1423//1423
f 1423//1423 1518//1518 1519//1519
f 1423//1423 1519//1519 1424//1424
f 1424//1424 1519//1519 1520//1520
f 1424//1424 1520//1520 1425//1425
f 1425//1425 1520//1520 1521//1521
f 1425//1425 1521//1521 1426//1426
f 1426//1426 1521//1521 1522//1522
f 1426//1426 1522//1522 1427//1427
f 1427//1427 1522//1522 1523//1523
f 1427//1427 1523//1523 1428//1428
f 1428//1428 1523//1523 1524//1524
f 1428//1428 1524//1524 1429//1429
f 1429//1429 1524//1524 1525//1525
f 1429//1429 1525//1525 1430//1430
f 1430//1430 1525//1525 1526//1526
f 1430//1430 1526//1526 1431//1431
f 1431//1431 1526//1526 1527//1527
f 1431//1431 1527//1527 1432//1432
f 1432//1432 1527//1527 1528//1528
f 1432//1432 1528//1528 1433//1433
f 1433//1433 1528//1528 1529//1529
f 1433//1433 1529//1529 1434//1434
f 1434//1434 1529//1529 1530//1530
f 1434//1434 1530//1530 1435//1435
f 1435//1435 1530//1530 1531//1531
f 1435//1435 1531//1531 1436//1436
f 1436//1436 1531//1531 1532//1532
f 1436//1436 1532//1532 1437//1437
f 1437//1437 1532//1532 1533//1533
f 1437//1437 1533//1533 1438//1438
f 1438//1438 1533//1533 1534//1534
f 1438//1438 1534//1534 1439//1439
f 1439//1439 1534//1534 1535//1535
f 1439//1439 1535//1535 1440//1440
f 1440//1440 1535//1535 1536//1536
f 1440//1440 1536//1536 1441//1441
f 1441//1441 1536//1536 1537//1537
f 1441//1441 1537//1537 1346//1346
f 1346//1346 1537//1537 1442//1442
f 1442//1442 1538//1538 1443//1443
f 1443//1443 1538//1538 1539//1539
f 1443//1443 1539//1539 1444//1444
f 1444//1444 1539//1539 1540//1540
f 1444//1444 1540//1540 1445//1445
f 1445//1445 1540//1540 1541//1541
f 1445//1445 1541//1541 1446//1446
f 1446//1446 1541//1541 1542//1542
f 1446//1446 1542//1542 1447//1447
f 1447//1447 1542//1542 1543//1543
f 1447//1447 1543//1543 1448//1448
f 1448//1448 1543//1543 1544//1544
f 1448//1448 1544//1544 1449//1449
f 1449//1449 1544//1544 1545//1545
f 1449//1449 1545//1545 1450//1450
f 1450//1450 1545//1545 1546//1546
f 1450//1450 1546//1546 1451//1451
f 1451//1451 1546//1546 1547//1547
f 1451//1451 1547//1547 1452//1452
f 1452//1452 1547//1547 1548//1548
f 1452//1452 1548//1548 1453//1453
f 1453//1453 1548//1548 1549//1549
f 1453//1453 1549//1549 1454//1454
f 1454//1454 1549//1549 1550//1550
f 1454//1454 1550//1550 1455//1455
f 1455//1455 1550//1550 1551//1551
f 1455//1455 1551//1551 1456//1456
f 1456//1456 1551//1551 1552//1552
f 1456//1456 1552//1552 1457//1457
f 1457//1457 1552//1552 1553//1553
f 1457//1457 1553//1553 1458//1458
f 1458//1458 1553//1553 1554//1554
f 1458//1458 1554//1554 1459//1459
f 1459//1459 1554//1554 1555//1555
f 1459//1459 1555//1555 1460//1460
f 1460//1460 1555//1555 1556//1556
f 1460//1460 1556//1556 1461//1461
f 1461//1461 1556//1556 1557//1557
f 1461//1461 1557//1557 1462//1462
f 1462//1462 1557//1557 1558//1558
f 1462//1462 1558//1558 1463//1463
f 1463//1463 1558//1558 1559//1559
f 1463//1463 1559//1559 1464//1464
f 1464//1464 1559//1559 1560//1560
f 1464//1464 1560//1560 1465//1465
f 1465//1465 1560//1560 1561//1561
f 1465//1465 1561//1561 1466//1466
f 1466//1466 1561//1561 1562//1562
f 1466//1466 1562//1562 1467//1467
f 1467//1467 1562//1562 1563//1563
f 1467//1467 1563//1563 1468//1468
f 1468//1468 1563//1563 1564//1564
f 1468//1468 1564//1564 1469//1469
f 1469//1469 1564//1564 1565//1565
f 1469//1469 1565//1565 1470//1470
f 1470//1470 1565//1565 1566//1566
f 1470//1470 1566//1566 1471//1471
f 1471//1471 1566//1566 1567//1567
f 1471//1471 1567//1567 1472//1472
f 1472//1472 1567//1567 1568//1568
f 1472//1472 1568//1568 1473//1473
f 1473//1473 1568//1568 1569//1569
f 1473//1473 1569//1569 1474//1474
f 1474//1474 1569//1569 1570//1570
f 1474//1474 1570//1570 1475//1475
f 1475//1475 1570//1570 1571//1571
f 1475//1475 1571//1571 1476//1476
f 1476//1476 1571//1571 1572//1572
f 1476//1476 1572//1572 1477//1477
f 1477//1477 1572//1572 1573//1573
f 1477//1477 1573//1573 1478//1478
f 1478//1478 1573//1573 1574//1574
f 1478//1478 1574//1574 1479//1479
f 1479//1479 1574//1574 1575//1575
f 1479//1479 1575//1575 1480//1480
f 1480//1480 1575//1575 1576//1576
f 1480//1480 1576//1576 1481//1481
f 1481//1481 1576//1576 1577//1577
f 1481//1481 1577//1577 1482//1482
f 1482//1482 1577//1577 1578//1578
f 1482//1482 1578//1578 1483//1483
f 1483//1483 1578//1578 1579//1579
f 1483//1483 1579//1579 1484//1484
f 1484//1484 1579//1579 1580//1580
f 1484//1484 1580//1580 1485//1485
f 1485//1485 1580//1580 1581//1581
f 1485//1485 1581//1581 1486//1486
f 1486//1486 1581//1581 1582//1582
f 1486//1486 1582//1582 1487//1487
f 1487//1487 1582//1582 1583//1583
f 1487//1487 1583//1583 1488//1488
f 1488//1488 1583//1583 1584//1584
f 1488//1488 1584//1584 1489//1489
f 1489//1489 1584//1584 1585//1585
f 1489//1489 1585//1585 1490//1490
f 1490//1490 1585//1585 1586//1586
f 1490//1490 1586//1586 1491//1491
f 1491//1491 1586//1586 1587//1587
f 1491//1491 1587//1587 1492//1492
f 1492//1492 1587//1587 1588//1588
f 1492//1492 1588//1588 1493//1493
f 1493//1493 1588//1588 1589//1589
f 1493//1493 1589//1589 1494//1494
f 1494//1494 1589//1589 1590//1590
f 1494//1494 1590//1590 1495//1495
f 1495//1495 1590//1590 1591//1591
f 1495//1495 1591//1591 1496//1496
f 1496//1496 1591//1591 1592//1592
f 1496//1496 1592//1592 1497//1497
f 1497//1497 1592//1592 1593//1593
f 1497//1497 1593//1593 1498//1498
f 1498//1498 1593//1593 1594//1594
f 1498//1498 1594//1594 1499//1499
f 1499//1499 1594//1594 1595//1595
f 1499//1499 1595//1595 1500//1500
f 1500//1500 1595//1595 1596//1596
f 1500//1500 1596//1596 1501//1501
f 1501//1501 1596//1596 1597//1597
f 1501//1501 1597//1597 1502//1502
f 1502//1502 1597//1597 1598//1598
f 1502//1502 1598//1598 1503//1503
f 1503//1503 1598//1598 1599//1599
f 1503//1503 1599//1599 1504//1504
f 1504//1504 1599//1599 1600//1600
f 1504//1504 1600//1600 1505//1505
f 1505//1505 1600//1600 1601//1601
f 1505//1505 1601//1601 1506//1506
f 1506//1506 1601//1601 1602//1602
f 1506//1506 1602//1602 1507//1507
f 1507//1507 1602//1602 1603//1603
f 1507//1507 1603//1603 1508//1508
f 1508//1508 1603//1603 1604//1604
f 1508//1508 1604//1604 1509//1509
f 1509//1509 1604//1604 1605//1605
f 1509//1509 1605//1605 1510//1510
f 1510//1510 1605//1605 1606//1606
f 1510//1510 1606//1606 1511//1511
f 1511//1511 1606//1606 1607//1607
f 1511//1511 1607//1607 1512//1512
f 1512//1512 1607//1607 1608//1608
f 1512//1512 1608//1608 1513//1513
f 1513//1513 1608//1608 1609//1609
f 1513//1513 1609//1609 1514//1514
f 1514//1514 1609//1609 1610//1610
f 1514//1514 1610//1610 1515//1515
f 1515//1515 1610//1610 1611//1611
f 1515//1515 1611//1611 1516//1516
f 1516//1516 1611//1611 1612//1612
f 1516//1516 1612//1612 1517//1517
f 1517//1517 1612//1612 1613//1613
f 1517//1517 1613//1613 1518//1518
f 1518//1518 1613//1613 1614//1614
f 1518//1518 1614//1614 1519//1519
f 1519//1519 1614//1614 1615//1615
f 1519//1519 1615//1615 1520//1520
f 1520//1520 1615//1615 1616//1616
f 1520//1520 1616//1616 1521//1521
f 1521//1521 1616//1616 1617//1617
f 1521//1521 1617//1617 1522//1522
f 1522//1522 1617//1617 1618//1618
f 1522//1522 1618//1618 1523//1523
f 1523//1523 1618//1618 1619//1619
f 1523//1523 1619//1619 1524//1524
f 1524//1524 1619//1619 1620//1620
f 1524//1524 1620//1620 1525//1525
f 1525//1525 1620//1620 1621//1621
f 1525//1525 1621//1621 1526//1526
f 1526//1526 1621//1621 1622//1622
f 1526//1526 1622//1622 1527//1527
f 1527//1527 1622//1622 1623//1623
f 1527//1527 1623//1623 1528//1528
f 1528//1528 1623//1623 1624//1624
f 1528//1528 1624//1624 1529//1529
f 1529//1529 1624//1624 1625//1625
f 1529//1529 1625//1625 1530//1530
f 1530//1530 1625//1625 1626//1626
f 1530//1530 1626//1626 1531//1531
f 1531//1531 1626//1626 1627//1627
f 1531//1531 1627//1627 1532//1532
f 1532//1532 1627//1627 1628//1628
f 1532//1532 1628//1628 1533//1533
f 1533//1533 1628//1628 1629//1629
f 1533//1533 1629//1629 1534//1534
f 1534//1534 1629//1629 1630//1630
f 1534//1534 1630//1630 1535//1535
f 1535//1535 1630//1630 1631//1631
f 1535//1535 1631//1631 1536//1536
f 1536//1536 1631//1631 1632//1632
f 1536//1536 1632//1632 1537//1537
f 1537//1537 1632//1632 1633//1633
f 1537//1537 1633//1633 1442//1442
f 1442//1442 1633//1633 1538//1538
f 1538//1538 1634//1634 1539//1539
f 1539//1539 1634//1634 1635//1635
f 1539//1539 1635//1635 1540//1540
f 1540//1540 1635//1635 1636//1636
f 1540//1540 1636//1636 1541//1541
f 1541//1541 1636//1636 1637//1637
f 1541//1541 1637//1637 1542//1542
f 1542//1542 1637//1637 1638//1638
f 1542//1542 1638//1638 1543//1543
f 1543//1543 1638//1638 1639//1639
f 1543//1543 1639//1639 1544//1544
f 1544//1544 1639//1639 1640//1640
f 1544//1544 1640//1640 1545//1545
f 1545//1545 1640//1640 1641//1641
f 1545//1545 1641//1641 1546//1546
f 1546//1546 1641//1641 1642//1642
f 1546//1546 1642//1642 1547//1547
f 1547//1547 1642//1642 1643//1643
f 1547//1547 1643//1643 1548//1548
f 1548//1548 1643//1643 1644//1644
f 1548//1548 1644//1644 1549//1549
f 1549//1549 1644//1644 1645//1645
f 1549//1549 1645//1645 1550//1550
f 1550//1550 1645//1645 1646//1646
f 1550//1550 1646//1646 1551//1551
f 1551//1551 1646//1646 1647//1647
f 1551//1551 1647//1647 1552//1552
f 1552//1552 1647//1647 1648//1648
f 1552//1552 1648//1648 1553//1553
f 1553//1553 1648//1648 1649//1649
f 1553//1553 1649//1649 1554//1554
f 1554//1554 1649//1649 1650//1650
f 1554//1554 1650//1650 1555//1555
f 1555//1555 1650//1650 1651//1651
f 1555//1555 1651//1651 1556//1556
f 1556//1556 1651//1651 1652//1652
f 1556//1556 1652//1652 1557//1557
f 1557//1557 1652//1652 1653//1653
f 1557//1557 1653//1653 1558//1558
f 1558//1558 1653//1653 1654//1654
f 1558//1558 1654//1654 1559//1559
f 1559//1559 1654//1654 1655//1655
f 1559//1559 1655//1655 1560//1560
f 1560//1560 1655//1655 1656//1656
f 1560//1560 1656//1656 1561//1561
f 1561//1561 1656//1656 1657//1657
f 1561//1561 1657//1657 1562//1562
f 1562//1562 1657//1657 1658//1658
f 1562//1562 1658//1658 1563//1563
f 1563//1563 1658//1658 1659//1659
f 1563//1563 1659//1659 1564//1564
f 1564//1564 1659//1659 1660//1660
f 1564//1564 1660//1660 1565//1565
f 1565//1565 1660//1660 1661//1661
f 1565//1565 1661//1661 1566//1566
f 1566//1566 1661//1661 1662//1662
f 1566//1566 1662//1662 1567//1567
f 1567//1567 1662//1662 1663//1663
f 1567//1567 1663//1663 1568//1568
f 1568//1568 1663//1663 1664//1664
f 1568//1568 1664//1664 1569//1569
f 1569//1569 1664//1664 1665//1665
f 1569//1569 1665//1665 1570//1570
f 1570//1570 1665//1665 1666//1666
f 1570//1570 1666//1666 1571//1571
f 1571//1571 1666//1666 1667//1667
f 1571//1571 1667//1667 1572//1572
f 1572//1572 1667//1667 1668//1668
f 1572//1572 1668//1668 1573//1573
f 1573//1573 1668//1668 1669//1669
f 1573//1573 1669//1669 1574//1574
f 1574//1574 1669//1669 1670//1670
f 1574//1574 1670//1670 1575//1575
f 1575//1575 1670//1670 1671//1671
f 1575//1575 1671//1671 1576//1576
f 1576//1576 1671//1671 1672//1672
f 1576//1576 1672//1672 1577//1577
f 1577//1577 1672//1672 1673//1673
f 1577//1577 1673//1673 1578//1578
f 1578//1578 1673//1673 1674//1674
f 1578//1578 1674//1674 1579//1579
f 1579//1579 1674//1674 1675//1675
f 1579//1579 1675//1675 1580//1580
f 1580//1580 1675//1675 1676//1676
f 1580//1580 1676//1676 1581//1581
f 1581//1581 1676//1676 1677//1677
f 1581//1581 1677//1677 1582//1582
f 1582//1582 1677//1677 1678//1678
f 1582//1582 1678//1678 1583//1583
f 1583//1583 1678//1678 1679//1679
f 1583//1583 1679//1679 1584//1584
f 1584//1584 1679//1679 1680//1680
f 1584//1584 1680//1680 1585//1585
f 1585//1585 1680//1680 1681//1681
f 1585//1585 1681//1681 1586//1586
f 1586//1586 1681//1681 1682//1682
f 1586//1586 1682//1682 1587//1587
f 1587//1587 1682//1682 1683//1683
f 1587//1587 1683//1683 1588//1588
f 1588//1588 1683//1683 1684//1684
f 1588//1588 1684//1684 1589//1589
f 1589//1589 1684//1684 1685//1685
f 1589//1589 1685//1685 1590//1590
f 1590//1590 1685//1685 1686//1686
f 1590//1590 1686//1686 1591//1591
f 1591//1591 1686//1686 1687//1687
f 1591//1591 1687//1687 1592//1592
f 1592//1592 1687//1687 1688//1688
f 1592//1592 1688//1688 1593//1593
f 1593//1593 1688//1688 1689//1689
f 1593//1593 1689//1689 1594//1594
f 1594//1594 1689//1689 1690//1690
f 1594//1594 1690//1690 1595//1595
f 1595//1595 1690//1690 1691//1691
f 1595//1595 1691//1691 1596//1596
f 1596//1596 1691//1691 1692//1692
f 1596//1596 1692//1692 1597//1597
f 1597//1597 1692//1692 1693//1693
f 1597//1597 1693//1693 1598//1598
f 1598//1598 1693//1693 1694//1694
f 1598//1598 1694//1694 1599//1599
f 1599//1599 1694//1694 1695//1695
f 1599//1599 1695//1695 1600//1600
f 1600//1600 1695//1695 1696//1696
f 1600//1600 1696//1696 1601//1601
f 1601//1601 1696//1696 1697//1697
f 1601//1601 1697//1697 1602//1602
f 1602//1602 1697//1697 1698//1698
f 1602//1602 1698//1698 1603//1603
f 1603//1603 1698//1698 1699//1699
f 1603//1603 1699//1699 1604//1604
f 1604//1604 1699//1699 1700//1700
f 1604//1604 1700//1700 1605//1605
f 1605//1605 1700//1700 1701//1701
f 1605//1605 1701//1701 1606//1606
f 1606//1606 1701//1701 1702//1702
f 1606//1606 1702//1702 1607//1607
f 1607//1607 1702//1702 1703//1703
f 1607//1607 1703//1703 1608//1608
f 1608//1608 1703//1703 1704//1704
f 1608//1608 1704//1704 1609//1609
f 1609//1609 1704//1704 1705//1705
f 1609//1609 1705//1705 1610//1610
f 1610//1610 1705//1705 1706//1706
f 1610//1610 1706//1706 1611//1611
f 1611//1611 1706//1706 1707//1707
f 1611//1611 1707//1707 1612//1612
f 1612//1612 1707//1707 1708//1708
f 1612//1612 1708//1708 1613//1613
f 1613//1613 1708//1708 1709//1709
f 1613//1613 1709//1709 1614//1614
f 1614//1614 1709//1709 1710//1710
f 1614//1614 1710//1710 1615//1615
f 1615//1615 1710//1710 1711//1711
f 1615//1615 1711//1711 1616//1616
f 1616//1616 1711//1711 1712//1712
f 1616//1616 1712//1712 1617//1617
f 1617//1617 1712//1712 1713//1713
f 1617//1617 1713//1713 1618//1618
f 1618//1618 1713//1713 1714//1714
f 1618//1618 1714//1714 1619//1619
f 1619//1619 1714//1714 1715//1715
f 1619//1619 1715//1715 1620//1620
f 1620//1620 1715//1715 1716//1716
f 1620//1620 1716//1716 1621//1621
f 1621//1621 1716//1716 1717//1717
f 1621//1621 1717//1717 1622//1622
f 1622//1622 1717//1717 1718//1718
f 1622//1622 1718//1718 1623//1623
f 1623//1623 1718//1718 1719//1719
f 1623//1623 1719//1719 1624//1624
f 1624//1624 1719//1719 1720//1720
f 1624//1624 1720//1720 1625//1625
f 1625//1625 1720//1720 1721//1721
f 1625//1625 1721//1721 1626//1626
f 1626//1626 1721//1721 1722//1722
f 1626//1626 1722//1722 1627//1627
f 1627//1627 1722//1722 1723//1723
f 1627//1627 1723//1723 1628//1628
f 1628//1628 1723//1723 1724//1724
f 1628//1628 1724//1724 1629//1629
f 1629//1629 1724//1724 1725//1725
f 1629//1629 1725//1725 1630//1630
f 1630//1630 1725//1725 1726//1726
f 1630//1630 1726//1726 1631//1631
f 1631//1631 1726//1726 1727//1727
f 1631//1631 1727//1727 1632//1632
f 1632//1632 1727//1727 1728//1728
f 1632//1632 1728//1728 1633//1633
f 1633//1633 1728//1728 1729//1729
f 1633//1633 1729//1729 1538//1538
f 1538//1538 1729//1729 1634//1634
f 1634//1634 1730//1730 1635//1635
f 1635//1635 1730//1730 1731//1731
f 1635//1635 1731//1731 1636//1636
f 1636//1636 1731//1731 1732//1732
f 1636//1636 1732//1732 1637//1637
f 1637//1637 1732//1732 1733//1733
f 1637//1637 1733//1733 1638//1638
f 1638//1638 1733//1733 1734//1734
f 1638//1638 1734//1734 1639//1639
f 1639//1639 1734//1734 1735//1735
f 1639//1639 1735//1735 1640//1640
f 1640//1640 1735//1735 1736//1736
f 1640//1640 1736//1736 1641//1641
f 1641//1641 1736//1736 1737//1737
f 1641//1641 1737//1737 1642//1642
f 1642//1642 1737//1737 1738//1738
f 1642//1642 1738//1738 1643//1643
f 1643//1643 1738//1738 1739//1739
f 1643//1643 1739//1739 1644//1644
f 1644//1644 1739//1739 1740//1740
f 1644//1644 1740//1740 1645//1645
f 1645//1645 1740//1740 1741//1741
f 1645//1645 1741//1741 1646//1646
f 1646//1646 1741//1741 1742//1742
f 1646//1646 1742//1742 1647//1647
f 1647//1647 1742//1742 1743//1743
f 1647//1647 1743//1743 1648//1648
f 1648//1648 1743//1743 1744//1744
f 1648//1648 1744//1744 1649//1649
f 1649//1649 1744//1744 1745//1745
f 1649//1649 1745//1745 1650//1650
f 1650//1650 1745//1745 1746//1746
f 1650//1650 1746//1746 1651//1651
f 1651//1651 1746//1746 1747//1747
f 1651//1651 1747//1747 1652//1652
f 1652//1652 1747//1747 1748//1748
f 1652//1652 1748//1748 1653//1653
f 1653//1653 1748//1748 1749//1749
f 1653//1653 1749//1749 1654//1654
f 1654//1654 1749//1749 1750//1750
f 1654//1654 1750//1750 1655//1655
f 1655//1655 1750//1750 1751//1751
f 1655//1655 1751//1751 1656//1656
f 1656//1656 1751//1751 1752//1752
f 1656//1656 1752//1752 1657//1657
f 1657//1657 1752//1752 1753//1753
f 1657//1657 1753//1753 1658//1658
f 1658//1658 1753//1753 1754//1754
f 1658//1658 1754//1754 1659//1659
f 1659//1659 1754//1754 1755//1755
f 1659//1659 1755//1755 1660//1660
f 1660//1660 1755//1755 1756//1756
f 1660//1660 1756//1756 1661//1661
f 1661//1661 1756//1756 1757//1757
f 1661//1661 1757//1757 1662//1662
f 1662//1662 1757//1757 1758//1758
f 1662//1662 1758//1758 1663//1663
f 1663//1663 1758//1758 1759//1759
f 1663//1663 1759//1759 1664//1664
f 1664//1664 1759//1759 1760//1760
f 1664//1664 1760//1760 1665//1665
f 1665//1665 1760//1760 1761//1761
f 1665//1665 1761//1761 1666//1666
f 1666//1666 1761//1761 1762//1762
f 1666//1666 1762//1762 1667//1667
f 1667//1667 1762//1762 1763//1763
f 1667//1667 1763//1763 1668//1668
f 1668//1668 1763//1763 1764//1764
f 1668//1668 1764//1764 1669//1669
f 1669//1669 1764//1764 1765//1765
f 1669//1669 1765//1765 1670//1670
f 1670//1670 1765//1765 1766//1766
f 1670//1670 1766//1766 1671//1671
f 1671//1671 1766//1766 1767//1767
f 1671//1671 1767//1767 1672//1672
f 1672//1672 1767//1767 1768//1768
f 1672//1672 1768//1768 1673//1673
f 1673//1673 1768//1768 1769//1769
f 1673//1673 1769//1769 1674//1674
f 1674//1674 1769//1769 1770//1770
f 1674//1674 1770//1770 1675//1675
f 1675//1675 1770//1770 1771//1771
f 1675//1675 1771//1771 1676//1676
f 1676//1676 1771//1771 1772//1772
f 1676//1676 1772//1772 1677//1677
f 1677//1677 1772//1772 1773//1773
f 1677//1677 1773//1773 1678//1678
f 1678//1678 1773//1773 1774//1774
f 1678//1678 1774//1774 1679//1679
f 1679//1679 1774//1774 1775//1775
f 1679//1679 1775//1775 1680//1680
f 1680//1680 1775//1775 1776//1776
f 1680//1680 1776//1776 1681//1681
f 1681//1681 1776//1776 1777//1777
f 1681//1681 1777//1777 1682//1682
f 1682//1682 1777//1777 1778//1778
f 1682//1682 1778//1778 1683//1683
f 1683//1683 1778//1778 1779//1779
f 1683//1683 1779//1779 1684//1684
f 1684//1684 1779//1779 1780//1780
f 1684//1684 1780//1780 1685//1685
f 1685//1685 1780//1780 1781//1781
f 1685//1685 1781//1781 1686//1686
f 1686//1686 1781//1781 1782//1782
f 1686//1686 1782//1782 1687//1687
f 1687//1687 1782//1782 1783//1783
f 1687//1687 1783//1783 1688//1688
f 1688//1688 1783//1783 1784//1784
f 1688//1688 1784//1784 1689//1689
f 1689//1689 1784//1784 1785//1785
f 1689//1689 1785//1785 1690//1690
f 1690//1690 1785//1785 1786//1786
f 1690//1690 1786//1786 1691//1691
f 1691//1691 1786//1786 1787//1787
f 1691//1691 1787//1787 1692//1692
f 1692//1692 1787//1787 1788//1788
f 1692//1692 1788//1788 1693//1693
f 1693//1693 1788//1788 1789//1789
f 1693//1693 1789//1789 1694//1694
f 1694//1694 1789//1789 1790//1790
f 1694//1694 1790//1790 1695//1695
f 1695//1695 1790//1790 1791//1791
f 1695//1695 1791//1791 1696//1696
f 1696//1696 1791//1791 1792//1792
f 1696//1696 1792//1792 1697//1697
f 1697//1697 1792//1792 1793//1793
f 1697//1697 1793//1793 1698//1698
f 1698//1698 1793//1793 1794//1794
f 1698//1698 1794//1794 1699//1699
f 1699//1699 1794//1794 1795//1795
f 1699//1699 1795//1795 1700//1700
f 1700//1700 1795//1795 1796//1796
f 1700//1700 1796//1796 1701//1701
f 1701//1701 1796//1796 1797//1797
f 1701//1701 1797//1797 1702//1702
f 1702//1702 1797//1797 1798//1798
f 1702//1702 1798//1798 1703//1703
f 1703//1703 1798//1798 1799//1799
f 1703//1703 1799//1799 1704//1704
f 1704//1704 1799//1799 1800//1800
f 1704//1704 1800//1800 1705//1705
f 1705//1705 1800//1800 1801//1801
f 1705//1705 1801//1801 1706//1706
f 1706//1706 1801//1801 1802//1802
f 1706//1706 1802//1802 1707//1707
f 1707//1707 1802//1802 1803//1803
f 1707//1707 1803//1803 1708//1708
f 1708//1708 1803//1803 1804//1804
f 1708//1708 1804//1804 1709//1709
f 1709//1709 1804//1804 1805//1805
f 1709//1709 1805//1805 1710//1710
f 1710//1710 1805//1805 1806//1806
f 1710//1710 1806//1806 1711//1711
f 1711//1711 1806//1806 1807//1807
f 1711//1711 1807//1807 1712//1712
f 1712//1712 1807//1807 1808//1808
f 1712//1712 1808//1808 1713//1713
f 1713//1713 1808//1808 1809//1809
f 1713//1713 1809//1809 1714//1714
f 1714//1714 1809//1809 1810//1810
f 1714//1714 1810//1810 1715//1715
f 1715//1715 1810//1810 1811//1811
f 1715//1715 1811//1811 1716//1716
f 1716//1716 1811//1811 1812//1812
f 1716//1716 1812//1812 1717//1717
f 1717//1717 1812//1812 1813//1813
f 1717//1717 1813//1813 1718//1718
f 1718//1718 1813//1813 1814//1814
f 1718//1718 1814//1814 1719//1719
f 1719//1719 1814//1814 1815//1815
f 1719//1719 1815//1815 1720//1720
f 1720//1720 1815//1815 1816//1816
f 1720//1720 1816//1816 1721//1721
f 1721//1721 1816//1816 1817//1817
f 1721//1721 1817//1817 1722//1722
f 1722//1722 1817//1817 1818//1818
f 1722//1722 1818//1818 1723//1723
f 1723//1723 1818//1818 1819//1819
f 1723//1723 1819//1819 1724//1724
f 1724//1724 1819//1819 1820//1820
f 1724//1724 1820//1820 1725//1725
f 1725//1725 1820//1820 1821//1821
f 1725//1725 1821//1821 1726//1726
f 1726//1726 1821//1821 1822//1822
f 1726//1726 1822//1822 1727//1727
f 1727//1727 1822//1822 1823//1823
f 1727//1727 1823//1823 1728//1728
f 1728//1728 1823//1823 1824//1824
f 1728//1728 1824//1824 1729//1729
f 1729//1729 1824//1824 1825//1825
f 1729//1729 1825//1825 1634//1634
f 1634//1634 1825//1825 1730//1730
f 1730//1730 1826//1826 1731//1731
f 1731//1731 1826//1826 1827//1827
f 1731//1731 1827//1827 1732//1732
f 1732//1732 1827//1827 1828//1828
f 1732//1732 1828//1828 1733//1733
f 1733//1733 1828//1828 1829//1829
f 1733//1733 1829//1829 1734//1734
f 1734//1734 1829//1829 1830//1830
f 1734//1734 1830//1830 1735//1735
f 1735//1735 1830//1830 1831//1831
f 1735//1735 1831//1831 1736//1736
f 1736//1736 1831//1831 1832//1832
f 1736//1736 1832//1832 1737//1737
f 1737//1737 1832//1832 1833//1833
f 1737//1737 1833//1833 1738//1738
f 1738//1738 1833//1833 1834//1834
f 1738//1738 1834//1834 1739//1739
f 1739//1739 1834//1834 1835//1835
f 1739//1739 1835//1835 1740//1740
f 1740//1740 1835//1835 1836//1836
f 1740//1740 1836//1836 1741//1741
f 1741//1741 1836//1836 1837//1837
f 1741//1741 1837//1837 1742//1742
f 1742//1742 1837//1837 1838//1838
f 1742//1742 1838//1838 1743//1743
f 1743//1743 1838//1838 1839//1839
f 1743//1743 1839//1839 1744//1744
f 1744//1744 1839//1839 1840//1840
f 1744//1744 1840//1840 1745//1745
f 1745//1745 1840//1840 1841//1841
f 1745//1745 1841//1841 1746//1746
f 1746//1746 1841//1841 1842//1842
f 1746//1746 1842//1842 1747//1747
f 1747//1747 1842//1842 1843//1843
f 1747//1747 1843//1843 1748//1748
f 1748//1748 1843//1843 1844//1844
f 1748//1748 1844//1844 1749//1749
f 1749//1749 1844//1844 1845//1845
f 1749//1749 1845//1845 1750//1750
f 1750//1750 1845//1845 1846//1846
f 1750//1750 1846//1846 1751//1751
f 1751//1751 1846//1846 1847//1847
f 1751//1751 1847//1847 1752//1752
f 1752//1752 1847//1847 1848//1848
f 1752//1752 1848//1848 1753//1753
f 1753//1753 1848//1848 1849//1849
f 1753//1753 1849//1849 1754//1754
f 1754//1754 1849//1849 1850//1850
f 1754//1754 1850//1850 1755//1755
f 1755//1755 1850//1850 1851//1851
f 1755//1755 1851//1851 1756//1756
f 1756//1756 1851//1851 1852//1852
f 1756//1756 1852//1852 1757//1757
f 1757//1757 1852//1852 1853//1853
f 1757//1757 1853//1853 1758//1758
f 1758//1758 1853//1853 1854//1854
f 1758//1758 1854//1854 1759//1759
f 1759//1759 1854//1854 1855//1855
f 1759//1759 1855//1855 1760//1760
f 1760//1760 1855//1855 1856//1856
f 1760//1760 1856//1856 1761//1761
f 1761//1761 1856//1856 1857//1857
f 1761//1761 1857//1857 1762//1762
f 1762//1762 1857//1857 1858//1858
f 1762//1762 1858//1858 1763//1763
f 1763//1763 1858//1858 1859//1859
f 1763//1763 1859//1859 1764//1764
f 1764//1764 1859//1859 1860//1860
f 1764//1764 1860//1860 1765//1765
f 1765//1765 1860//1860 1861//1861
f 1765//1765 1861//1861 1766//1766
f 1766//1766 1861//1861 1862//1862
f 1766//1766 1862//1862 1767//1767
f 1767//1767 1862//1862 1863//1863
f 1767//1767 1863//1863 1768//1768
f 1768//1768 1863//1863 1864//1864
f 1768//1768 1864//1864 1769//1769
f 1769//1769 1864//1864 1865//1865
f 1769//1769 1865//1865 1770//1770
f 1770//1770 1865//1865 1866//1866
f 1770//1770 1866//1866 1771//1771
f 1771//1771 1866//1866 1867//1867
f 1771//1771 1867//1867 1772//1772
f 1772//1772 1867//1867 1868//1868
f 1772//1772 1868//1868 1773//1773
f 1773//1773 1868//1868 1869//1869
f 1773//1773 1869//1869 1774//1774
f 1774//1774 1869//1869 1870//1870
f 1774//1774 1870//1870 1775//1775
f 1775//1775 1870//1870 1871//1871
f 1775//1775 1871//1871 1776//1776
f 1776//1776 1871//1871 1872//1872
f 1776//1776 1872//1872 1777//1777
f 1777//1777 1872//1872 1873//1873
f 1777//1777 1873//1873 1778//1778
f 1778//1778 1873//1873 1874//1874
f 1778//1778 1874//1874 1779//1779
f 1779//1779 1874//1874 1875//1875
f 1779//1779 1875//1875 1780//1780
f 1780//1780 1875//1875 1876//1876
f 1780//1780 1876//1876 1781//1781
f 1781//1781 1876//1876 1877//1877
f 1781//1781 1877//1877 1782//1782
f 1782//1782 1877//1877 1878//1878
f 1782//1782 1878//1878 1783//1783
f 1783//1783 1878//1878 1879//1879
f 1783//1783 1879//1879 1784//1784
f 1784//1784 1879//1879 1880//1880
f 1784//1784 1880//1880 1785//1785
f 1785//1785 1880//1880 1881//1881
f 1785//1785 1881//1881 1786//1786
f 1786//1786 1881//1881 1882//1882
f 1786//1786 1882//1882 1787//1787
f 1787//1787 1882//1882 1883//1883
f 1787//1787 1883//1883 1788//1788
f 1788//1788 1883//1883 1884//1884
f 1788//1788 1884//1884 1789//1789
f 1789//1789 1884//1884 1885//1885
f 1789//1789 1885//1885 1790//1790
f 1790//1790 1885//1885 1886//1886
f 1790//1790 1886//1886 1791//1791
f 1791//1791 1886//1886 1887//1887
f 1791//1791 1887//1887 1792//1792
f 1792//1792 1887//1887 1888//1888
f 1792//1792 1888//1888 1793//1793
f 1793//1793 1888//1888 1889//1889
f 1793//1793 1889//1889 1794//1794
f 1794//1794 1889//1889 1890//1890
f 1794//1794 1890//1890 1795//1795
f 1795//1795 1890//1890 1891//1891
f 1795//1795 1891//1891 1796//1796
f 1796//1796 1891//1891 1892//1892
f 1796//1796 1892//1892 1797//1797
f 1797//1797 1892//1892 1893//1893
f 1797//1797 1893//1893 1798//1798
f 1798//1798 1893//1893 1894//1894
f 1798//1798 1894//1894 1799//1799
f 1799//1799 1894//1894 1895//1895
f 1799//1799 1895//1895 1800//1800
f 1800//1800 1895//1895 1896//1896
f 1800//1800 1896//1896 1801//1801
f 1801//1801 1896//1896 1897//1897
f 1801//1801 1897//1897 1802//1802
f 1802//1802 1897//1897 1898//1898
f 1802//1802 1898//1898 1803//1803
f 1803//1803 1898//1898 1899//1899
f 1803//1803 1899//1899 1804//1804
f 1804//1804 1899//1899 1900//1900
f 1804//1804 1900//1900 1805//1805
f 1805//1805 1900//1900 1901//1901
f 1805//1805 1901//1901 1806//1806
f 1806//1806 1901//1901 1902//1902
f 1806//1806 1902//1902 1807//1807
f 1807//1807 1902//1902 1903//1903
f 1807//1807 1903//1903 1808//1808
f 1808//1808 1903//1903 1904//1904
f 1808//1808 1904//1904 1809//1809
f 1809//1809 1904//1904 1905//1905
f 1809//1809 1905//1905 1810//1810
f 1810//1810 1905//1905 1906//1906
f 1810//1810 1906//1906 1811//1811
f 1811//1811 1906//1906 1907//1907
f 1811//1811 1907//1907 1812//1812
f 1812//1812 1907//1907 1908//1908
f 1812//1812 1908//1908 1813//1813
f 1813//1813 1908//1908 1909//1909
f 1813//1813 1909//1909 1814//1814
f 1814//1814 1909//1909 1910//1910
f 1814//1814 1910//1910 1815//1815
f 1815//1815 1910//1910 1911//1911
f 1815//1815 1911//1911 1816//1816
f 1816//1816 1911//1911 1912//1912
f 1816//1816 1912//1912 1817//1817
f 1817//1817 1912//1912 1913//1913
f 1817//1817 1913//1913 1818//1818
f 1818//1818 1913//1913 1914//1914
f 1818//1818 1914//1914 1819//1819
f 1819//1819 1914//1914 1915//1915
f 1819//1819 1915//1915 1820//1820
f 1820//1820 1915//1915 1916//1916
f 1820//1820 1916//1916 1821//1821
f 1821//1821 1916//1916 1917//1917
f 1821//1821 1917//1917 1822//1822
f 1822//1822 1917//1917 1918//1918
f 1822//1822 1918//1918 1823//1823
f 1823//1823 1918//1918 1919//1919
f 1823//1823 1919//1919 1824//1824
f 1824//1824 1919//1919 1920//1920
f 1824//1824 1920//1920 1825//1825
f 1825//1825 1920//1920 1921//1921
f 1825//1825 1921//1921 1730//1730
f 1730//1730 1921//1921 1826//1826
f 1826//1826 1922//1922 1827//1827
f 1827//1827 1922//1922 1923//1923
f 1827//1827 1923//1923 1828//1828
f 1828//1828 1923//1923 1924//1924
f 1828//1828 1924//1924 1829//1829
f 1829//1829 1924//1924 1925//1925
f 1829//1829 1925//1925 1830//1830
f 1830//1830 1925//1925 1926//1926
f 1830//1830 1926//1926 1831//1831
f 1831//1831 1926//1926 1927//1927
f 1831//1831 1927//1927 1832//1832
f 1832//1832 1927//1927 1928//1928
f 1832//1832 1928//1928 1833//1833
f 1833//1833 1928//1928 1929//1929
f 1833//1833 1929//1929 1834//1834
f 1834//1834 1929//1929 1930//1930
f 1834//1834 1930//1930 1835//1835
f 1835//1835 1930//1930 1931//1931
f 1835//1835 1931//1931 1836//1836
f 1836//1836 1931//1931 1932//1932
f 1836//1836 1932//1932 1837//1837
f 1837//1837 1932//1932 1933//1933
f 1837//1837 1933//1933 1838//1838
f 1838//1838 1933//1933 1934//1934
f 1838//1838 1934//1934 1839//1839
f 1839//1839 1934//1934 1935//1935
f 1839//1839 1935//1935 1840//1840
f 1840//1840 1935//1935 1936//1936
f 1840//1840 1936//1936 1841//1841
f 1841//1841 1936//1936 1937//1937
f 1841//1841 1937//1937 1842//1842
f 1842//1842 1937//1937 1938//1938
f 1842//1842 1938//1938 1843//1843
f 1843//1843 1938//1938 1939//1939
f 1843//1843 1939//1939 1844//1844
f 1844//1844 1939//1939 1940//1940
f 1844//1844 1940//1940 1845//1845
f 1845//1845 1940//1940 1941//1941
f 1845//1845 1941//1941 1846//1846
f 1846//1846 1941//1941 1942//1942
f 1846//1846 1942//1942 1847//1847
f 1847//1847 1942//1942 1943//1943
f 1847//1847 1943//1943 1848//1848
f 1848//1848 1943//1943 1944//1944
f 1848//1848 1944//1944 1849//1849
f 1849//1849 1944//1944 1945//1945
f 1849//1849 1945//1945 1850//1850
f 1850//1850 1945//1945 1946//1946
f 1850//1850 1946//1946 1851//1851
f 1851//1851 1946//1946 1947//1947
f 1851//1851 1947//1947 1852//1852
f 1852//1852 1947//1947 1948//1948
f 1852//1852 1948//1948 1853//1853
f 1853//1853 1948//1948 1949//1949
f 1853//1853 1949//1949 1854//1854
f 1854//1854 1949//1949 1950//1950
f 1854//1854 1950//1950 1855//1855
f 1855//1855 1950//1950 1951//1951
f 1855//1855 1951//1951 1856//1856
f 1856//1856 1951//1951 1952//1952
f 1856//1856 1952//1952 1857//1857
f 1857//1857 1952//1952 1953//1953
f 1857//1857 1953//1953 1858//1858
f 1858//1858 1953//1953 1954//1954
f 1858//1858 1954//1954 1859//1859
f 1859//1859 1954//1954 1955//1955
f 1859//1859 1955//1955 1860//1860
f 1860//1860 1955//1955 1956//1956
f 1860//1860 1956//1956 1861//1861
f 1861//1861 1956//1956 1957//1957
f 1861//1861 1957//1957 1862//1862
f 1862//1862 1957//1957 1958//1958
f 1862//1862 1958//1958 1863//1863
f 1863//1863 1958//1958 1959//1959
f 1863//1863 1959//1959 1864//1864
f 1864//1864 1959//1959 1960//1960
f 1864//1864 1960//1960 1865//1865
f 1865//1865 1960//1960 1961//1961
f 1865//1865 1961//1961 1866//1866
f 1866//1866 1961//1961 1962//1962
f 1866//1866 1962//1962 1867//1867
f 1867//1867 1962//1962 1963//1963
f 1867//1867 1963//1963 1868//1868
f 1868//1868 1963//1963 1964//1964
f 1868//1868 1964//1964 1869//1869
f 1869//1869 1964//1964 1965//1965
f 1869//1869 1965//1965 1870//1870
f 1870//1870 1965//1965 1966//1966
f 1870//1870 1966//1966 1871//1871
f 1871//1871 1966//1966 1967//1967
f 1871//1871 1967//1967 1872//1872
f 1872//1872 1967//1967 1968//1968
f 1872//1872 1968//1968 1873//1873
f 1873//1873 1968//1968 1969//1969
f 1873//1873 1969//1969 1874//1874
f 1874//1874 1969//1969 1970//1970
f 1874//1874 1970//1970 1875//1875
f 1875//1875 1970//1970 1971//1971
f 1875//1875 1971//1971 1876//1876
f 1876//1876 1971//1971 1972//1972
f 1876//1876 1972//1972 1877//1877
f 1877//1877 1972//1972 1973//1973
f 1877//1877 1973//1973 1878//1878
f 1878//1878 1973//1973 1974//1974
f 1878//1878 1974//1974 1879//1879
f 1879//1879 1974//1974 1975//1975
f 1879//1879 1975//1975 1880//1880
f 1880//1880 1975//1975 1976//1976
f 1880//1880 1976//1976 1881//1881
f 1881//1881 1976//1976 1977//1977
f 1881//1881 1977//1977 1882//1882
f 1882//1882 1977//1977 1978//1978
f 1882//1882 1978//1978 1883//1883
f 1883//1883 1978//1978 1979//1979
f 1883//1883 1979//1979 1884//1884
f 1884//1884 1979//1979 1980//1980
f 1884//1884 1980//1980 1885//1885
f 1885//1885 1980//1980 1981//1981
f 1885//1885 1981//1981 1886//1886
f 1886//1886 1981//1981 1982//1982
f 1886//1886 1982//1982 1887//1887
f 1887//1887 1982//1982 1983//1983
f 1887//1887 1983//1983 1888//1888
f 1888//1888 1983//1983 1984//1984
f 1888//1888 1984//1984 1889//1889
f 1889//1889 1984//1984 1985//1985
f 1889//1889 1985//1985 1890//1890
f 1890//1890 1985//1985 1986//1986
f 1890//1890 1986//1986 1891//1891
f 1891//1891 1986//1986 1987//1987
f 1891//1891 1987//1987 1892//1892
f 1892//1892 1987//1987 1988//1988
f 1892//1892 1988//1988 1893//1893
f 1893//1893 1988//1988 1989//1989
f 1893//1893 1989//1989 1894//1894
f 1894//1894 1989//1989 1990//1990
f 1894//1894 1990//1990 1895//1895
f 1895//1895 1990//1990 1991//1991
f 1895//1895 1991//1991 1896//1896
f 1896//1896 1991//1991 1992//1992
f 1896//1896 1992//1992 1897//1897
f 1897//1897 1992//1992 1993//1993
f 1897//1897 1993//1993 1898//1898
f 1898//1898 1993//1993 1994//1994
f 1898//1898 1994//1994 1899//1899
f 1899//1899 1994//1994 1995//1995
f 1899//1899 1995//1995 1900//1900
f 1900//1900 1995//1995 1996//1996
f 1900//1900 1996//1996 1901//1901
f 1901//1901 1996//1996 1997//1997
f 1901//1901 1997//1997 1902//1902
f 1902//1902 1997//1997 1998//1998
f 1902//1902 1998//1998 1903//1903
f 1903//1903 1998//1998 1999//1999
f 1903//1903 1999//1999 1904//1904
f 1904//1904 1999//1999 2000//2000
f 1904//1904 2000//2000 1905//1905
f 1905//1905 2000//2000 2001//2001
f 1905//1905 2001//2001 1906//1906
f 1906//1906 2001//2001 2002//2002
f 1906//1906 2002//2002 1907//1907
f 1907//1907 2002//2002 2003//2003
f 1907//1907 2003//2003 1908//1908
f 1908//1908 2003//2003 2004//2004
f 1908//1908 2004//2004 1909//1909
f 1909//1909 2004//2004 2005//2005
f 1909//1909 2005//2005 1910//1910
f 1910//1910 2005//2005 2006//2006
f 1910//1910 2006//2006 1911//1911
f 1911//1911 2006//2006 2007//2007
f 1911//1911 2007//2007 1912//1912
f 1912//1912 2007//2007 2008//2008
f 1912//1912 2008//2008 1913//1913
f 1913//1913 2008//2008 2009//2009
f 1913//1913 2009//2009 1914//1914
f 1914//1914 2009//2009 2010//2010
f 1914//1914 2010//2010 1915//1915
f 1915//1915 2010//2010 2011//2011
f 1915//1915 2011//2011 1916//1916
f 1916//1916 2011//2011 2012//2012
f 1916//1916 2012//2012 1917//1917
f 1917//1917 2012//2012 2013//2013
f 1917//1917 2013//2013 1918//1918
f 1918//1918 2013//2013 2014//2014
f 1918//1918 2014//2014 1919//1919
f 1919//1919 2014//2014 2015//2015
f 1919//1919 2015//2015 1920//1920
f 1920//1920 2015//2015 2016//2016
f 1920//1920 2016//2016 1921//1921
f 1921//1921 2016//2016 2017//2017
f 1921//1921 2017//2017 1826//1826
f 1826//1826 2017//2017 1922//1922
f 1922//1922 2018//2018 1923//1923
f 1923//1923 2018//2018 2019//2019
f 1923//1923 2019//2019 1924//1924
f 1924//1924 2019//2019 2020//2020
f 1924//1924 2020//2020 1925//1925
f 1925//1925 2020//2020 2021//2021
f 1925//1925 2021//2021 1926//1926
f 1926//1926 2021//2021 2022//2022
f 1926//1926 2022//2022 1927//1927
f 1927//1927 2022//2022 2023//2023
f 1927//1927 2023//2023 1928//1928
f 1928//1928 2023//2023 2024//2024
f 1928//1928 2024//2024 1929//1929
f 1929//1929 2024//2024 2025//2025
f 1929//1929 2025//2025 1930//1930
f 1930//1930 2025//2025 2026//2026
f 1930//1930 2026//2026 1931//1931
f 1931//1931 2026//2026 2027//2027
f 1931//1931 2027//2027 1932//1932
f 1932//1932 2027//2027 2028//2028
f 1932//1932 2028//2028 1933//1933
f 1933//1933 2028//2028 2029//2029
f 1933//1933 2029//2029 1934//1934
f 1934//1934 2029//2029 2030//2030
f 1934//1934 2030//2030 1935//1935
f 1935//1935 2030//2030 2031//2031
f 1935//1935 2031//2031 1936//1936
f 1936//1936 2031//2031 2032//2032
f 1936//1936 2032//2032 1937//1937
f 1937//1937 2032//2032 2033//2033
f 1937//1937 2033//2033 1938//1938
f 1938//1938 2033//2033 2034//2034
f 1938//1938 2034//2034 1939//1939
f 1939//1939 2034//2034 2035//2035
f 1939//1939 2035//2035 1940//1940
f 1940//1940 2035//2035 2036//2036
f 1940//1940 2036//2036 1941//1941
f 1941//1941 2036//2036 2037//2037
f 1941//1941 2037//2037 1942//1942
f 1942//1942 2037//2037 2038//2038
f 1942//1942 2038//2038 1943//1943
f 1943//1943 2038//2038 2039//2039
f 1943//1943 2039//2039 1944//1944
f 1944//1944 2039//2039 2040//2040
f 1944//1944 2040//2040 1945//1945
f 1945//1945 2040//2040 2041//2041
f 1945//1945 2041//2041 1946//1946
f 1946//1946 2041//2041 2042//2042
f 1946//1946 2042//2042 1947//1947
f 1947//1947 2042//2042 2043//2043
f 1947//1947 2043//2043 1948//1948
f 1948//1948 2043//2043 2044//2044
f 1948//1948 2044//2044 1949//1949
f 1949//1949 2044//2044 2045//2045
f 1949//1949 2045//2045 1950//1950
f 1950//1950 2045//2045 2046//2046
f 1950//1950 2046//2046 1951//1951
f 1951//1951 2046//2046 2047//2047
f 1951//1951 2047//2047 1952//1952
f 1952//1952 2047//2047 2048//2048
f 1952//1952 2048//2048 1953//1953
f 1953//1953 2048//2048 2049//2049
f 1953//1953 2049//2049 1954//1954
f 1954//1954 2049//2049 2050//2050
f 1954//1954 2050//2050 1955//1955
f 1955//1955 2050//2050 2051//2051
f 1955//1955 2051//2051 1956//1956
f 1956//1956 2051//2051 2052//2052
f 1956//1956 2052//2052 1957//1957
f 1957//1957 2052//2052 2053//2053
f 1957//1957 2053//2053 1958//1958
f 1958//1958 2053//2053 2054//2054
f 1958//1958 2054//2054 1959//1959
f 1959//1959 2054//2054 2055//2055
f 1959//1959 2055//2055 1960//1960
f 1960//1960 2055//2055 2056//2056
f 1960//1960 2056//2056 1961//1961
f 1961//1961 2056//2056 2057//2057
f 1961//1961 2057//2057 1962//1962
f 1962//1962 2057//2057 2058//2058
f 1962//1962 2058//2058 1963//1963
f 1963//1963 2058//2058 2059//2059
f 1963//1963 2059//2059 1964//1964
f 1964//1964 2059//2059 2060//2060
f 1964//1964 2060//2060 1965//1965
f 1965//1965 2060//2060 2061//2061
f 1965//1965 2061//2061 1966//1966
f 1966//1966 2061//2061 2062//2062
f 1966//1966 2062//2062 1967//1967
f 1967//1967 2062//2062 2063//2063
f 1967//1967 2063//2063 1968//1968
f 1968//1968 2063//2063 2064//2064
f 1968//1968 2064//2064 1969//1969
f 1969//1969 2064//2064 2065//2065
f 1969//1969 2065//2065 1970//1970
f 1970//1970 2065//2065 2066//2066
f 1970//1970 2066//2066 1971//1971
f 1971//1971 2066//2066 2067//2067
f 1971//1971 2067//2067 1972//1972
f 1972//1972 2067//2067 2068//2068
f 1972//1972 2068//2068 1973//1973
f 1973//1973 2068//2068 2069//2069
f 1973//1973 2069//2069 1974//1974
f 1974//1974 2069//2069 2070//2070
f 1974//1974 2070//2070 1975//1975
f 1975//1975 2070//2070 2071//2071
f 1975//1975 2071//2071 1976//1976
f 1976//1976 2071//2071 2072//2072
f 1976//1976 2072//2072 1977//1977
f 1977//1977 2072//2072 2073//2073
f 1977//1977 2073//2073 1978//1978
f 1978//1978 2073//2073 2074//2074
f 1978//1978 2074//2074 1979//1979
f 1979//1979 2074//2074 2075//2075
f 1979//1979 2075//2075 1980//1980
f 1980//1980 2075//2075 2076//2076
f 1980//1980 2076//2076 1981//1981
f 1981//1981 2076//2076 2077//2077
f 1981//1981 2077//2077 1982//1982
f 1982//1982 2077//2077 2078//2078
f 1982//1982 2078//2078 1983//1983
f 1983//1983 2078//2078 2079//2079
f 1983//1983 2079//2079 1984//1984
f 1984//1984 2079//2079 2080//2080
f 1984//1984 2080//2080 1985//1985
f 1985//1985 2080//2080 2081//2081
f 1985//1985 2081//2081 1986//1986
f 1986//1986 2081//2081 2082//2082
f 1986//1986 2082//2082 1987//1987
f 1987//1987 2082//2082 2083//2083
f 1987//1987 2083//2083 1988//1988
f 1988//1988 2083//2083 2084//2084
f 1988//1988 2084//2084 1989//1989
f 1989//1989 2084//2084 2085//2085
f 1989//1989 2085//2085 1990//1990
f 1990//1990 2085//2085 2086//2086
f 1990//1990 2086//2086 1991//1991
f 1991//1991 2086//2086 2087//2087
f 1991//1991 2087//2087 1992//1992
f 1992//1992 2087//2087 2088//2088
f 1992//1992 2088//2088 1993//1993
f 1993//1993 2088//2088 2089//2089
f 1993//1993 2089//2089 1994//1994
f 1994//1994 2089//2089 2090//2090
f 1994//1994 2090//2090 1995//1995
f 1995//1995 2090//2090 2091//2091
f 1995//1995 2091//2091 1996//1996
f 1996//1996 2091//2091 2092//2092
f 1996//1996 2092//2092 1997//1997
f 1997//1997 2092//2092 2093//2093
f 1997//1997 2093//2093 1998//1998
f 1998//1998 2093//2093 2094//2094
f 1998//1998 2094//2094 1999//1999
f 1999//1999 2094//2094 2095//2095
f 1999//1999 2095//2095 2000//2000
f 2000//2000 2095//2095 2096//2096
f 2000//2000 2096//2096 2001//2001
f 2001//2001 2096//2096 2097//2097
f 2001//2001 2097//2097 2002//2002
f 2002//2002 2097//2097 2098//2098
f 2002//2002 2098//2098 2003//2003
f 2003//2003 2098//2098 2099//2099
f 2003//2003 2099//2099 2004//2004
f 2004//2004 2099//2099 2100//2100
f 2004//2004 2100//2100 2005//2005
f 2005//2005 2100//2100 2101//2101
f 2005//2005 2101//2101 2006//2006
f 2006//2006 2101//2101 2102//2102
f 2006//2006 2102//2102 2007//2007
f 2007//2007 2102//2102 2103//2103
f 2007//2007 2103//2103 2008//2008
f 2008//2008 2103//2103 2104//2104
f 2008//2008 2104//2104 2009//2009
f 2009//2009 2104//2104 2105//2105
f 2009//2009 2105//2105 2010//2010
f 2010//2010 2105//2105 2106//2106
f 2010//2010 2106//2106 2011//2011
f 2011//2011 2106//2106 2107//2107
f 2011//2011 2107//2107 2012//2012
f 2012//2012 2107//2107 2108//2108
f 2012//2012 2108//2108 2013//2013
f 2013//2013 2108//2108 2109//2109
f 2013//2013 2109//2109 2014//2014
f 2014//2014 2109//2109 2110//2110
f 2014//2014 2110//2110 2015//2015
f 2015//2015 2110//2110 2111//2111
f 2015//2015 2111//2111 2016//2016
f 2016//2016 2111//2111 2112//2112
f 2016//2016 2112//2112 2017//2017
f 2017//2017 2112//2112 2113//2113
f 2017//2017 2113//2113 1922//1922
f 1922//1922 2113//2113 2018//2018
f 2018//2018 2114//2114 2019//2019
f 2019//2019 2114//2114 2115//2115
f 2019//2019 2115//2115 2020//2020
f 2020//2020 2115//2115 2116//2116
f 2020//2020 2116//2116 2021//2021
f 2021//2021 2116//2116 2117//2117
f 2021//2021 2117//2117 2022//2022
f 2022//2022 2117//2117 2118//2118
f 2022//2022 2118//2118 2023//2023
f 2023//2023 2118//2118 2119//2119
f 2023//2023 2119//2119 2024//2024
f 2024//2024 2119//2119 2120//2120
f 2024//2024 2120//2120 2025//2025
f 2025//2025 2120//2120 2121//2121
f 2025//2025 2121//2121 2026//2026
f 2026//2026 2121//2121 2122//2122
f 2026//2026 2122//2122 2027//2027
f 2027//2027 2122//2122 2123//2123
f 2027//2027 2123//2123 2028//2028
f 2028//2028 2123//2123 2124//2124
f 2028//2028 2124//2124 2029//2029
f 2029//2029 2124//2124 2125//2125
f 2029//2029 2125//2125 2030//2030
f 2030//2030 2125//2125 2126//2126
f 2030//2030 2126//2126 2031//2031
f 2031//2031 2126//2126 2127//2127
f 2031//2031 2127//2127 2032//2032
f 2032//2032 2127//2127 2128//2128
f 2032//2032 2128//2128 2033//2033
f 2033//2033 2128//2128 2129//2129
f 2033//2033 2129//2129 2034//2034
f 2034//2034 2129//2129 2130//2130
f 2034//2034 2130//2130 2035//2035
f 2035//2035 2130//2130 2131//2131
f 2035//2035 2131//2131 2036//2036
f 2036//2036 2131//2131 2132//2132
f 2036//2036 2132//2132 2037//2037
f 2037//2037 2132//2132 2133//2133
f 2037//2037 2133//2133 2038//2038
f 2038//2038 2133//2133 2134//2134
f 2038//2038 2134//2134 2039//2039
f 2039//2039 2134//2134 2135//2135
f 2039//2039 2135//2135 2040//2040
f 2040//2040 2135//2135 2136//2136
f 2040//2040 2136//2136 2041//2041
f 2041//2041 2136//2136 2137//2137
f 2041//2041 2137//2137 2042//2042
f 2042//2042 2137//2137 2138//2138
f 2042//2042 2138//2138 2043//2043
f 2043//2043 2138//2138 2139//2139
f 2043//2043 2139//2139 2044//2044
f 2044//2044 2139//2139 2140//2140
f 2044//2044 2140//2140 2045//2045
f 2045//2045 2140//2140 2141//2141
f 2045//2045 2141//2141 2046//2046
f 2046//2046 2141//2141 2142//2142
f 2046//2046 2142//2142 2047//2047
f 2047//2047 2142//2142 2143//2143
f 2047//2047 2143//2143 2048//2048
f 2048//2048 2143//2143 2144//2144
f 2048//2048 2144//2144 2049//2049
f 2049//2049 2144//2144 2145//2145
f 2049//2049 2145//2145 2050//2050
f 2050//2050 2145//2145 2146//2146
f 2050//2050 2146//2146 2051//2051
f 2051//2051 2146//2146 2147//2147
f 2051//2051 2147//2147 2052//2052
f 2052//2052 2147//2147 2148//2148
f 2052//2052 2148//2148 2053//2053
f 2053//2053 2148//2148 2149//2149
f 2053//2053 2149//2149 2054//2054
f 2054//2054 2149//2149 2150//2150
f 2054//2054 2150//2150 2055//2055
f 2055//2055 2150//2150 2151//2151
f 2055//2055 2151//2151 2056//2056
f 2056//2056 2151//2151 2152//2152
f 2056//2056 2152//2152 2057//2057
f 2057//2057 2152//2152 2153//2153
f 2057//2057 2153//2153 2058//2058
f 2058//2058 2153//2153 2154//2154
f 2058//2058 2154//2154 2059//2059
f 2059//2059 2154//2154 2155//2155
f 2059//2059 2155//2155 2060//2060
f 2060//2060 2155//2155 2156//2156
f 2060//2060 2156//2156 2061//2061
f 2061//2061 2156//2156 2157//2157
f 2061//2061 2157//2157 2062//2062
f 2062//2062 2157//2157 2158//2158
f 2062//2062 2158//2158 2063//2063
f 2063//2063 2158//2158 2159//2159
f 2063//2063 2159//2159 2064//2064
f 2064//2064 2159//2159 2160//2160
f 2064//2064 2160//2160 2065//2065
f 2065//2065 2160//2160 2161//2161
f 2065//2065 2161//2161 2066//2066
f 2066//2066 2161//2161 2162//2162
f 2066//2066 2162//2162 2067//2067
f 2067//2067 2162//2162 2163//2163
f 2067//2067 2163//2163 2068//2068
f 2068//2068 2163//2163 2164//2164
f 2068//2068 2164//2164 2069//2069
f 2069//2069 2164//2164 2165//2165
f 2069//2069 2165//2165 2070//2070
f 2070//2070 2165//2165 2166//2166
f 2070//2070 2166//2166 2071//2071
f 2071//2071 2166//2166 2167//2167
f 2071//2071 2167//2167 2072//2072
f 2072//2072 2167//2167 2168//2168
f 2072//2072 2168//2168 2073//2073
f 2073//2073 2168//2168 2169//2169
f 2073//2073 2169//2169 2074//2074
f 2074//2074 2169//2169 2170//2170
f 2074//2074 2170//2170 2075//2075
f 2075//2075 2170//2170 2171//2171
f 2075//2075 2171//2171 2076//2076
f 2076//2076 2171//2171 2172//2172
f 2076//2076 2172//2172 2077//2077
f 2077//2077 2172//2172 2173//2173
f 2077//2077 2173//2173 2078//2078
f 2078//2078 2173//2173 2174//2174
f 2078//2078 2174//2174 2079//2079
f 2079//2079 2174//2174 2175//2175
f 2079//2079 2175//2175 2080//2080
f 2080//2080 2175//2175 2176//2176
f 2080//2080 2176//2176 2081//2081
f 2081//2081 2176//2176 2177//2177
f 2081//2081 2177//2177 2082//2082
f 2082//2082 2177//2177 2178//2178
f 2082//2082 2178//2178 2083//2083
f 2083//2083 2178//2178 2179//2179
f 2083//2083 2179//2179 2084//2084
f 2084//2084 2179//2179 2180//2180
f 2084//2084 2180//2180 2085//2085
f 2085//2085 2180//2180 2181//2181
f 2085//2085 2181//2181 2086//2086
f 2086//2086 2181//2181 2182//2182
f 2086//2086 2182//2182 2087//2087
f 2087//2087 2182//2182 2183//2183
f 2087//2087 2183//2183 2088//2088
f 2088//2088 2183//2183 2184//2184
f 2088//2088 2184//2184 2089//2089
f 2089//2089 2184//2184 2185//2185
f 2089//2089 2185//2185 2090//2090
f 2090//2090 2185//2185 2186//2186
f 2090//2090 2186//2186 2091//2091
f 2091//2091 2186//2186 2187//2187
f 2091//2091 2187//2187 2092//2092
f 2092//2092 2187//2187 2188//2188
f 2092//2092 2188//2188 2093//2093
f 2093//2093 2188//2188 2189//2189
f 2093//2093 2189//2189 2094//2094
f 2094//2094 2189//2189 2190//2190
f 2094//2094 2190//2190 2095//2095
f 2095//2095 2190//2190 2191//2191
f 2095//2095 2191//2191 2096//2096
f 2096//2096 2191//2191 2192//2192
f 2096//2096 2192//2192 2097//2097
f 2097//2097 2192//2192 2193//2193
f 2097//2097 2193//2193 2098//2098
f 2098//2098 2193//2193 2194//2194
f 2098//2098 2194//2194 2099//2099
f 2099//2099 2194//2194 2195//2195
f 2099//2099 2195//2195 2100//2100
f 2100//2100 2195//2195 2196//2196
f 2100//2100 2196//2196 2101//2101
f 2101//2101 2196//2196 2197//2197
f 2101//2101 2197//2197 2102//2102
f 2102//2102 2197//2197 2198//2198
f 2102//2102 2198//2198 2103//2103
f 2103//2103 2198//2198 2199//2199
f 2103//2103 2199//2199 2104//2104
f 2104//2104 2199//2199 2200//2200
f 2104//2104 2200//2200 2105//2105
f 2105//2105 2200//2200 2201//2201
f 2105//2105 2201//2201 2106//2106
f 2106//2106 2201//2201 2202//2202
f 2106//2106 2202//2202 2107//2107
f 2107//2107 2202//2202 2203//2203
f 2107//2107 2203//2203 2108//2108
f 2108//2108 2203//2203 2204//2204
f 2108//2108 2204//2204 2109//2109
f 2109//2109 2204//2204 2205//2205
f 2109//2109 2205//2205 2110//2110
f 2110//2110 2205//2205 2206//2206
f 2110//2110 2206//2206 2111//2111
f 2111//2111 2206//2206 2207//2207
f 2111//2111 2207//2207 2112//2112
f 2112//2112 2207//2207 2208//2208
f 2112//2112 2208//2208 2113//2113
f 2113//2113 2208//2208 2209//2209
f 2113//2113 2209//2209 2018//2018
f 2018//2018 2209//2209 2114//2114
f 2114//2114 2210//2210 2115//2115
f 2115//2115 2210//2210 2211//2211
f 2115//2115 2211//2211 2116//2116
f 2116//2116 2211//2211 2212//2212
f 2116//2116 2212//2212 2117//2117
f 2117//2117 2212//2212 2213//2213
f 2117//2117 2213//2213 2118//2118
f 2118//2118 2213//2213 2214//2214
f 2118//2118 2214//2214 2119//2119
f 2119//2119 2214//2214 2215//2215
f 2119//2119 2215//2215 2120//2120
f 2120//2120 2215//2215 2216//2216
f 2120//2120 2216//2216 2121//2121
f 2121//2121 2216//2216 2217//2217
f 2121//2121 2217//2217 2122//2122
f 2122//2122 2217//2217 2218//2218
f 2122//2122 2218//2218 2123//2123
f 2123//2123 2218//2218 2219//2219
f 2123//2123 2219//2219 2124//2124
f 2124//2124 2219//2219 2220//2220
f 2124//2124 2220//2220 2125//2125
f 2125//2125 2220//2220 2221//2221
f 2125//2125 2221//2221 2126//2126
f 2126//2126 2221//2221 2222//2222
f 2126//2126 2222//2222 2127//2127
f 2127//2127 2222//2222 2223//2223
f 2127//2127 2223//2223 2128//2128
f 2128//2128 2223//2223 2224//2224
f 2128//2128 2224//2224 2129//2129
f 2129//2129 2224//2224 2225//2225
f 2129//2129 2225//2225 2130//2130
f 2130//2130 2225//2225 2226//2226
f 2130//2130 2226//2226 2131//2131
f 2131//2131 2226//2226 2227//2227
f 2131//2131 2227//2227 2132//2132
f 2132//2132 2227//2227 2228//2228
f 2132//2132 2228//2228 2133//2133
f 2133//2133 2228//2228 2229//2229
f 2133//2133 2229//2229 2134//2134
f 2134//2134 2229//2229 2230//2230
f 2134//2134 2230//2230 2135//2135
f 2135//2135 2230//2230 2231//2231
f 2135//2135 2231//2231 2136//2136
f 2136//2136 2231//2231 2232//2232
f 2136//2136 2232//2232 2137//2137
f 2137//2137 2232//2232 2233//2233
f 2137//2137 2233//2233 2138//2138
f 2138//2138 2233//2233 2234//2234
f 2138//2138 2234//2234 2139//2139
f 2139//2139 2234//2234 2235//2235
f 2139//2139 2235//2235 2140//2140
f 2140//2140 2235//2235 2236//2236
f 2140//2140 2236//2236 2141//2141
f 2141//2141 2236//2236 2237//2237
f 2141//2141 2237//2237 2142//2142
f 2142//2142 2237//2237 2238//2238
f 2142//2142 2238//2238 2143//2143
f 2143//2143 2238//2238 2239//2239
f 2143//2143 2239//2239 2144//2144
f 2144//2144 2239//2239 2240//2240
f 2144//2144 2240//2240 2145//2145
f 2145//2145 2240//2240 2241//2241
f 2145//2145 2241//2241 2146//2146
f 2146//2146 2241//2241 2242//2242
f 2146//2146 2242//2242 2147//2147
f 2147//2147 2242//2242 2243//2243
f 2147//2147 2243//2243 2148//2148
f 2148//2148 2243//2243 2244//2244
f 2148//2148 2244//2244 2149//2149
f 2149//2149 2244//2244 2245//2245
f 2149//2149 2245//2245 2150//2150
f 2150//2150 2245//2245 2246//2246
f 2150//2150 2246//2246 2151//2151
f 2151//2151 2246//2246 2247//2247
f 2151//2151 2247//2247 2152//2152
f 2152//2152 2247//2247 2248//2248
f 2152//2152 2248//2248 2153//2153
f 2153//2153 2248//2248 2249//2249
f 2153//2153 2249//2249 2154//2154
f 2154//2154 2249//2249 2250//2250
f 2154//2154 2250//2250 2155//2155
f 2155//2155 2250//2250 2251//2251
f 2155//2155 2251//2251 2156//2156
f 2156//2156 2251//2251 2252//2252
f 2156//2156 2252//2252 2157//2157
f 2157//2157 2252//2252 2253//2253
f 2157//2157 2253//2253 2158//2158
f 2158//2158 2253//2253 2254//2254
f 2158//2158 2254//2254 2159//2159
f 2159//2159 2254//2254 2255//2255
f 2159//2159 2255//2255 2160//2160
f 2160//2160 2255//2255 2256//2256
f 2160//2160 2256//2256 2161//2161
f 2161//2161 2256//2256 2257//2257
f 2161//2161 2257//2257 2162//2162
f 2162//2162 2257//2257 2258//2258
f 2162//2162 2258//2258 2163//2163
f 2163//2163 2258//2258 2259//2259
f 2163//2163 2259//2259 2164//2164
f 2164//2164 2259//2259 2260//2260
f 2164//2164 2260//2260 2165//2165
f 2165//2165 2260//2260 2261//2261
f 2165//2165 2261//2261 2166//2166
f 2166//2166 2261//2261 2262//2262
f 2166//2166 2262//2262 2167//2167
f 2167//2167 2262//2262 2263//2263
f 2167//2167 2263//2263 2168//2168
f 2168//2168 2263//2263 2264//2264
f 2168//2168 2264//2264 2169//2169
f 2169//2169 2264//2264 2265//2265
f 2169//2169 2265//2265 2170//2170
f 2170//2170 2265//2265 2266//2266
f 2170//2170 2266//2266 2171//2171
f 2171//2171 2266//2266 2267//2267
f 2171//2171 2267//2267 2172//2172
f 2172//2172 2267//2267 2268//2268
f 2172//2172 2268//2268 2173//2173
f 2173//2173 2268//2268 2269//2269
f 2173//2173 2269//2269 2174//2174
f 2174//2174 2269//2269 2270//2270
f 2174//2174 2270//2270 2175//2175
f 2175//2175 2270//2270 2271//2271
f 2175//2175 2271//2271 2176//2176
f 2176//2176 2271//2271 2272//2272
f 2176//2176 2272//2272 2177//2177
f 2177//2177 2272//2272 2273//2273
f 2177//2177 2273//2273 2178//2178
f 2178//2178 2273//2273 2274//2274
f 2178//2178 2274//2274 2179//2179
f 2179//2179 2274//2274 2275//2275
f 2179//2179 2275//2275 2180//2180
f 2180//2180 2275//2275 2276//2276
f 2180//2180 2276//2276 2181//2181
f 2181//2181 2276//2276 2277//2277
f 2181//2181 2277//2277 2182//2182
f 2182//2182 2277//2277 2278//2278
f 2182//2182 2278//2278 2183//2183
f 2183//2183 2278//2278 2279//2279
f 2183//2183 2279//2279 2184//2184
f 2184//2184 2279//2279 2280//2280
f 2184//2184 2280//2280 2185//2185
f 2185//2185 2280//2280 2281//2281
f 2185//2185 2281//2281 2186//2186
f 2186//2186 2281//2281 2282//2282
f 2186//2186 2282//2282 2187//2187
f 2187//2187 2282//2282 2283//2283
f 2187//2187 2283//2283 2188//2188
f 2188//2188 2283//2283 2284//2284
f 2188//2188 2284//2284 2189//2189
f 2189//2189 2284//2284 2285//2285
f 2189//2189 2285//2285 2190//2190
f 2190//2190 2285//2285 2286//2286
f 2190//2190 2286//2286 2191//2191
f 2191//2191 2286//2286 2287//2287
f 2191//2191 2287//2287 2192//2192
f 2192//2192 2287//2287 2288//2288
f 2192//2192 2288//2288 2193//2193
f 2193//2193 2288//2288 2289//2289
f 2193//2193 2289//2289 2194//2194
f 2194//2194 2289//2289 2290//2290
f 2194//2194 2290//2290 2195//2195
f 2195//2195 2290//2290 2291//2291
f 2195//2195 2291//2291 2196//2196
f 2196//2196 2291//2291 2292//2292
f 2196//2196 2292//2292 2197//2197
f 2197//2197 2292//2292 2293//2293
f 2197//2197 2293//2293 2198//2198
f 2198//2198 2293//2293 2294//2294
f 2198//2198 2294//2294 2199//2199
f 2199//2199 2294//2294 2295//2295
f 2199//2199 2295//2295 2200//2200
f 2200//2200 2295//2295 2296//2296
f 2200//2200 2296//2296 2201//2201
f 2201//2201 2296//2296 2297//2297
f 2201//2201 2297//2297 2202//2202
f 2202//2202 2297//2297 2298//2298
f 2202//2202 2298//2298 2203//2203
f 2203//2203 2298//2298 2299//2299
f 2203//2203 2299//2299 2204//2204
f 2204//2204 2299//2299 2300//2300
f 2204//2204 2300//2300 2205//2205
f 2205//2205 2300//2300 2301//2301
f 2205//2205 2301//2301 2206//2206
f 2206//2206 2301//2301 2302//2302
f 2206//2206 2302//2302 2207//2207
f 2207//2207 2302//2302 2303//2303
f 2207//2207 2303//2303 2208//2208
f 2208//2208 2303//2303 2304//2304
f 2208//2208 2304//2304 2209//2209
f 2209//2209 2304//2304 2305//2305
f 2209//2209 2305//2305 2114//2114
f 2114//2114 2305//2305 2210//2210
f 2307//2307 2306//2306 2310//2310
f 2307//2307 2310//2310 2308//2308
f 2308//2308 2310//2310 2311//2311
f 2308//2308 2311//2311 2309//2309
f 2310//2310 2306//2306 2312//2312
f 2310//2310 2312//2312 2311//2311
f 2311//2311 2312//2312 2313//2313
f 2311//2311 2313//2313 2309//2309
f 2312//2312 2306//2306 2314//2314
f 2312//2312 2314//2314 2313//2313
f 2313//2313 2314//2314 2315//2315
f 2313//2313 2315//2315 2309//2309
f 2314//2314 2306//2306 2316//2316
f 2314//2314 2316//2316 2315//2315
f 2315//2315 2316//2316 2317//2317
f 2315//2315 2317//2317 2309//2309
f 2316//2316 2306//2306 2318//2318
f 2316//2316 2318//2318 2317//2317
f 2317//2317 2318//2318 2319//2319
f 2317//2317 2319//2319 2309//2309
f 2318//2318 2306//2306 2320//2320
f 2318//2318 2320//2320 2319//2319
f 2319//2319 2320//2320 2321//2321
f 2319//2319 2321//2321 2309//2309
f 2320//2320 2306//2306 2322//2322
f 2320//2320 2322//2322 2321//2321
f 2321//2321 2322//2322 2323//2323
f 2321//2321 2323//2323 2309//2309
f 2322//2322 2306//2306 2324//2324
f 2322//2322 2324//2324 2323//2323
f 2323//2323 2324//2324 2325//2325
f 2323//2323 2325//2325 2309//2309
f 2324//2324 2306//2306 2326//2326
f 2324//2324 2326//2326 2325//2325
f 2325//2325 2326//2326 2327//2327
f 2325//2325 2327//2327 2309//2309
f 2326//2326 2306//2306 2328//2328
f 2326//2326 2328//2328 2327//2327
f 2327//2327 2328//2328 2329//2329
f 2327//2327 2329//2329 2309//2309
f 2328//2328 2306//2306 2330//2330
f 2328//2328 2330//2330 2329//2329
f 2329//2329 2330//2330 2331//2331
f 2329//2329 2331//2331 2309//2309
f 2330//2330 2306//2306 2332//2332
f 2330//2330 2332//2332 2331//2331
f 2331//2331 2332//2332 2333//2333
f 2331//2331 2333//2333 2309//2309
f 2332//2332 2306//2306 2334//2334
f 2332//2332 2334//2334 2333//2333
f 2333//2333 2334//2334 2335//2335
f 2333//2333 2335//2335 2309//2309
f 2334//2334 2306//2306 2336//2336
f 2334//2334 2336//2336 2335//2335
f 2335//2335 2336//2336 2337//2337
f 2335//2335 2337//2337 2309//2309
f 2336//2336 2306//2306 2338//2338
f 2336//2336 2338//2338 2337//2337
f 2337//2337 2338//2338 2339//2339
f 2337//2337 2339//2339 2309//2309
f 2338//2338 2306//2306 2340//2340
f 2338//2338 2340//2340 2339//2339
f 2339//2339 2340//2340 2341//2341
f 2339//2339 2341//2341 2309//2309
f 2340//2340 2306//2306 2342//2342
f 2340//2340 2342//2342 2341//2341
f 2341//2341 2342//2342 2343//2343
f 2341//2341 2343//2343 2309//2309
f 2342//2342 2306//2306 2344//2344
f 2342//2342 2344//2344 2343//2343
f 2343//2343 2344//2344 2345//2345
f 2343//2343 2345//2345 2309//2309
f 2344//2344 2306//2306 2346//2346
f 2344//2344 2346//2346 2345//2345
f 2345//2345 2346//2346 2347//2347
f 2345//2345 2347//2347 2309//2309
f 2346//2346 2306//2306 2348//2348
f 2346//2346 2348//2348 2347//2347
f 2347//2347 2348//2348 2349//2349
f 2347//2347 2349//2349 2309//2309
f 2348//2348 2306//2306 2350//2350
f 2348//2348 2350//2350 2349//2349
f 2349//2349 2350//2350 2351//2351
f 2349//2349 2351//2351 2309//2309
f 2350//2350 2306//2306 2352//2352
f 2350//2350 2352//2352 2351//2351
f 2351//2351 2352//2352 2353//2353
f 2351//2351 2353//2353 2309//2309
f 2352//2352 2306//2306 2354//2354
f 2352//2352 2354//2354 2353//2353
f 2353//2353 2354//2354 2355//2355
f 2353//2353 2355//2355 2309//2309
f 2354//2354 2306//2306 2356//2356
f 2354//2354 2356//2356 2355//2355
f 2355//2355 2356//2356 2357//2357
f 2355//2355 2357//2357 2309//2309
f 2356//2356 2306//2306 2358//2358
f 2356//2356 2358//2358 2357//2357
f 2357//2357 2358//2358 2359//2359
f 2357//2357 2359//2359 2309//2309
f 2358//2358 2306//2306 2360//2360
f 2358//2358 2360//2360 2359//2359
f 2359//2359 2360//2360 2361//2361
f 2359//2359 2361//2361 2309//2309
f 2360//2360 2306//2306 2362//2362
f 2360//2360 2362//2362 2361//2361
f 2361//2361 2362//2362 2363//2363
f 2361//2361 2363//2363 2309//2309
f 2362//2362 2306//2306 2364//2364
f 2362//2362 2364//2364 2363//2363
f 2363//2363 2364//2364 2365//2365
f 2363//2363 2365//2365 2309//2309
f 2364//2364 2306//2306 2366//2366
f 2364//2364 2366//2366 2365//2365
f 2365//2365 2366//2366 2367//2367
f 2365//2365 2367//2367 2309//2309
f 2366//2366 2306//2306 2368//2368
f 2366//2366 2368//2368 2367//2367
f 2367//2367 2368//2368 2369//2369
f 2367//2367 2369//2369 2309//2309
f 2368//2368 2306//2306 2370//2370
f 2368//2368 2370//2370 2369//2369
f 2369//2369 2370//2370 2371//2371
f 2369//2369 2371//2371 2309//2309
f 2370//2370 2306//2306 2372//2372
f 2370//2370 2372//2372 2371//2371
f 2371//2371 2372//2372 2373//2373
f 2371//2371 2373//2373 2309//2309
f 2372//2372 2306//2306 2374//2374
f 2372//2372 2374//2374 2373//2373
f 2373//2373 2374//2374 2375//2375
f 2373//2373 2375//2375 2309//2309
f 2374//2374 2306//2306 2376//2376
f 2374//2374 2376//2376 2375//2375
f 2375//2375 2376//2376 2377//2377
f 2375//2375 2377//2377 2309//2309
f 2376//2376 2306//2306 2378//2378
f 2376//2376 2378//2378 2377//2377
f 2377//2377 2378//2378 2379//2379
f 2377//2377 2379//2379 2309//2309
f 2378//2378 2306//2306 2380//2380
f 2378//2378 2380//2380 2379//2379
f 2379//2379 2380//2380 2381//2381
f 2379//2379 2381//2381 2309//2309
f 2380//2380 2306//2306 2382//2382
f 2380//2380 2382//2382 2381//2381
f 2381//2381 2382//2382 2383//2383
f 2381//2381 2383//2383 2309//2309
f 2382//2382 2306//2306 2384//2384
f 2382//2382 2384//2384 2383//2383
f 2383//2383 2384//2384 2385//2385
f 2383//2383 2385//2385 2309//2309
f 2384//2384 2306//2306 2386//2386
f 2384//2384 2386//2386 2385//2385
f 2385//2385 2386//2386 2387//2387
f 2385//2385 2387//2387 2309//2309
f 2386//2386 2306//2306 2388//2388
f 2386//2386 2388//2388 2387//2387
f 2387//2387 2388//2388 2389//2389
f 2387//2387 2389//2389 2309//2309
f 2388//2388 2306//2306 2390//2390
f 2388//2388 2390//2390 2389//2389
f 2389//2389 2390//2390 2391//2391
f 2389//2389 2391//2391 2309//2309
f 2390//2390 2306//2306 2392//2392
f 2390//2390 2392//2392 2391//2391
f 2391//2391 2392//2392 2393//2393
f 2391//2391 2393//2393 2309//2309
f 2392//2392 2306//2306 2394//2394
f 2392//2392 2394//2394 2393//2393
f 2393//2393 2394//2394 2395//2395
f 2393//2393 2395//2395 2309//2309
f 2394//2394 2306//2306 2396//2396
f 2394//2394 2396//2396 2395//2395
f 2395//2395 2396//2396 2397//2397
f 2395//2395 2397//2397 2309//2309
f 2396//2396 2306//2306 2398//2398
f 2396//2396 2398//2398 2397//2397
f 2397//2397 2398//2398 2399//2399
f 2397//2397 2399//2399 2309//2309
f 2398//2398 2306//2306 2400//2400
f 2398//2398 2400//2400 2399//2399
f 2399//2399 2400//2400 2401//2401
f 2399//2399 2401//2401 2309//2309
f 2400//2400 2306//2306 2402//2402
f 2400//2400 2402//2402 2401//2401
f 2401//2401 2402//2402 2403//2403
f 2401//2401 2403//2403 2309//2309
f 2402//2402 2306//2306 2404//2404
f 2402//2402 2404//2404 2403//2403
f 2403//2403 2404//2404 2405//2405
f 2403//2403 2405//2405 2309//2309
f 2404//2404 2306//2306 2406//2406
f 2404//2404 2406//2406 2405//2405
f 2405//2405 2406//2406 2407//2407
f 2405//2405 2407//2407 2309//2309
f 2406//2406 2306//2306 2408//2408
f 2406//2406 2408//2408 2407//2407
f 2407//2407 2408//2408 2409//2409
f 2407//2407 2409//2409 2309//2309
f 2408//2408 2306//2306 2410//2410
f 2408//2408 2410//2410 2409//2409
f 2409//2409 2410//2410 2411//2411
f 2409//2409 2411//2411 2309//2309
f 2410//2410 2306//2306 2412//2412
f 2410//2410 2412//2412 2411//2411
f 2411//2411 2412//2412 2413//2413
f 2411//2411 2413//2413 2309//2309
f 2412//2412 2306//2306 2414//2414
f 2412//2412 2414//2414 2413//2413
f 2413//2413 2414//2414 2415//2415
f 2413//2413 2415//2415 2309//2309
f 2414//2414 2306//2306 2416//2416
f 2414//2414 2416//2416 2415//2415
f 2415//2415 2416//2416 2417//2417
f 2415//2415 2417//2417 2309//2309
f 2416//2416 2306//2306 2418//2418
f 2416//2416 2418//2418 2417//2417
f 2417//2417 2418//2418 2419//2419
f 2417//2417 2419//2419 2309//2309
f 2418//2418 2306//2306 2420//2420
f 2418//2418 2420//2420 2419//2419
f 2419//2419 2420//2420 2421//2421
f 2419//2419 2421//2421 2309//2309
f 2420//2420 2306//2306 2422//2422
f 2420//2420 2422//2422 2421//2421
f 2421//2421 2422//2422 2423//2423
f 2421//2421 2423//2423 2309//2309
f 2422//2422 2306//2306 2424//2424
f 2422//2422 2424//2424 2423//2423
f 2423//2423 2424//2424 2425//2425
f 2423//2423 2425//2425 2309//2309
f 2424//2424 2306//2306 2426//2426
f 2424//2424 2426//2426 2425//2425
f 2425//2425 2426//2426 2427//2427
f 2425//2425 2427//2427 2309//2309
f 2426//2426 2306//2306 2428//2428
f 2426//2426 2428//2428 2427//2427
f 2427//2427 2428//2428 2429//2429
f 2427//2427 2429//2429 2309//2309
f 2428//2428 2306//2306 2430//2430
f 2428//2428 2430//2430 2429//2429
f 2429//2429 2430//2430 2431//2431
f 2429//2429 2431//2431 2309//2309
f 2430//2430 2306//2306 2432//2432
f 2430//2430 2432//2432 2431//2431
f 2431//2431 2432//2432 2433//2433
f 2431//2431 2433//2433 2309//2309
f 2432//2432 2306//2306 2434//2434
f 2432//2432 2434//2434 2433//2433
f 2433//2433 2434//2434 2435//2435
f 2433//2433 2435//2435 2309//2309
f 2434//2434 2306//2306 2307//2307
f 2434//2434 2307//2307 2435//2435
f 2435//2435 2307//2307 2308//2308
f 2435//2435 2308//2308 2309//2309
f 2437//2437 2436//2436 2440//2440
f 2437//2437 2440//2440 2438//2438
f 2438//2438 2440//2440 2441//2441
f 2438//2438 2441//2441 2439//2439
f 2440//2440 2436//2436 2442//2442
f 2440//2440 2442//2442 2441//2441
f 2441//2441 2442//2442 2443//2443
f 2441//2441 2443//2443 2439//2439
f 2442//2442 2436//2436 2444//2444
f 2442//2442 2444//2444 2443//2443
f 2443//2443 2444//2444 2445//2445
f 2443//2443 2445//2445 2439//2439
f 2444//2444 2436//2436 2446//2446
f 2444//2444 2446//2446 2445//2445
f 2445//2445 2446//2446 2447//2447
f 2445//2445 2447//2447 2439//2439
f 2446//2446 2436//2436 2448//2448
f 2446//2446 2448//2448 2447//2447
f 2447//2447 2448//2448 2449//2449
f 2447//2447 2449//2449 2439//2439
f 2448//2448 2436//2436 2450//2450
f 2448//2448 2450//2450 2449//2449
f 2449//2449 2450//2450 2451//2451
f 2449//2449 2451//2451 2439//2439
f 2450//2450 2436//2436 2452//2452
f 2450//2450 2452//2452 2451//2451
f 2451//2451 2452//2452 2453//2453
f 2451//2451 2453//2453 2439//2439
f 2452//2452 2436//2436 2454//2454
f 2452//2452 2454//2454 2453//2453
f 2453//2453 2454//2454 2455//2455
f 2453//2453 2455//2455 2439//2439
f 2454//2454 2436//2436 2456//2456
f 2454//2454 2456//2456 2455//2455
f 2455//2455 2456//2456 2457//2457
f 2455//2455 2457//2457 2439//2439
f 2456//2456 2436//2436 2458//2458
f 2456//2456 2458//2458 2457//2457
f 2457//2457 2458//2458 2459//2459
f 2457//2457 2459//2459 2439//2439
f 2458//2458 2436//2436 2460//2460
f 2458//2458 2460//2460 2459//2459
f 2459//2459 2460//2460 2461//2461
f 2459//2459 2461//2461 2439//2439
f 2460//2460 2436//2436 2462//2462
f 2460//2460 2462//2462 2461//2461
f 2461//2461 2462//2462 2463//2463
f 2461//2461 2463//2463 2439//2439
f 2462//2462 2436//2436 2464//2464
f 2462//2462 2464//2464 2463//2463
f 2463//2463 2464//2464 2465//2465
f 2463//2463 2465//2465 2439//2439
f 2464//2464 2436//2436 2466//2466
f 2464//2464 2466//2466 2465//2465
f 2465//2465 2466//2466 2467//2467
f 2465//2465 2467//2467 2439//2439
f 2466//2466 2436//2436 2468//2468
f 2466//2466 2468//2468 2467//2467
f 2467//2467 2468//2468 2469//2469
f 2467//2467 2469//2469 2439//2439
f 2468//2468 2436//2436 2470//2470
f 2468//2468 2470//2470 2469//2469
f 2469//2469 2470//2470 2471//2471
f 2469//2469 2471//2471 2439//2439
f 2470//2470 2436//2436 2472//2472
f 2470//2470 2472//2472 2471//2471
f 2471//2471 2472//2472 2473//2473
f 2471//2471 2473//2473 2439//2439
f 2472//2472 2436//2436 2474//2474
f 2472//2472 2474//2474 2473//2473
f 2473//2473 2474//2474 2475//2475
f 2473//2473 2475//2475 2439//2439
f 2474//2474 2436//2436 2476//2476
f 2474//2474 2476//2476 2475//2475
f 2475//2475 2476//2476 2477//2477
f 2475//2475 2477//2477 2439//2439
f 2476//2476 2436//2436 2478//2478
f 2476//2476 2478//2478 2477//2477
f 2477//2477 2478//2478 2479//2479
f 2477//2477 2479//2479 2439//2439
f 2478//2478 2436//2436 2480//2480
f 2478//2478 2480//2480 2479//2479
f 2479//2479 2480//2480 2481//2481
f 2479//2479 2481//2481 2439//2439
f 2480//2480 2436//2436 2482//2482
f 2480//2480 2482//2482 2481//2481
f 2481//2481 2482//2482 2483//2483
f 2481//2481 2483//2483 2439//2439
f 2482//2482 2436//2436 2484//2484
f 2482//2482 2484//2484 2483//2483
f 2483//2483 2484//2484 2485//2485
f 2483//2483 2485//2485 2439//2439
f 2484//2484 2436//2436 2486//2486
f 2484//2484 2486//2486 2485//2485
f 2485//2485 2486//2486 2487//2487
f 2485//2485 2487//2487 2439//2439
f 2486//2486 2436//2436 2488//2488
f 2486//2486 2488//2488 2487//2487
f 2487//2487 2488//2488 2489//2489
f 2487//2487 2489//2489 2439//2439
f 2488//2488 2436//2436 2490//2490
f 2488//2488 2490//2490 2489//2489
f 2489//2489 2490//2490 2491//2491
f 2489//2489 2491//2491 2439//2439
f 2490//2490 2436//2436 2492//2492
f 2490//2490 2492//2492 2491//2491
f 2491//2491 2492//2492 2493//2493
f 2491//2491 2493//2493 2439//2439
f 2492//2492 2436//2436 2494//2494
f 2492//2492 2494//2494 2493//2493
f 2493//2493 2494//2494 2495//2495
f 2493//2493 2495//2495 2439//2439
f 2494//2494 2436//2436 2496//2496
f 2494//2494 2496//2496 2495//2495
f 2495//2495 2496//2496 2497//2497
f 2495//2495 2497//2497 2439//2439
f 2496//2496 2436//2436 2498//2498
f 2496//2496 2498//2498 2497//2497
f 2497//2497 2498//2498 2499//2499
f 2497//2497 2499//2499 2439//2439
f 2498//2498 2436//2436 2500//2500
f 2498//2498 2500//2500 2499//2499
f 2499//2499 2500//2500 2501//2501
f 2499//2499 2501//2501 2439//2439
f 2500//2500 2436//2436 2502//2502
f 2500//2500 2502//2502 2501//2501
f 2501//2501 2502//2502 2503//2503
f 2501//2501 2503//2503 2439//2439
f 2502//2502 2436//2436 2504//2504
f 2502//2502 2504//2504 2503//2503
f 2503//2503 2504//2504 2505//2505
f 2503//2503 2505//2505 2439//2439
f 2504//2504 2436//2436 2506//2506
f 2504//2504 2506//2506 2505//2505
f 2505//2505 2506//2506 2507//2507
f 2505//2505 2507//2507 2439//2439
f 2506//2506 2436//2436 2508//2508
f 2506//2506 2508//2508 2507//2507
f 2507//2507 2508//2508 2509//2509
f 2507//2507 2509//2509 2439//2439
f 2508//2508 2436//2436 2510//2510
f 2508//2508 2510//2510 2509//2509
f 2509//2509 2510//2510 2511//2511
f 2509//2509 2511//2511 2439//2439
f 2510//2510 2436//2436 2512//2512
f 2510//2510 2512//2512 2511//2511
f 2511//2511 2512//2512 2513//2513
f 2511//2511 2513//2513 2439//2439
f 2512//2512 2436//2436 2514//2514
f 2512//2512 2514//2514 2513//2513
f 2513//2513 2514//2514 2515//2515
f 2513//2513 2515//2515 2439//2439
f 2514//2514 2436//2436 2516//2516
f 2514//2514 2516//2516 2515//2515
f 2515//2515 2516//2516 2517//2517
f 2515//2515 2517//2517 2439//2439
f 2516//2516 2436//2436 2518//2518
f 2516//2516 2518//2518 2517//2517
f 2517//2517 2518//2518 2519//2519
f 2517//2517 2519//2519 2439//2439
f 2518//2518 2436//2436 2520//2520
f 2518//2518 2520//2520 2519//2519
f 2519//2519 2520//2520 2521//2521
f 2519//2519 2521//2521 2439//2439
f 2520//2520 2436//2436 2522//2522
f 2520//2520 2522//2522 2521//2521
f 2521//2521 2522//2522 2523//2523
f 2521//2521 2523//2523 2439//2439
f 2522//2522 2436//2436 2524//2524
f 2522//2522 2524//2524 2523//2523
f 2523//2523 2524//2524 2525//2525
f 2523//2523 2525//2525 2439//2439
f 2524//2524 2436//2436 2526//2526
f 2524//2524 2526//2526 2525//2525
f 2525//2525 2526//2526 2527//2527
f 2525//2525 2527//2527 2439//2439
f 2526//2526 2436//2436 2528//2528
f 2526//2526 2528//2528 2527//2527
f 2527//2527 2528//2528 2529//2529
f 2527//2527 2529//2529 2439//2439
f 2528//2528 2436//2436 2530//2530
f 2528//2528 2530//2530 2529//2529
f 2529//2529 2530//2530 2531//2531
f 2529//2529 2531//2531 2439//2439
f 2530//2530 2436//2436 2532//2532
f 2530//2530 2532//2532 2531//2531
f 2531//2531 2532//2532 2533//2533
f 2531//2531 2533//2533 2439//2439
f 2532//2532 2436//2436 2534//2534
f 2532//2532 2534//2534 2533//2533
f 2533//2533 2534//2534 2535//2535
f 2533//2533 2535//2535 2439//2439
f 2534//2534 2436//2436 2536//2536
f 2534//2534 2536//2536 2535//2535
f 2535//2535 2536//2536 2537//2537
f 2535//2535 2537//2537 2439//2439
f 2536//2536 2436//2436 2538//2538
f 2536//2536 2538//2538 2537//2537
f 2537//2537 2538//2538 2539//2539
f 2537//2537 2539//2539 2439//2439
f 2538//2538 2436//2436 2540//2540
f 2538//2538 2540//2540 2539//2539
f 2539//2539 2540//2540 2541//2541
f 2539//2539 2541//2541 2439//2439
f 2540//2540 2436//2436 2542//2542
f 2540//2540 2542//2542 2541//2541
f 2541//2541 2542//2542 2543//2543
f 2541//2541 2543//2543 2439//2439
f 2542//2542 2436//2436 2544//2544
f 2542//2542 2544//2544 2543//2543
f 2543//2543 2544//2544 2545//2545
f 2543//2543 2545//2545 2439//2439
f 2544//2544 2436//2436 2546//2546
f 2544//2544 2546//2546 2545//2545
f 2545//2545 2546//2546 2547//2547
f 2545//2545 2547//2547 2439//2439
f 2546//2546 2436//2436 2548//2548
f 2546//2546 2548//2548 2547//2547
f 2547//2547 2548//2548 2549//2549
f 2547//2547 2549//2549 2439//2439
f 2548//2548 2436//2436 2550//2550
f 2548//2548 2550//2550 2549//2549
f 2549//2549 2550//2550 2551//2551
f 2549//2549 2551//2551 2439//2439
f 2550//2550 2436//2436 2552//2552
f 2550//2550 2552//2552 2551//2551
f 2551//2551 2552//2552 2553//2553
f 2551//2551 2553//2553 2439//2439
f 2552//2552 2436//2436 2554//2554
f 2552//2552 2554//2554 2553//2553
f 2553//2553 2554//2554 2555//2555
f 2553//2553 2555//2555 2439//2439
f 2554//2554 2436//2436 2556//2556
f 2554//2554 2556//2556 2555//2555
f 2555//2555 2556//2556 2557//2557
f 2555//2555 2557//2557 2439//2439
f 2556//2556 2436//2436 2558//2558
f 2556//2556 2558//2558 2557//2557
f 2557//2557 2558//2558 2559//2559
f 2557//2557 2559//2559 2439//2439
f 2558//2558 2436//2436 2560//2560
f 2558//2558 2560//2560 2559//2559
f 2559//2559 2560//2560 2561//2561
f 2559//2559 2561//2561 2439//2439
f 2560//2560 2436//2436 2562//2562
f 2560//2560 2562//2562 2561//2561
f 2561//2561 2562//2562 2563//2563
f 2561//2561 2563//2563 2439//2439
f 2562//2562 2436//2436 2564//2564
f 2562//2562 2564//2564 2563//2563
f 2563//2563 2564//2564 2565//2565
f 2563//2563 2565//2565 2439//2439
f 2564//2564 2436//2436 2437//2437
f 2564//2564 2437//2437 2565//2565
f 2565//2565 2437//2437 2438//2438
f 2565//2565 2438//2438 2439//2439
f 2567//2567 2566//2566 2570//2570
f 2567//2567 2570//2570 2568//2568
f 2568//2568 2570//2570 2571//2571
f 2568//2568 2571//2571 2569//2569
f 2570//2570 2566//2566 2572//2572
f 2570//2570 2572//2572 2571//2571
f 2571//2571 2572//2572 2573//2573
f 2571//2571 2573//2573 2569//2569
f 2572//2572 2566//2566 2574//2574
f 2572//2572 2574//2574 2573//2573
f 2573//2573 2574//2574 2575//2575
f 2573//2573 2575//2575 2569//2569
f 2574//2574 2566//2566 2576//2576
f 2574//2574 2576//2576 2575//2575
f 2575//2575 2576//2576 2577//2577
f 2575//2575 2577//2577 2569//2569
f 2576//2576 2566//2566 2578//2578
f 2576//2576 2578//2578 2577//2577
f 2577//2577 2578//2578 2579//2579
f 2577//2577 2579//2579 2569//2569
f 2578//2578 2566//2566 2580//2580
f 2578//2578 2580//2580 2579//2579
f 2579//2579 2580//2580 2581//2581
f 2579//2579 2581//2581 2569//2569
f 2580//2580 2566//2566 2582//2582
f 2580//2580 2582//2582 2581//2581
f 2581//2581 2582//2582 2583//2583
f 2581//2581 2583//2583 2569//2569
f 2582//2582 2566//2566 2584//2584
f 2582//2582 2584//2584 2583//2583
f 2583//2583 2584//2584 2585//2585
f 2583//2583 2585//2585 2569//2569
f 2584//2584 2566//2566 2586//2586
f 2584//2584 2586//2586 2585//2585
f 2585//2585 2586//2586 2587//2587
f 2585//2585 2587//2587 2569//2569
f 2586//2586 2566//2566 2588//2588
f 2586//2586 2588//2588 2587//2587
f 2587//2587 2588//2588 2589//2589
f 2587//2587 2589//2589 2569//2569
f 2588//2588 2566//2566 2590//2590
f 2588//2588 2590//2590 2589//2589
f 2589//2589 2590//2590 2591//2591
f 2589//2589 2591//2591 2569//2569
f 2590//2590 2566//2566 2592//2592
f 2590//2590 2592//2592 2591//2591
f 2591//2591 2592//2592 2593//2593
f 2591//2591 2593//2593 2569//2569
f 2592//2592 2566//2566 2594//2594
f 2592//2592 2594//2594 2593//2593
f 2593//2593 2594//2594 2595//2595
f 2593//2593 2595//2595 2569//2569
f 2594//2594 2566//2566 2596//2596
f 2594//2594 2596//2596 2595//2595
f 2595//2595 2596//2596 2597//2597
f 2595//2595 2597//2597 2569//2569
f 2596//2596 2566//2566 2598//2598
f 2596//2596 2598//2598 2597//2597
f 2597//2597 2598//2598 2599//2599
f 2597//2597 2599//2599 2569//2569
f 2598//2598 2566//2566 2600//2600
f 2598//2598 2600//2600 2599//2599
f 2599//2599 2600//2600 2601//2601
f 2599//2599 2601//2601 2569//2569
f 2600//2600 2566//2566 2602//2602
f 2600//2600 2602//2602 2601//2601
f 2601//2601 2602//2602 2603//2603
f 2601//2601 2603//2603 2569//2569
f 2602//2602 2566//2566 2604//2604
f 2602//2602 2604//2604 2603//2603
f 2603//2603 2604//2604 2605//2605
f 2603//2603 2605//2605 2569//2569
f 2604//2604 2566//2566 2606//2606
f 2604//2604 2606//2606 2605//2605
f 2605//2605 2606//2606 2607//2607
f 2605//2605 2607//2607 2569//2569
f 2606//2606 2566//2566 2608//2608
f 2606//2606 2608//2608 2607//2607
f 2607//2607 2608//2608 2609//2609
f 2607//2607 2609//2609 2569//2569
f 2608//2608 2566//2566 2610//2610
f 2608//2608 2610//2610 2609//2609
f 2609//2609 2610//2610 2611//2611
f 2609//2609 2611//2611 2569//2569
f 2610//2610 2566//2566 2612//2612
f 2610//2610 2612//2612 2611//2611
f 2611//2611 2612//2612 2613//2613
f 2611//2611 2613//2613 2569//2569
f 2612//2612 2566//2566 2614//2614
f 2612//2612 2614//2614 2613//2613
f 2613//2613 2614//2614 2615//2615
f 2613//2613 2615//2615 2569//2569
f 2614//2614 2566//2566 2616//2616
f 2614//2614 2616//2616 2615//2615
f 2615//2615 2616//2616 2617//2617
f 2615//2615 2617//2617 2569//2569
f 2616//2616 2566//2566 2618//2618
f 2616//2616 2618//2618 2617//2617
f 2617//2617 2618//2618 2619//2619
f 2617//2617 2619//2619 2569//2569
f 2618//2618 2566//2566 2620//2620
f 2618//2618 2620//2620 2619//2619
f 2619//2619 2620//2620 2621//2621
f 2619//2619 2621//2621 2569//2569
f 2620//2620 2566//2566 2622//2622
f 2620//2620 2622//2622 2621//2621
f 2621//2621 2622//2622 2623//2623
f 2621//2621 2623//2623 2569//2569
f 2622//2622 2566//2566 2624//2624
f 2622//2622 2624//2624 2623//2623
f 2623//2623 2624//2624 2625//2625
f 2623//2623 2625//2625 2569//2569
f 2624//2624 2566//2566 2626//2626
f 2624//2624 2626//2626 2625//2625
f 2625//2625 2626//2626 2627//2627
f 2625//2625 2627//2627 2569//2569
f 2626//2626 2566//2566 2628//2628
f 2626//2626 2628//2628 2627//2627
f 2627//2627 2628//2628 2629//2629
f 2627//2627 2629//2629 2569//2569
f 2628//2628 2566//2566 2630//2630
f 2628//2628 2630//2630 2629//2629
f 2629//2629 2630//2630 2631//2631
f 2629//2629 2631//2631 2569//2569
f 2630//2630 2566//2566 2632//2632
f 2630//2630 2632//2632 2631//2631
f 2631//2631 2632//2632 2633//2633
f 2631//2631 2633//2633 2569//2569
f 2632//2632 2566//2566 2634//2634
f 2632//2632 2634//2634 2633//2633
f 2633//2633 2634//2634 2635//2635
f 2633//2633 2635//2635 2569//2569
f 2634//2634 2566//2566 2636//2636
f 2634//2634 2636//2636 2635//2635
f 2635//2635 2636//2636 2637//2637
f 2635//2635 2637//2637 2569//2569
f 2636//2636 2566//2566 2638//2638
f 2636//2636 2638//2638 2637//2637
f 2637//2637 2638//2638 2639//2639
f 2637//2637 2639//2639 2569//2569
f 2638//2638 2566//2566 2640//2640
f 2638//2638 2640//2640 2639//2639
f 2639//2639 2640//2640 2641//2641
f 2639//2639 2641//2641 2569//2569
f 2640//2640 2566//2566 2642//2642
f 2640//2640 2642//2642 2641//2641
f 2641//2641 2642//2642 2643//2643
f 2641//2641 2643//2643 2569//2569
f 2642//2642 2566//2566 2644//2644
f 2642//2642 2644//2644 2643//2643
f 2643//2643 2644//2644 2645//2645
f 2643//2643 2645//2645 2569//2569
f 2644//2644 2566//2566 2646//2646
f 2644//2644 2646//2646 2645//2645
f 2645//2645 2646//2646 2647//2647
f 2645//2645 2647//2647 2569//2569
f 2646//2646 2566//2566 2648//2648
f 2646//2646 2648//2648 2647//2647
f 2647//2647 2648//2648 2649//2649
f 2647//2647 2649//2649 2569//2569
f 2648//2648 2566//2566 2650//2650
f 2648//2648 2650//2650 2649//2649
f 2649//2649 2650//2650 2651//2651
f 2649//2649 2651//2651 2569//2569
f 2650//2650 2566//2566 2652//2652
f 2650//2650 2652//2652 2651//2651
f 2651//2651 2652//2652 2653//2653
f 2651//2651 2653//2653 2569//2569
f 2652//2652 2566//2566 2654//2654
f 2652//2652 2654//2654 2653//2653
f 2653//2653 2654//2654 2655//2655
f 2653//2653 2655//2655 2569//2569
f 2654//2654 2566//2566 2656//2656
f 2654//2654 2656//2656 2655//2655
f 2655//2655 2656//2656 2657//2657
f 2655//2655 2657//2657 2569//2569
f 2656//2656 2566//2566 2658//2658
f 2656//2656 2658//2658 2657//2657
f 2657//2657 2658//2658 2659//2659
f 2657//2657 2659//2659 2569//2569
f 2658//2658 2566//2566 2660//2660
f 2658//2658 2660//2660 2659//2659
f 2659//2659 2660//2660 2661//2661
f 2659//2659 2661//2661 2569//2569
f 2660//2660 2566//2566 2662//2662
f 2660//2660 2662//2662 2661//2661
f 2661//2661 2662//2662 2663//2663
f 2661//2661 2663//2663 2569//2569
f 2662//2662 2566//2566 2664//2664
f 2662//2662 2664//2664 2663//2663
f 2663//2663 2664//2664 2665//2665
f 2663//2663 2665//2665 2569//2569
f 2664//2664 2566//2566 2666//2666
f 2664//2664 2666//2666 2665//2665
f 2665//2665 2666//2666 2667//2667
f 2665//2665 2667//2667 2569//2569
f 2666//2666 2566//2566 2668//2668
f 2666//2666 2668//2668 2667//2667
f 2667//2667 2668//2668 2669//2669
f 2667//2667 2669//2669 2569//2569
f 2668//2668 2566//2566 2670//2670
f 2668//2668 2670//2670 2669//2669
f 2669//2669 2670//2670 2671//2671
f 2669//2669 2671//2671 2569//2569
f 2670//2670 2566//2566 2672//2672
f 2670//2670 2672//2672 2671//2671
f 2671//2671 2672//2672 2673//2673
f 2671//2671 2673//2673 2569//2569
f 2672//2672 2566//2566 2674//2674
f 2672//2672 2674//2674 2673//2673
f 2673//2673 2674//2674 2675//2675
f 2673//2673 2675//2675 2569//2569
f 2674//2674 2566//2566 2676//2676
f 2674//2674 2676//2676 2675//2675
f 2675//2675 2676//2676 2677//2677
f 2675//2675 2677//2677 2569//2569
f 2676//2676 2566//2566 2678//2678
f 2676//2676 2678//2678 2677//2677
f 2677//2677 2678//2678 2679//2679
f 2677//2677 2679//2679 2569//2569
f 2678//2678 2566//2566 2680//2680
f 2678//2678 2680//2680 2679//2679
f 2679//2679 2680//2680 2681//2681
f 2679//2679 2681//2681 2569//2569
f 2680//2680 2566//2566 2682//2682
f 2680//2680 2682//2682 2681//2681
f 2681//2681 2682//2682 2683//2683
f 2681//2681 2683//2683 2569//2569
f 2682//2682 2566//2566 2684//2684
f 2682//2682 2684//2684 2683//2683
f 2683//2683 2684//2684 2685//2685
f 2683//2683 2685//2685 2569//2569
f 2684//2684 2566//2566 2686//2686
f 2684//2684 2686//2686 2685//2685
f 2685//2685 2686//2686 2687//2687
f 2685//2685 2687//2687 2569//2569
f 2686//2686 2566//2566 2688//2688
f 2686//2686 2688//2688 2687//2687
f 2687//2687 2688//2688 2689//2689
f 2687//2687 2689//2689 2569//2569
f 2688//2688 2566//2566 2690//2690
f 2688//2688 2690//2690 2689//2689
f 2689//2689 2690//2690 2691//2691
f 2689//2689 2691//2691 2569//2569
f 2690//2690 2566//2566 2692//2692
f 2690//2690 2692//2692 2691//2691
f 2691//2691 2692//2692 2693//2693
f 2691//2691 2693//2693 2569//2569
f 2692//2692 2566//2566 2694//2694
f 2692//2692 2694//2694 2693//2693
f 2693//2693 2694//2694 2695//2695
f 2693//2693 2695//2695 2569//2569
f 2694//2694 2566//2566 2567//2567
f 2694//2694 2567//2567 2695//2695
f 2695//2695 2567//2567 2568//2568
f 2695//2695 2568//2568 2569//2569
f 2697//2697 2696//2696 2700//2700
f 2697//2697 2700//2700 2698//2698
f 2698//2698 2700//2700 2701//2701
f 2698//2698 2701//2701 2699//2699
f 2700//2700 2696//2696 2702//2702
f 2700//2700 2702//2702 2701//2701
f 2701//2701 2702//2702 2703//2703
f 2701//2701 2703//2703 2699//2699
f 2702//2702 2696//2696 2704//2704
f 2702//2702 2704//2704 2703//2703
f 2703//2703 2704//2704 2705//2705
f 2703//2703 2705//2705 2699//2699
f 2704//2704 2696//2696 2706//2706
f 2704//2704 2706//2706 2705//2705
f 2705//2705 2706//2706 2707//2707
f 2705//2705 2707//2707 2699//2699
f 2706//2706 2696//2696 2708//2708
f 2706//2706 2708//2708 2707//2707
f 2707//2707 2708//2708 2709//2709
f 2707//2707 2709//2709 2699//2699
f 2708//2708 2696//2696 2710//2710
f 2708//2708 2710//2710 2709//2709
f 2709//2709 2710//2710 2711//2711
f 2709//2709 2711//2711 2699//2699
f 2710//2710 2696//2696 2712//2712
f 2710//2710 2712//2712 2711//2711
f 2711//2711 2712//2712 2713//2713
f 2711//2711 2713//2713 2699//2699
f 2712//2712 2696//2696 2714//2714
f 2712//2712 2714//2714 2713//2713
f 2713//2713 2714//2714 2715//2715
f 2713//2713 2715//2715 2699//2699
f 2714//2714 2696//2696 2716//2716
f 2714//2714 2716//2716 2715//2715
f 2715//2715 2716//2716 2717//2717
f 2715//2715 2717//2717 2699//2699
f 2716//2716 2696//2696 2718//2718
f 2716//2716 2718//2718 2717//2717
f 2717//2717 2718//2718 2719//2719
f 2717//2717 2719//2719 2699//2699
f 2718//2718 2696//2696 2720//2720
f 2718//2718 2720//2720 2719//2719
f 2719//2719 2720//2720 2721//2721
f 2719//2719 2721//2721 2699//2699
f 2720//2720 2696//2696 2722//2722
f 2720//2720 2722//2722 2721//2721
f 2721//2721 2722//2722 2723//2723
f 2721//2721 2723//2723 2699//2699
f 2722//2722 2696//2696 2724//2724
f 2722//2722 2724//2724 2723//2723
f 2723//2723 2724//2724 2725//2725
f 2723//2723 2725//2725 2699//2699
f 2724//2724 2696//2696 2726//2726
f 2724//2724 2726//2726 2725//2725
f 2725//2725 2726//2726 2727//2727
f 2725//2725 2727//2727 2699//2699
f 2726//2726 2696//2696 2728//2728
f 2726//2726 2728//2728 2727//2727
f 2727//2727 2728//2728 2729//2729
f 2727//2727 2729//2729 2699//2699
f 2728//2728 2696//2696 2730//2730
f 2728//2728 2730//2730 2729//2729
f 2729//2729 2730//2730 2731//2731
f 2729//2729 2731//2731 2699//2699
f 2730//2730 2696//2696 2732//2732
f 2730//2730 2732//2732 2731//2731
f 2731//2731 2732//2732 2733//2733
f 2731//2731 2733//2733 2699//2699
f 2732//2732 2696//2696 2734//2734
f 2732//2732 2734//2734 2733//2733
f 2733//2733 2734//2734 2735//2735
f 2733//2733 2735//2735 2699//2699
f 2734//2734 2696//2696 2736//2736
f 2734//2734 2736//2736 2735//2735
f 2735//2735 2736//2736 2737//2737
f 2735//2735 2737//2737 2699//2699
f 2736//2736 2696//2696 2738//2738
f 2736//2736 2738//2738 2737//2737
f 2737//2737 2738//2738 2739//2739
f 2737//2737 2739//2739 2699//2699
f 2738//2738 2696//2696 2740//2740
f 2738//2738 2740//2740 2739//2739
f 2739//2739 2740//2740 2741//2741
f 2739//2739 2741//2741 2699//2699
f 2740//2740 2696//2696 2742//2742
f 2740//2740 2742//2742 2741//2741
f 2741//2741 2742//2742 2743//2743
f 2741//2741 2743//2743 2699//2699
f 2742//2742 2696//2696 2744//2744
f 2742//2742 2744//2744 2743//2743
f 2743//2743 2744//2744 2745//2745
f 2743//2743 2745//2745 2699//2699
f 2744//2744 2696//2696 2746//2746
f 2744//2744 2746//2746 2745//2745
f 2745//2745 2746//2746 2747//2747
f 2745//2745 2747//2747 2699//2699
f 2746//2746 2696//2696 2748//2748
f 2746//2746 2748//2748 2747//2747
f 2747//2747 2748//2748 2749//2749
f 2747//2747 2749//2749 2699//2699
f 2748//2748 2696//2696 2750//2750
f 2748//2748 2750//2750 2749//2749
f 2749//2749 2750//2750 2751//2751
f 2749//2749 2751//2751 2699//2699
f 2750//2750 2696//2696 2752//2752
f 2750//2750 2752//2752 2751//2751
f 2751//2751 2752//2752 2753//2753
f 2751//2751 2753//2753 2699//2699
f 2752//2752 2696//2696 2754//2754
f 2752//2752 2754//2754 2753//2753
f 2753//2753 2754//2754 2755//2755
f 2753//2753 2755//2755 2699//2699
f 2754//2754 2696//2696 2756//2756
f 2754//2754 2756//2756 2755//2755
f 2755//2755 2756//2756 2757//2757
f 2755//2755 2757//2757 2699//2699
f 2756//2756 2696//2696 2758//2758
f 2756//2756 2758//2758 2757//2757
f 2757//2757 2758//2758 2759//2759
f 2757//2757 2759//2759 2699//2699
f 2758//2758 2696//2696 2760//2760
f 2758//2758 2760//2760 2759//2759
f 2759//2759 2760//2760 2761//2761
f 2759//2759 2761//2761 2699//2699
f 2760//2760 2696//2696 2762//2762
f 2760//2760 2762//2762 2761//2761
f 2761//2761 2762//2762 2763//2763
f 2761//2761 2763//2763 2699//2699
f 2762//2762 2696//2696 2764//2764
f 2762//2762 2764//2764 2763//2763
f 2763//2763 2764//2764 2765//2765
f 2763//2763 2765//2765 2699//2699
f 2764//2764 2696//2696 2766//2766
f 2764//2764 2766//2766 2765//2765
f 2765//2765 2766//2766 2767//2767
f 2765//2765 2767//2767 2699//2699
f 2766//2766 2696//2696 2768//2768
f 2766//2766 2768//2768 2767//2767
f 2767//2767 2768//2768 2769//2769
f 2767//2767 2769//2769 2699//2699
f 2768//2768 2696//2696 2770//2770
f 2768//2768 2770//2770 2769//2769
f 2769//2769 2770//2770 2771//2771
f 2769//2769 2771//2771 2699//2699
f 2770//2770 2696//2696 2772//2772
f 2770//2770 2772//2772 2771//2771
f 2771//2771 2772//2772 2773//2773
f 2771//2771 2773//2773 2699//2699
f 2772//2772 2696//2696 2774//2774
f 2772//2772 2774//2774 2773//2773
f 2773//2773 2774//2774 2775//2775
f 2773//2773 2775//2775 2699//2699
f 2774//2774 2696//2696 2776//2776
f 2774//2774 2776//2776 2775//2775
f 2775//2775 2776//2776 2777//2777
f 2775//2775 2777//2777 2699//2699
f 2776//2776 2696//2696 2778//2778
f 2776//2776 2778//2778 2777//2777
f 2777//2777 2778//2778 2779//2779
f 2777//2777 2779//2779 2699//2699
f 2778//2778 2696//2696 2780//2780
f 2778//2778 2780//2780 2779//2779
f 2779//2779 2780//2780 2781//2781
f 2779//2779 2781//2781 2699//2699
f 2780//2780 2696//2696 2782//2782
f 2780//2780 2782//2782 2781//2781
f 2781//2781 2782//2782 2783//2783
f 2781//2781 2783//2783 2699//2699
f 2782//2782 2696//2696 2784//2784
f 2782//2782 2784//2784 2783//2783
f 2783//2783 2784//2784 2785//2785
f 2783//2783 2785//2785 2699//2699
f 2784//2784 2696//2696 2786//2786
f 2784//2784 2786//2786 2785//2785
f 2785//2785 2786//2786 2787//2787
f 2785//2785 2787//2787 2699//2699
f 2786//2786 2696//2696 2788//2788
f 2786//2786 2788//2788 2787//2787
f 2787//2787 2788//2788 2789//2789
f 2787//2787 2789//2789 2699//2699
f 2788//2788 2696//2696 2790//2790
f 2788//2788 2790//2790 2789//2789
f 2789//2789 2790//2790 2791//2791
f 2789//2789 2791//2791 2699//2699
f 2790//2790 2696//2696 2792//2792
f 2790//2790 2792//2792 2791//2791
f 2791//2791 2792//2792 2793//2793
f 2791//2791 2793//2793 2699//2699
f 2792//2792 2696//2696 2794//2794
f 2792//2792 2794//2794 2793//2793
f 2793//2793 2794//2794 2795//2795
f 2793//2793 2795//2795 2699//2699
f 2794//2794 2696//2696 2796//2796
f 2794//2794 2796//2796 2795//2795
f 2795//2795 2796//2796 2797//2797
f 2795//2795 2797//2797 2699//2699
f 2796//2796 2696//2696 2798//2798
f 2796//2796 2798//2798 2797//2797
f 2797//2797 2798//2798 2799//2799
f 2797//2797 2799//2799 2699//2699
f 2798//2798 2696//2696 2800//2800
f 2798//2798 2800//2800 2799//2799
f 2799//2799 2800//2800 2801//2801
f 2799//2799 2801//2801 2699//2699
f 2800//2800 2696//2696 2802//2802
f 2800//2800 2802//2802 2801//2801
f 2801//2801 2802//2802 2803//2803
f 2801//2801 2803//2803 2699//2699
f 2802//2802 2696//2696 2804//2804
f 2802//2802 2804//2804 2803//2803
f 2803//2803 2804//2804 2805//2805
f 2803//2803 2805//2805 2699//2699
f 2804//2804 2696//2696 2806//2806
f 2804//2804 2806//2806 2805//2805
f 2805//2805 2806//2806 2807//2807
f 2805//2805 2807//2807 2699//2699
f 2806//2806 2696//2696 2808//2808
f 2806//2806 2808//2808 2807//2807
f 2807//2807 2808//2808 2809//2809
f 2807//2807 2809//2809 2699//2699
f 2808//2808 2696//2696 2810//2810
f 2808//2808 2810//2810 2809//2809
f 2809//2809 2810//2810 2811//2811
f 2809//2809 2811//2811 2699//2699
f 2810//2810 2696//2696 2812//2812
f 2810//2810 2812//2812 2811//2811
f 2811//2811 2812//2812 2813//2813
f 2811//2811 2813//2813 2699//2699
f 2812//2812 2696//2696 2814//2814
f 2812//2812 2814//2814 2813//2813
f 2813//2813 2814//2814 2815//2815
f 2813//2813 2815//2815 2699//2699
f 2814//2814 2696//2696 2816//2816
f 2814//2814 2816//2816 2815//2815
f 2815//2815 2816//2816 2817//2817
f 2815//2815 2817//2817 2699//2699
f 2816//2816 2696//2696 2818//2818
f 2816//2816 2818//2818 2817//2817
f 2817//2817 2818//2818 2819//2819
f 2817//2817 2819//2819 2699//2699
f 2818//2818 2696//2696 2820//2820
f 2818//2818 2820//2820 2819//2819
f 2819//2819 2820//2820 2821//2821
f 2819//2819 2821//2821 2699//2699
f 2820//2820 2696//2696 2822//2822
f 2820//2820 2822//2822 2821//2821
f 2821//2821 2822//2822 2823//2823
f 2821//2821 2823//2823 2699//2699
f 2822//2822 2696//2696 2824//2824
f 2822//2822 2824//2824 2823//2823
f 2823//2823 2824//2824 2825//2825
f 2823//2823 2825//2825 2699//2699
f 2824//2824 2696//2696 2697//2697
f 2824//2824 2697//2697 2825//2825
f 2825//2825 2697//2697 2698//2698
f 2825//2825 2698//2698 2699//2699
f 2827//2827 2826//2826 2830//2830
f 2827//2827 2830//2830 2828//2828
f 2828//2828 2830//2830 2831//2831
f 2828//2828 2831//2831 2829//2829
f 2830//2830 2826//2826 2832//2832
f 2830//2830 2832//2832 2831//2831
f 2831//2831 2832//2832 2833//2833
f 2831//2831 2833//2833 2829//2829
f 2832//2832 2826//2826 2834//2834
f 2832//2832 2834//2834 2833//2833
f 2833//2833 2834//2834 2835//2835
f 2833//2833 2835//2835 2829//2829
f 2834//2834 2826//2826 2836//2836
f 2834//2834 2836//2836 2835//2835
f 2835//2835 2836//2836 2837//2837
f 2835//2835 2837//2837 2829//2829
f 2836//2836 2826//2826 2838//2838
f 2836//2836 2838//2838 2837//2837
f 2837//2837 2838//2838 2839//2839
f 2837//2837 2839//2839 2829//2829
f 2838//2838 2826//2826 2840//2840
f 2838//2838 2840//2840 2839//2839
f 2839//2839 2840//2840 2841//2841
f 2839//2839 2841//2841 2829//2829
f 2840//2840 2826//2826 2842//2842
f 2840//2840 2842//2842 2841//2841
f 2841//2841 2842//2842 2843//2843
f 2841//2841 2843//2843 2829//2829
f 2842//2842 2826//2826 2844//2844
f 2842//2842 2844//2844 2843//2843
f 2843//2843 2844//2844 2845//2845
f 2843//2843 2845//2845 2829//2829
f 2844//2844 2826//2826 2846//2846
f 2844//2844 2846//2846 2845//2845
f 2845//2845 2846//2846 2847//2847
f 2845//2845 2847//2847 2829//2829
f 2846//2846 2826//2826 2848//2848
f 2846//2846 2848//2848 2847//2847
f 2847//2847 2848//2848 2849//2849
f 2847//2847 2849//2849 2829//2829
f 2848//2848 2826//2826 2850//2850
f 2848//2848 2850//2850 2849//2849
f 2849//2849 2850//2850 2851//2851
f 2849//2849 2851//2851 2829//2829
f 2850//2850 2826//2826 2852//2852
f 2850//2850 2852//2852 2851//2851
f 2851//2851 2852//2852 2853//2853
f 2851//2851 2853//2853 2829//2829
f 2852//2852 2826//2826 2854//2854
f 2852//2852 2854//2854 2853//2853
f 2853//2853 2854//2854 2855//2855
f 2853//2853 2855//2855 2829//2829
f 2854//2854 2826//2826 2856//2856
f 2854//2854 2856//2856 2855//2855
f 2855//2855 2856//2856 2857//2857
f 2855//2855 2857//2857 2829//2829
f 2856//2856 2826//2826 2858//2858
f 2856//2856 2858//2858 2857//2857
f 2857//2857 2858//2858 2859//2859
f 2857//2857 2859//2859 2829//2829
f 2858//2858 2826//2826 2860//2860
f 2858//2858 2860//2860 2859//2859
f 2859//2859 2860//2860 2861//2861
f 2859//2859 2861//2861 2829//2829
f 2860//2860 2826//2826 2862//2862
f 2860//2860 2862//2862 2861//2861
f 2861//2861 2862//2862 2863//2863
f 2861//2861 2863//2863 2829//2829
f 2862//2862 2826//2826 2864//2864
f 2862//2862 2864//2864 2863//2863
f 2863//2863 2864//2864 2865//2865
f 2863//2863 2865//2865 2829//2829
f 2864//2864 2826//2826 2866//2866
f 2864//2864 2866//2866 2865//2865
f 2865//2865 2866//2866 2867//2867
f 2865//2865 2867//2867 2829//2829
f 2866//2866 2826//2826 2868//2868
f 2866//2866 2868//2868 2867//2867
f 2867//2867 2868//2868 2869//2869
f 2867//2867 2869//2869 2829//2829
f 2868//2868 2826//2826 2870//2870
f 2868//2868 2870//2870 2869//2869
f 2869//2869 2870//2870 2871//2871
f 2869//2869 2871//2871 2829//2829
f 2870//2870 2826//2826 2872//2872
f 2870//2870 2872//2872 2871//2871
f 2871//2871 2872//2872 2873//2873
f 2871//2871 2873//2873 2829//2829
f 2872//2872 2826//2826 2874//2874
f 2872//2872 2874//2874 2873//2873
f 2873//2873 2874//2874 2875//2875
f 2873//2873 2875//2875 2829//2829
f 2874//2874 2826//2826 2876//2876
f 2874//2874 2876//2876 2875//2875
f 2875//2875 2876//2876 2877//2877
f 2875//2875 2877//2877 2829//2829
f 2876//2876 2826//2826 2878//2878
f 2876//2876 2878//2878 2877//2877
f 2877//2877 2878//2878 2879//2879
f 2877//2877 2879//2879 2829//2829
f 2878//2878 2826//2826 2880//2880
f 2878//2878 2880//2880 2879//2879
f 2879//2879 2880//2880 2881//2881
f 2879//2879 2881//2881 2829//2829
f 2880//2880 2826//2826 2882//2882
f 2880//2880 2882//2882 2881//2881
f 2881//2881 2882//2882 2883//2883
f 2881//2881 2883//2883 2829//2829
f 2882//2882 2826//2826 2884//2884
f 2882//2882 2884//2884 2883//2883
f 2883//2883 2884//2884 2885//2885
f 2883//2883 2885//2885 2829//2829
f 2884//2884 2826//2826 2886//2886
f 2884//2884 2886//2886 2885//2885
f 2885//2885 2886//2886 2887//2887
f 2885//2885 2887//2887 2829//2829
f 2886//2886 2826//2826 2888//2888
f 2886//2886 2888//2888 2887//2887
f 2887//2887 2888//2888 2889//2889
f 2887//2887 2889//2889 2829//2829
f 2888//2888 2826//2826 2890//2890
f 2888//2888 2890//2890 2889//2889
f 2889//2889 2890//2890 2891//2891
f 2889//2889 2891//2891 2829//2829
f 2890//2890 2826//2826 2892//2892
f 2890//2890 2892//2892 2891//2891
f 2891//2891 2892//2892 2893//2893
f 2891//2891 2893//2893 2829//2829
f 2892//2892 2826//2826 2894//2894
f 2892//2892 2894//2894 2893//2893
f 2893//2893 2894//2894 2895//2895
f 2893//2893 2895//2895 2829//2829
f 2894//2894 2826//2826 2896//2896
f 2894//2894 2896//2896 2895//2895
f 2895//2895 2896//2896 2897//2897
f 2895//2895 2897//2897 2829//2829
f 2896//2896 2826//2826 2898//2898
f 2896//2896 2898//2898 2897//2897
f 2897//2897 2898//2898 2899//2899
f 2897//2897 2899//2899 2829//2829
f 2898//2898 2826//2826 2900//2900
f 2898//2898 2900//2900 2899//2899
f 2899//2899 2900//2900 2901//2901
f 2899//2899 2901//2901 2829//2829
f 2900//2900 2826//2826 2902//2902
f 2900//2900 2902//2902 2901//2901
f 2901//2901 2902//2902 2903//2903
f 2901//2901 2903//2903 2829//2829
f 2902//2902 2826//2826 2904//2904
f 2902//2902 2904//2904 2903//2903
f 2903//2903 2904//2904 2905//2905
f 2903//2903 2905//2905 2829//2829
f 2904//2904 2826//2826 2906//2906
f 2904//2904 2906//2906 2905//2905
f 2905//2905 2906//2906 2907//2907
f 2905//2905 2907//2907 2829//2829
f 2906//2906 2826//2826 2908//2908
f 2906//2906 2908//2908 2907//2907
f 2907//2907 2908//2908 2909//2909
f 2907//2907 2909//2909 2829//2829
f 2908//2908 2826//2826 2910//2910
f 2908//2908 2910//2910 2909//2909
f 2909//2909 2910//2910 2911//2911
f 2909//2909 2911//2911 2829//2829
f 2910//2910 2826//2826 2912//2912
f 2910//2910 2912//2912 2911//2911
f 2911//2911 2912//2912 2913//2913
f 2911//2911 2913//2913 2829//2829
f 2912//2912 2826//2826 2914//2914
f 2912//2912 2914//2914 2913//2913
f 2913//2913 2914//2914 2915//2915
f 2913//2913 2915//2915 2829//2829
f 2914//2914 2826//2826 2916//2916
f 2914//2914 2916//2916 2915//2915
f 2915//2915 2916//2916 2917//2917
f 2915//2915 2917//2917 2829//2829
f 2916//2916 2826//2826 2918//2918
f 2916//2916 2918//2918 2917//2917
f 2917//2917 2918//2918 2919//2919
f 2917//2917 2919//2919 2829//2829
f 2918//2918 2826//2826 2920//2920
f 2918//2918 2920//2920 2919//2919
f 2919//2919 2920//2920 2921//2921
f 2919//2919 2921//2921 2829//2829
f 2920//2920 2826//2826 2922//2922
f 2920//2920 2922//2922 2921//2921
f 2921//2921 2922//2922 2923//2923
f 2921//2921 2923//2923 2829//2829
f 2922//2922 2826//2826 2924//2924
f 2922//2922 2924//2924 2923//2923
f 2923//2923 2924//2924 2925//2925
f 2923//2923 2925//2925 2829//2829
f 2924//2924 2826//2826 2926//2926
f 2924//2924 2926//2926 2925//2925
f 2925//2925 2926//2926 2927//2927
f 2925//2925 2927//2927 2829//2829
f 2926//2926 2826//2826 2928//2928
f 2926//2926 2928//2928 2927//2927
f 2927//2927 2928//2928 2929//2929
f 2927//2927 2929//2929 2829//2829
f 2928//2928 2826//2826 2930//2930
f 2928//2928 2930//2930 2929//2929
f 2929//2929 2930//2930 2931//2931
f 2929//2929 2931//2931 2829//2829
f 2930//2930 2826//2826 2932//2932
f 2930//2930 2932//2932 2931//2931
f 2931//2931 2932//2932 2933//2933
f 2931//2931 2933//2933 2829//2829
f 2932//2932 2826//2826 2934//2934
f 2932//2932 2934//2934 2933//2933
f 2933//2933 2934//2934 2935//2935
f 2933//2933 2935//2935 2829//2829
f 2934//2934 2826//2826 2936//2936
f 2934//2934 2936//2936 2935//2935
f 2935//2935 2936//2936 2937//2937
f 2935//2935 2937//2937 2829//2829
f 2936//2936 2826//2826 2938//2938
f 2936//2936 2938//2938 2937//2937
f 2937//2937 2938//2938 2939//2939
f 2937//2937 2939//2939 2829//2829
f 2938//2938 2826//2826 2940//2940
f 2938//2938 2940//2940 2939//2939
f 2939//2939 2940//2940 2941//2941
f 2939//2939 2941//2941 2829//2829
f 2940//2940 2826//2826 2942//2942
f 2940//2940 2942//2942 2941//2941
f 2941//2941 2942//2942 2943//2943
f 2941//2941 2943//2943 2829//2829
f 2942//2942 2826//2826 2944//2944
f 2942//2942 2944//2944 2943//2943
f 2943//2943 2944//2944 2945//2945
f 2943//2943 2945//2945 2829//2829
f 2944//2944 2826//2826 2946//2946
f 2944//2944 2946//2946 2945//2945
f 2945//2945 2946//2946 2947//2947
f 2945//2945 2947//2947 2829//2829
f 2946//2946 2826//2826 2948//2948
f 2946//2946 2948//2948 2947//2947
f 2947//2947 2948//2948 2949//2949
f 2947//2947 2949//2949 2829//2829
f 2948//2948 2826//2826 2950//2950
f 2948//2948 2950//2950 2949//2949
f 2949//2949 2950//2950 2951//2951
f 2949//2949 2951//2951 2829//2829
f 2950//2950 2826//2826 2952//2952
f 2950//2950 2952//2952 2951//2951
f 2951//2951 2952//2952 2953//2953
f 2951//2951 2953//2953 2829//2829
f 2952//2952 2826//2826 2954//2954
f 2952//2952 2954//2954 2953//2953
f 2953//2953 2954//2954 2955//2955
f 2953//2953 2955//2955 2829//2829
f 2954//2954 2826//2826 2827//2827
f 2954//2954 2827//2827 2955//2955
f 2955//2955 2827//2827 2828//2828
f 2955//2955 2828//2828 2829//2829
f 2957//2957 2956//2956 2960//2960
f 2957//2957 2960//2960 2958//2958
f 2958//2958 2960//2960 2961//2961
f 2958//2958 2961//2961 2959//2959
f 2960//2960 2956//2956 2962//2962
f 2960//2960 2962//2962 2961//2961
f 2961//2961 2962//2962 2963//2963
f 2961//2961 2963//2963 2959//2959
f 2962//2962 2956//2956 2964//2964
f 2962//2962 2964//2964 2963//2963
f 2963//2963 2964//2964 2965//2965
f 2963//2963 2965//2965 2959//2959
f 2964//2964 2956//2956 2966//2966
f 2964//2964 2966//2966 2965//2965
f 2965//2965 2966//2966 2967//2967
f 2965//2965 2967//2967 2959//2959
f 2966//2966 2956//2956 2968//2968
f 2966//2966 2968//2968 2967//2967
f 2967//2967 2968//2968 2969//2969
f 2967//2967 2969//2969 2959//2959
f 2968//2968 2956//2956 2970//2970
f 2968//2968 2970//2970 2969//2969
f 2969//2969 2970//2970 2971//2971
f 2969//2969 2971//2971 2959//2959
f 2970//2970 2956//2956 2972//2972
f 2970//2970 2972//2972 2971//2971
f 2971//2971 2972//2972 2973//2973
f 2971//2971 2973//2973 2959//2959
f 2972//2972 2956//2956 2974//2974
f 2972//2972 2974//2974 2973//2973
f 2973//2973 2974//2974 2975//2975
f 2973//2973 2975//2975 2959//2959
f 2974//2974 2956//2956 2976//2976
f 2974//2974 2976//2976 2975//2975
f 2975//2975 2976//2976 2977//2977
f 2975//2975 2977//2977 2959//2959
f 2976//2976 2956//2956 2978//2978
f 2976//2976 2978//2978 2977//2977
f 2977//2977 2978//2978 2979//2979
f 2977//2977 2979//2979 2959//2959
f 2978//2978 2956//2956 2980//2980
f 2978//2978 2980//2980 2979//2979
f 2979//2979 2980//2980 2981//2981
f 2979//2979 2981//2981 2959//2959
f 2980//2980 2956//2956 2982//2982
f 2980//2980 2982//2982 2981//2981
f 2981//2981 2982//2982 2983//2983
f 2981//2981 2983//2983 2959//2959
f 2982//2982 2956//2956 2984//2984
f 2982//2982 2984//2984 2983//2983
f 2983//2983 2984//2984 2985//2985
f 2983//2983 2985//2985 2959//2959
f 2984//2984 2956//2956 2986//2986
f 2984//2984 2986//2986 2985//2985
f 2985//2985 2986//2986 2987//2987
f 2985//2985 2987//2987 2959//2959
f 2986//2986 2956//2956 2988//2988
f 2986//2986 2988//2988 2987//2987
f 2987//2987 2988//2988 2989//2989
f 2987//2987 2989//2989 2959//2959
f 2988//2988 2956//2956 2990//2990
f 2988//2988 2990//2990 2989//2989
f 2989//2989 2990//2990 2991//2991
f 2989//2989 2991//2991 2959//2959
f 2990//2990 2956//2956 2992//2992
f 2990//2990 2992//2992 2991//2991
f 2991//2991 2992//2992 2993//2993
f 2991//2991 2993//2993 2959//2959
f 2992//2992 2956//2956 2994//2994
f 2992//2992 2994//2994 2993//2993
f 2993//2993 2994//2994 2995//2995
f 2993//2993 2995//2995 2959//2959
f 2994//2994 2956//2956 2996//2996
f 2994//2994 2996//2996 2995//2995
f 2995//2995 2996//2996 2997//2997
f 2995//2995 2997//2997 2959//2959
f 2996//2996 2956//2956 2998//2998
f 2996//2996 2998//2998 2997//2997
f 2997//2997 2998//2998 2999//2999
f 2997//2997 2999//2999 2959//2959
f 2998//2998 2956//2956 3000//3000
f 2998//2998 3000//3000 2999//2999
f 2999//2999 3000//3000 3001//3001
f 2999//2999 3001//3001 2959//2959
f 3000//3000 2956//2956 3002//3002
f 3000//3000 3002//3002 3001//3001
f 3001//3001 3002//3002 3003//3003
f 3001//3001 3003//3003 2959//2959
f 3002//3002 2956//2956 3004//3004
f 3002//3002 3004//3004 3003//3003
f 3003//3003 3004//3004 3005//3005
f 3003//3003 3005//3005 2959//2959
f 3004//3004 2956//2956 3006//3006
f 3004//3004 3006//3006 3005//3005
f 3005//3005 3006//3006 3007//3007
f 3005//3005 3007//3007 2959//2959
f 3006//3006 2956//2956 3008//3008
f 3006//3006 3008//3008 3007//3007
f 3007//3007 3008//3008 3009//3009
f 3007//3007 3009//3009 2959//2959
f 3008//3008 2956//2956 3010//3010
f 3008//3008 3010//3010 3009//3009
f 3009//3009 3010//3010 3011//3011
f 3009//3009 3011//3011 2959//2959
f 3010//3010 2956//2956 3012//3012
f 3010//3010 3012//3012 3011//3011
f 3011//3011 3012//3012 3013//3013
f 3011//3011 3013//3013 2959//2959
f 3012//3012 2956//2956 3014//3014
f 3012//3012 3014//3014 3013//3013
f 3013//3013 3014//3014 3015//3015
f 3013//3013 3015//3015 2959//2959
f 3014//3014 2956//2956 3016//3016
f 3014//3014 3016//3016 3015//3015
f 3015//3015 3016//3016 3017//3017
f 3015//3015 3017//3017 2959//2959
f 3016//3016 2956//2956 3018//3018
f 3016//3016 3018//3018 3017//3017
f 3017//3017 3018//3018 3019//3019
f 3017//3017 3019//3019 2959//2959
f 3018//3018 2956//2956 3020//3020
f 3018//3018 3020//3020 3019//3019
f 3019//3019 3020//3020 3021//3021
f 3019//3019 3021//3021 2959//2959
f 3020//3020 2956//2956 3022//3022
f 3020//3020 3022//3022 3021//3021
f 3021//3021 3022//3022 3023//3023
f 3021//3021 3023//3023 2959//2959
f 3022//3022 2956//2956 3024//3024
f 3022//3022 3024//3024 3023//3023
f 3023//3023 3024//3024 3025//3025
f 3023//3023 3025//3025 2959//2959
f 3024//3024 2956//2956 3026//3026
f 3024//3024 3026//3026 3025//3025
f 3025//3025 3026//3026 3027//3027
f 3025//3025 3027//3027 2959//2959
f 3026//3026 2956//2956 3028//3028
f 3026//3026 3028//3028 3027//3027
f 3027//3027 3028//3028 3029//3029
f 3027//3027 3029//3029 2959//2959
f 3028//3028 2956//2956 3030//3030
f 3028//3028 3030//3030 3029//3029
f 3029//3029 3030//3030 3031//3031
f 3029//3029 3031//3031 2959//2959
f 3030//3030 2956//2956 3032//3032
f 3030//3030 3032//3032 3031//3031
f 3031//3031 3032//3032 3033//3033
f 3031//3031 3033//3033 2959//2959
f 3032//3032 2956//2956 3034//3034
f 3032//3032 3034//3034 3033//3033
f 3033//3033 3034//3034 3035//3035
f 3033//3033 3035//3035 2959//2959
f 3034//3034 2956//2956 3036//3036
f 3034//3034 3036//3036 3035//3035
f 3035//3035 3036//3036 3037//3037
f 3035//3035 3037//3037 2959//2959
f 3036//3036 2956//2956 3038//3038
f 3036//3036 3038//3038 3037//3037
f 3037//3037 3038//3038 3039//3039
f 3037//3037 3039//3039 2959//2959
f 3038//3038 2956//2956 3040//3040
f 3038//3038 3040//3040 3039//3039
f 3039//3039 3040//3040 3041//3041
f 3039//3039 3041//3041 2959//2959
f 3040//3040 2956//2956 3042//3042
f 3040//3040 3042//3042 3041//3041
f 3041//3041 3042//3042 3043//3043
f 3041//3041 3043//3043 2959//2959
f 3042//3042 2956//2956 3044//3044
f 3042//3042 3044//3044 3043//3043
f 3043//3043 3044//3044 3045//3045
f 3043//3043 3045//3045 2959//2959
f 3044//3044 2956//2956 3046//3046
f 3044//3044 3046//3046 3045//3045
f 3045//3045 3046//3046 3047//3047
f 3045//3045 3047//3047 2959//2959
f 3046//3046 2956//2956 3048//3048
f 3046//3046 3048//3048 3047//3047
f 3047//3047 3048//3048 3049//3049
f 3047//3047 3049//3049 2959//2959
f 3048//3048 2956//2956 3050//3050
f 3048//3048 3050//3050 3049//3049
f 3049//3049 3050//3050 3051//3051
f 3049//3049 3051//3051 2959//2959
f 3050//3050 2956//2956 3052//3052
f 3050//3050 3052//3052 3051//3051
f 3051//3051 3052//3052 3053//3053
f 3051//3051 3053//3053 2959//2959
f 3052//3052 2956//2956 3054//3054
f 3052//3052 3054//3054 3053//3053
f 3053//3053 3054//3054 3055//3055
f 3053//3053 3055//3055 2959//2959
f 3054//3054 2956//2956 3056//3056
f 3054//3054 3056//3056 3055//3055
f 3055//3055 3056//3056 3057//3057
f 3055//3055 3057//3057 2959//2959
f 3056//3056 2956//2956 3058//3058
f 3056//3056 3058//3058 3057//3057
f 3057//3057 3058//3058 3059//3059
f 3057//3057 3059//3059 2959//2959
f 3058//3058 2956//2956 3060//3060
f 3058//3058 3060//3060 3059//3059
f 3059//3059 3060//3060 3061//3061
f 3059//3059 3061//3061 2959//2959
f 3060//3060 2956//2956 3062//3062
f 3060//3060 3062//3062 3061//3061
f 3061//3061 3062//3062 3063//3063
f 3061//3061 3063//3063 2959//2959
f 3062//3062 2956//2956 3064//3064
f 3062//3062 3064//3064 3063//3063
f 3063//3063 3064//3064 3065//3065
f 3063//3063 3065//3065 2959//2959
f 3064//3064 2956//2956 3066//3066
f 3064//3064 3066//3066 3065//3065
f 3065//3065 3066//3066 3067//3067
f 3065//3065 3067//3067 2959//2959
f 3066//3066 2956//2956 3068//3068
f 3066//3066 3068//3068 3067//3067
f 3067//3067 3068//3068 3069//3069
f 3067//3067 3069//3069 2959//2959
f 3068//3068 2956//2956 3070//3070
f 3068//3068 3070//3070 3069//3069
f 3069//3069 3070//3070 3071//3071
f 3069//3069 3071//3071 2959//2959
f 3070//3070 2956//2956 3072//3072
f 3070//3070 3072//3072 3071//3071
f 3071//3071 3072//3072 3073//3073
f 3071//3071 3073//3073 2959//2959
f 3072//3072 2956//2956 3074//3074
f 3072//3072 3074//3074 3073//3073
f 3073//3073 3074//3074 3075//3075
f 3073//3073 3075//3075 2959//2959
f 3074//3074 2956//2956 3076//3076
f 3074//3074 3076//3076 3075//3075
f 3075//3075 3076//3076 3077//3077
f 3075//3075 3077//3077 2959//2959
f 3076//3076 2956//2956 3078//3078
f 3076//3076 3078//3078 3077//3077
f 3077//3077 3078//3078 3079//3079
f 3077//3077 3079//3079 2959//2959
f 3078//3078 2956//2956 3080//3080
f 3078//3078 3080//3080 3079//3079
f 3079//3079 3080//3080 3081//3081
f 3079//3079 3081//3081 2959//2959
f 3080//3080 2956//2956 3082//3082
f 3080//3080 3082//3082 3081//3081
f 3081//3081 3082//3082 3083//3083
f 3081//3081 3083//3083 2959//2959
f 3082//3082 2956//2956 3084//3084
f 3082//3082 3084//3084 3083//3083
f 3083//3083 3084//3084 3085//3085
f 3083//3083 3085//3085 2959//2959
f 3084//3084 2956//2956 2957//2957
f 3084//3084 2957//2957 3085//3085
f 3085//3085 2957//2957 2958//2958
f 3085//3085 2958//2958 2959//2959
f 3087//3087 3086//3086 3090//3090
f 3087//3087 3090//3090 3088//3088
f 3088//3088 3090//3090 3091//3091
f 3088//3088 3091//3091 3089//3089
f 3090//3090 3086//3086 3092//3092
f 3090//3090 3092//3092 3091//3091
f 3091//3091 3092//3092 3093//3093
f 3091//3091 3093//3093 3089//3089
f 3092//3092 3086//3086 3094//3094
f 3092//3092 3094//3094 3093//3093
f 3093//3093 3094//3094 3095//3095
f 3093//3093 3095//3095 3089//3089
f 3094//3094 3086//3086 3096//3096
f 3094//3094 3096//3096 3095//3095
f 3095//3095 3096//3096 3097//3097
f 3095//3095 3097//3097 3089//3089
f 3096//3096 3086//3086 3098//3098
f 3096//3096 3098//3098 3097//3097
f 3097//3097 3098//3098 3099//3099
f 3097//3097 3099//3099 3089//3089
f 3098//3098 3086//3086 3100//3100
f 3098//3098 3100//3100 3099//3099
f 3099//3099 3100//3100 3101//3101
f 3099//3099 3101//3101 3089//3089
f 3100//3100 3086//3086 3102//3102
f 3100//3100 3102//3102 3101//3101
f 3101//3101 3102//3102 3103//3103
f 3101//3101 3103//3103 3089//3089
f 3102//3102 3086//3086 3104//3104
f 3102//3102 3104//3104 3103//3103
f 3103//3103 3104//3104 3105//3105
f 3103//3103 3105//3105 3089//3089
f 3104//3104 3086//3086 3106//3106
f 3104//3104 3106//3106 3105//3105
f 3105//3105 3106//3106 3107//3107
f 3105//3105 3107//3107 3089//3089
f 3106//3106 3086//3086 3108//3108
f 3106//3106 3108//3108 3107//3107
f 3107//3107 3108//3108 3109//3109
f 3107//3107 3109//3109 3089//3089
f 3108//3108 3086//3086 3110//3110
f 3108//3108 3110//3110 3109//3109
f 3109//3109 3110//3110 3111//3111
f 3109//3109 3111//3111 3089//3089
f 3110//3110 3086//3086 3112//3112
f 3110//3110 3112//3112 3111//3111
f 3111//3111 3112//3112 3113//3113
f 3111//3111 3113//3113 3089//3089
f 3112//3112 3086//3086 3114//3114
f 3112//3112 3114//3114 3113//3113
f 3113//3113 3114//3114 3115//3115
f 3113//3113 3115//3115 3089//3089
f 3114//3114 3086//3086 3116//3116
f 3114//3114 3116//3116 3115//3115
f 3115//3115 3116//3116 3117//3117
f 3115//3115 3117//3117 3089//3089
f 3116//3116 3086//3086 3118//3118
f 3116//3116 3118//3118 3117//3117
f 3117//3117 3118//3118 3119//3119
f 3117//3117 3119//3119 3089//3089
f 3118//3118 3086//3086 3120//3120
f 3118//3118 3120//3120 3119//3119
f 3119//3119 3120//3120 3121//3121
f 3119//3119 3121//3121 3089//3089
f 3120//3120 3086//3086 3122//3122
f 3120//3120 3122//3122 3121//3121
f 3121//3121 3122//3122 3123//3123
f 3121//3121 3123//3123 3089//3089
f 3122//3122 3086//3086 3124//3124
f 3122//3122 3124//3124 3123//3123
f 3123//3123 3124//3124 3125//3125
f 3123//3123 3125//3125 3089//3089
f 3124//3124 3086//3086 3126//3126
f 3124//3124 3126//3126 3125//3125
f 3125//3125 3126//3126 3127//3127
f 3125//3125 3127//3127 3089//3089
f 3126//3126 3086//3086 3128//3128
f 3126//3126 3128//3128 3127//3127
f 3127//3127 3128//3128 3129//3129
f 3127//3127 3129//3129 3089//3089
f 3128//3128 3086//3086 3130//3130
f 3128//3128 3130//3130 3129//3129
f 3129//3129 3130//3130 3131//3131
f 3129//3129 3131//3131 3089//3089
f 3130//3130 3086//3086 3132//3132
f 3130//3130 3132//3132 3131//3131
f 3131//3131 3132//3132 3133//3133
f 3131//3131 3133//3133 3089//3089
f 3132//3132 3086//3086 3134//3134
f 3132//3132 3134//3134 3133//3133
f 3133//3133 3134//3134 3135//3135
f 3133//3133 3135//3135 3089//3089
f 3134//3134 3086//3086 3136//3136
f 3134//3134 3136//3136 3135//3135
f 3135//3135 3136//3136 3137//3137
f 3135//3135 3137//3137 3089//3089
f 3136//3136 3086//3086 3138//3138
f 3136//3136 3138//3138 3137//3137
f 3137//3137 3138//3138 3139//3139
f 3137//3137 3139//3139 3089//3089
f 3138//3138 3086//3086 3140//3140
f 3138//3138 3140//3140 3139//3139
f 3139//3139 3140//3140 3141//3141
f 3139//3139 3141//3141 3089//3089
f 3140//3140 3086//3086 3142//3142
f 3140//3140 3142//3142 3141//3141
f 3141//3141 3142//3142 3143//3143
f 3141//3141 3143//3143 3089//3089
f 3142//3142 3086//3086 3144//3144
f 3142//3142 3144//3144 3143//3143
f 3143//3143 3144//3144 3145//3145
f 3143//3143 3145//3145 3089//3089
f 3144//3144 3086//3086 3146//3146
f 3144//3144 3146//3146 3145//3145
f 3145//3145 3146//3146 3147//3147
f 3145//3145 3147//3147 3089//3089
f 3146//3146 3086//3086 3148//3148
f 3146//3146 3148//3148 3147//3147
f 3147//3147 3148//3148 3149//3149
f 3147//3147 3149//3149 3089//3089
f 3148//3148 3086//3086 3150//3150
f 3148//3148 3150//3150 3149//3149
f 3149//3149 3150//3150 3151//3151
f 3149//3149 3151//3151 3089//3089
f 3150//3150 3086//3086 3152//3152
f 3150//3150 3152//3152 3151//3151
f 3151//3151 3152//3152 3153//3153
f 3151//3151 3153//3153 3089//3089
f 3152//3152 3086//3086 3154//3154
f 3152//3152 3154//3154 3153//3153
f 3153//3153 3154//3154 3155//3155
f 3153//3153 3155//3155 3089//3089
f 3154//3154 3086//3086 3156//3156
f 3154//3154 3156//3156 3155//3155
f 3155//3155 3156//3156 3157//3157
f 3155//3155 3157//3157 3089//3089
f 3156//3156 3086//3086 3158//3158
f 3156//3156 3158//3158 3157//3157
f 3157//3157 3158//3158 3159//3159
f 3157//3157 3159//3159 3089//3089
f 3158//3158 3086//3086 3160//3160
f 3158//3158 3160//3160 3159//3159
f 3159//3159 3160//3160 3161//3161
f 3159//3159 3161//3161 3089//3089
f 3160//3160 3086//3086 3162//3162
f 3160//3160 3162//3162 3161//3161
f 3161//3161 3162//3162 3163//3163
f 3161//3161 3163//3163 3089//3089
f 3162//3162 3086//3086 3164//3164
f 3162//3162 3164//3164 3163//3163
f 3163//3163 3164//3164 3165//3165
f 3163//3163 3165//3165 3089//3089
f 3164//3164 3086//3086 3166//3166
f 3164//3164 3166//3166 3165//3165
f 3165//3165 3166//3166 3167//3167
f 3165//3165 3167//3167 3089//3089
f 3166//3166 3086//3086 3168//3168
f 3166//3166 3168//3168 3167//3167
f 3167//3167 3168//3168 3169//3169
f 3167//3167 3169//3169 3089//3089
f 3168//3168 3086//3086 3170//3170
f 3168//3168 3170//3170 3169//3169
f 3169//3169 3170//3170 3171//3171
f 3169//3169 3171//3171 3089//3089
f 3170//3170 3086//3086 3172//3172
f 3170//3170 3172//3172 3171//3171
f 3171//3171 3172//3172 3173//3173
f 3171//3171 3173//3173 3089//3089
f 3172//3172 3086//3086 3174//3174
f 3172//3172 3174//3174 3173//3173
f 3173//3173 3174//3174 3175//3175
f 3173//3173 3175//3175 3089//3089
f 3174//3174 3086//3086 3176//3176
f 3174//3174 3176//3176 3175//3175
f 3175//3175 3176//3176 3177//3177
f 3175//3175 3177//3177 3089//3089
f 3176//3176 3086//3086 3178//3178
f 3176//3176 3178//3178 3177//3177
f 3177//3177 3178//3178 3179//3179
f 3177//3177 3179//3179 3089//3089
f 3178//3178 3086//3086 3180//3180
f 3178//3178 3180//3180 3179//3179
f 3179//3179 3180//3180 3181//3181
f 3179//3179 3181//3181 3089//3089
f 3180//3180 3086//3086 3182//3182
f 3180//3180 3182//3182 3181//3181
f 3181//3181 3182//3182 3183//3183
f 3181//3181 3183//3183 3089//3089
f 3182//3182 3086//3086 3184//3184
f 3182//3182 3184//3184 3183//3183
f 3183//3183 3184//3184 3185//3185
f 3183//3183 3185//3185 3089//3089
f 3184//3184 3086//3086 3186//3186
f 3184//3184 3186//3186 3185//3185
f 3185//3185 3186//3186 3187//3187
f 3185//3185 3187//3187 3089//3089
f 3186//3186 3086//3086 3188//3188
f 3186//3186 3188//3188 3187//3187
f 3187//3187 3188//3188 3189//3189
f 3187//3187 3189//3189 3089//3089
f 3188//3188 3086//3086 3190//3190
f 3188//3188 3190//3190 3189//3189
f 3189//3189 3190//3190 3191//3191
f 3189//3189 3191//3191 3089//3089
f 3190//3190 3086//3086 3192//3192
f 3190//3190 3192//3192 3191//3191
f 3191//3191 3192//3192 3193//3193
f 3191//3191 3193//3193 3089//3089
f 3192//3192 3086//3086 3194//3194
f 3192//3192 3194//3194 3193//3193
f 3193//3193 3194//3194 3195//3195
f 3193//3193 3195//3195 3089//3089
f 3194//3194 3086//3086 3196//3196
f 3194//3194 3196//3196 3195//3195
f 3195//3195 3196//3196 3197//3197
f 3195//3195 3197//3197 3089//3089
f 3196//3196 3086//3086 3198//3198
f 3196//3196 3198//3198 3197//3197
f 3197//3197 3198//3198 3199//3199
f 3197//3197 3199//3199 3089//3089
f 3198//3198 3086//3086 3200//3200
f 3198//3198 3200//3200 3199//3199
f 3199//3199 3200//3200 3201//3201
f 3199//3199 3201//3201 3089//3089
f 3200//3200 3086//3086 3202//3202
f 3200//3200 3202//3202 3201//3201
f 3201//3201 3202//3202 3203//3203
f 3201//3201 3203//3203 3089//3089
f 3202//3202 3086//3086 3204//3204
f 3202//3202 3204//3204 3203//3203
f 3203//3203 3204//3204 3205//3205
f 3203//3203 3205//3205 3089//3089
f 3204//3204 3086//3086 3206//3206
f 3204//3204 3206//3206 3205//3205
f 3205//3205 3206//3206 3207//3207
f 3205//3205 3207//3207 3089//3089
f 3206//3206 3086//3086 3208//3208
f 3206//3206 3208//3208 3207//3207
f 3207//3207 3208//3208 3209//3209
f 3207//3207 3209//3209 3089//3089
f 3208//3208 3086//3086 3210//3210
f 3208//3208 3210//3210 3209//3209
f 3209//3209 3210//3210 3211//3211
f 3209//3209 3211//3211 3089//3089
f 3210//3210 3086//3086 3212//3212
f 3210//3210 3212//3212 3211//3211
f 3211//3211 3212//3212 3213//3213
f 3211//3211 3213//3213 3089//3089
f 3212//3212 3086//3086 3214//3214
f 3212//3212 3214//3214 3213//3213
f 3213//3213 3214//3214 3215//3215
f 3213//3213 3215//3215 3089//3089
f 3214//3214 3086//3086 3087//3087
f 3214//3214 3087//3087 3215//3215
f 3215//3215 3087//3087 3088//3088
f 3215//3215 3088//3088 3089//3089
f 3217//3217 3216//3216 3220//3220
f 3217//3217 3220//3220 3218//3218
f 3218//3218 3220//3220 3221//3221
f 3218//3218 3221//3221 3219//3219
f 3220//3220 3216//3216 3222//3222
f 3220//3220 3222//3222 3221//3221
f 3221//3221 3222//3222 3223//3223
f 3221//3221 3223//3223 3219//3219
f 3222//3222 3216//3216 3224//3224
f 3222//3222 3224//3224 3223//3223
f 3223//3223 3224//3224 3225//3225
f 3223//3223 3225//3225 3219//3219
f 3224//3224 3216//3216 3226//3226
f 3224//3224 3226//3226 3225//3225
f 3225//3225 3226//3226 3227//3227
f 3225//3225 3227//3227 3219//3219
f 3226//3226 3216//3216 3228//3228
f 3226//3226 3228//3228 3227//3227
f 3227//3227 3228//3228 3229//3229
f 3227//3227 3229//3229 3219//3219
f 3228//3228 3216//3216 3230//3230
f 3228//3228 3230//3230 3229//3229
f 3229//3229 3230//3230 3231//3231
f 3229//3229 3231//3231 3219//3219
f 3230//3230 3216//3216 3232//3232
f 3230//3230 3232//3232 3231//3231
f 3231//3231 3232//3232 3233//3233
f 3231//3231 3233//3233 3219//3219
f 3232//3232 3216//3216 3234//3234
f 3232//3232 3234//3234 3233//3233
f 3233//3233 3234//3234 3235//3235
f 3233//3233 3235//3235 3219//3219
f 3234//3234 3216//3216 3236//3236
f 3234//3234 3236//3236 3235//3235
f 3235//3235 3236//3236 3237//3237
f 3235//3235 3237//3237 3219//3219
f 3236//3236 3216//3216 3238//3238
f 3236//3236 3238//3238 3237//3237
f 3237//3237 3238//3238 3239//3239
f 3237//3237 3239//3239 3219//3219
f 3238//3238 3216//3216 3240//3240
f 3238//3238 3240//3240 3239//3239
f 3239//3239 3240//3240 3241//3241
f 3239//3239 3241//3241 3219//3219
f 3240//3240 3216//3216 3242//3242
f 3240//3240 3242//3242 3241//3241
f 3241//3241 3242//3242 3243//3243
f 3241//3241 3243//3243 3219//3219
f 3242//3242 3216//3216 3244//3244
f 3242//3242 3244//3244 3243//3243
f 3243//3243 3244//3244 3245//3245
f 3243//3243 3245//3245 3219//3219
f 3244//3244 3216//3216 3246//3246
f 3244//3244 3246//3246 3245//3245
f 3245//3245 3246//3246 3247//3247
f 3245//3245 3247//3247 3219//3219
f 3246//3246 3216//3216 3248//3248
f 3246//3246 3248//3248 3247//3247
f 3247//3247 3248//3248 3249//3249
f 3247//3247 3249//3249 3219//3219
f 3248//3248 3216//3216 3250//3250
f 3248//3248 3250//3250 3249//3249
f 3249//3249 3250//3250 3251//3251
f 3249//3249 3251//3251 3219//3219
f 3250//3250 3216//3216 3252//3252
f 3250//3250 3252//3252 3251//3251
f 3251//3251 3252//3252 3253//3253
f 3251//3251 3253//3253 3219//3219
f 3252//3252 3216//3216 3254//3254
f 3252//3252 3254//3254 3253//3253
f 3253//3253 3254//3254 3255//3255
f 3253//3253 3255//3255 3219//3219
f 3254//3254 3216//3216 3256//3256
f 3254//3254 3256//3256 3255//3255
f 3255//3255 3256//3256 3257//3257
f 3255//3255 3257//3257 3219//3219
f 3256//3256 3216//3216 3258//3258
f 3256//3256 3258//3258 3257//3257
f 3257//3257 3258//3258 3259//3259
f 3257//3257 3259//3259 3219//3219
f 3258//3258 3216//3216 3260//3260
f 3258//3258 3260//3260 3259//3259
f 3259//3259 3260//3260 3261//3261
f 3259//3259 3261//3261 3219//3219
f 3260//3260 3216//3216 3262//3262
f 3260//3260 3262//3262 3261//3261
f 3261//3261 3262//3262 3263//3263
f 3261//3261 3263//3263 3219//3219
f 3262//3262 3216//3216 3264//3264
f 3262//3262 3264//3264 3263//3263
f 3263//3263 3264//3264 3265//3265
f 3263//3263 3265//3265 3219//3219
f 3264//3264 3216//3216 3266//3266
f 3264//3264 3266//3266 3265//3265
f 3265//3265 3266//3266 3267//3267
f 3265//3265 3267//3267 3219//3219
f 3266//3266 3216//3216 3268//3268
f 3266//3266 3268//3268 3267//3267
f 3267//3267 3268//3268 3269//3269
f 3267//3267 3269//3269 3219//3219
f 3268//3268 3216//3216 3270//3270
f 3268//3268 3270//3270 3269//3269
f 3269//3269 3270//3270 3271//3271
f 3269//3269 3271//3271 3219//3219
f 3270//3270 3216//3216 3272//3272
f 3270//3270 3272//3272 3271//3271
f 3271//3271 3272//3272 3273//3273
f 3271//3271 3273//3273 3219//3219
f 3272//3272 3216//3216 3274//3274
f 3272//3272 3274//3274 3273//3273
f 3273//3273 3274//3274 3275//3275
f 3273//3273 3275//3275 3219//3219
f 3274//3274 3216//3216 3276//3276
f 3274//3274 3276//3276 3275//3275
f 3275//3275 3276//3276 3277//3277
f 3275//3275 3277//3277 3219//3219
f 3276//3276 3216//3216 3278//3278
f 3276//3276 3278//3278 3277//3277
f 3277//3277 3278//3278 3279//3279
f 3277//3277 3279//3279 3219//3219
f 3278//3278 3216//3216 3280//3280
f 3278//3278 3280//3280 3279//3279
f 3279//3279 3280//3280 3281//3281
f 3279//3279 3281//3281 3219//3219
f 3280//3280 3216//3216 3282//3282
f 3280//3280 3282//3282 3281//3281
f 3281//3281 3282//3282 3283//3283
f 3281//3281 3283//3283 3219//3219
f 3282//3282 3216//3216 3284//3284
f 3282//3282 3284//3284 3283//3283
f 3283//3283 3284//3284 3285//3285
f 3283//3283 3285//3285 3219//3219
f 3284//3284 3216//3216 3286//3286
f 3284//3284 3286//3286 3285//3285
f 3285//3285 3286//3286 3287//3287
f 3285//3285 3287//3287 3219//3219
f 3286//3286 3216//3216 3288//3288
f 3286//3286 3288//3288 3287//3287
f 3287//3287 3288//3288 3289//3289
f 3287//3287 3289//3289 3219//3219
f 3288//3288 3216//3216 3290//3290
f 3288//3288 3290//3290 3289//3289
f 3289//3289 3290//3290 3291//3291
f 3289//3289 3291//3291 3219//3219
f 3290//3290 3216//3216 3292//3292
f 3290//3290 3292//3292 3291//3291
f 3291//3291 3292//3292 3293//3293
f 3291//3291 3293//3293 3219//3219
f 3292//3292 3216//3216 3294//3294
f 3292//3292 3294//3294 3293//3293
f 3293//3293 3294//3294 3295//3295
f 3293//3293 3295//3295 3219//3219
f 3294//3294 3216//3216 3296//3296
f 3294//3294 3296//3296 3295//3295
f 3295//3295 3296//3296 3297//3297
f 3295//3295 3297//3297 3219//3219
f 3296//3296 3216//3216 3298//3298
f 3296//3296 3298//3298 3297//3297
f 3297//3297 3298//3298 3299//3299
f 3297//3297 3299//3299 3219//3219
f 3298//3298 3216//3216 3300//3300
f 3298//3298 3300//3300 3299//3299
f 3299//3299 3300//3300 3301//3301
f 3299//3299 3301//3301 3219//3219
f 3300//3300 3216//3216 3302//3302
f 3300//3300 3302//3302 3301//3301
f 3301//3301 3302//3302 3303//3303
f 3301//3301 3303//3303 3219//3219
f 3302//3302 3216//3216 3304//3304
f 3302//3302 3304//3304 3303//3303
f 3303//3303 3304//3304 3305//3305
f 3303//3303 3305//3305 3219//3219
f 3304//3304 3216//3216 3306//3306
f 3304//3304 3306//3306 3305//3305
f 3305//3305 3306//3306 3307//3307
f 3305//3305 3307//3307 3219//3219
f 3306//3306 3216//3216 3308//3308
f 3306//3306 3308//3308 3307//3307
f 3307//3307 3308//3308 3309//3309
f 3307//3307 3309//3309 3219//3219
f 3308//3308 3216//3216 3310//3310
f 3308//3308 3310//3310 3309//3309
f 3309//3309 3310//3310 3311//3311
f 3309//3309 3311//3311 3219//3219
f 3310//3310 3216//3216 3312//3312
f 3310//3310 3312//3312 3311//3311
f 3311//3311 3312//3312 3313//3313
f 3311//3311 3313//3313 3219//3219
f 3312//3312 3216//3216 3314//3314
f 3312//3312 3314//3314 3313//3313
f 3313//3313 3314//3314 3315//3315
f 3313//3313 3315//3315 3219//3219
f 3314//3314 3216//3216 3316//3316
f 3314//3314 3316//3316 3315//3315
f 3315//3315 3316//3316 3317//3317
f 3315//3315 3317//3317 3219//3219
f 3316//3316 3216//3216 3318//3318
f 3316//3316 3318//3318 3317//3317
f 3317//3317 3318//3318 3319//3319
f 3317//3317 3319//3319 3219//3219
f 3318//3318 3216//3216 3320//3320
f 3318//3318 3320//3320 3319//3319
f 3319//3319 3320//3320 3321//3321
f 3319//3319 3321//3321 3219//3219
f 3320//3320 3216//3216 3322//3322
f 3320//3320 3322//3322 3321//3321
f 3321//3321 3322//3322 3323//3323
f 3321//3321 3323//3323 3219//3219
f 3322//3322 3216//3216 3324//3324
f 3322//3322 3324//3324 3323//3323
f 3323//3323 3324//3324 3325//3325
f 3323//3323 3325//3325 3219//3219
f 3324//3324 3216//3216 3326//3326
f 3324//3324 3326//3326 3325//3325
f 3325//3325 3326//3326 3327//3327
f 3325//3325 3327//3327 3219//3219
f 3326//3326 3216//3216 3328//3328
f 3326//3326 3328//3328 3327//3327
f 3327//3327 3328//3328 3329//3329
f 3327//3327 3329//3329 3219//3219
f 3328//3328 3216//3216 3330//3330
f 3328//3328 3330//3330 3329//3329
f 3329//3329 3330//3330 3331//3331
f 3329//3329 3331//3331 3219//3219
f 3330//3330 3216//3216 3332//3332
f 3330//3330 3332//3332 3331//3331
f 3331//3331 3332//3332 3333//3333
f 3331//3331 3333//3333 3219//3219
f 3332//3332 3216//3216 3334//3334
f 3332//3332 3334//3334 3333//3333
f 3333//3333 3334//3334 3335//3335
f 3333//3333 3335//3335 3219//3219
f 3334//3334 3216//3216 3336//3336
f 3334//3334 3336//3336 3335//3335
f 3335//3335 3336//3336 3337//3337
f 3335//3335 3337//3337 3219//3219
f 3336//3336 3216//3216 3338//3338
f 3336//3336 3338//3338 3337//3337
f 3337//3337 3338//3338 3339//3339
f 3337//3337 3339//3339 3219//3219
f 3338//3338 3216//3216 3340//3340
f 3338//3338 3340//3340 3339//3339
f 3339//3339 3340//3340 3341//3341
f 3339//3339 3341//3341 3219//3219
f 3340//3340 3216//3216 3342//3342
f 3340//3340 3342//3342 3341//3341
f 3341//3341 3342//3342 3343//3343
f 3341//3341 3343//3343 3219//3219
f 3342//3342 3216//3216 3344//3344
f 3342//3342 3344//3344 3343//3343
f 3343//3343 3344//3344 3345//3345
f 3343//3343 3345//3345 3219//3219
f 3344//3344 3216//3216 3217//3217
f 3344//3344 3217//3217 3345//3345
f 3345//3345 3217//3217 3218//3218
f 3345//3345 3218//3218 3219//3219
f 3347//3347 3346//3346 3350//3350
f 3347//3347 3350//3350 3348//3348
f 3348//3348 3350//3350 3351//3351
f 3348//3348 3351//3351 3349//3349
f 3350//3350 3346//3346 3352//3352
f 3350//3350 3352//3352 3351//3351
f 3351//3351 3352//3352 3353//3353
f 3351//3351 3353//3353 3349//3349
f 3352//3352 3346//3346 3354//3354
f 3352//3352 3354//3354 3353//3353
f 3353//3353 3354//3354 3355//3355
f 3353//3353 3355//3355 3349//3349
f 3354//3354 3346//3346 3356//3356
f 3354//3354 3356//3356 3355//3355
f 3355//3355 3356//3356 3357//3357
f 3355//3355 3357//3357 3349//3349
f 3356//3356 3346//3346 3358//3358
f 3356//3356 3358//3358 3357//3357
f 3357//3357 3358//3358 3359//3359
f 3357//3357 3359//3359 3349//3349
f 3358//3358 3346//3346 3360//3360
f 3358//3358 3360//3360 3359//3359
f 3359//3359 3360//3360 3361//3361
f 3359//3359 3361//3361 3349//3349
f 3360//3360 3346//3346 3362//3362
f 3360//3360 3362//3362 3361//3361
f 3361//3361 3362//3362 3363//3363
f 3361//3361 3363//3363 3349//3349
f 3362//3362 3346//3346 3364//3364
f 3362//3362 3364//3364 3363//3363
f 3363//3363 3364//3364 3365//3365
f 3363//3363 3365//3365 3349//3349
f 3364//3364 3346//3346 3366//3366
f 3364//3364 3366//3366 3365//3365
f 3365//3365 3366//3366 3367//3367
f 3365//3365 3367//3367 3349//3349
f 3366//3366 3346//3346 3368//3368
f 3366//3366 3368//3368 3367//3367
f 3367//3367 3368//3368 3369//3369
f 3367//3367 3369//3369 3349//3349
f 3368//3368 3346//3346 3370//3370
f 3368//3368 3370//3370 3369//3369
f 3369//3369 3370//3370 3371//3371
f 3369//3369 3371//3371 3349//3349
f 3370//3370 3346//3346 3372//3372
f 3370//3370 3372//3372 3371//3371
f 3371//3371 3372//3372 3373//3373
f 3371//3371 3373//3373 3349//3349
f 3372//3372 3346//3346 3374//3374
f 3372//3372 3374//3374 3373//3373
f 3373//3373 3374//3374 3375//3375
f 3373//3373 3375//3375 3349//3349
f 3374//3374 3346//3346 3376//3376
f 3374//3374 3376//3376 3375//3375
f 3375//3375 3376//3376 3377//3377
f 3375//3375 3377//3377 3349//3349
f 3376//3376 3346//3346 3378//3378
f 3376//3376 3378//3378 3377//3377
f 3377//3377 3378//3378 3379//3379
f 3377//3377 3379//3379 3349//3349
f 3378//3378 3346//3346 3380//3380
f 3378//3378 3380//3380 3379//3379
f 3379//3379 3380//3380 3381//3381
f 3379//3379 3381//3381 3349//3349
f 3380//3380 3346//3346 3382//3382
f 3380//3380 3382//3382 3381//3381
f 3381//3381 3382//3382 3383//3383
f 3381//3381 3383//3383 3349//3349
f 3382//3382 3346//3346 3384//3384
f 3382//3382 3384//3384 3383//3383
f 3383//3383 3384//3384 3385//3385
f 3383//3383 3385//3385 3349//3349
f 3384//3384 3346//3346 3386//3386
f 3384//3384 3386//3386 3385//3385
f 3385//3385 3386//3386 3387//3387
f 3385//3385 3387//3387 3349//3349
f 3386//3386 3346//3346 3388//3388
f 3386//3386 3388//3388 3387//3387
f 3387//3387 3388//3388 3389//3389
f 3387//3387 3389//3389 3349//3349
f 3388//3388 3346//3346 3390//3390
f 3388//3388 3390//3390 3389//3389
f 3389//3389 3390//3390 3391//3391
f 3389//3389 3391//3391 3349//3349
f 3390//3390 3346//3346 3392//3392
f 3390//3390 3392//3392 3391//3391
f 3391//3391 3392//3392 3393//3393
f 3391//3391 3393//3393 3349//3349
f 3392//3392 3346//3346 3394//3394
f 3392//3392 3394//3394 3393//3393
f 3393//3393 3394//3394 3395//3395
f 3393//3393 3395//3395 3349//3349
f 3394//3394 3346//3346 3396//3396
f 3394//3394 3396//3396 3395//3395
f 3395//3395 3396//3396 3397//3397
f 3395//3395 3397//3397 3349//3349
f 3396//3396 3346//3346 3398//3398
f 3396//3396 3398//3398 3397//3397
f 3397//3397 3398//3398 3399//3399
f 3397//3397 3399//3399 3349//3349
f 3398//3398 3346//3346 3400//3400
f 3398//3398 3400//3400 3399//3399
f 3399//3399 3400//3400 3401//3401
f 3399//3399 3401//3401 3349//3349
f 3400//3400 3346//3346 3402//3402
f 3400//3400 3402//3402 3401//3401
f 3401//3401 3402//3402 3403//3403
f 3401//3401 3403//3403 3349//3349
f 3402//3402 3346//3346 3404//3404
f 3402//3402 3404//3404 3403//3403
f 3403//3403 3404//3404 3405//3405
f 3403//3403 3405//3405 3349//3349
f 3404//3404 3346//3346 3406//3406
f 3404//3404 3406//3406 3405//3405
f 3405//3405 3406//3406 3407//3407
f 3405//3405 3407//3407 3349//3349
f 3406//3406 3346//3346 3408//3408
f 3406//3406 3408//3408 3407//3407
f 3407//3407 3408//3408 3409//3409
f 3407//3407 3409//3409 3349//3349
f 3408//3408 3346//3346 3410//3410
f 3408//3408 3410//3410 3409//3409
f 3409//3409 3410//3410 3411//3411
f 3409//3409 3411//3411 3349//3349
f 3410//3410 3346//3346 3412//3412
f 3410//3410 3412//3412 3411//3411
f 3411//3411 3412//3412 3413//3413
f 3411//3411 3413//3413 3349//3349
f 3412//3412 3346//3346 3414//3414
f 3412//3412 3414//3414 3413//3413
f 3413//3413 3414//3414 3415//3415
f 3413//3413 3415//3415 3349//3349
f 3414//3414 3346//3346 3416//3416
f 3414//3414 3416//3416 3415//3415
f 3415//3415 3416//3416 3417//3417
f 3415//3415 3417//3417 3349//3349
f 3416//3416 3346//3346 3418//3418
f 3416//3416 3418//3418 3417//3417
f 3417//3417 3418//3418 3419//3419
f 3417//3417 3419//3419 3349//3349
f 3418//3418 3346//3346 3420//3420
f 3418//3418 3420//3420 3419//3419
f 3419//3419 3420//3420 3421//3421
f 3419//3419 3421//3421 3349//3349
f 3420//3420 3346//3346 3422//3422
f 3420//3420 3422//3422 3421//3421
f 3421//3421 3422//3422 3423//3423
f 3421//3421 3423//3423 3349//3349
f 3422//3422 3346//3346 3424//3424
f 3422//3422 3424//3424 3423//3423
f 3423//3423 3424//3424 3425//3425
f 3423//3423 3425//3425 3349//3349
f 3424//3424 3346//3346 3426//3426
f 3424//3424 3426//3426 3425//3425
f 3425//3425 3426//3426 3427//3427
f 3425//3425 3427//3427 3349//3349
f 3426//3426 3346//3346 3428//3428
f 3426//3426 3428//3428 3427//3427
f 3427//3427 3428//3428 3429//3429
f 3427//3427 3429//3429 3349//3349
f 3428//3428 3346//3346 3430//3430
f 3428//3428 3430//3430 3429//3429
f 3429//3429 3430//3430 3431//3431
f 3429//3429 3431//3431 3349//3349
f 3430//3430 3346//3346 3432//3432
f 3430//3430 3432//3432 3431//3431
f 3431//3431 3432//3432 3433//3433
f 3431//3431 3433//3433 3349//3349
f 3432//3432 3346//3346 3434//3434
f 3432//3432 3434//3434 3433//3433
f 3433//3433 3434//3434 3435//3435
f 3433//3433 3435//3435 3349//3349
f 3434//3434 3346//3346 3436//3436
f 3434//3434 3436//3436 3435//3435
f 3435//3435 3436//3436 3437//3437
f 3435//3435 3437//3437 3349//3349
f 3436//3436 3346//3346 3438//3438
f 3436//3436 3438//3438 3437//3437
f 3437//3437 3438//3438 3439//3439
f 3437//3437 3439//3439 3349//3349
f 3438//3438 3346//3346 3440//3440
f 3438//3438 3440//3440 3439//3439
f 3439//3439 3440//3440 3441//3441
f 3439//3439 3441//3441 3349//3349
f 3440//3440 3346//3346 3442//3442
f 3440//3440 3442//3442 3441//3441
f 3441//3441 3442//3442 3443//3443
f 3441//3441 3443//3443 3349//3349
f 3442//3442 3346//3346 3444//3444
f 3442//3442 3444//3444 3443//3443
f 3443//3443 3444//3444 3445//3445
f 3443//3443 3445//3445 3349//3349
f 3444//3444 3346//3346 3446//3446
f 3444//3444 3446//3446 3445//3445
f 3445//3445 3446//3446 3447//3447
f 3445//3445 3447//3447 3349//3349
f 3446//3446 3346//3346 3448//3448
f 3446//3446 3448//3448 3447//3447
f 3447//3447 3448//3448 3449//3449
f 3447//3447 3449//3449 3349//3349
f 3448//3448 3346//3346 3450//3450
f 3448//3448 3450//3450 3449//3449
f 3449//3449 3450//3450 3451//3451
f 3449//3449 3451//3451 3349//3349
f 3450//3450 3346//3346 3452//3452
f 3450//3450 3452//3452 3451//3451
f 3451//3451 3452//3452 3453//3453
f 3451//3451 3453//3453 3349//3349
f 3452//3452 3346//3346 3454//3454
f 3452//3452 3454//3454 3453//3453
f 3453//3453 3454//3454 3455//3455
f 3453//3453 3455//3455 3349//3349
f 3454//3454 3346//3346 3456//3456
f 3454//3454 3456//3456 3455//3455
f 3455//3455 3456//3456 3457//3457
f 3455//3455 3457//3457 3349//3349
f 3456//3456 3346//3346 3458//3458
f 3456//3456 3458//3458 3457//3457
f 3457//3457 3458//3458 3459//3459
f 3457//3457 3459//3459 3349//3349
f 3458//3458 3346//3346 3460//3460
f 3458//3458 3460//3460 3459//3459
f 3459//3459 3460//3460 3461//3461
f 3459//3459 3461//3461 3349//3349
f 3460//3460 3346//3346 3462//3462
f 3460//3460 3462//3462 3461//3461
f 3461//3461 3462//3462 3463//3463
f 3461//3461 3463//3463 3349//3349
f 3462//3462 3346//3346 3464//3464
f 3462//3462 3464//3464 3463//3463
f 3463//3463 3464//3464 3465//3465
f 3463//3463 3465//3465 3349//3349
f 3464//3464 3346//3346 3466//3466
f 3464//3464 3466//3466 3465//3465
f 3465//3465 3466//3466 3467//3467
f 3465//3465 3467//3467 3349//3349
f 3466//3466 3346//3346 3468//3468
f 3466//3466 3468//3468 3467//3467
f 3467//3467 3468//3468 3469//3469
f 3467//3467 3469//3469 3349//3349
f 3468//3468 3346//3346 3470//3470
f 3468//3468 3470//3470 3469//3469
f 3469//3469 3470//3470 3471//3471
f 3469//3469 3471//3471 3349//3349
f 3470//3470 3346//3346 3472//3472
f 3470//3470 3472//3472 3471//3471
f 3471//3471 3472//3472 3473//3473
f 3471//3471 3473//3473 3349//3349
f 3472//3472 3346//3346 3474//3474
f 3472//3472 3474//3474 3473//3473
f 3473//3473 3474//3474 3475//3475
f 3473//3473 3475//3475 3349//3349
f 3474//3474 3346//3346 3347//3347
f 3474//3474 3347//3347 3475//3475
f 3475//3475 3347//3347 3348//3348
f 3475//3475 3348//3348 3349//3349
f 3477//3477 3476//3476 3480//3480
f 3477//3477 3480//3480 3478//3478
f 3478//3478 3480//3480 3481//3481
f 3478//3478 3481//3481 3479//3479
f 3480//3480 3476//3476 3482//3482
f 3480//3480 3482//3482 3481//3481
f 3481//3481 3482//3482 3483//3483
f 3481//3481 3483//3483 3479//3479
f 3482//3482 3476//3476 3484//3484
f 3482//3482 3484//3484 3483//3483
f 3483//3483 3484//3484 3485//3485
f 3483//3483 3485//3485 3479//3479
f 3484//3484 3476//3476 3486//3486
f 3484//3484 3486//3486 3485//3485
f 3485//3485 3486//3486 3487//3487
f 3485//3485 3487//3487 3479//3479
f 3486//3486 3476//3476 3488//3488
f 3486//3486 3488//3488 3487//3487
f 3487//3487 3488//3488 3489//3489
f 3487//3487 3489//3489 3479//3479
f 3488//3488 3476//3476 3490//3490
f 3488//3488 3490//3490 3489//3489
f 3489//3489 3490//3490 3491//3491
f 3489//3489 3491//3491 3479//3479
f 3490//3490 3476//3476 3492//3492
f 3490//3490 3492//3492 3491//3491
f 3491//3491 3492//3492 3493//3493
f 3491//3491 3493//3493 3479//3479
f 3492//3492 3476//3476 3494//3494
f 3492//3492 3494//3494 3493//3493
f 3493//3493 3494//3494 3495//3495
f 3493//3493 3495//3495 3479//3479
f 3494//3494 3476//3476 3496//3496
f 3494//3494 3496//3496 3495//3495
f 3495//3495 3496//3496 3497//3497
f 3495//3495 3497//3497 3479//3479
f 3496//3496 3476//3476 3498//3498
f 3496//3496 3498//3498 3497//3497
f 3497//3497 3498//3498 3499//3499
f 3497//3497 3499//3499 3479//3479
f 3498//3498 3476//3476 3500//3500
f 3498//3498 3500//3500 3499//3499
f 3499//3499 3500//3500 3501//3501
f 3499//3499 3501//3501 3479//3479
f 3500//3500 3476//3476 3502//3502
f 3500//3500 3502//3502 3501//3501
f 3501//3501 3502//3502 3503//3503
f 3501//3501 3503//3503 3479//3479
f 3502//3502 3476//3476 3504//3504
f 3502//3502 3504//3504 3503//3503
f 3503//3503 3504//3504 3505//3505
f 3503//3503 3505//3505 3479//3479
f 3504//3504 3476//3476 3506//3506
f 3504//3504 3506//3506 3505//3505
f 3505//3505 3506//3506 3507//3507
f 3505//3505 3507//3507 3479//3479
f 3506//3506 3476//3476 3508//3508
f 3506//3506 3508//3508 3507//3507
f 3507//3507 3508//3508 3509//3509
f 3507//3507 3509//3509 3479//3479
f 3508//3508 3476//3476 3510//3510
f 3508//3508 3510//3510 3509//3509
f 3509//3509 3510//3510 3511//3511
f 3509//3509 3511//3511 3479//3479
f 3510//3510 3476//3476 3512//3512
f 3510//3510 3512//3512 3511//3511
f 3511//3511 3512//3512 3513//3513
f 3511//3511 3513//3513 3479//3479
f 3512//3512 3476//3476 3514//3514
f 3512//3512 3514//3514 3513//3513
f 3513//3513 3514//3514 3515//3515
f 3513//3513 3515//3515 3479//3479
f 3514//3514 3476//3476 3516//3516
f 3514//3514 3516//3516 3515//3515
f 3515//3515 3516//3516 3517//3517
f 3515//3515 3517//3517 3479//3479
f 3516//3516 3476//3476 3518//3518
f 3516//3516 3518//3518 3517//3517
f 3517//3517 3518//3518 3519//3519
f 3517//3517 3519//3519 3479//3479
f 3518//3518 3476//3476 3520//3520
f 3518//3518 3520//3520 3519//3519
f 3519//3519 3520//3520 3521//3521
f 3519//3519 3521//3521 3479//3479
f 3520//3520 3476//3476 3522//3522
f 3520//3520 3522//3522 3521//3521
f 3521//3521 3522//3522 3523//3523
f 3521//3521 3523//3523 3479//3479
f 3522//3522 3476//3476 3524//3524
f 3522//3522 3524//3524 3523//3523
f 3523//3523 3524//3524 3525//3525
f 3523//3523 3525//3525 3479//3479
f 3524//3524 3476//3476 3526//3526
f 3524//3524 3526//3526 3525//3525
f 3525//3525 3526//3526 3527//3527
f 3525//3525 3527//3527 3479//3479
f 3526//3526 3476//3476 3528//3528
f 3526//3526 3528//3528 3527//3527
f 3527//3527 3528//3528 3529//3529
f 3527//3527 3529//3529 3479//3479
f 3528//3528 3476//3476 3530//3530
f 3528//3528 3530//3530 3529//3529
f 3529//3529 3530//3530 3531//3531
f 3529//3529 3531//3531 3479//3479
f 3530//3530 3476//3476 3532//3532
f 3530//3530 3532//3532 3531//3531
f 3531//3531 3532//3532 3533//3533
f 3531//3531 3533//3533 3479//3479
f 3532//3532 3476//3476 3534//3534
f 3532//3532 3534//3534 3533//3533
f 3533//3533 3534//3534 3535//3535
f 3533//3533 3535//3535 3479//3479
f 3534//3534 3476//3476 3536//3536
f 3534//3534 3536//3536 3535//3535
f 3535//3535 3536//3536 3537//3537
f 3535//3535 3537//3537 3479//3479
f 3536//3536 3476//3476 3538//3538
f 3536//3536 3538//3538 3537//3537
f 3537//3537 3538//3538 3539//3539
f 3537//3537 3539//3539 3479//3479
f 3538//3538 3476//3476 3540//3540
f 3538//3538 3540//3540 3539//3539
f 3539//3539 3540//3540 3541//3541
f 3539//3539 3541//3541 3479//3479
f 3540//3540 3476//3476 3542//3542
f 3540//3540 3542//3542 3541//3541
f 3541//3541 3542//3542 3543//3543
f 3541//3541 3543//3543 3479//3479
f 3542//3542 3476//3476 3544//3544
f 3542//3542 3544//3544 3543//3543
f 3543//3543 3544//3544 3545//3545
f 3543//3543 3545//3545 3479//3479
f 3544//3544 3476//3476 3546//3546
f 3544//3544 3546//3546 3545//3545
f 3545//3545 3546//3546 3547//3547
f 3545//3545 3547//3547 3479//3479
f 3546//3546 3476//3476 3548//3548
f 3546//3546 3548//3548 3547//3547
f 3547//3547 3548//3548 3549//3549
f 3547//3547 3549//3549 3479//3479
f 3548//3548 3476//3476 3550//3550
f 3548//3548 3550//3550 3549//3549
f 3549//3549 3550//3550 3551//3551
f 3549//3549 3551//3551 3479//3479
f 3550//3550 3476//3476 3552//3552
f 3550//3550 3552//3552 3551//3551
f 3551//3551 3552//3552 3553//3553
f 3551//3551 3553//3553 3479//3479
f 3552//3552 3476//3476 3554//3554
f 3552//3552 3554//3554 3553//3553
f 3553//3553 3554//3554 3555//3555
f 3553//3553 3555//3555 3479//3479
f 3554//3554 3476//3476 3556//3556
f 3554//3554 3556//3556 3555//3555
f 3555//3555 3556//3556 3557//3557
f 3555//3555 3557//3557 3479//3479
f 3556//3556 3476//3476 3558//3558
f 3556//3556 3558//3558 3557//3557
f 3557//3557 3558//3558 3559//3559
f 3557//3557 3559//3559 3479//3479
f 3558//3558 3476//3476 3560//3560
f 3558//3558 3560//3560 3559//3559
f 3559//3559 3560//3560 3561//3561
f 3559//3559 3561//3561 3479//3479
f 3560//3560 3476//3476 3562//3562
f 3560//3560 3562//3562 3561//3561
f 3561//3561 3562//3562 3563//3563
f 3561//3561 3563//3563 3479//3479
f 3562//3562 3476//3476 3564//3564
f 3562//3562 3564//3564 3563//3563
f 3563//3563 3564//3564 3565//3565
f 3563//3563 3565//3565 3479//3479
f 3564//3564 3476//3476 3566//3566
f 3564//3564 3566//3566 3565//3565
f 3565//3565 3566//3566 3567//3567
f 3565//3565 3567//3567 3479//3479
f 3566//3566 3476//3476 3568//3568
f 3566//3566 3568//3568 3567//3567
f 3567//3567 3568//3568 3569//3569
f 3567//3567 3569//3569 3479//3479
f 3568//3568 3476//3476 3570//3570
f 3568//3568 3570//3570 3569//3569
f 3569//3569 3570//3570 3571//3571
f 3569//3569 3571//3571 3479//3479
f 3570//3570 3476//3476 3572//3572
f 3570//3570 3572//3572 3571//3571
f 3571//3571 3572//3572 3573//3573
f 3571//3571 3573//3573 3479//3479
f 3572//3572 3476//3476 3574//3574
f 3572//3572 3574//3574 3573//3573
f 3573//3573 3574//3574 3575//3575
f 3573//3573 3575//3575 3479//3479
f 3574//3574 3476//3476 3576//3576
f 3574//3574 3576//3576 3575//3575
f 3575//3575 3576//3576 3577//3577
f 3575//3575 3577//3577 3479//3479
f 3576//3576 3476//3476 3578//3578
f 3576//3576 3578//3578 3577//3577
f 3577//3577 3578//3578 3579//3579
f 3577//3577 3579//3579 3479//3479
f 3578//3578 3476//3476 3580//3580
f 3578//3578 3580//3580 3579//3579
f 3579//3579 3580//3580 3581//3581
f 3579//3579 3581//3581 3479//3479
f 3580//3580 3476//3476 3582//3582
f 3580//3580 3582//3582 3581//3581
f 3581//3581 3582//3582 3583//3583
f 3581//3581 3583//3583 3479//3479
f 3582//3582 3476//3476 3584//3584
f 3582//3582 3584//3584 3583//3583
f 3583//3583 3584//3584 3585//3585
f 3583//3583 3585//3585 3479//3479
f 3584//3584 3476//3476 3586//3586
f 3584//3584 3586//3586 3585//3585
f 3585//3585 3586//3586 3587//3587
f 3585//3585 3587//3587 3479//3479
f 3586//3586 3476//3476 3588//3588
f 3586//3586 3588//3588 3587//3587
f 3587//3587 3588//3588 3589//3589
f 3587//3587 3589//3589 3479//3479
f 3588//3588 3476//3476 3590//3590
f 3588//3588 3590//3590 3589//3589
f 3589//3589 3590//3590 3591//3591
f 3589//3589 3591//3591 3479//3479
f 3590//3590 3476//3476 3592//3592
f 3590//3590 3592//3592 3591//3591
f 3591//3591 3592//3592 3593//3593
f 3591//3591 3593//3593 3479//3479
f 3592//3592 3476//3476 3594//3594
f 3592//3592 3594//3594 3593//3593
f 3593//3593 3594//3594 3595//3595
f 3593//3593 3595//3595 3479//3479
f 3594//3594 3476//3476 3596//3596
f 3594//3594 3596//3596 3595//3595
f 3595//3595 3596//3596 3597//3597
f 3595//3595 3597//3597 3479//3479
f 3596//3596 3476//3476 3598//3598
f 3596//3596 3598//3598 3597//3597
f 3597//3597 3598//3598 3599//3599
f 3597//3597 3599//3599 3479//3479
f 3598//3598 3476//3476 3600//3600
f 3598//3598 3600//3600 3599//3599
f 3599//3599 3600//3600 3601//3601
f 3599//3599 3601//3601 3479//3479
f 3600//3600 3476//3476 3602//3602
f 3600//3600 3602//3602 3601//3601
f 3601//3601 3602//3602 3603//3603
f 3601//3601 3603//3603 3479//3479
f 3602//3602 3476//3476 3604//3604
f 3602//3602 3604//3604 3603//3603
f 3603//3603 3604//3604 3605//3605
f 3603//3603 3605//3605 3479//3479
f 3604//3604 3476//3476 3477//3477
f 3604//3604 3477//3477 3605//3605
f 3605//3605 3477//3477 3478//3478
f 3605//3605 3478//3478 3479//3479
f 3607//3607 3606//3606 3610//3610
f 3607//3607 3610//3610 3608//3608
f 3608//3608 3610//3610 3611//3611
f 3608//3608 3611//3611 3609//3609
f 3610//3610 3606//3606 3612//3612
f 3610//3610 3612//3612 3611//3611
f 3611//3611 3612//3612 3613//3613
f 3611//3611 3613//3613 3609//3609
f 3612//3612 3606//3606 3614//3614
f 3612//3612 3614//3614 3613//3613
f 3613//3613 3614//3614 3615//3615
f 3613//3613 3615//3615 3609//3609
f 3614//3614 3606//3606 3616//3616
f 3614//3614 3616//3616 3615//3615
f 3615//3615 3616//3616 3617//3617
f 3615//3615 3617//3617 3609//3609
f 3616//3616 3606//3606 3618//3618
f 3616//3616 3618//3618 3617//3617
f 3617//3617 3618//3618 3619//3619
f 3617//3617 3619//3619 3609//3609
f 3618//3618 3606//3606 3620//3620
f 3618//3618 3620//3620 3619//3619
f 3619//3619 3620//3620 3621//3621
f 3619//3619 3621//3621 3609//3609
f 3620//3620 3606//3606 3622//3622
f 3620//3620 3622//3622 3621//3621
f 3621//3621 3622//3622 3623//3623
f 3621//3621 3623//3623 3609//3609
f 3622//3622 3606//3606 3624//3624
f 3622//3622 3624//3624 3623//3623
f 3623//3623 3624//3624 3625//3625
f 3623//3623 3625//3625 3609//3609
f 3624//3624 3606//3606 3626//3626
f 3624//3624 3626//3626 3625//3625
f 3625//3625 3626//3626 3627//3627
f 3625//3625 3627//3627 3609//3609
f 3626//3626 3606//3606 3628//3628
f 3626//3626 3628//3628 3627//3627
f 3627//3627 3628//3628 3629//3629
f 3627//3627 3629//3629 3609//3609
f 3628//3628 3606//3606 3630//3630
f 3628//3628 3630//3630 3629//3629
f 3629//3629 3630//3630 3631//3631
f 3629//3629 3631//3631 3609//3609
f 3630//3630 3606//3606 3632//3632
f 3630//3630 3632//3632 3631//3631
f 3631//3631 3632//3632 3633//3633
f 3631//3631 3633//3633 3609//3609
f 3632//3632 3606//3606 3634//3634
f 3632//3632 3634//3634 3633//3633
f 3633//3633 3634//3634 3635//3635
f 3633//3633 3635//3635 3609//3609
f 3634//3634 3606//3606 3636//3636
f 3634//3634 3636//3636 3635//3635
f 3635//3635 3636//3636 3637//3637
f 3635//3635 3637//3637 3609//3609
f 3636//3636 3606//3606 3638//3638
f 3636//3636 3638//3638 3637//3637
f 3637//3637 3638//3638 3639//3639
f 3637//3637 3639//3639 3609//3609
f 3638//3638 3606//3606 3640//3640
f 3638//3638 3640//3640 3639//3639
f 3639//3639 3640//3640 3641//3641
f 3639//3639 3641//3641 3609//3609
f 3640//3640 3606//3606 3642//3642
f 3640//3640 3642//3642 3641//3641
f 3641//3641 3642//3642 3643//3643
f 3641//3641 3643//3643 3609//3609
f 3642//3642 3606//3606 3644//3644
f 3642//3642 3644//3644 3643//3643
f 3643//3643 3644//3644 3645//3645
f 3643//3643 3645//3645 3609//3609
f 3644//3644 3606//3606 3646//3646
f 3644//3644 3646//3646 3645//3645
f 3645//3645 3646//3646 3647//3647
f 3645//3645 3647//3647 3609//3609
f 3646//3646 3606//3606 3648//3648
f 3646//3646 3648//3648 3647//3647
f 3647//3647 3648//3648 3649//3649
f 3647//3647 3649//3649 3609//3609
f 3648//3648 3606//3606 3650//3650
f 3648//3648 3650//3650 3649//3649
f 3649//3649 3650//3650 3651//3651
f 3649//3649 3651//3651 3609//3609
f 3650//3650 3606//3606 3652//3652
f 3650//3650 3652//3652 3651//3651
f 3651//3651 3652//3652 3653//3653
f 3651//3651 3653//3653 3609//3609
f 3652//3652 3606//3606 3654//3654
f 3652//3652 3654//3654 3653//3653
f 3653//3653 3654//3654 3655//3655
f 3653//3653 3655//3655 3609//3609
f 3654//3654 3606//3606 3656//3656
f 3654//3654 3656//3656 3655//3655
f 3655//3655 3656//3656 3657//3657
f 3655//3655 3657//3657 3609//3609
f 3656//3656 3606//3606 3658//3658
f 3656//3656 3658//3658 3657//3657
f 3657//3657 3658//3658 3659//3659
f 3657//3657 3659//3659 3609//3609
f 3658//3658 3606//3606 3660//3660
f 3658//3658 3660//3660 3659//3659
f 3659//3659 3660//3660 3661//3661
f 3659//3659 3661//3661 3609//3609
f 3660//3660 3606//3606 3662//3662
f 3660//3660 3662//3662 3661//3661
f 3661//3661 3662//3662 3663//3663
f 3661//3661 3663//3663 3609//3609
f 3662//3662 3606//3606 3664//3664
f 3662//3662 3664//3664 3663//3663
f 3663//3663 3664//3664 3665//3665
f 3663//3663 3665//3665 3609//3609
f 3664//3664 3606//3606 3666//3666
f 3664//3664 3666//3666 3665//3665
f 3665//3665 3666//3666 3667//3667
f 3665//3665 3667//3667 3609//3609
f 3666//3666 3606//3606 3668//3668
f 3666//3666 3668//3668 3667//3667
f 3667//3667 3668//3668 3669//3669
f 3667//3667 3669//3669 3609//3609
f 3668//3668 3606//3606 3670//3670
f 3668//3668 3670//3670 3669//3669
f 3669//3669 3670//3670 3671//3671
f 3669//3669 3671//3671 3609//3609
f 3670//3670 3606//3606 3672//3672
f 3670//3670 3672//3672 3671//3671
f 3671//3671 3672//3672 3673//3673
f 3671//3671 3673//3673 3609//3609
f 3672//3672 3606//3606 3674//3674
f 3672//3672 3674//3674 3673//3673
f 3673//3673 3674//3674 3675//3675
f 3673//3673 3675//3675 3609//3609
f 3674//3674 3606//3606 3676//3676
f 3674//3674 3676//3676 3675//3675
f 3675//3675 3676//3676 3677//3677
f 3675//3675 3677//3677 3609//3609
f 3676//3676 3606//3606 3678//3678
f 3676//3676 3678//3678 3677//3677
f 3677//3677 3678//3678 3679//3679
f 3677//3677 3679//3679 3609//3609
f 3678//3678 3606//3606 3680//3680
f 3678//3678 3680//3680 3679//3679
f 3679//3679 3680//3680 3681//3681
f 3679//3679 3681//3681 3609//3609
f 3680//3680 3606//3606 3682//3682
f 3680//3680 3682//3682 3681//3681
f 3681//3681 3682//3682 3683//3683
f 3681//3681 3683//3683 3609//3609
f 3682//3682 3606//3606 3684//3684
f 3682//3682 3684//3684 3683//3683
f 3683//3683 3684//3684 3685//3685
f 3683//3683 3685//3685 3609//3609
f 3684//3684 3606//3606 3686//3686
f 3684//3684 3686//3686 3685//3685
f 3685//3685 3686//3686 3687//3687
f 3685//3685 3687//3687 3609//3609
f 3686//3686 3606//3606 3688//3688
f 3686//3686 3688//3688 3687//3687
f 3687//3687 3688//3688 3689//3689
f 3687//3687 3689//3689 3609//3609
f 3688//3688 3606//3606 3690//3690
f 3688//3688 3690//3690 3689//3689
f 3689//3689 3690//3690 3691//3691
f 3689//3689 3691//3691 3609//3609
f 3690//3690 3606//3606 3692//3692
f 3690//3690 3692//3692 3691//3691
f 3691//3691 3692//3692 3693//3693
f 3691//3691 3693//3693 3609//3609
f 3692//3692 3606//3606 3694//3694
f 3692//3692 3694//3694 3693//3693
f 3693//3693 3694//3694 3695//3695
f 3693//3693 3695//3695 3609//3609
f 3694//3694 3606//3606 3696//3696
f 3694//3694 3696//3696 3695//3695
f 3695//3695 3696//3696 3697//3697
f 3695//3695 3697//3697 3609//3609
f 3696//3696 3606//3606 3698//3698
f 3696//3696 3698//3698 3697//3697
f 3697//3697 3698//3698 3699//3699
f 3697//3697 3699//3699 3609//3609
f 3698//3698 3606//3606 3700//3700
f 3698//3698 3700//3700 3699//3699
f 3699//3699 3700//3700 3701//3701
f 3699//3699 3701//3701 3609//3609
f 3700//3700 3606//3606 3702//3702
f 3700//3700 3702//3702 3701//3701
f 3701//3701 3702//3702 3703//3703
f 3701//3701 3703//3703 3609//3609
f 3702//3702 3606//3606 3704//3704
f 3702//3702 3704//3704 3703//3703
f 3703//3703 3704//3704 3705//3705
f 3703//3703 3705//3705 3609//3609
f 3704//3704 3606//3606 3706//3706
f 3704//3704 3706//3706 3705//3705
f 3705//3705 3706//3706 3707//3707
f 3705//3705 3707//3707 3609//3609
f 3706//3706 3606//3606 3708//3708
f 3706//3706 3708//3708 3707//3707
f 3707//3707 3708//3708 3709//3709
f 3707//3707 3709//3709 3609//3609
f 3708//3708 3606//3606 3710//3710
f 3708//3708 3710//3710 3709//3709
f 3709//3709 3710//3710 3711//3711
f 3709//3709 3711//3711 3609//3609
f 3710//3710 3606//3606 3712//3712
f 3710//3710 3712//3712 3711//3711
f 3711//3711 3712//3712 3713//3713
f 3711//3711 3713//3713 3609//3609
f 3712//3712 3606//3606 3714//3714
f 3712//3712 3714//3714 3713//3713
f 3713//3713 3714//3714 3715//3715
f 3713//3713 3715//3715 3609//3609
f 3714//3714 3606//3606 3716//3716
f 3714//3714 3716//3716 3715//3715
f 3715//3715 3716//3716 3717//3717
f 3715//3715 3717//3717 3609//3609
f 3716//3716 3606//3606 3718//3718
f 3716//3716 3718//3718 3717//3717
f 3717//3717 3718//3718 3719//3719
f 3717//3717 3719//3719 3609//3609
f 3718//3718 3606//3606 3720//3720
f 3718//3718 3720//3720 3719//3719
f 3719//3719 3720//3720 3721//3721
f 3719//3719 3721//3721 3609//3609
f 3720//3720 3606//3606 3722//3722
f 3720//3720 3722//3722 3721//3721
f 3721//3721 3722//3722 3723//3723
f 3721//3721 3723//3723 3609//3609
f 3722//3722 3606//3606 3724//3724
f 3722//3722 3724//3724 3723//3723
f 3723//3723 3724//3724 3725//3725
f 3723//3723 3725//3725 3609//3609
f 3724//3724 3606//3606 3726//3726
f 3724//3724 3726//3726 3725//3725
f 3725//3725 3726//3726 3727//3727
f 3725//3725 3727//3727 3609//3609
f 3726//3726 3606//3606 3728//3728
f 3726//3726 3728//3728 3727//3727
f 3727//3727 3728//3728 3729//3729
f 3727//3727 3729//3729 3609//3609
f 3728//3728 3606//3606 3730//3730
f 3728//3728 3730//3730 3729//3729
f 3729//3729 3730//3730 3731//3731
f 3729//3729 3731//3731 3609//3609
f 3730//3730 3606//3606 3732//3732
f 3730//3730 3732//3732 3731//3731
f 3731//3731 3732//3732 3733//3733
f 3731//3731 3733//3733 3609//3609
f 3732//3732 3606//3606 3734//3734
f 3732//3732 3734//3734 3733//3733
f 3733//3733 3734//3734 3735//3735
f 3733//3733 3735//3735 3609//3609
f 3734//3734 3606//3606 3607//3607
f 3734//3734 3607//3607 3735//3735
f 3735//3735 3607//3607 3608//3608
f 3735//3735 3608//3608 3609//3609
f 3737//3737 3736//3736 3740//3740
f 3737//3737 3740//3740 3738//3738
f 3738//3738 3740//3740 3741//3741
f 3738//3738 3741//3741 3739//3739
f 3740//3740 3736//3736 3742//3742
f 3740//3740 3742//3742 3741//3741
f 3741//3741 3742//3742 3743//3743
f 3741//3741 3743//3743 3739//3739
f 3742//3742 3736//3736 3744//3744
f 3742//3742 3744//3744 3743//3743
f 3743//3743 3744//3744 3745//3745
f 3743//3743 3745//3745 3739//3739
f 3744//3744 3736//3736 3746//3746
f 3744//3744 3746//3746 3745//3745
f 3745//3745 3746//3746 3747//3747
f 3745//3745 3747//3747 3739//3739
f 3746//3746 3736//3736 3748//3748
f 3746//3746 3748//3748 3747//3747
f 3747//3747 3748//3748 3749//3749
f 3747//3747 3749//3749 3739//3739
f 3748//3748 3736//3736 3750//3750
f 3748//3748 3750//3750 3749//3749
f 3749//3749 3750//3750 3751//3751
f 3749//3749 3751//3751 3739//3739
f 3750//3750 3736//3736 3752//3752
f 3750//3750 3752//3752 3751//3751
f 3751//3751 3752//3752 3753//3753
f 3751//3751 3753//3753 3739//3739
f 3752//3752 3736//3736 3754//3754
f 3752//3752 3754//3754 3753//3753
f 3753//3753 3754//3754 3755//3755
f 3753//3753 3755//3755 3739//3739
f 3754//3754 3736//3736 3756//3756
f 3754//3754 3756//3756 3755//3755
f 3755//3755 3756//3756 3757//3757
f 3755//3755 3757//3757 3739//3739
f 3756//3756 3736//3736 3758//3758
f 3756//3756 3758//3758 3757//3757
f 3757//3757 3758//3758 3759//3759
f 3757//3757 3759//3759 3739//3739
f 3758//3758 3736//3736 3760//3760
f 3758//3758 3760//3760 3759//3759
f 3759//3759 3760//3760 3761//3761
f 3759//3759 3761//3761 3739//3739
f 3760//3760 3736//3736 3762//3762
f 3760//3760 3762//3762 3761//3761
f 3761//3761 3762//3762 3763//3763
f 3761//3761 3763//3763 3739//3739
f 3762//3762 3736//3736 3764//3764
f 3762//3762 3764//3764 3763//3763
f 3763//3763 3764//3764 3765//3765
f 3763//3763 3765//3765 3739//3739
f 3764//3764 3736//3736 3766//3766
f 3764//3764 3766//3766 3765//3765
f 3765//3765 3766//3766 3767//3767
f 3765//3765 3767//3767 3739//3739
f 3766//3766 3736//3736 3768//3768
f 3766//3766 3768//3768 3767//3767
f 3767//3767 3768//3768 3769//3769
f 3767//3767 3769//3769 3739//3739
f 3768//3768 3736//3736 3770//3770
f 3768//3768 3770//3770 3769//3769
f 3769//3769 3770//3770 3771//3771
f 3769//3769 3771//3771 3739//3739
f 3770//3770 3736//3736 3772//3772
f 3770//3770 3772//3772 3771//3771
f 3771//3771 3772//3772 3773//3773
f 3771//3771 3773//3773 3739//3739
f 3772//3772 3736//3736 3774//3774
f 3772//3772 3774//3774 3773//3773
f 3773//3773 3774//3774 3775//3775
f 3773//3773 3775//3775 3739//3739
f 3774//3774 3736//3736 3776//3776
f 3774//3774 3776//3776 3775//3775
f 3775//3775 3776//3776 3777//3777
f 3775//3775 3777//3777 3739//3739
f 3776//3776 3736//3736 3778//3778
f 3776//3776 3778//3778 3777//3777
f 3777//3777 3778//3778 3779//3779
f 3777//3777 3779//3779 3739//3739
f 3778//3778 3736//3736 3780//3780
f 3778//3778 3780//3780 3779//3779
f 3779//3779 3780//3780 3781//3781
f 3779//3779 3781//3781 3739//3739
f 3780//3780 3736//3736 3782//3782
f 3780//3780 3782//3782 3781//3781
f 3781//3781 3782//3782 3783//3783
f 3781//3781 3783//3783 3739//3739
f 3782//3782 3736//3736 3784//3784
f 3782//3782 3784//3784 3783//3783
f 3783//3783 3784//3784 3785//3785
f 3783//3783 3785//3785 3739//3739
f 3784//3784 3736//3736 3786//3786
f 3784//3784 3786//3786 3785//3785
f 3785//3785 3786//3786 3787//3787
f 3785//3785 3787//3787 3739//3739
f 3786//3786 3736//3736 3788//3788
f 3786//3786 3788//3788 3787//3787
f 3787//3787 3788//3788 3789//3789
f 3787//3787 3789//3789 3739//3739
f 3788//3788 3736//3736 3790//3790
f 3788//3788 3790//3790 3789//3789
f 3789//3789 3790//3790 3791//3791
f 3789//3789 3791//3791 3739//3739
f 3790//3790 3736//3736 3792//3792
f 3790//3790 3792//3792 3791//3791
f 3791//3791 3792//3792 3793//3793
f 3791//3791 3793//3793 3739//3739
f 3792//3792 3736//3736 3794//3794
f 3792//3792 3794//3794 3793//3793
f 3793//3793 3794//3794 3795//3795
f 3793//3793 3795//3795 3739//3739
f 3794//3794 3736//3736 3796//3796
f 3794//3794 3796//3796 3795//3795
f 3795//3795 3796//3796 3797//3797
f 3795//3795 3797//3797 3739//3739
f 3796//3796 3736//3736 3798//3798
f 3796//3796 3798//3798 3797//3797
f 3797//3797 3798//3798 3799//3799
f 3797//3797 3799//3799 3739//3739
f 3798//3798 3736//3736 3800//3800
f 3798//3798 3800//3800 3799//3799
f 3799//3799 3800//3800 3801//3801
f 3799//3799 3801//3801 3739//3739
f 3800//3800 3736//3736 3802//3802
f 3800//3800 3802//3802 3801//3801
f 3801//3801 3802//3802 3803//3803
f 3801//3801 3803//3803 3739//3739
f 3802//3802 3736//3736 3804//3804
f 3802//3802 3804//3804 3803//3803
f 3803//3803 3804//3804 3805//3805
f 3803//3803 3805//3805 3739//3739
f 3804//3804 3736//3736 3806//3806
f 3804//3804 3806//3806 3805//3805
f 3805//3805 3806//3806 3807//3807
f 3805//3805 3807//3807 3739//3739
f 3806//3806 3736//3736 3808//3808
f 3806//3806 3808//3808 3807//3807
f 3807//3807 3808//3808 3809//3809
f 3807//3807 3809//3809 3739//3739
f 3808//3808 3736//3736 3810//3810
f 3808//3808 3810//3810 3809//3809
f 3809//3809 3810//3810 3811//3811
f 3809//3809 3811//3811 3739//3739
f 3810//3810 3736//3736 3812//3812
f 3810//3810 3812//3812 3811//3811
f 3811//3811 3812//3812 3813//3813
f 3811//3811 3813//3813 3739//3739
f 3812//3812 3736//3736 3814//3814
f 3812//3812 3814//3814 3813//3813
f 3813//3813 3814//3814 3815//3815
f 3813//3813 3815//3815 3739//3739
f 3814//3814 3736//3736 3816//3816
f 3814//3814 3816//3816 3815//3815
f 3815//3815 3816//3816 3817//3817
f 3815//3815 3817//3817 3739//3739
f 3816//3816 3736//3736 3818//3818
f 3816//3816 3818//3818 3817//3817
f 3817//3817 3818//3818 3819//3819
f 3817//3817 3819//3819 3739//3739
f 3818//3818 3736//3736 3820//3820
f 3818//3818 3820//3820 3819//3819
f 3819//3819 3820//3820 3821//3821
f 3819//3819 3821//3821 3739//3739
f 3820//3820 3736//3736 3822//3822
f 3820//3820 3822//3822 3821//3821
f 3821//3821 3822//3822 3823//3823
f 3821//3821 3823//3823 3739//3739
f 3822//3822 3736//3736 3824//3824
f 3822//3822 3824//3824 3823//3823
f 3823//3823 3824//3824 3825//3825
f 3823//3823 3825//3825 3739//3739
f 3824//3824 3736//3736 3826//3826
f 3824//3824 3826//3826 3825//3825
f 3825//3825 3826//3826 3827//3827
f 3825//3825 3827//3827 3739//3739
f 3826//3826 3736//3736 3828//3828
f 3826//3826 3828//3828 3827//3827
f 3827//3827 3828//3828 3829//3829
f 3827//3827 3829//3829 3739//3739
f 3828//3828 3736//3736 3830//3830
f 3828//3828 3830//3830 3829//3829
f 3829//3829 3830//3830 3831//3831
f 3829//3829 3831//3831 3739//3739
f 3830//3830 3736//3736 3832//3832
f 3830//3830 3832//3832 3831//3831
f 3831//3831 3832//3832 3833//3833
f 3831//3831 3833//3833 3739//3739
f 3832//3832 3736//3736 3834//3834
f 3832//3832 3834//3834 3833//3833
f 3833//3833 3834//3834 3835//3835
f 3833//3833 3835//3835 3739//3739
f 3834//3834 3736//3736 3836//3836
f 3834//3834 3836//3836 3835//3835
f 3835//3835 3836//3836 3837//3837
f 3835//3835 3837//3837 3739//3739
f 3836//3836 3736//3736 3838//3838
f 3836//3836 3838//3838 3837//3837
f 3837//3837 3838//3838 3839//3839
f 3837//3837 3839//3839 3739//3739
f 3838//3838 3736//3736 3840//3840
f 3838//3838 3840//3840 3839//3839
f 3839//3839 3840//3840 3841//3841
f 3839//3839 3841//3841 3739//3739
f 3840//3840 3736//3736 3842//3842
f 3840//3840 3842//3842 3841//3841
f 3841//3841 3842//3842 3843//3843
f 3841//3841 3843//3843 3739//3739
f 3842//3842 3736//3736 3844//3844
f 3842//3842 3844//3844 3843//3843
f 3843//3843 3844//3844 3845//3845
f 3843//3843 3845//3845 3739//3739
f 3844//3844 3736//3736 3846//3846
f 3844//3844 3846//3846 3845//3845
f 3845//3845 3846//3846 3847//3847
f 3845//3845 3847//3847 3739//3739
f 3846//3846 3736//3736 3848//3848
f 3846//3846 3848//3848 3847//3847
f 3847//3847 3848//3848 3849//3849
f 3847//3847 3849//3849 3739//3739
f 3848//3848 3736//3736 3850//3850
f 3848//3848 3850//3850 3849//3849
f 3849//3849 3850//3850 3851//3851
f 3849//3849 3851//3851 3739//3739
f 3850//3850 3736//3736 3852//3852
f 3850//3850 3852//3852 3851//3851
f 3851//3851 3852//3852 3853//3853
f 3851//3851 3853//3853 3739//3739
f 3852//3852 3736//3736 3854//3854
f 3852//3852 3854//3854 3853//3853
f 3853//3853 3854//3854 3855//3855
f 3853//3853 3855//3855 3739//3739
f 3854//3854 3736//3736 3856//3856
f 3854//3854 3856//3856 3855//3855
f 3855//3855 3856//3856 3857//3857
f 3855//3855 3857//3857 3739//3739
f 3856//3856 3736//3736 3858//3858
f 3856//3856 3858//3858 3857//3857
f 3857//3857 3858//3858 3859//3859
f 3857//3857 3859//3859 3739//3739
f 3858//3858 3736//3736 3860//3860
f 3858//3858 3860//3860 3859//3859
f 3859//3859 3860//3860 3861//3861
f 3859//3859 3861//3861 3739//3739
f 3860//3860 3736//3736 3862//3862
f 3860//3860 3862//3862 3861//3861
f 3861//3861 3862//3862 3863//3863
f 3861//3861 3863//3863 3739//3739
f 3862//3862 3736//3736 3864//3864
f 3862//3862 3864//3864 3863//3863
f 3863//3863 3864//3864 3865//3865
f 3863//3863 3865//3865 3739//3739
f 3864//3864 3736//3736 3737//3737
f 3864//3864 3737//3737 3865//3865
f 3865//3865 3737//3737 3738//3738
f 3865//3865 3738//3738 3739//3739

