mtllib robot.mtl
usemtl bright_metal
# https://github.com/mikedh/trimesh
v -0.16500000 -0.15800000 0.10000000
v -0.17092105 -0.15962087 0.10512971
v -0.23142105 -0.20762087 0.02012971
v -0.22550000 -0.20600000 0.01500000
v -0.17158470 -0.15773199 0.10453541
v -0.23208470 -0.20573199 0.01953541
v -0.17179961 -0.15586137 0.10363202
v -0.23229961 -0.20386137 0.01863202
v -0.17155114 -0.15413650 0.10248113
v -0.23205114 -0.20213650 0.01748113
v -0.17085621 -0.15267492 0.10116114
v -0.23135621 -0.20067492 0.01616114
v -0.16976220 -0.15157623 0.09976203
v -0.23026220 -0.19957623 0.01476203
v -0.16834365 -0.15091531 0.09837913
v -0.22884365 -0.19891531 0.01337913
v -0.16669724 -0.15073721 0.09710669
v -0.22719724 -0.19873721 0.01210669
v -0.16493516 -0.15105405 0.09603143
v -0.22543516 -0.19905405 0.01103143
v -0.16317750 -0.15184424 0.09522662
v -0.22367750 -0.19984424 0.01022662
v -0.16154405 -0.15305394 0.09474711
v -0.22204405 -0.20105394 0.00974711
v -0.16014610 -0.15460071 0.09462557
v -0.22064610 -0.20260071 0.00962557
v -0.15907895 -0.15637913 0.09487029
v -0.21957895 -0.20437913 0.00987029
v -0.15841530 -0.15826801 0.09546459
v -0.21891530 -0.20626801 0.01046459
v -0.15820039 -0.16013863 0.09636798
v -0.21870039 -0.20813863 0.01136798
v -0.15844886 -0.16186350 0.09751887
v -0.21894886 -0.20986350 0.01251887
v -0.15914379 -0.16332508 0.09883886
v -0.21964379 -0.21132508 0.01383886
v -0.16023780 -0.16442377 0.10023797
v -0.22073780 -0.21242377 0.01523797
v -0.16165635 -0.16508469 0.10162087
v -0.22215635 -0.21308469 0.01662087
v -0.16330276 -0.16526279 0.10289331
v -0.22380276 -0.21326279 0.01789331
v -0.16506484 -0.16494595 0.10396857
v -0.22556484 -0.21294595 0.01896857
v -0.16682250 -0.16415576 0.10477338
v -0.22732250 -0.21215576 0.01977338
v -0.16845595 -0.16294606 0.10525289
v -0.22895595 -0.21094606 0.02025289
v -0.16985390 -0.16139929 0.10537443
v -0.23035390 -0.20939929 0.02037443
v 0.16500000 -0.15800000 0.10000000
v 0.15907895 -0.15637913 0.09487029
v 0.21957895 -0.20437913 0.00987029
v 0.22550000 -0.20600000 0.01500000
v 0.16014610 -0.15460071 0.09462557
v 0.22064610 -0.20260071 0.00962557
v 0.16154405 -0.15305394 0.09474711
v 0.22204405 -0.20105394 0.00974711
v 0.16317750 -0.15184424 0.09522662
v 0.22367750 -0.19984424 0.01022662
v 0.16493516 -0.15105405 0.09603143
v 0.22543516 -0.19905405 0.01103143
v 0.16669724 -0.15073721 0.09710669
v 0.22719724 -0.19873721 0.01210669
v 0.16834365 -0.15091531 0.09837913
v 0.22884365 -0.19891531 0.01337913
v 0.16976220 -0.15157623 0.09976203
v 0.23026220 -0.19957623 0.01476203
v 0.17085621 -0.15267492 0.10116114
v 0.23135621 -0.20067492 0.01616114
v 0.17155114 -0.15413650 0.10248113
v 0.23205114 -0.20213650 0.01748113
v 0.17179961 -0.15586137 0.10363202
v 0.23229961 -0.20386137 0.01863202
v 0.17158470 -0.15773199 0.10453541
v 0.23208470 -0.20573199 0.01953541
v 0.17092105 -0.15962087 0.10512971
v 0.23142105 -0.20762087 0.02012971
v 0.16985390 -0.16139929 0.10537443
v 0.23035390 -0.20939929 0.02037443
v 0.16845595 -0.16294606 0.10525289
v 0.22895595 -0.21094606 0.02025289
v 0.16682250 -0.16415576 0.10477338
v 0.22732250 -0.21215576 0.01977338
v 0.16506484 -0.16494595 0.10396857
v 0.22556484 -0.21294595 0.01896857
v 0.16330276 -0.16526279 0.10289331
v 0.22380276 -0.21326279 0.01789331
v 0.16165635 -0.16508469 0.10162087
v 0.22215635 -0.21308469 0.01662087
v 0.16023780 -0.16442377 0.10023797
v 0.22073780 -0.21242377 0.01523797
v 0.15914379 -0.16332508 0.09883886
v 0.21964379 -0.21132508 0.01383886
v 0.15844886 -0.16186350 0.09751887
v 0.21894886 -0.20986350 0.01251887
v 0.15820039 -0.16013863 0.09636798
v 0.21870039 -0.20813863 0.01136798
v 0.15841530 -0.15826801 0.09546459
v 0.21891530 -0.20626801 0.01046459
v -0.16500000 0.15800000 0.10000000
v -0.17092105 0.15962087 0.10512971
v -0.23142105 0.20762087 0.02012971
v -0.22550000 0.20600000 0.01500000
v -0.16985390 0.16139929 0.10537443
v -0.23035390 0.20939929 0.02037443
v -0.16845595 0.16294606 0.10525289
v -0.22895595 0.21094606 0.02025289
v -0.16682250 0.16415576 0.10477338
v -0.22732250 0.21215576 0.01977338
v -0.16506484 0.16494595 0.10396857
v -0.22556484 0.21294595 0.01896857
v -0.16330276 0.16526279 0.10289331
v -0.22380276 0.21326279 0.01789331
v -0.16165635 0.16508469 0.10162087
v -0.22215635 0.21308469 0.01662087
v -0.16023780 0.16442377 0.10023797
v -0.22073780 0.21242377 0.01523797
v -0.15914379 0.16332508 0.09883886
v -0.21964379 0.21132508 0.01383886
v -0.15844886 0.16186350 0.09751887
v -0.21894886 0.20986350 0.01251887
v -0.15820039 0.16013863 0.09636798
v -0.21870039 0.20813863 0.01136798
v -0.15841530 0.15826801 0.09546459
v -0.21891530 0.20626801 0.01046459
v -0.15907895 0.15637913 0.09487029
v -0.21957895 0.20437913 0.00987029
v -0.16014610 0.15460071 0.09462557
v -0.22064610 0.20260071 0.00962557
v -0.16154405 0.15305394 0.09474711
v -0.22204405 0.20105394 0.00974711
v -0.16317750 0.15184424 0.09522662
v -0.22367750 0.19984424 0.01022662
v -0.16493516 0.15105405 0.09603143
v -0.22543516 0.19905405 0.01103143
v -0.16669724 0.15073721 0.09710669
v -0.22719724 0.19873721 0.01210669
v -0.16834365 0.15091531 0.09837913
v -0.22884365 0.19891531 0.01337913
v -0.16976220 0.15157623 0.09976203
v -0.23026220 0.19957623 0.01476203
v -0.17085621 0.15267492 0.10116114
v -0.23135621 0.20067492 0.01616114
v -0.17155114 0.15413650 0.10248113
v -0.23205114 0.20213650 0.01748113
v -0.17179961 0.15586137 0.10363202
v -0.23229961 0.20386137 0.01863202
v -0.17158470 0.15773199 0.10453541
v -0.23208470 0.20573199 0.01953541
v 0.16500000 0.15800000 0.10000000
v 0.15907895 0.15637913 0.09487029
v 0.21957895 0.20437913 0.00987029
v 0.22550000 0.20600000 0.01500000
v 0.15841530 0.15826801 0.09546459
v 0.21891530 0.20626801 0.01046459
v 0.15820039 0.16013863 0.09636798
v 0.21870039 0.20813863 0.01136798
v 0.15844886 0.16186350 0.09751887
v 0.21894886 0.20986350 0.01251887
v 0.15914379 0.16332508 0.09883886
v 0.21964379 0.21132508 0.01383886
v 0.16023780 0.16442377 0.10023797
v 0.22073780 0.21242377 0.01523797
v 0.16165635 0.16508469 0.10162087
v 0.22215635 0.21308469 0.01662087
v 0.16330276 0.16526279 0.10289331
v 0.22380276 0.21326279 0.01789331
v 0.16506484 0.16494595 0.10396857
v 0.22556484 0.21294595 0.01896857
v 0.16682250 0.16415576 0.10477338
v 0.22732250 0.21215576 0.01977338
v 0.16845595 0.16294606 0.10525289
v 0.22895595 0.21094606 0.02025289
v 0.16985390 0.16139929 0.10537443
v 0.23035390 0.20939929 0.02037443
v 0.17092105 0.15962087 0.10512971
v 0.23142105 0.20762087 0.02012971
v 0.17158470 0.15773199 0.10453541
v 0.23208470 0.20573199 0.01953541
v 0.17179961 0.15586137 0.10363202
v 0.23229961 0.20386137 0.01863202
v 0.17155114 0.15413650 0.10248113
v 0.23205114 0.20213650 0.01748113
v 0.17085621 0.15267492 0.10116114
v 0.23135621 0.20067492 0.01616114
v 0.16976220 0.15157623 0.09976203
v 0.23026220 0.19957623 0.01476203
v 0.16834365 0.15091531 0.09837913
v 0.22884365 0.19891531 0.01337913
v 0.16669724 0.15073721 0.09710669
v 0.22719724 0.19873721 0.01210669
v 0.16493516 0.15105405 0.09603143
v 0.22543516 0.19905405 0.01103143
v 0.16317750 0.15184424 0.09522662
v 0.22367750 0.19984424 0.01022662
v 0.16154405 0.15305394 0.09474711
v 0.22204405 0.20105394 0.00974711
v 0.16014610 0.15460071 0.09462557
v 0.22064610 0.20260071 0.00962557
v -0.23500000 -0.18100000 0.14260000
v -0.23050000 -0.18100000 0.14260000
v -0.23050000 -0.18100000 0.14540000
v -0.23500000 -0.18100000 0.14540000
v -0.23058647 -0.18012209 0.14260000
v -0.23058647 -0.18012209 0.14540000
v -0.23084254 -0.17927792 0.14260000
v -0.23084254 -0.17927792 0.14540000
v -0.23125839 -0.17849993 0.14260000
v -0.23125839 -0.17849993 0.14540000
v -0.23181802 -0.17781802 0.14260000
v -0.23181802 -0.17781802 0.14540000
v -0.23249993 -0.17725839 0.14260000
v -0.23249993 -0.17725839 0.14540000
v -0.23327792 -0.17684254 0.14260000
v -0.23327792 -0.17684254 0.14540000
v -0.23412209 -0.17658647 0.14260000
v -0.23412209 -0.17658647 0.14540000
v -0.23500000 -0.17650000 0.14260000
v -0.23500000 -0.17650000 0.14540000
v -0.23587791 -0.17658647 0.14260000
v -0.23587791 -0.17658647 0.14540000
v -0.23672208 -0.17684254 0.14260000
v -0.23672208 -0.17684254 0.14540000
v -0.23750007 -0.17725839 0.14260000
v -0.23750007 -0.17725839 0.14540000
v -0.23818198 -0.17781802 0.14260000
v -0.23818198 -0.17781802 0.14540000
v -0.23874161 -0.17849993 0.14260000
v -0.23874161 -0.17849993 0.14540000
v -0.23915746 -0.17927792 0.14260000
v -0.23915746 -0.17927792 0.14540000
v -0.23941353 -0.18012209 0.14260000
v -0.23941353 -0.18012209 0.14540000
v -0.23950000 -0.18100000 0.14260000
v -0.23950000 -0.18100000 0.14540000
v -0.23941353 -0.18187791 0.14260000
v -0.23941353 -0.18187791 0.14540000
v -0.23915746 -0.18272208 0.14260000
v -0.23915746 -0.18272208 0.14540000
v -0.23874161 -0.18350007 0.14260000
v -0.23874161 -0.18350007 0.14540000
v -0.23818198 -0.18418198 0.14260000
v -0.23818198 -0.18418198 0.14540000
v -0.23750007 -0.18474161 0.14260000
v -0.23750007 -0.18474161 0.14540000
v -0.23672208 -0.18515746 0.14260000
v -0.23672208 -0.18515746 0.14540000
v -0.23587791 -0.18541353 0.14260000
v -0.23587791 -0.18541353 0.14540000
v -0.23500000 -0.18550000 0.14260000
v -0.23500000 -0.18550000 0.14540000
v -0.23412209 -0.18541353 0.14260000
v -0.23412209 -0.18541353 0.14540000
v -0.23327792 -0.18515746 0.14260000
v -0.23327792 -0.18515746 0.14540000
v -0.23249993 -0.18474161 0.14260000
v -0.23249993 -0.18474161 0.14540000
v -0.23181802 -0.18418198 0.14260000
v -0.23181802 -0.18418198 0.14540000
v -0.23125839 -0.18350007 0.14260000
v -0.23125839 -0.18350007 0.14540000
v -0.23084254 -0.18272208 0.14260000
v -0.23084254 -0.18272208 0.14540000
v -0.23058647 -0.18187791 0.14260000
v -0.23058647 -0.18187791 0.14540000
v -0.23500000 0.18100000 0.14260000
v -0.23050000 0.18100000 0.14260000
v -0.23050000 0.18100000 0.14540000
v -0.23500000 0.18100000 0.14540000
v -0.23058647 0.18187791 0.14260000
v -0.23058647 0.18187791 0.14540000
v -0.23084254 0.18272208 0.14260000
v -0.23084254 0.18272208 0.14540000
v -0.23125839 0.18350007 0.14260000
v -0.23125839 0.18350007 0.14540000
v -0.23181802 0.18418198 0.14260000
v -0.23181802 0.18418198 0.14540000
v -0.23249993 0.18474161 0.14260000
v -0.23249993 0.18474161 0.14540000
v -0.23327792 0.18515746 0.14260000
v -0.23327792 0.18515746 0.14540000
v -0.23412209 0.18541353 0.14260000
v -0.23412209 0.18541353 0.14540000
v -0.23500000 0.18550000 0.14260000
v -0.23500000 0.18550000 0.14540000
v -0.23587791 0.18541353 0.14260000
v -0.23587791 0.18541353 0.14540000
v -0.23672208 0.18515746 0.14260000
v -0.23672208 0.18515746 0.14540000
v -0.23750007 0.18474161 0.14260000
v -0.23750007 0.18474161 0.14540000
v -0.23818198 0.18418198 0.14260000
v -0.23818198 0.18418198 0.14540000
v -0.23874161 0.18350007 0.14260000
v -0.23874161 0.18350007 0.14540000
v -0.23915746 0.18272208 0.14260000
v -0.23915746 0.18272208 0.14540000
v -0.23941353 0.18187791 0.14260000
v -0.23941353 0.18187791 0.14540000
v -0.23950000 0.18100000 0.14260000
v -0.23950000 0.18100000 0.14540000
v -0.23941353 0.18012209 0.14260000
v -0.23941353 0.18012209 0.14540000
v -0.23915746 0.17927792 0.14260000
v -0.23915746 0.17927792 0.14540000
v -0.23874161 0.17849993 0.14260000
v -0.23874161 0.17849993 0.14540000
v -0.23818198 0.17781802 0.14260000
v -0.23818198 0.17781802 0.14540000
v -0.23750007 0.17725839 0.14260000
v -0.23750007 0.17725839 0.14540000
v -0.23672208 0.17684254 0.14260000
v -0.23672208 0.17684254 0.14540000
v -0.23587791 0.17658647 0.14260000
v -0.23587791 0.17658647 0.14540000
v -0.23500000 0.17650000 0.14260000
v -0.23500000 0.17650000 0.14540000
v -0.23412209 0.17658647 0.14260000
v -0.23412209 0.17658647 0.14540000
v -0.23327792 0.17684254 0.14260000
v -0.23327792 0.17684254 0.14540000
v -0.23249993 0.17725839 0.14260000
v -0.23249993 0.17725839 0.14540000
v -0.23181802 0.17781802 0.14260000
v -0.23181802 0.17781802 0.14540000
v -0.23125839 0.17849993 0.14260000
v -0.23125839 0.17849993 0.14540000
v -0.23084254 0.17927792 0.14260000
v -0.23084254 0.17927792 0.14540000
v -0.23058647 0.18012209 0.14260000
v -0.23058647 0.18012209 0.14540000
v 0.23500000 -0.18100000 0.14260000
v 0.23950000 -0.18100000 0.14260000
v 0.23950000 -0.18100000 0.14540000
v 0.23500000 -0.18100000 0.14540000
v 0.23941353 -0.18012209 0.14260000
v 0.23941353 -0.18012209 0.14540000
v 0.23915746 -0.17927792 0.14260000
v 0.23915746 -0.17927792 0.14540000
v 0.23874161 -0.17849993 0.14260000
v 0.23874161 -0.17849993 0.14540000
v 0.23818198 -0.17781802 0.14260000
v 0.23818198 -0.17781802 0.14540000
v 0.23750007 -0.17725839 0.14260000
v 0.23750007 -0.17725839 0.14540000
v 0.23672208 -0.17684254 0.14260000
v 0.23672208 -0.17684254 0.14540000
v 0.23587791 -0.17658647 0.14260000
v 0.23587791 -0.17658647 0.14540000
v 0.23500000 -0.17650000 0.14260000
v 0.23500000 -0.17650000 0.14540000
v 0.23412209 -0.17658647 0.14260000
v 0.23412209 -0.17658647 0.14540000
v 0.23327792 -0.17684254 0.14260000
v 0.23327792 -0.17684254 0.14540000
v 0.23249993 -0.17725839 0.14260000
v 0.23249993 -0.17725839 0.14540000
v 0.23181802 -0.17781802 0.14260000
v 0.23181802 -0.17781802 0.14540000
v 0.23125839 -0.17849993 0.14260000
v 0.23125839 -0.17849993 0.14540000
v 0.23084254 -0.17927792 0.14260000
v 0.23084254 -0.17927792 0.14540000
v 0.23058647 -0.18012209 0.14260000
v 0.23058647 -0.18012209 0.14540000
v 0.23050000 -0.18100000 0.14260000
v 0.23050000 -0.18100000 0.14540000
v 0.23058647 -0.18187791 0.14260000
v 0.23058647 -0.18187791 0.14540000
v 0.23084254 -0.18272208 0.14260000
v 0.23084254 -0.18272208 0.14540000
v 0.23125839 -0.18350007 0.14260000
v 0.23125839 -0.18350007 0.14540000
v 0.23181802 -0.18418198 0.14260000
v 0.23181802 -0.18418198 0.14540000
v 0.23249993 -0.18474161 0.14260000
v 0.23249993 -0.18474161 0.14540000
v 0.23327792 -0.18515746 0.14260000
v 0.23327792 -0.18515746 0.14540000
v 0.23412209 -0.18541353 0.14260000
v 0.23412209 -0.18541353 0.14540000
v 0.23500000 -0.18550000 0.14260000
v 0.23500000 -0.18550000 0.14540000
v 0.23587791 -0.18541353 0.14260000
v 0.23587791 -0.18541353 0.14540000
v 0.23672208 -0.18515746 0.14260000
v 0.23672208 -0.18515746 0.14540000
v 0.23750007 -0.18474161 0.14260000
v 0.23750007 -0.18474161 0.14540000
v 0.23818198 -0.18418198 0.14260000
v 0.23818198 -0.18418198 0.14540000
v 0.23874161 -0.18350007 0.14260000
v 0.23874161 -0.18350007 0.14540000
v 0.23915746 -0.18272208 0.14260000
v 0.23915746 -0.18272208 0.14540000
v 0.23941353 -0.18187791 0.14260000
v 0.23941353 -0.18187791 0.14540000
v 0.23500000 0.18100000 0.14260000
v 0.23950000 0.18100000 0.14260000
v 0.23950000 0.18100000 0.14540000
v 0.23500000 0.18100000 0.14540000
v 0.23941353 0.18187791 0.14260000
v 0.23941353 0.18187791 0.14540000
v 0.23915746 0.18272208 0.14260000
v 0.23915746 0.18272208 0.14540000
v 0.23874161 0.18350007 0.14260000
v 0.23874161 0.18350007 0.14540000
v 0.23818198 0.18418198 0.14260000
v 0.23818198 0.18418198 0.14540000
v 0.23750007 0.18474161 0.14260000
v 0.23750007 0.18474161 0.14540000
v 0.23672208 0.18515746 0.14260000
v 0.23672208 0.18515746 0.14540000
v 0.23587791 0.18541353 0.14260000
v 0.23587791 0.18541353 0.14540000
v 0.23500000 0.18550000 0.14260000
v 0.23500000 0.18550000 0.14540000
v 0.23412209 0.18541353 0.14260000
v 0.23412209 0.18541353 0.14540000
v 0.23327792 0.18515746 0.14260000
v 0.23327792 0.18515746 0.14540000
v 0.23249993 0.18474161 0.14260000
v 0.23249993 0.18474161 0.14540000
v 0.23181802 0.18418198 0.14260000
v 0.23181802 0.18418198 0.14540000
v 0.23125839 0.18350007 0.14260000
v 0.23125839 0.18350007 0.14540000
v 0.23084254 0.18272208 0.14260000
v 0.23084254 0.18272208 0.14540000
v 0.23058647 0.18187791 0.14260000
v 0.23058647 0.18187791 0.14540000
v 0.23050000 0.18100000 0.14260000
v 0.23050000 0.18100000 0.14540000
v 0.23058647 0.18012209 0.14260000
v 0.23058647 0.18012209 0.14540000
v 0.23084254 0.17927792 0.14260000
v 0.23084254 0.17927792 0.14540000
v 0.23125839 0.17849993 0.14260000
v 0.23125839 0.17849993 0.14540000
v 0.23181802 0.17781802 0.14260000
v 0.23181802 0.17781802 0.14540000
v 0.23249993 0.17725839 0.14260000
v 0.23249993 0.17725839 0.14540000
v 0.23327792 0.17684254 0.14260000
v 0.23327792 0.17684254 0.14540000
v 0.23412209 0.17658647 0.14260000
v 0.23412209 0.17658647 0.14540000
v 0.23500000 0.17650000 0.14260000
v 0.23500000 0.17650000 0.14540000
v 0.23587791 0.17658647 0.14260000
v 0.23587791 0.17658647 0.14540000
v 0.23672208 0.17684254 0.14260000
v 0.23672208 0.17684254 0.14540000
v 0.23750007 0.17725839 0.14260000
v 0.23750007 0.17725839 0.14540000
v 0.23818198 0.17781802 0.14260000
v 0.23818198 0.17781802 0.14540000
v 0.23874161 0.17849993 0.14260000
v 0.23874161 0.17849993 0.14540000
v 0.23915746 0.17927792 0.14260000
v 0.23915746 0.17927792 0.14540000
v 0.23941353 0.18012209 0.14260000
v 0.23941353 0.18012209 0.14540000
v -0.14000000 -0.12000000 0.17360000
v -0.13550000 -0.12000000 0.17360000
v -0.13550000 -0.12000000 0.17640000
v -0.14000000 -0.12000000 0.17640000
v -0.13558647 -0.11912209 0.17360000
v -0.13558647 -0.11912209 0.17640000
v -0.13584254 -0.11827792 0.17360000
v -0.13584254 -0.11827792 0.17640000
v -0.13625839 -0.11749993 0.17360000
v -0.13625839 -0.11749993 0.17640000
v -0.13681802 -0.11681802 0.17360000
v -0.13681802 -0.11681802 0.17640000
v -0.13749993 -0.11625839 0.17360000
v -0.13749993 -0.11625839 0.17640000
v -0.13827792 -0.11584254 0.17360000
v -0.13827792 -0.11584254 0.17640000
v -0.13912209 -0.11558647 0.17360000
v -0.13912209 -0.11558647 0.17640000
v -0.14000000 -0.11550000 0.17360000
v -0.14000000 -0.11550000 0.17640000
v -0.14087791 -0.11558647 0.17360000
v -0.14087791 -0.11558647 0.17640000
v -0.14172208 -0.11584254 0.17360000
v -0.14172208 -0.11584254 0.17640000
v -0.14250007 -0.11625839 0.17360000
v -0.14250007 -0.11625839 0.17640000
v -0.14318198 -0.11681802 0.17360000
v -0.14318198 -0.11681802 0.17640000
v -0.14374161 -0.11749993 0.17360000
v -0.14374161 -0.11749993 0.17640000
v -0.14415746 -0.11827792 0.17360000
v -0.14415746 -0.11827792 0.17640000
v -0.14441353 -0.11912209 0.17360000
v -0.14441353 -0.11912209 0.17640000
v -0.14450000 -0.12000000 0.17360000
v -0.14450000 -0.12000000 0.17640000
v -0.14441353 -0.12087791 0.17360000
v -0.14441353 -0.12087791 0.17640000
v -0.14415746 -0.12172208 0.17360000
v -0.14415746 -0.12172208 0.17640000
v -0.14374161 -0.12250007 0.17360000
v -0.14374161 -0.12250007 0.17640000
v -0.14318198 -0.12318198 0.17360000
v -0.14318198 -0.12318198 0.17640000
v -0.14250007 -0.12374161 0.17360000
v -0.14250007 -0.12374161 0.17640000
v -0.14172208 -0.12415746 0.17360000
v -0.14172208 -0.12415746 0.17640000
v -0.14087791 -0.12441353 0.17360000
v -0.14087791 -0.12441353 0.17640000
v -0.14000000 -0.12450000 0.17360000
v -0.14000000 -0.12450000 0.17640000
v -0.13912209 -0.12441353 0.17360000
v -0.13912209 -0.12441353 0.17640000
v -0.13827792 -0.12415746 0.17360000
v -0.13827792 -0.12415746 0.17640000
v -0.13749993 -0.12374161 0.17360000
v -0.13749993 -0.12374161 0.17640000
v -0.13681802 -0.12318198 0.17360000
v -0.13681802 -0.12318198 0.17640000
v -0.13625839 -0.12250007 0.17360000
v -0.13625839 -0.12250007 0.17640000
v -0.13584254 -0.12172208 0.17360000
v -0.13584254 -0.12172208 0.17640000
v -0.13558647 -0.12087791 0.17360000
v -0.13558647 -0.12087791 0.17640000
v -0.14000000 0.12000000 0.17360000
v -0.13550000 0.12000000 0.17360000
v -0.13550000 0.12000000 0.17640000
v -0.14000000 0.12000000 0.17640000
v -0.13558647 0.12087791 0.17360000
v -0.13558647 0.12087791 0.17640000
v -0.13584254 0.12172208 0.17360000
v -0.13584254 0.12172208 0.17640000
v -0.13625839 0.12250007 0.17360000
v -0.13625839 0.12250007 0.17640000
v -0.13681802 0.12318198 0.17360000
v -0.13681802 0.12318198 0.17640000
v -0.13749993 0.12374161 0.17360000
v -0.13749993 0.12374161 0.17640000
v -0.13827792 0.12415746 0.17360000
v -0.13827792 0.12415746 0.17640000
v -0.13912209 0.12441353 0.17360000
v -0.13912209 0.12441353 0.17640000
v -0.14000000 0.12450000 0.17360000
v -0.14000000 0.12450000 0.17640000
v -0.14087791 0.12441353 0.17360000
v -0.14087791 0.12441353 0.17640000
v -0.14172208 0.12415746 0.17360000
v -0.14172208 0.12415746 0.17640000
v -0.14250007 0.12374161 0.17360000
v -0.14250007 0.12374161 0.17640000
v -0.14318198 0.12318198 0.17360000
v -0.14318198 0.12318198 0.17640000
v -0.14374161 0.12250007 0.17360000
v -0.14374161 0.12250007 0.17640000
v -0.14415746 0.12172208 0.17360000
v -0.14415746 0.12172208 0.17640000
v -0.14441353 0.12087791 0.17360000
v -0.14441353 0.12087791 0.17640000
v -0.14450000 0.12000000 0.17360000
v -0.14450000 0.12000000 0.17640000
v -0.14441353 0.11912209 0.17360000
v -0.14441353 0.11912209 0.17640000
v -0.14415746 0.11827792 0.17360000
v -0.14415746 0.11827792 0.17640000
v -0.14374161 0.11749993 0.17360000
v -0.14374161 0.11749993 0.17640000
v -0.14318198 0.11681802 0.17360000
v -0.14318198 0.11681802 0.17640000
v -0.14250007 0.11625839 0.17360000
v -0.14250007 0.11625839 0.17640000
v -0.14172208 0.11584254 0.17360000
v -0.14172208 0.11584254 0.17640000
v -0.14087791 0.11558647 0.17360000
v -0.14087791 0.11558647 0.17640000
v -0.14000000 0.11550000 0.17360000
v -0.14000000 0.11550000 0.17640000
v -0.13912209 0.11558647 0.17360000
v -0.13912209 0.11558647 0.17640000
v -0.13827792 0.11584254 0.17360000
v -0.13827792 0.11584254 0.17640000
v -0.13749993 0.11625839 0.17360000
v -0.13749993 0.11625839 0.17640000
v -0.13681802 0.11681802 0.17360000
v -0.13681802 0.11681802 0.17640000
v -0.13625839 0.11749993 0.17360000
v -0.13625839 0.11749993 0.17640000
v -0.13584254 0.11827792 0.17360000
v -0.13584254 0.11827792 0.17640000
v -0.13558647 0.11912209 0.17360000
v -0.13558647 0.11912209 0.17640000
v 0.14000000 -0.12000000 0.17360000
v 0.14450000 -0.12000000 0.17360000
v 0.14450000 -0.12000000 0.17640000
v 0.14000000 -0.12000000 0.17640000
v 0.14441353 -0.11912209 0.17360000
v 0.14441353 -0.11912209 0.17640000
v 0.14415746 -0.11827792 0.17360000
v 0.14415746 -0.11827792 0.17640000
v 0.14374161 -0.11749993 0.17360000
v 0.14374161 -0.11749993 0.17640000
v 0.14318198 -0.11681802 0.17360000
v 0.14318198 -0.11681802 0.17640000
v 0.14250007 -0.11625839 0.17360000
v 0.14250007 -0.11625839 0.17640000
v 0.14172208 -0.11584254 0.17360000
v 0.14172208 -0.11584254 0.17640000
v 0.14087791 -0.11558647 0.17360000
v 0.14087791 -0.11558647 0.17640000
v 0.14000000 -0.11550000 0.17360000
v 0.14000000 -0.11550000 0.17640000
v 0.13912209 -0.11558647 0.17360000
v 0.13912209 -0.11558647 0.17640000
v 0.13827792 -0.11584254 0.17360000
v 0.13827792 -0.11584254 0.17640000
v 0.13749993 -0.11625839 0.17360000
v 0.13749993 -0.11625839 0.17640000
v 0.13681802 -0.11681802 0.17360000
v 0.13681802 -0.11681802 0.17640000
v 0.13625839 -0.11749993 0.17360000
v 0.13625839 -0.11749993 0.17640000
v 0.13584254 -0.11827792 0.17360000
v 0.13584254 -0.11827792 0.17640000
v 0.13558647 -0.11912209 0.17360000
v 0.13558647 -0.11912209 0.17640000
v 0.13550000 -0.12000000 0.17360000
v 0.13550000 -0.12000000 0.17640000
v 0.13558647 -0.12087791 0.17360000
v 0.13558647 -0.12087791 0.17640000
v 0.13584254 -0.12172208 0.17360000
v 0.13584254 -0.12172208 0.17640000
v 0.13625839 -0.12250007 0.17360000
v 0.13625839 -0.12250007 0.17640000
v 0.13681802 -0.12318198 0.17360000
v 0.13681802 -0.12318198 0.17640000
v 0.13749993 -0.12374161 0.17360000
v 0.13749993 -0.12374161 0.17640000
v 0.13827792 -0.12415746 0.17360000
v 0.13827792 -0.12415746 0.17640000
v 0.13912209 -0.12441353 0.17360000
v 0.13912209 -0.12441353 0.17640000
v 0.14000000 -0.12450000 0.17360000
v 0.14000000 -0.12450000 0.17640000
v 0.14087791 -0.12441353 0.17360000
v 0.14087791 -0.12441353 0.17640000
v 0.14172208 -0.12415746 0.17360000
v 0.14172208 -0.12415746 0.17640000
v 0.14250007 -0.12374161 0.17360000
v 0.14250007 -0.12374161 0.17640000
v 0.14318198 -0.12318198 0.17360000
v 0.14318198 -0.12318198 0.17640000
v 0.14374161 -0.12250007 0.17360000
v 0.14374161 -0.12250007 0.17640000
v 0.14415746 -0.12172208 0.17360000
v 0.14415746 -0.12172208 0.17640000
v 0.14441353 -0.12087791 0.17360000
v 0.14441353 -0.12087791 0.17640000
v 0.14000000 0.12000000 0.17360000
v 0.14450000 0.12000000 0.17360000
v 0.14450000 0.12000000 0.17640000
v 0.14000000 0.12000000 0.17640000
v 0.14441353 0.12087791 0.17360000
v 0.14441353 0.12087791 0.17640000
v 0.14415746 0.12172208 0.17360000
v 0.14415746 0.12172208 0.17640000
v 0.14374161 0.12250007 0.17360000
v 0.14374161 0.12250007 0.17640000
v 0.14318198 0.12318198 0.17360000
v 0.14318198 0.12318198 0.17640000
v 0.14250007 0.12374161 0.17360000
v 0.14250007 0.12374161 0.17640000
v 0.14172208 0.12415746 0.17360000
v 0.14172208 0.12415746 0.17640000
v 0.14087791 0.12441353 0.17360000
v 0.14087791 0.12441353 0.17640000
v 0.14000000 0.12450000 0.17360000
v 0.14000000 0.12450000 0.17640000
v 0.13912209 0.12441353 0.17360000
v 0.13912209 0.12441353 0.17640000
v 0.13827792 0.12415746 0.17360000
v 0.13827792 0.12415746 0.17640000
v 0.13749993 0.12374161 0.17360000
v 0.13749993 0.12374161 0.17640000
v 0.13681802 0.12318198 0.17360000
v 0.13681802 0.12318198 0.17640000
v 0.13625839 0.12250007 0.17360000
v 0.13625839 0.12250007 0.17640000
v 0.13584254 0.12172208 0.17360000
v 0.13584254 0.12172208 0.17640000
v 0.13558647 0.12087791 0.17360000
v 0.13558647 0.12087791 0.17640000
v 0.13550000 0.12000000 0.17360000
v 0.13550000 0.12000000 0.17640000
v 0.13558647 0.11912209 0.17360000
v 0.13558647 0.11912209 0.17640000
v 0.13584254 0.11827792 0.17360000
v 0.13584254 0.11827792 0.17640000
v 0.13625839 0.11749993 0.17360000
v 0.13625839 0.11749993 0.17640000
v 0.13681802 0.11681802 0.17360000
v 0.13681802 0.11681802 0.17640000
v 0.13749993 0.11625839 0.17360000
v 0.13749993 0.11625839 0.17640000
v 0.13827792 0.11584254 0.17360000
v 0.13827792 0.11584254 0.17640000
v 0.13912209 0.11558647 0.17360000
v 0.13912209 0.11558647 0.17640000
v 0.14000000 0.11550000 0.17360000
v 0.14000000 0.11550000 0.17640000
v 0.14087791 0.11558647 0.17360000
v 0.14087791 0.11558647 0.17640000
v 0.14172208 0.11584254 0.17360000
v 0.14172208 0.11584254 0.17640000
v 0.14250007 0.11625839 0.17360000
v 0.14250007 0.11625839 0.17640000
v 0.14318198 0.11681802 0.17360000
v 0.14318198 0.11681802 0.17640000
v 0.14374161 0.11749993 0.17360000
v 0.14374161 0.11749993 0.17640000
v 0.14415746 0.11827792 0.17360000
v 0.14415746 0.11827792 0.17640000
v 0.14441353 0.11912209 0.17360000
v 0.14441353 0.11912209 0.17640000
v 0.20900000 0.00000000 0.22200000
v 0.23750000 0.00000000 0.22200000
v 0.23750000 0.00000000 0.23950000
v 0.20900000 0.00000000 0.23950000
v 0.23736276 0.00279349 0.22200000
v 0.23736276 0.00279349 0.23950000
v 0.23695238 0.00556007 0.22200000
v 0.23695238 0.00556007 0.23950000
v 0.23627280 0.00827311 0.22200000
v 0.23627280 0.00827311 0.23950000
v 0.23533057 0.01090648 0.22200000
v 0.23533057 0.01090648 0.23950000
v 0.23413476 0.01343481 0.22200000
v 0.23413476 0.01343481 0.23950000
v 0.23269688 0.01583375 0.22200000
v 0.23269688 0.01583375 0.23950000
v 0.23103080 0.01808021 0.22200000
v 0.23103080 0.01808021 0.23950000
v 0.22915254 0.02015254 0.22200000
v 0.22915254 0.02015254 0.23950000
v 0.22708021 0.02203080 0.22200000
v 0.22708021 0.02203080 0.23950000
v 0.22483375 0.02369688 0.22200000
v 0.22483375 0.02369688 0.23950000
v 0.22243481 0.02513476 0.22200000
v 0.22243481 0.02513476 0.23950000
v 0.21990648 0.02633057 0.22200000
v 0.21990648 0.02633057 0.23950000
v 0.21727311 0.02727280 0.22200000
v 0.21727311 0.02727280 0.23950000
v 0.21456007 0.02795238 0.22200000
v 0.21456007 0.02795238 0.23950000
v 0.21179349 0.02836276 0.22200000
v 0.21179349 0.02836276 0.23950000
v 0.20900000 0.02850000 0.22200000
v 0.20900000 0.02850000 0.23950000
v 0.20620651 0.02836276 0.22200000
v 0.20620651 0.02836276 0.23950000
v 0.20343993 0.02795238 0.22200000
v 0.20343993 0.02795238 0.23950000
v 0.20072689 0.02727280 0.22200000
v 0.20072689 0.02727280 0.23950000
v 0.19809352 0.02633057 0.22200000
v 0.19809352 0.02633057 0.23950000
v 0.19556519 0.02513476 0.22200000
v 0.19556519 0.02513476 0.23950000
v 0.19316625 0.02369688 0.22200000
v 0.19316625 0.02369688 0.23950000
v 0.19091979 0.02203080 0.22200000
v 0.19091979 0.02203080 0.23950000
v 0.18884746 0.02015254 0.22200000
v 0.18884746 0.02015254 0.23950000
v 0.18696920 0.01808021 0.22200000
v 0.18696920 0.01808021 0.23950000
v 0.18530312 0.01583375 0.22200000
v 0.18530312 0.01583375 0.23950000
v 0.18386524 0.01343481 0.22200000
v 0.18386524 0.01343481 0.23950000
v 0.18266943 0.01090648 0.22200000
v 0.18266943 0.01090648 0.23950000
v 0.18172720 0.00827311 0.22200000
v 0.18172720 0.00827311 0.23950000
v 0.18104762 0.00556007 0.22200000
v 0.18104762 0.00556007 0.23950000
v 0.18063724 0.00279349 0.22200000
v 0.18063724 0.00279349 0.23950000
v 0.18050000 0.00000000 0.22200000
v 0.18050000 0.00000000 0.23950000
v 0.18063724 -0.00279349 0.22200000
v 0.18063724 -0.00279349 0.23950000
v 0.18104762 -0.00556007 0.22200000
v 0.18104762 -0.00556007 0.23950000
v 0.18172720 -0.00827311 0.22200000
v 0.18172720 -0.00827311 0.23950000
v 0.18266943 -0.01090648 0.22200000
v 0.18266943 -0.01090648 0.23950000
v 0.18386524 -0.01343481 0.22200000
v 0.18386524 -0.01343481 0.23950000
v 0.18530312 -0.01583375 0.22200000
v 0.18530312 -0.01583375 0.23950000
v 0.18696920 -0.01808021 0.22200000
v 0.18696920 -0.01808021 0.23950000
v 0.18884746 -0.02015254 0.22200000
v 0.18884746 -0.02015254 0.23950000
v 0.19091979 -0.02203080 0.22200000
v 0.19091979 -0.02203080 0.23950000
v 0.19316625 -0.02369688 0.22200000
v 0.19316625 -0.02369688 0.23950000
v 0.19556519 -0.02513476 0.22200000
v 0.19556519 -0.02513476 0.23950000
v 0.19809352 -0.02633057 0.22200000
v 0.19809352 -0.02633057 0.23950000
v 0.20072689 -0.02727280 0.22200000
v 0.20072689 -0.02727280 0.23950000
v 0.20343993 -0.02795238 0.22200000
v 0.20343993 -0.02795238 0.23950000
v 0.20620651 -0.02836276 0.22200000
v 0.20620651 -0.02836276 0.23950000
v 0.20900000 -0.02850000 0.22200000
v 0.20900000 -0.02850000 0.23950000
v 0.21179349 -0.02836276 0.22200000
v 0.21179349 -0.02836276 0.23950000
v 0.21456007 -0.02795238 0.22200000
v 0.21456007 -0.02795238 0.23950000
v 0.21727311 -0.02727280 0.22200000
v 0.21727311 -0.02727280 0.23950000
v 0.21990648 -0.02633057 0.22200000
v 0.21990648 -0.02633057 0.23950000
v 0.22243481 -0.02513476 0.22200000
v 0.22243481 -0.02513476 0.23950000
v 0.22483375 -0.02369688 0.22200000
v 0.22483375 -0.02369688 0.23950000
v 0.22708021 -0.02203080 0.22200000
v 0.22708021 -0.02203080 0.23950000
v 0.22915254 -0.02015254 0.22200000
v 0.22915254 -0.02015254 0.23950000
v 0.23103080 -0.01808021 0.22200000
v 0.23103080 -0.01808021 0.23950000
v 0.23269688 -0.01583375 0.22200000
v 0.23269688 -0.01583375 0.23950000
v 0.23413476 -0.01343481 0.22200000
v 0.23413476 -0.01343481 0.23950000
v 0.23533057 -0.01090648 0.22200000
v 0.23533057 -0.01090648 0.23950000
v 0.23627280 -0.00827311 0.22200000
v 0.23627280 -0.00827311 0.23950000
v 0.23695238 -0.00556007 0.22200000
v 0.23695238 -0.00556007 0.23950000
v 0.23736276 -0.00279349 0.22200000
v 0.23736276 -0.00279349 0.23950000
v -0.09900000 -0.09900000 1.22160000
v -0.09450000 -0.09900000 1.22160000
v -0.09450000 -0.09900000 1.22440000
v -0.09900000 -0.09900000 1.22440000
v -0.09458647 -0.09812209 1.22160000
v -0.09458647 -0.09812209 1.22440000
v -0.09484254 -0.09727792 1.22160000
v -0.09484254 -0.09727792 1.22440000
v -0.09525839 -0.09649993 1.22160000
v -0.09525839 -0.09649993 1.22440000
v -0.09581802 -0.09581802 1.22160000
v -0.09581802 -0.09581802 1.22440000
v -0.09649993 -0.09525839 1.22160000
v -0.09649993 -0.09525839 1.22440000
v -0.09727792 -0.09484254 1.22160000
v -0.09727792 -0.09484254 1.22440000
v -0.09812209 -0.09458647 1.22160000
v -0.09812209 -0.09458647 1.22440000
v -0.09900000 -0.09450000 1.22160000
v -0.09900000 -0.09450000 1.22440000
v -0.09987791 -0.09458647 1.22160000
v -0.09987791 -0.09458647 1.22440000
v -0.10072208 -0.09484254 1.22160000
v -0.10072208 -0.09484254 1.22440000
v -0.10150007 -0.09525839 1.22160000
v -0.10150007 -0.09525839 1.22440000
v -0.10218198 -0.09581802 1.22160000
v -0.10218198 -0.09581802 1.22440000
v -0.10274161 -0.09649993 1.22160000
v -0.10274161 -0.09649993 1.22440000
v -0.10315746 -0.09727792 1.22160000
v -0.10315746 -0.09727792 1.22440000
v -0.10341353 -0.09812209 1.22160000
v -0.10341353 -0.09812209 1.22440000
v -0.10350000 -0.09900000 1.22160000
v -0.10350000 -0.09900000 1.22440000
v -0.10341353 -0.09987791 1.22160000
v -0.10341353 -0.09987791 1.22440000
v -0.10315746 -0.10072208 1.22160000
v -0.10315746 -0.10072208 1.22440000
v -0.10274161 -0.10150007 1.22160000
v -0.10274161 -0.10150007 1.22440000
v -0.10218198 -0.10218198 1.22160000
v -0.10218198 -0.10218198 1.22440000
v -0.10150007 -0.10274161 1.22160000
v -0.10150007 -0.10274161 1.22440000
v -0.10072208 -0.10315746 1.22160000
v -0.10072208 -0.10315746 1.22440000
v -0.09987791 -0.10341353 1.22160000
v -0.09987791 -0.10341353 1.22440000
v -0.09900000 -0.10350000 1.22160000
v -0.09900000 -0.10350000 1.22440000
v -0.09812209 -0.10341353 1.22160000
v -0.09812209 -0.10341353 1.22440000
v -0.09727792 -0.10315746 1.22160000
v -0.09727792 -0.10315746 1.22440000
v -0.09649993 -0.10274161 1.22160000
v -0.09649993 -0.10274161 1.22440000
v -0.09581802 -0.10218198 1.22160000
v -0.09581802 -0.10218198 1.22440000
v -0.09525839 -0.10150007 1.22160000
v -0.09525839 -0.10150007 1.22440000
v -0.09484254 -0.10072208 1.22160000
v -0.09484254 -0.10072208 1.22440000
v -0.09458647 -0.09987791 1.22160000
v -0.09458647 -0.09987791 1.22440000
v -0.09900000 0.09900000 1.22160000
v -0.09450000 0.09900000 1.22160000
v -0.09450000 0.09900000 1.22440000
v -0.09900000 0.09900000 1.22440000
v -0.09458647 0.09987791 1.22160000
v -0.09458647 0.09987791 1.22440000
v -0.09484254 0.10072208 1.22160000
v -0.09484254 0.10072208 1.22440000
v -0.09525839 0.10150007 1.22160000
v -0.09525839 0.10150007 1.22440000
v -0.09581802 0.10218198 1.22160000
v -0.09581802 0.10218198 1.22440000
v -0.09649993 0.10274161 1.22160000
v -0.09649993 0.10274161 1.22440000
v -0.09727792 0.10315746 1.22160000
v -0.09727792 0.10315746 1.22440000
v -0.09812209 0.10341353 1.22160000
v -0.09812209 0.10341353 1.22440000
v -0.09900000 0.10350000 1.22160000
v -0.09900000 0.10350000 1.22440000
v -0.09987791 0.10341353 1.22160000
v -0.09987791 0.10341353 1.22440000
v -0.10072208 0.10315746 1.22160000
v -0.10072208 0.10315746 1.22440000
v -0.10150007 0.10274161 1.22160000
v -0.10150007 0.10274161 1.22440000
v -0.10218198 0.10218198 1.22160000
v -0.10218198 0.10218198 1.22440000
v -0.10274161 0.10150007 1.22160000
v -0.10274161 0.10150007 1.22440000
v -0.10315746 0.10072208 1.22160000
v -0.10315746 0.10072208 1.22440000
v -0.10341353 0.09987791 1.22160000
v -0.10341353 0.09987791 1.22440000
v -0.10350000 0.09900000 1.22160000
v -0.10350000 0.09900000 1.22440000
v -0.10341353 0.09812209 1.22160000
v -0.10341353 0.09812209 1.22440000
v -0.10315746 0.09727792 1.22160000
v -0.10315746 0.09727792 1.22440000
v -0.10274161 0.09649993 1.22160000
v -0.10274161 0.09649993 1.22440000
v -0.10218198 0.09581802 1.22160000
v -0.10218198 0.09581802 1.22440000
v -0.10150007 0.09525839 1.22160000
v -0.10150007 0.09525839 1.22440000
v -0.10072208 0.09484254 1.22160000
v -0.10072208 0.09484254 1.22440000
v -0.09987791 0.09458647 1.22160000
v -0.09987791 0.09458647 1.22440000
v -0.09900000 0.09450000 1.22160000
v -0.09900000 0.09450000 1.22440000
v -0.09812209 0.09458647 1.22160000
v -0.09812209 0.09458647 1.22440000
v -0.09727792 0.09484254 1.22160000
v -0.09727792 0.09484254 1.22440000
v -0.09649993 0.09525839 1.22160000
v -0.09649993 0.09525839 1.22440000
v -0.09581802 0.09581802 1.22160000
v -0.09581802 0.09581802 1.22440000
v -0.09525839 0.09649993 1.22160000
v -0.09525839 0.09649993 1.22440000
v -0.09484254 0.09727792 1.22160000
v -0.09484254 0.09727792 1.22440000
v -0.09458647 0.09812209 1.22160000
v -0.09458647 0.09812209 1.22440000
v 0.09900000 -0.09900000 1.22160000
v 0.10350000 -0.09900000 1.22160000
v 0.10350000 -0.09900000 1.22440000
v 0.09900000 -0.09900000 1.22440000
v 0.10341353 -0.09812209 1.22160000
v 0.10341353 -0.09812209 1.22440000
v 0.10315746 -0.09727792 1.22160000
v 0.10315746 -0.09727792 1.22440000
v 0.10274161 -0.09649993 1.22160000
v 0.10274161 -0.09649993 1.22440000
v 0.10218198 -0.09581802 1.22160000
v 0.10218198 -0.09581802 1.22440000
v 0.10150007 -0.09525839 1.22160000
v 0.10150007 -0.09525839 1.22440000
v 0.10072208 -0.09484254 1.22160000
v 0.10072208 -0.09484254 1.22440000
v 0.09987791 -0.09458647 1.22160000
v 0.09987791 -0.09458647 1.22440000
v 0.09900000 -0.09450000 1.22160000
v 0.09900000 -0.09450000 1.22440000
v 0.09812209 -0.09458647 1.22160000
v 0.09812209 -0.09458647 1.22440000
v 0.09727792 -0.09484254 1.22160000
v 0.09727792 -0.09484254 1.22440000
v 0.09649993 -0.09525839 1.22160000
v 0.09649993 -0.09525839 1.22440000
v 0.09581802 -0.09581802 1.22160000
v 0.09581802 -0.09581802 1.22440000
v 0.09525839 -0.09649993 1.22160000
v 0.09525839 -0.09649993 1.22440000
v 0.09484254 -0.09727792 1.22160000
v 0.09484254 -0.09727792 1.22440000
v 0.09458647 -0.09812209 1.22160000
v 0.09458647 -0.09812209 1.22440000
v 0.09450000 -0.09900000 1.22160000
v 0.09450000 -0.09900000 1.22440000
v 0.09458647 -0.09987791 1.22160000
v 0.09458647 -0.09987791 1.22440000
v 0.09484254 -0.10072208 1.22160000
v 0.09484254 -0.10072208 1.22440000
v 0.09525839 -0.10150007 1.22160000
v 0.09525839 -0.10150007 1.22440000
v 0.09581802 -0.10218198 1.22160000
v 0.09581802 -0.10218198 1.22440000
v 0.09649993 -0.10274161 1.22160000
v 0.09649993 -0.10274161 1.22440000
v 0.09727792 -0.10315746 1.22160000
v 0.09727792 -0.10315746 1.22440000
v 0.09812209 -0.10341353 1.22160000
v 0.09812209 -0.10341353 1.22440000
v 0.09900000 -0.10350000 1.22160000
v 0.09900000 -0.10350000 1.22440000
v 0.09987791 -0.10341353 1.22160000
v 0.09987791 -0.10341353 1.22440000
v 0.10072208 -0.10315746 1.22160000
v 0.10072208 -0.10315746 1.22440000
v 0.10150007 -0.10274161 1.22160000
v 0.10150007 -0.10274161 1.22440000
v 0.10218198 -0.10218198 1.22160000
v 0.10218198 -0.10218198 1.22440000
v 0.10274161 -0.10150007 1.22160000
v 0.10274161 -0.10150007 1.22440000
v 0.10315746 -0.10072208 1.22160000
v 0.10315746 -0.10072208 1.22440000
v 0.10341353 -0.09987791 1.22160000
v 0.10341353 -0.09987791 1.22440000
v 0.09900000 0.09900000 1.22160000
v 0.10350000 0.09900000 1.22160000
v 0.10350000 0.09900000 1.22440000
v 0.09900000 0.09900000 1.22440000
v 0.10341353 0.09987791 1.22160000
v 0.10341353 0.09987791 1.22440000
v 0.10315746 0.10072208 1.22160000
v 0.10315746 0.10072208 1.22440000
v 0.10274161 0.10150007 1.22160000
v 0.10274161 0.10150007 1.22440000
v 0.10218198 0.10218198 1.22160000
v 0.10218198 0.10218198 1.22440000
v 0.10150007 0.10274161 1.22160000
v 0.10150007 0.10274161 1.22440000
v 0.10072208 0.10315746 1.22160000
v 0.10072208 0.10315746 1.22440000
v 0.09987791 0.10341353 1.22160000
v 0.09987791 0.10341353 1.22440000
v 0.09900000 0.10350000 1.22160000
v 0.09900000 0.10350000 1.22440000
v 0.09812209 0.10341353 1.22160000
v 0.09812209 0.10341353 1.22440000
v 0.09727792 0.10315746 1.22160000
v 0.09727792 0.10315746 1.22440000
v 0.09649993 0.10274161 1.22160000
v 0.09649993 0.10274161 1.22440000
v 0.09581802 0.10218198 1.22160000
v 0.09581802 0.10218198 1.22440000
v 0.09525839 0.10150007 1.22160000
v 0.09525839 0.10150007 1.22440000
v 0.09484254 0.10072208 1.22160000
v 0.09484254 0.10072208 1.22440000
v 0.09458647 0.09987791 1.22160000
v 0.09458647 0.09987791 1.22440000
v 0.09450000 0.09900000 1.22160000
v 0.09450000 0.09900000 1.22440000
v 0.09458647 0.09812209 1.22160000
v 0.09458647 0.09812209 1.22440000
v 0.09484254 0.09727792 1.22160000
v 0.09484254 0.09727792 1.22440000
v 0.09525839 0.09649993 1.22160000
v 0.09525839 0.09649993 1.22440000
v 0.09581802 0.09581802 1.22160000
v 0.09581802 0.09581802 1.22440000
v 0.09649993 0.09525839 1.22160000
v 0.09649993 0.09525839 1.22440000
v 0.09727792 0.09484254 1.22160000
v 0.09727792 0.09484254 1.22440000
v 0.09812209 0.09458647 1.22160000
v 0.09812209 0.09458647 1.22440000
v 0.09900000 0.09450000 1.22160000
v 0.09900000 0.09450000 1.22440000
v 0.09987791 0.09458647 1.22160000
v 0.09987791 0.09458647 1.22440000
v 0.10072208 0.09484254 1.22160000
v 0.10072208 0.09484254 1.22440000
v 0.10150007 0.09525839 1.22160000
v 0.10150007 0.09525839 1.22440000
v 0.10218198 0.09581802 1.22160000
v 0.10218198 0.09581802 1.22440000
v 0.10274161 0.09649993 1.22160000
v 0.10274161 0.09649993 1.22440000
v 0.10315746 0.09727792 1.22160000
v 0.10315746 0.09727792 1.22440000
v 0.10341353 0.09812209 1.22160000
v 0.10341353 0.09812209 1.22440000
vn 0.52679946 0.41795660 0.74013148
vn -0.18581413 0.13497372 0.97327037
vn -0.90107548 -0.43250636 -0.03164227
vn -0.52679946 -0.41795660 -0.74013148
vn -0.24672476 0.30833865 0.91872421
vn -0.96198611 -0.25914143 -0.08618843
vn -0.26644957 0.48002722 0.83581008
vn -0.98171092 -0.08745286 -0.16910255
vn -0.24364434 0.63833915 0.73017845
vn -0.95890569 0.07085907 -0.27473419
vn -0.17986321 0.77248573 0.60902793
vn -0.89512456 0.20500566 -0.39588471
vn -0.07945276 0.87332511 0.48061473
vn -0.79471411 0.30584503 -0.52429791
vn 0.05074420 0.93398523 0.35369000
vn -0.66451715 0.36650515 -0.65122264
vn 0.20185497 0.95033222 0.23690344
vn -0.51340638 0.38285214 -0.76800919
vn 0.36358159 0.92125206 0.13821388
vn -0.35167976 0.35377198 -0.86669876
vn 0.52490267 0.84872650 0.06434684
vn -0.19035868 0.28124642 -0.94056580
vn 0.67482444 0.73769805 0.02033623
vn -0.04043691 0.17021797 -0.98457641
vn 0.80312998 0.59573311 0.00918131
vn 0.08786863 0.02825303 -0.99573132
vn 0.90107548 0.43250636 0.03164227
vn 0.18581413 -0.13497372 -0.97327037
vn 0.96198611 0.25914143 0.08618843
vn 0.24672476 -0.30833865 -0.91872421
vn 0.98171092 0.08745286 0.16910255
vn 0.26644957 -0.48002722 -0.83581008
vn 0.95890569 -0.07085907 0.27473419
vn 0.24364434 -0.63833915 -0.73017845
vn 0.89512456 -0.20500566 0.39588471
vn 0.17986321 -0.77248573 -0.60902793
vn 0.79471411 -0.30584503 0.52429791
vn 0.07945276 -0.87332511 -0.48061473
vn 0.66451715 -0.36650515 0.65122264
vn -0.05074420 -0.93398523 -0.35369000
vn 0.51340638 -0.38285214 0.76800919
vn -0.20185497 -0.95033222 -0.23690344
vn 0.35167976 -0.35377198 0.86669876
vn -0.36358159 -0.92125206 -0.13821388
vn 0.19035868 -0.28124642 0.94056580
vn -0.52490267 -0.84872650 -0.06434684
vn 0.04043691 -0.17021797 0.98457641
vn -0.67482444 -0.73769805 -0.02033623
vn -0.08786863 -0.02825303 0.99573132
vn -0.80312998 -0.59573311 -0.00918131
vn -0.52679946 0.41795660 0.74013148
vn -0.90107548 0.43250636 0.03164227
vn -0.18581413 -0.13497372 -0.97327037
vn 0.52679946 -0.41795660 -0.74013148
vn -0.80312998 0.59573311 0.00918131
vn -0.08786863 0.02825303 -0.99573132
vn -0.67482444 0.73769805 0.02033623
vn 0.04043691 0.17021797 -0.98457641
vn -0.52490267 0.84872650 0.06434684
vn 0.19035868 0.28124642 -0.94056580
vn -0.36358159 0.92125206 0.13821388
vn 0.35167976 0.35377198 -0.86669876
vn -0.20185497 0.95033222 0.23690344
vn 0.51340638 0.38285214 -0.76800919
vn -0.05074420 0.93398523 0.35369000
vn 0.66451715 0.36650515 -0.65122264
vn 0.07945276 0.87332511 0.48061473
vn 0.79471411 0.30584503 -0.52429791
vn 0.17986321 0.77248573 0.60902793
vn 0.89512456 0.20500566 -0.39588471
vn 0.24364434 0.63833915 0.73017845
vn 0.95890569 0.07085907 -0.27473419
vn 0.26644957 0.48002722 0.83581008
vn 0.98171092 -0.08745286 -0.16910255
vn 0.24672476 0.30833865 0.91872421
vn 0.96198611 -0.25914143 -0.08618843
vn 0.18581413 0.13497372 0.97327037
vn 0.90107548 -0.43250636 -0.03164227
vn 0.08786863 -0.02825303 0.99573132
vn 0.80312998 -0.59573311 -0.00918131
vn -0.04043691 -0.17021797 0.98457641
vn 0.67482444 -0.73769805 -0.02033623
vn -0.19035868 -0.28124642 0.94056580
vn 0.52490267 -0.84872650 -0.06434684
vn -0.35167976 -0.35377198 0.86669876
vn 0.36358159 -0.92125206 -0.13821388
vn -0.51340638 -0.38285214 0.76800919
vn 0.20185497 -0.95033222 -0.23690344
vn -0.66451715 -0.36650515 0.65122264
vn 0.05074420 -0.93398523 -0.35369000
vn -0.79471411 -0.30584503 0.52429791
vn -0.07945276 -0.87332511 -0.48061473
vn -0.89512456 -0.20500566 0.39588471
vn -0.17986321 -0.77248573 -0.60902793
vn -0.95890569 -0.07085907 0.27473419
vn -0.24364434 -0.63833915 -0.73017845
vn -0.98171092 0.08745286 0.16910255
vn -0.26644957 -0.48002722 -0.83581008
vn -0.96198611 0.25914143 0.08618843
vn -0.24672476 -0.30833865 -0.91872421
vn 0.52679946 -0.41795660 0.74013148
vn -0.18581413 -0.13497372 0.97327037
vn -0.90107548 0.43250636 -0.03164227
vn -0.52679946 0.41795660 -0.74013148
vn -0.08786863 0.02825303 0.99573132
vn -0.80312998 0.59573311 -0.00918131
vn 0.04043691 0.17021797 0.98457641
vn -0.67482444 0.73769805 -0.02033623
vn 0.19035868 0.28124642 0.94056580
vn -0.52490267 0.84872650 -0.06434684
vn 0.35167976 0.35377198 0.86669876
vn -0.36358159 0.92125206 -0.13821388
vn 0.51340638 0.38285214 0.76800919
vn -0.20185497 0.95033222 -0.23690344
vn 0.66451715 0.36650515 0.65122264
vn -0.05074420 0.93398523 -0.35369000
vn 0.79471411 0.30584503 0.52429791
vn 0.07945276 0.87332511 -0.48061473
vn 0.89512456 0.20500566 0.39588471
vn 0.17986321 0.77248573 -0.60902793
vn 0.95890569 0.07085907 0.27473419
vn 0.24364434 0.63833915 -0.73017845
vn 0.98171092 -0.08745286 0.16910255
vn 0.26644957 0.48002722 -0.83581008
vn 0.96198611 -0.25914143 0.08618843
vn 0.24672476 0.30833865 -0.91872421
vn 0.90107548 -0.43250636 0.03164227
vn 0.18581413 0.13497372 -0.97327037
vn 0.80312998 -0.59573311 0.00918131
vn 0.08786863 -0.02825303 -0.99573132
vn 0.67482444 -0.73769805 0.02033623
vn -0.04043691 -0.17021797 -0.98457641
vn 0.52490267 -0.84872650 0.06434684
vn -0.19035868 -0.28124642 -0.94056580
vn 0.36358159 -0.92125206 0.13821388
vn -0.35167976 -0.35377198 -0.86669876
vn 0.20185497 -0.95033222 0.23690344
vn -0.51340638 -0.38285214 -0.76800919
vn 0.05074420 -0.93398523 0.35369000
vn -0.66451715 -0.36650515 -0.65122264
vn -0.07945276 -0.87332511 0.48061473
vn -0.79471411 -0.30584503 -0.52429791
vn -0.17986321 -0.77248573 0.60902793
vn -0.89512456 -0.20500566 -0.39588471
vn -0.24364434 -0.63833915 0.73017845
vn -0.95890569 -0.07085907 -0.27473419
vn -0.26644957 -0.48002722 0.83581008
vn -0.98171092 0.08745286 -0.16910255
vn -0.24672476 -0.30833865 0.91872421
vn -0.96198611 0.25914143 -0.08618843
vn -0.52679946 -0.41795660 0.74013148
vn -0.90107548 -0.43250636 0.03164227
vn -0.18581413 0.13497372 -0.97327037
vn 0.52679946 0.41795660 -0.74013148
vn -0.96198611 -0.25914143 0.08618843
vn -0.24672476 0.30833865 -0.91872421
vn -0.98171092 -0.08745286 0.16910255
vn -0.26644957 0.48002722 -0.83581008
vn -0.95890569 0.07085907 0.27473419
vn -0.24364434 0.63833915 -0.73017845
vn -0.89512456 0.20500566 0.39588471
vn -0.17986321 0.77248573 -0.60902793
vn -0.79471411 0.30584503 0.52429791
vn -0.07945276 0.87332511 -0.48061473
vn -0.66451715 0.36650515 0.65122264
vn 0.05074420 0.93398523 -0.35369000
vn -0.51340638 0.38285214 0.76800919
vn 0.20185497 0.95033222 -0.23690344
vn -0.35167976 0.35377198 0.86669876
vn 0.36358159 0.92125206 -0.13821388
vn -0.19035868 0.28124642 0.94056580
vn 0.52490267 0.84872650 -0.06434684
vn -0.04043691 0.17021797 0.98457641
vn 0.67482444 0.73769805 -0.02033623
vn 0.08786863 0.02825303 0.99573132
vn 0.80312998 0.59573311 -0.00918131
vn 0.18581413 -0.13497372 0.97327037
vn 0.90107548 0.43250636 -0.03164227
vn 0.24672476 -0.30833865 0.91872421
vn 0.96198611 0.25914143 -0.08618843
vn 0.26644957 -0.48002722 0.83581008
vn 0.98171092 0.08745286 -0.16910255
vn 0.24364434 -0.63833915 0.73017845
vn 0.95890569 -0.07085907 -0.27473419
vn 0.17986321 -0.77248573 0.60902793
vn 0.89512456 -0.20500566 -0.39588471
vn 0.07945276 -0.87332511 0.48061473
vn 0.79471411 -0.30584503 -0.52429791
vn -0.05074420 -0.93398523 0.35369000
vn 0.66451715 -0.36650515 -0.65122264
vn -0.20185497 -0.95033222 0.23690344
vn 0.51340638 -0.38285214 -0.76800919
vn -0.36358159 -0.92125206 0.13821388
vn 0.35167976 -0.35377198 -0.86669876
vn -0.52490267 -0.84872650 0.06434684
vn 0.19035868 -0.28124642 -0.94056580
vn -0.67482444 -0.73769805 0.02033623
vn 0.04043691 -0.17021797 -0.98457641
vn -0.80312998 -0.59573311 0.00918131
vn -0.08786863 -0.02825303 -0.99573132
vn 0.00000000 0.00000000 -1.00000000
vn 0.72788761 -0.00000000 -0.68569645
vn 0.72788761 0.00000000 0.68569645
vn 0.00000000 0.00000000 1.00000000
vn 0.71390146 0.14200383 -0.68569645
vn 0.71390146 0.14200383 0.68569645
vn 0.67248047 0.27855053 -0.68569645
vn 0.67248047 0.27855053 0.68569645
vn 0.60521643 0.40439269 -0.68569645
vn 0.60521643 0.40439269 0.68569645
vn 0.51469427 0.51469427 -0.68569645
vn 0.51469427 0.51469427 0.68569645
vn 0.40439269 0.60521643 -0.68569645
vn 0.40439269 0.60521643 0.68569645
vn 0.27855053 0.67248047 -0.68569645
vn 0.27855053 0.67248047 0.68569645
vn 0.14200383 0.71390146 -0.68569645
vn 0.14200383 0.71390146 0.68569645
vn 0.00000000 0.72788761 -0.68569645
vn 0.00000000 0.72788761 0.68569645
vn -0.14200383 0.71390146 -0.68569645
vn -0.14200383 0.71390146 0.68569645
vn -0.27855053 0.67248047 -0.68569645
vn -0.27855053 0.67248047 0.68569645
vn -0.40439269 0.60521643 -0.68569645
vn -0.40439269 0.60521643 0.68569645
vn -0.51469427 0.51469427 -0.68569645
vn -0.51469427 0.51469427 0.68569645
vn -0.60521643 0.40439269 -0.68569645
vn -0.60521643 0.40439269 0.68569645
vn -0.67248047 0.27855053 -0.68569645
vn -0.67248047 0.27855053 0.68569645
vn -0.71390146 0.14200383 -0.68569645
vn -0.71390146 0.14200383 0.68569645
vn -0.72788761 0.00000000 -0.68569645
vn -0.72788761 0.00000000 0.68569645
vn -0.71390146 -0.14200383 -0.68569645
vn -0.71390146 -0.14200383 0.68569645
vn -0.67248047 -0.27855053 -0.68569645
vn -0.67248047 -0.27855053 0.68569645
vn -0.60521643 -0.40439269 -0.68569645
vn -0.60521643 -0.40439269 0.68569645
vn -0.51469427 -0.51469427 -0.68569645
vn -0.51469427 -0.51469427 0.68569645
vn -0.40439269 -0.60521643 -0.68569645
vn -0.40439269 -0.60521643 0.68569645
vn -0.27855053 -0.67248047 -0.68569645
vn -0.27855053 -0.67248047 0.68569645
vn -0.14200383 -0.71390146 -0.68569645
vn -0.14200383 -0.71390146 0.68569645
vn 0.00000000 -0.72788761 -0.68569645
vn 0.00000000 -0.72788761 0.68569645
vn 0.14200383 -0.71390146 -0.68569645
vn 0.14200383 -0.71390146 0.68569645
vn 0.27855053 -0.67248047 -0.68569645
vn 0.27855053 -0.67248047 0.68569645
vn 0.40439269 -0.60521643 -0.68569645
vn 0.40439269 -0.60521643 0.68569645
vn 0.51469427 -0.51469427 -0.68569645
vn 0.51469427 -0.51469427 0.68569645
vn 0.60521643 -0.40439269 -0.68569645
vn 0.60521643 -0.40439269 0.68569645
vn 0.67248047 -0.27855053 -0.68569645
vn 0.67248047 -0.27855053 0.68569645
vn 0.71390146 -0.14200383 -0.68569645
vn 0.71390146 -0.14200383 0.68569645
vn 0.00000000 0.00000000 -1.00000000
vn 0.72788761 -0.00000000 -0.68569645
vn 0.72788761 0.00000000 0.68569645
vn 0.00000000 0.00000000 1.00000000
vn 0.71390146 0.14200383 -0.68569645
vn 0.71390146 0.14200383 0.68569645
vn 0.67248047 0.27855053 -0.68569645
vn 0.67248047 0.27855053 0.68569645
vn 0.60521643 0.40439269 -0.68569645
vn 0.60521643 0.40439269 0.68569645
vn 0.51469427 0.51469427 -0.68569645
vn 0.51469427 0.51469427 0.68569645
vn 0.40439269 0.60521643 -0.68569645
vn 0.40439269 0.60521643 0.68569645
vn 0.27855053 0.67248047 -0.68569645
vn 0.27855053 0.67248047 0.68569645
vn 0.14200383 0.71390146 -0.68569645
vn 0.14200383 0.71390146 0.68569645
vn 0.00000000 0.72788761 -0.68569645
vn 0.00000000 0.72788761 0.68569645
vn -0.14200383 0.71390146 -0.68569645
vn -0.14200383 0.71390146 0.68569645
vn -0.27855053 0.67248047 -0.68569645
vn -0.27855053 0.67248047 0.68569645
vn -0.40439269 0.60521643 -0.68569645
vn -0.40439269 0.60521643 0.68569645
vn -0.51469427 0.51469427 -0.68569645
vn -0.51469427 0.51469427 0.68569645
vn -0.60521643 0.40439269 -0.68569645
vn -0.60521643 0.40439269 0.68569645
vn -0.67248047 0.27855053 -0.68569645
vn -0.67248047 0.27855053 0.68569645
vn -0.71390146 0.14200383 -0.68569645
vn -0.71390146 0.14200383 0.68569645
vn -0.72788761 0.00000000 -0.68569645
vn -0.72788761 0.00000000 0.68569645
vn -0.71390146 -0.14200383 -0.68569645
vn -0.71390146 -0.14200383 0.68569645
vn -0.67248047 -0.27855053 -0.68569645
vn -0.67248047 -0.27855053 0.68569645
vn -0.60521643 -0.40439269 -0.68569645
vn -0.60521643 -0.40439269 0.68569645
vn -0.51469427 -0.51469427 -0.68569645
vn -0.51469427 -0.51469427 0.68569645
vn -0.40439269 -0.60521643 -0.68569645
vn -0.40439269 -0.60521643 0.68569645
vn -0.27855053 -0.67248047 -0.68569645
vn -0.27855053 -0.67248047 0.68569645
vn -0.14200383 -0.71390146 -0.68569645
vn -0.14200383 -0.71390146 0.68569645
vn 0.00000000 -0.72788761 -0.68569645
vn 0.00000000 -0.72788761 0.68569645
vn 0.14200383 -0.71390146 -0.68569645
vn 0.14200383 -0.71390146 0.68569645
vn 0.27855053 -0.67248047 -0.68569645
vn 0.27855053 -0.67248047 0.68569645
vn 0.40439269 -0.60521643 -0.68569645
vn 0.40439269 -0.60521643 0.68569645
vn 0.51469427 -0.51469427 -0.68569645
vn 0.51469427 -0.51469427 0.68569645
vn 0.60521643 -0.40439269 -0.68569645
vn 0.60521643 -0.40439269 0.68569645
vn 0.67248047 -0.27855053 -0.68569645
vn 0.67248047 -0.27855053 0.68569645
vn 0.71390146 -0.14200383 -0.68569645
vn 0.71390146 -0.14200383 0.68569645
vn 0.00000000 0.00000000 -1.00000000
vn 0.72788761 -0.00000000 -0.68569645
vn 0.72788761 0.00000000 0.68569645
vn 0.00000000 0.00000000 1.00000000
vn 0.71390146 0.14200383 -0.68569645
vn 0.71390146 0.14200383 0.68569645
vn 0.67248047 0.27855053 -0.68569645
vn 0.67248047 0.27855053 0.68569645
vn 0.60521643 0.40439269 -0.68569645
vn 0.60521643 0.40439269 0.68569645
vn 0.51469427 0.51469427 -0.68569645
vn 0.51469427 0.51469427 0.68569645
vn 0.40439269 0.60521643 -0.68569645
vn 0.40439269 0.60521643 0.68569645
vn 0.27855053 0.67248047 -0.68569645
vn 0.27855053 0.67248047 0.68569645
vn 0.14200383 0.71390146 -0.68569645
vn 0.14200383 0.71390146 0.68569645
vn 0.00000000 0.72788761 -0.68569645
vn 0.00000000 0.72788761 0.68569645
vn -0.14200383 0.71390146 -0.68569645
vn -0.14200383 0.71390146 0.68569645
vn -0.27855053 0.67248047 -0.68569645
vn -0.27855053 0.67248047 0.68569645
vn -0.40439269 0.60521643 -0.68569645
vn -0.40439269 0.60521643 0.68569645
vn -0.51469427 0.51469427 -0.68569645
vn -0.51469427 0.51469427 0.68569645
vn -0.60521643 0.40439269 -0.68569645
vn -0.60521643 0.40439269 0.68569645
vn -0.67248047 0.27855053 -0.68569645
vn -0.67248047 0.27855053 0.68569645
vn -0.71390146 0.14200383 -0.68569645
vn -0.71390146 0.14200383 0.68569645
vn -0.72788761 0.00000000 -0.68569645
vn -0.72788761 0.00000000 0.68569645
vn -0.71390146 -0.14200383 -0.68569645
vn -0.71390146 -0.14200383 0.68569645
vn -0.67248047 -0.27855053 -0.68569645
vn -0.67248047 -0.27855053 0.68569645
vn -0.60521643 -0.40439269 -0.68569645
vn -0.60521643 -0.40439269 0.68569645
vn -0.51469427 -0.51469427 -0.68569645
vn -0.51469427 -0.51469427 0.68569645
vn -0.40439269 -0.60521643 -0.68569645
vn -0.40439269 -0.60521643 0.68569645
vn -0.27855053 -0.67248047 -0.68569645
vn -0.27855053 -0.67248047 0.68569645
vn -0.14200383 -0.71390146 -0.68569645
vn -0.14200383 -0.71390146 0.68569645
vn 0.00000000 -0.72788761 -0.68569645
vn 0.00000000 -0.72788761 0.68569645
vn 0.14200383 -0.71390146 -0.68569645
vn 0.14200383 -0.71390146 0.68569645
vn 0.27855053 -0.67248047 -0.68569645
vn 0.27855053 -0.67248047 0.68569645
vn 0.40439269 -0.60521643 -0.68569645
vn 0.40439269 -0.60521643 0.68569645
vn 0.51469427 -0.51469427 -0.68569645
vn 0.51469427 -0.51469427 0.68569645
vn 0.60521643 -0.40439269 -0.68569645
vn 0.60521643 -0.40439269 0.68569645
vn 0.67248047 -0.27855053 -0.68569645
vn 0.67248047 -0.27855053 0.68569645
vn 0.71390146 -0.14200383 -0.68569645
vn 0.71390146 -0.14200383 0.68569645
vn 0.00000000 0.00000000 -1.00000000
vn 0.72788761 -0.00000000 -0.68569645
vn 0.72788761 0.00000000 0.68569645
vn 0.00000000 0.00000000 1.00000000
vn 0.71390146 0.14200383 -0.68569645
vn 0.71390146 0.14200383 0.68569645
vn 0.67248047 0.27855053 -0.68569645
vn 0.67248047 0.27855053 0.68569645
vn 0.60521643 0.40439269 -0.68569645
vn 0.60521643 0.40439269 0.68569645
vn 0.51469427 0.51469427 -0.68569645
vn 0.51469427 0.51469427 0.68569645
vn 0.40439269 0.60521643 -0.68569645
vn 0.40439269 0.60521643 0.68569645
vn 0.27855053 0.67248047 -0.68569645
vn 0.27855053 0.67248047 0.68569645
vn 0.14200383 0.71390146 -0.68569645
vn 0.14200383 0.71390146 0.68569645
vn 0.00000000 0.72788761 -0.68569645
vn 0.00000000 0.72788761 0.68569645
vn -0.14200383 0.71390146 -0.68569645
vn -0.14200383 0.71390146 0.68569645
vn -0.27855053 0.67248047 -0.68569645
vn -0.27855053 0.67248047 0.68569645
vn -0.40439269 0.60521643 -0.68569645
vn -0.40439269 0.60521643 0.68569645
vn -0.51469427 0.51469427 -0.68569645
vn -0.51469427 0.51469427 0.68569645
vn -0.60521643 0.40439269 -0.68569645
vn -0.60521643 0.40439269 0.68569645
vn -0.67248047 0.27855053 -0.68569645
vn -0.67248047 0.27855053 0.68569645
vn -0.71390146 0.14200383 -0.68569645
vn -0.71390146 0.14200383 0.68569645
vn -0.72788761 0.00000000 -0.68569645
vn -0.72788761 0.00000000 0.68569645
vn -0.71390146 -0.14200383 -0.68569645
vn -0.71390146 -0.14200383 0.68569645
vn -0.67248047 -0.27855053 -0.68569645
vn -0.67248047 -0.27855053 0.68569645
vn -0.60521643 -0.40439269 -0.68569645
vn -0.60521643 -0.40439269 0.68569645
vn -0.51469427 -0.51469427 -0.68569645
vn -0.51469427 -0.51469427 0.68569645
vn -0.40439269 -0.60521643 -0.68569645
vn -0.40439269 -0.60521643 0.68569645
vn -0.27855053 -0.67248047 -0.68569645
vn -0.27855053 -0.67248047 0.68569645
vn -0.14200383 -0.71390146 -0.68569645
vn -0.14200383 -0.71390146 0.68569645
vn 0.00000000 -0.72788761 -0.68569645
vn 0.00000000 -0.72788761 0.68569645
vn 0.14200383 -0.71390146 -0.68569645
vn 0.14200383 -0.71390146 0.68569645
vn 0.27855053 -0.67248047 -0.68569645
vn 0.27855053 -0.67248047 0.68569645
vn 0.40439269 -0.60521643 -0.68569645
vn 0.40439269 -0.60521643 0.68569645
vn 0.51469427 -0.51469427 -0.68569645
vn 0.51469427 -0.51469427 0.68569645
vn 0.60521643 -0.40439269 -0.68569645
vn 0.60521643 -0.40439269 0.68569645
vn 0.67248047 -0.27855053 -0.68569645
vn 0.67248047 -0.27855053 0.68569645
vn 0.71390146 -0.14200383 -0.68569645
vn 0.71390146 -0.14200383 0.68569645
vn 0.00000000 0.00000000 -1.00000000
vn 0.72788761 -0.00000000 -0.68569645
vn 0.72788761 0.00000000 0.68569645
vn 0.00000000 0.00000000 1.00000000
vn 0.71390146 0.14200383 -0.68569645
vn 0.71390146 0.14200383 0.68569645
vn 0.67248047 0.27855053 -0.68569645
vn 0.67248047 0.27855053 0.68569645
vn 0.60521643 0.40439269 -0.68569645
vn 0.60521643 0.40439269 0.68569645
vn 0.51469427 0.51469427 -0.68569645
vn 0.51469427 0.51469427 0.68569645
vn 0.40439269 0.60521643 -0.68569645
vn 0.40439269 0.60521643 0.68569645
vn 0.27855053 0.67248047 -0.68569645
vn 0.27855053 0.67248047 0.68569645
vn 0.14200383 0.71390146 -0.68569645
vn 0.14200383 0.71390146 0.68569645
vn 0.00000000 0.72788761 -0.68569645
vn -0.00000000 0.72788761 0.68569645
vn -0.14200383 0.71390146 -0.68569645
vn -0.14200383 0.71390146 0.68569645
vn -0.27855053 0.67248047 -0.68569645
vn -0.27855053 0.67248047 0.68569645
vn -0.40439269 0.60521643 -0.68569645
vn -0.40439269 0.60521643 0.68569645
vn -0.51469427 0.51469427 -0.68569645
vn -0.51469427 0.51469427 0.68569645
vn -0.60521643 0.40439269 -0.68569645
vn -0.60521643 0.40439269 0.68569645
vn -0.67248047 0.27855053 -0.68569645
vn -0.67248047 0.27855053 0.68569645
vn -0.71390146 0.14200383 -0.68569645
vn -0.71390146 0.14200383 0.68569645
vn -0.72788761 0.00000000 -0.68569645
vn -0.72788761 -0.00000000 0.68569645
vn -0.71390146 -0.14200383 -0.68569645
vn -0.71390146 -0.14200383 0.68569645
vn -0.67248047 -0.27855053 -0.68569645
vn -0.67248047 -0.27855053 0.68569645
vn -0.60521643 -0.40439269 -0.68569645
vn -0.60521643 -0.40439269 0.68569645
vn -0.51469427 -0.51469427 -0.68569645
vn -0.51469427 -0.51469427 0.68569645
vn -0.40439269 -0.60521643 -0.68569645
vn -0.40439269 -0.60521643 0.68569645
vn -0.27855053 -0.67248047 -0.68569645
vn -0.27855053 -0.67248047 0.68569645
vn -0.14200383 -0.71390146 -0.68569645
vn -0.14200383 -0.71390146 0.68569645
vn -0.00000000 -0.72788761 -0.68569645
vn 0.00000000 -0.72788761 0.68569645
vn 0.14200383 -0.71390146 -0.68569645
vn 0.14200383 -0.71390146 0.68569645
vn 0.27855053 -0.67248047 -0.68569645
vn 0.27855053 -0.67248047 0.68569645
vn 0.40439269 -0.60521643 -0.68569645
vn 0.40439269 -0.60521643 0.68569645
vn 0.51469427 -0.51469427 -0.68569645
vn 0.51469427 -0.51469427 0.68569645
vn 0.60521643 -0.40439269 -0.68569645
vn 0.60521643 -0.40439269 0.68569645
vn 0.67248047 -0.27855053 -0.68569645
vn 0.67248047 -0.27855053 0.68569645
vn 0.71390146 -0.14200383 -0.68569645
vn 0.71390146 -0.14200383 0.68569645
vn 0.00000000 0.00000000 -1.00000000
vn 0.72788761 -0.00000000 -0.68569645
vn 0.72788761 0.00000000 0.68569645
vn 0.00000000 0.00000000 1.00000000
vn 0.71390146 0.14200383 -0.68569645
vn 0.71390146 0.14200383 0.68569645
vn 0.67248047 0.27855053 -0.68569645
vn 0.67248047 0.27855053 0.68569645
vn 0.60521643 0.40439269 -0.68569645
vn 0.60521643 0.40439269 0.68569645
vn 0.51469427 0.51469427 -0.68569645
vn 0.51469427 0.51469427 0.68569645
vn 0.40439269 0.60521643 -0.68569645
vn 0.40439269 0.60521643 0.68569645
vn 0.27855053 0.67248047 -0.68569645
vn 0.27855053 0.67248047 0.68569645
vn 0.14200383 0.71390146 -0.68569645
vn 0.14200383 0.71390146 0.68569645
vn 0.00000000 0.72788761 -0.68569645
vn -0.00000000 0.72788761 0.68569645
vn -0.14200383 0.71390146 -0.68569645
vn -0.14200383 0.71390146 0.68569645
vn -0.27855053 0.67248047 -0.68569645
vn -0.27855053 0.67248047 0.68569645
vn -0.40439269 0.60521643 -0.68569645
vn -0.40439269 0.60521643 0.68569645
vn -0.51469427 0.51469427 -0.68569645
vn -0.51469427 0.51469427 0.68569645
vn -0.60521643 0.40439269 -0.68569645
vn -0.60521643 0.40439269 0.68569645
vn -0.67248047 0.27855053 -0.68569645
vn -0.67248047 0.27855053 0.68569645
vn -0.71390146 0.14200383 -0.68569645
vn -0.71390146 0.14200383 0.68569645
vn -0.72788761 0.00000000 -0.68569645
vn -0.72788761 -0.00000000 0.68569645
vn -0.71390146 -0.14200383 -0.68569645
vn -0.71390146 -0.14200383 0.68569645
vn -0.67248047 -0.27855053 -0.68569645
vn -0.67248047 -0.27855053 0.68569645
vn -0.60521643 -0.40439269 -0.68569645
vn -0.60521643 -0.40439269 0.68569645
vn -0.51469427 -0.51469427 -0.68569645
vn -0.51469427 -0.51469427 0.68569645
vn -0.40439269 -0.60521643 -0.68569645
vn -0.40439269 -0.60521643 0.68569645
vn -0.27855053 -0.67248047 -0.68569645
vn -0.27855053 -0.67248047 0.68569645
vn -0.14200383 -0.71390146 -0.68569645
vn -0.14200383 -0.71390146 0.68569645
vn -0.00000000 -0.72788761 -0.68569645
vn 0.00000000 -0.72788761 0.68569645
vn 0.14200383 -0.71390146 -0.68569645
vn 0.14200383 -0.71390146 0.68569645
vn 0.27855053 -0.67248047 -0.68569645
vn 0.27855053 -0.67248047 0.68569645
vn 0.40439269 -0.60521643 -0.68569645
vn 0.40439269 -0.60521643 0.68569645
vn 0.51469427 -0.51469427 -0.68569645
vn 0.51469427 -0.51469427 0.68569645
vn 0.60521643 -0.40439269 -0.68569645
vn 0.60521643 -0.40439269 0.68569645
vn 0.67248047 -0.27855053 -0.68569645
vn 0.67248047 -0.27855053 0.68569645
vn 0.71390146 -0.14200383 -0.68569645
vn 0.71390146 -0.14200383 0.68569645
vn 0.00000000 0.00000000 -1.00000000
vn 0.72788761 -0.00000000 -0.68569645
vn 0.72788761 0.00000000 0.68569645
vn 0.00000000 0.00000000 1.00000000
vn 0.71390146 0.14200383 -0.68569645
vn 0.71390146 0.14200383 0.68569645
vn 0.67248047 0.27855053 -0.68569645
vn 0.67248047 0.27855053 0.68569645
vn 0.60521643 0.40439269 -0.68569645
vn 0.60521643 0.40439269 0.68569645
vn 0.51469427 0.51469427 -0.68569645
vn 0.51469427 0.51469427 0.68569645
vn 0.40439269 0.60521643 -0.68569645
vn 0.40439269 0.60521643 0.68569645
vn 0.27855053 0.67248047 -0.68569645
vn 0.27855053 0.67248047 0.68569645
vn 0.14200383 0.71390146 -0.68569645
vn 0.14200383 0.71390146 0.68569645
vn 0.00000000 0.72788761 -0.68569645
vn -0.00000000 0.72788761 0.68569645
vn -0.14200383 0.71390146 -0.68569645
vn -0.14200383 0.71390146 0.68569645
vn -0.27855053 0.67248047 -0.68569645
vn -0.27855053 0.67248047 0.68569645
vn -0.40439269 0.60521643 -0.68569645
vn -0.40439269 0.60521643 0.68569645
vn -0.51469427 0.51469427 -0.68569645
vn -0.51469427 0.51469427 0.68569645
vn -0.60521643 0.40439269 -0.68569645
vn -0.60521643 0.40439269 0.68569645
vn -0.67248047 0.27855053 -0.68569645
vn -0.67248047 0.27855053 0.68569645
vn -0.71390146 0.14200383 -0.68569645
vn -0.71390146 0.14200383 0.68569645
vn -0.72788761 0.00000000 -0.68569645
vn -0.72788761 -0.00000000 0.68569645
vn -0.71390146 -0.14200383 -0.68569645
vn -0.71390146 -0.14200383 0.68569645
vn -0.67248047 -0.27855053 -0.68569645
vn -0.67248047 -0.27855053 0.68569645
vn -0.60521643 -0.40439269 -0.68569645
vn -0.60521643 -0.40439269 0.68569645
vn -0.51469427 -0.51469427 -0.68569645
vn -0.51469427 -0.51469427 0.68569645
vn -0.40439269 -0.60521643 -0.68569645
vn -0.40439269 -0.60521643 0.68569645
vn -0.27855053 -0.67248047 -0.68569645
vn -0.27855053 -0.67248047 0.68569645
vn -0.14200383 -0.71390146 -0.68569645
vn -0.14200383 -0.71390146 0.68569645
vn -0.00000000 -0.72788761 -0.68569645
vn 0.00000000 -0.72788761 0.68569645
vn 0.14200383 -0.71390146 -0.68569645
vn 0.14200383 -0.71390146 0.68569645
vn 0.27855053 -0.67248047 -0.68569645
vn 0.27855053 -0.67248047 0.68569645
vn 0.40439269 -0.60521643 -0.68569645
vn 0.40439269 -0.60521643 0.68569645
vn 0.51469427 -0.51469427 -0.68569645
vn 0.51469427 -0.51469427 0.68569645
vn 0.60521643 -0.40439269 -0.68569645
vn 0.60521643 -0.40439269 0.68569645
vn 0.67248047 -0.27855053 -0.68569645
vn 0.67248047 -0.27855053 0.68569645
vn 0.71390146 -0.14200383 -0.68569645
vn 0.71390146 -0.14200383 0.68569645
vn 0.00000000 0.00000000 -1.00000000
vn 0.72788761 -0.00000000 -0.68569645
vn 0.72788761 0.00000000 0.68569645
vn 0.00000000 0.00000000 1.00000000
vn 0.71390146 0.14200383 -0.68569645
vn 0.71390146 0.14200383 0.68569645
vn 0.67248047 0.27855053 -0.68569645
vn 0.67248047 0.27855053 0.68569645
vn 0.60521643 0.40439269 -0.68569645
vn 0.60521643 0.40439269 0.68569645
vn 0.51469427 0.51469427 -0.68569645
vn 0.51469427 0.51469427 0.68569645
vn 0.40439269 0.60521643 -0.68569645
vn 0.40439269 0.60521643 0.68569645
vn 0.27855053 0.67248047 -0.68569645
vn 0.27855053 0.67248047 0.68569645
vn 0.14200383 0.71390146 -0.68569645
vn 0.14200383 0.71390146 0.68569645
vn 0.00000000 0.72788761 -0.68569645
vn -0.00000000 0.72788761 0.68569645
vn -0.14200383 0.71390146 -0.68569645
vn -0.14200383 0.71390146 0.68569645
vn -0.27855053 0.67248047 -0.68569645
vn -0.27855053 0.67248047 0.68569645
vn -0.40439269 0.60521643 -0.68569645
vn -0.40439269 0.60521643 0.68569645
vn -0.51469427 0.51469427 -0.68569645
vn -0.51469427 0.51469427 0.68569645
vn -0.60521643 0.40439269 -0.68569645
vn -0.60521643 0.40439269 0.68569645
vn -0.67248047 0.27855053 -0.68569645
vn -0.67248047 0.27855053 0.68569645
vn -0.71390146 0.14200383 -0.68569645
vn -0.71390146 0.14200383 0.68569645
vn -0.72788761 0.00000000 -0.68569645
vn -0.72788761 -0.00000000 0.68569645
vn -0.71390146 -0.14200383 -0.68569645
vn -0.71390146 -0.14200383 0.68569645
vn -0.67248047 -0.27855053 -0.68569645
vn -0.67248047 -0.27855053 0.68569645
vn -0.60521643 -0.40439269 -0.68569645
vn -0.60521643 -0.40439269 0.68569645
vn -0.51469427 -0.51469427 -0.68569645
vn -0.51469427 -0.51469427 0.68569645
vn -0.40439269 -0.60521643 -0.68569645
vn -0.40439269 -0.60521643 0.68569645
vn -0.27855053 -0.67248047 -0.68569645
vn -0.27855053 -0.67248047 0.68569645
vn -0.14200383 -0.71390146 -0.68569645
vn -0.14200383 -0.71390146 0.68569645
vn -0.00000000 -0.72788761 -0.68569645
vn 0.00000000 -0.72788761 0.68569645
vn 0.14200383 -0.71390146 -0.68569645
vn 0.14200383 -0.71390146 0.68569645
vn 0.27855053 -0.67248047 -0.68569645
vn 0.27855053 -0.67248047 0.68569645
vn 0.40439269 -0.60521643 -0.68569645
vn 0.40439269 -0.60521643 0.68569645
vn 0.51469427 -0.51469427 -0.68569645
vn 0.51469427 -0.51469427 0.68569645
vn 0.60521643 -0.40439269 -0.68569645
vn 0.60521643 -0.40439269 0.68569645
vn 0.67248047 -0.27855053 -0.68569645
vn 0.67248047 -0.27855053 0.68569645
vn 0.71390146 -0.14200383 -0.68569645
vn 0.71390146 -0.14200383 0.68569645
vn 0.00000000 0.00000000 -1.00000000
vn 0.71782099 -0.00000000 -0.69622772
vn 0.71782099 -0.00000000 0.69622772
vn 0.00000000 0.00000000 1.00000000
vn 0.71436448 0.07035876 -0.69622772
vn 0.71436448 0.07035876 0.69622772
vn 0.70402826 0.14003993 -0.69622772
vn 0.70402826 0.14003993 0.69622772
vn 0.68691185 0.20837243 -0.69622772
vn 0.68691185 0.20837243 0.69622772
vn 0.66318012 0.27469820 -0.69622772
vn 0.66318012 0.27469820 0.69622772
vn 0.63306159 0.33837847 -0.69622772
vn 0.63306159 0.33837847 0.69622772
vn 0.59684634 0.39879997 -0.69622772
vn 0.59684634 0.39879997 0.69622772
vn 0.55488313 0.45538081 -0.69622772
vn 0.55488313 0.45538081 0.69622772
vn 0.50757609 0.50757609 -0.69622772
vn 0.50757609 0.50757609 0.69622772
vn 0.45538081 0.55488313 -0.69622772
vn 0.45538081 0.55488313 0.69622772
vn 0.39879997 0.59684634 -0.69622772
vn 0.39879997 0.59684634 0.69622772
vn 0.33837847 0.63306159 -0.69622772
vn 0.33837847 0.63306159 0.69622772
vn 0.27469820 0.66318012 -0.69622772
vn 0.27469820 0.66318012 0.69622772
vn 0.20837243 0.68691185 -0.69622772
vn 0.20837243 0.68691185 0.69622772
vn 0.14003993 0.70402826 -0.69622772
vn 0.14003993 0.70402826 0.69622772
vn 0.07035876 0.71436448 -0.69622772
vn 0.07035876 0.71436448 0.69622772
vn -0.00000000 0.71782099 -0.69622772
vn 0.00000000 0.71782099 0.69622772
vn -0.07035876 0.71436448 -0.69622772
vn -0.07035876 0.71436448 0.69622772
vn -0.14003993 0.70402826 -0.69622772
vn -0.14003993 0.70402826 0.69622772
vn -0.20837243 0.68691185 -0.69622772
vn -0.20837243 0.68691185 0.69622772
vn -0.27469820 0.66318012 -0.69622772
vn -0.27469820 0.66318012 0.69622772
vn -0.33837847 0.63306159 -0.69622772
vn -0.33837847 0.63306159 0.69622772
vn -0.39879997 0.59684634 -0.69622772
vn -0.39879997 0.59684634 0.69622772
vn -0.45538081 0.55488313 -0.69622772
vn -0.45538081 0.55488313 0.69622772
vn -0.50757609 0.50757609 -0.69622772
vn -0.50757609 0.50757609 0.69622772
vn -0.55488313 0.45538081 -0.69622772
vn -0.55488313 0.45538081 0.69622772
vn -0.59684634 0.39879997 -0.69622772
vn -0.59684634 0.39879997 0.69622772
vn -0.63306159 0.33837847 -0.69622772
vn -0.63306159 0.33837847 0.69622772
vn -0.66318012 0.27469820 -0.69622772
vn -0.66318012 0.27469820 0.69622772
vn -0.68691185 0.20837243 -0.69622772
vn -0.68691185 0.20837243 0.69622772
vn -0.70402826 0.14003993 -0.69622772
vn -0.70402826 0.14003993 0.69622772
vn -0.71436448 0.07035876 -0.69622772
vn -0.71436448 0.07035876 0.69622772
vn -0.71782099 0.00000000 -0.69622772
vn -0.71782099 0.00000000 0.69622772
vn -0.71436448 -0.07035876 -0.69622772
vn -0.71436448 -0.07035876 0.69622772
vn -0.70402826 -0.14003993 -0.69622772
vn -0.70402826 -0.14003993 0.69622772
vn -0.68691185 -0.20837243 -0.69622772
vn -0.68691185 -0.20837243 0.69622772
vn -0.66318012 -0.27469820 -0.69622772
vn -0.66318012 -0.27469820 0.69622772
vn -0.63306159 -0.33837847 -0.69622772
vn -0.63306159 -0.33837847 0.69622772
vn -0.59684634 -0.39879997 -0.69622772
vn -0.59684634 -0.39879997 0.69622772
vn -0.55488313 -0.45538081 -0.69622772
vn -0.55488313 -0.45538081 0.69622772
vn -0.50757609 -0.50757609 -0.69622772
vn -0.50757609 -0.50757609 0.69622772
vn -0.45538081 -0.55488313 -0.69622772
vn -0.45538081 -0.55488313 0.69622772
vn -0.39879997 -0.59684634 -0.69622772
vn -0.39879997 -0.59684634 0.69622772
vn -0.33837847 -0.63306159 -0.69622772
vn -0.33837847 -0.63306159 0.69622772
vn -0.27469820 -0.66318012 -0.69622772
vn -0.27469820 -0.66318012 0.69622772
vn -0.20837243 -0.68691185 -0.69622772
vn -0.20837243 -0.68691185 0.69622772
vn -0.14003993 -0.70402826 -0.69622772
vn -0.14003993 -0.70402826 0.69622772
vn -0.07035876 -0.71436448 -0.69622772
vn -0.07035876 -0.71436448 0.69622772
vn 0.00000000 -0.71782099 -0.69622772
vn 0.00000000 -0.71782099 0.69622772
vn 0.07035876 -0.71436448 -0.69622772
vn 0.07035876 -0.71436448 0.69622772
vn 0.14003993 -0.70402826 -0.69622772
vn 0.14003993 -0.70402826 0.69622772
vn 0.20837243 -0.68691185 -0.69622772
vn 0.20837243 -0.68691185 0.69622772
vn 0.27469820 -0.66318012 -0.69622772
vn 0.27469820 -0.66318012 0.69622772
vn 0.33837847 -0.63306159 -0.69622772
vn 0.33837847 -0.63306159 0.69622772
vn 0.39879997 -0.59684634 -0.69622772
vn 0.39879997 -0.59684634 0.69622772
vn 0.45538081 -0.55488313 -0.69622772
vn 0.45538081 -0.55488313 0.69622772
vn 0.50757609 -0.50757609 -0.69622772
vn 0.50757609 -0.50757609 0.69622772
vn 0.55488313 -0.45538081 -0.69622772
vn 0.55488313 -0.45538081 0.69622772
vn 0.59684634 -0.39879997 -0.69622772
vn 0.59684634 -0.39879997 0.69622772
vn 0.63306159 -0.33837847 -0.69622772
vn 0.63306159 -0.33837847 0.69622772
vn 0.66318012 -0.27469820 -0.69622772
vn 0.66318012 -0.27469820 0.69622772
vn 0.68691185 -0.20837243 -0.69622772
vn 0.68691185 -0.20837243 0.69622772
vn 0.70402826 -0.14003993 -0.69622772
vn 0.70402826 -0.14003993 0.69622772
vn 0.71436448 -0.07035876 -0.69622772
vn 0.71436448 -0.07035876 0.69622772
vn 0.00000000 0.00000000 -1.00000000
vn 0.72788761 -0.00000000 -0.68569645
vn 0.72788761 0.00000000 0.68569645
vn 0.00000000 0.00000000 1.00000000
vn 0.71390146 0.14200383 -0.68569645
vn 0.71390146 0.14200383 0.68569645
vn 0.67248047 0.27855053 -0.68569645
vn 0.67248047 0.27855053 0.68569645
vn 0.60521643 0.40439269 -0.68569645
vn 0.60521643 0.40439269 0.68569645
vn 0.51469427 0.51469427 -0.68569645
vn 0.51469427 0.51469427 0.68569645
vn 0.40439269 0.60521643 -0.68569645
vn 0.40439269 0.60521643 0.68569645
vn 0.27855053 0.67248047 -0.68569645
vn 0.27855053 0.67248047 0.68569645
vn 0.14200383 0.71390146 -0.68569645
vn 0.14200383 0.71390146 0.68569645
vn 0.00000000 0.72788761 -0.68569645
vn -0.00000000 0.72788761 0.68569645
vn -0.14200383 0.71390146 -0.68569645
vn -0.14200383 0.71390146 0.68569645
vn -0.27855053 0.67248047 -0.68569645
vn -0.27855053 0.67248047 0.68569645
vn -0.40439269 0.60521643 -0.68569645
vn -0.40439269 0.60521643 0.68569645
vn -0.51469427 0.51469427 -0.68569645
vn -0.51469427 0.51469427 0.68569645
vn -0.60521643 0.40439269 -0.68569645
vn -0.60521643 0.40439269 0.68569645
vn -0.67248047 0.27855053 -0.68569645
vn -0.67248047 0.27855053 0.68569645
vn -0.71390146 0.14200383 -0.68569645
vn -0.71390146 0.14200383 0.68569645
vn -0.72788761 0.00000000 -0.68569645
vn -0.72788761 -0.00000000 0.68569645
vn -0.71390146 -0.14200383 -0.68569645
vn -0.71390146 -0.14200383 0.68569645
vn -0.67248047 -0.27855053 -0.68569645
vn -0.67248047 -0.27855053 0.68569645
vn -0.60521643 -0.40439269 -0.68569645
vn -0.60521643 -0.40439269 0.68569645
vn -0.51469427 -0.51469427 -0.68569645
vn -0.51469427 -0.51469427 0.68569645
vn -0.40439269 -0.60521643 -0.68569645
vn -0.40439269 -0.60521643 0.68569645
vn -0.27855053 -0.67248047 -0.68569645
vn -0.27855053 -0.67248047 0.68569645
vn -0.14200383 -0.71390146 -0.68569645
vn -0.14200383 -0.71390146 0.68569645
vn 0.00000000 -0.72788761 -0.68569645
vn 0.00000000 -0.72788761 0.68569645
vn 0.14200383 -0.71390146 -0.68569645
vn 0.14200383 -0.71390146 0.68569645
vn 0.27855053 -0.67248047 -0.68569645
vn 0.27855053 -0.67248047 0.68569645
vn 0.40439269 -0.60521643 -0.68569645
vn 0.40439269 -0.60521643 0.68569645
vn 0.51469427 -0.51469427 -0.68569645
vn 0.51469427 -0.51469427 0.68569645
vn 0.60521643 -0.40439269 -0.68569645
vn 0.60521643 -0.40439269 0.68569645
vn 0.67248047 -0.27855053 -0.68569645
vn 0.67248047 -0.27855053 0.68569645
vn 0.71390146 -0.14200383 -0.68569645
vn 0.71390146 -0.14200383 0.68569645
vn 0.00000000 0.00000000 -1.00000000
vn 0.72788761 -0.00000000 -0.68569645
vn 0.72788761 0.00000000 0.68569645
vn 0.00000000 0.00000000 1.00000000
vn 0.71390146 0.14200383 -0.68569645
vn 0.71390146 0.14200383 0.68569645
vn 0.67248047 0.27855053 -0.68569645
vn 0.67248047 0.27855053 0.68569645
vn 0.60521643 0.40439269 -0.68569645
vn 0.60521643 0.40439269 0.68569645
vn 0.51469427 0.51469427 -0.68569645
vn 0.51469427 0.51469427 0.68569645
vn 0.40439269 0.60521643 -0.68569645
vn 0.40439269 0.60521643 0.68569645
vn 0.27855053 0.67248047 -0.68569645
vn 0.27855053 0.67248047 0.68569645
vn 0.14200383 0.71390146 -0.68569645
vn 0.14200383 0.71390146 0.68569645
vn 0.00000000 0.72788761 -0.68569645
vn -0.00000000 0.72788761 0.68569645
vn -0.14200383 0.71390146 -0.68569645
vn -0.14200383 0.71390146 0.68569645
vn -0.27855053 0.67248047 -0.68569645
vn -0.27855053 0.67248047 0.68569645
vn -0.40439269 0.60521643 -0.68569645
vn -0.40439269 0.60521643 0.68569645
vn -0.51469427 0.51469427 -0.68569645
vn -0.51469427 0.51469427 0.68569645
vn -0.60521643 0.40439269 -0.68569645
vn -0.60521643 0.40439269 0.68569645
vn -0.67248047 0.27855053 -0.68569645
vn -0.67248047 0.27855053 0.68569645
vn -0.71390146 0.14200383 -0.68569645
vn -0.71390146 0.14200383 0.68569645
vn -0.72788761 0.00000000 -0.68569645
vn -0.72788761 -0.00000000 0.68569645
vn -0.71390146 -0.14200383 -0.68569645
vn -0.71390146 -0.14200383 0.68569645
vn -0.67248047 -0.27855053 -0.68569645
vn -0.67248047 -0.27855053 0.68569645
vn -0.60521643 -0.40439269 -0.68569645
vn -0.60521643 -0.40439269 0.68569645
vn -0.51469427 -0.51469427 -0.68569645
vn -0.51469427 -0.51469427 0.68569645
vn -0.40439269 -0.60521643 -0.68569645
vn -0.40439269 -0.60521643 0.68569645
vn -0.27855053 -0.67248047 -0.68569645
vn -0.27855053 -0.67248047 0.68569645
vn -0.14200383 -0.71390146 -0.68569645
vn -0.14200383 -0.71390146 0.68569645
vn 0.00000000 -0.72788761 -0.68569645
vn 0.00000000 -0.72788761 0.68569645
vn 0.14200383 -0.71390146 -0.68569645
vn 0.14200383 -0.71390146 0.68569645
vn 0.27855053 -0.67248047 -0.68569645
vn 0.27855053 -0.67248047 0.68569645
vn 0.40439269 -0.60521643 -0.68569645
vn 0.40439269 -0.60521643 0.68569645
vn 0.51469427 -0.51469427 -0.68569645
vn 0.51469427 -0.51469427 0.68569645
vn 0.60521643 -0.40439269 -0.68569645
vn 0.60521643 -0.40439269 0.68569645
vn 0.67248047 -0.27855053 -0.68569645
vn 0.67248047 -0.27855053 0.68569645
vn 0.71390146 -0.14200383 -0.68569645
vn 0.71390146 -0.14200383 0.68569645
vn 0.00000000 0.00000000 -1.00000000
vn 0.72788761 -0.00000000 -0.68569645
vn 0.72788761 0.00000000 0.68569645
vn 0.00000000 0.00000000 1.00000000
vn 0.71390146 0.14200383 -0.68569645
vn 0.71390146 0.14200383 0.68569645
vn 0.67248047 0.27855053 -0.68569645
vn 0.67248047 0.27855053 0.68569645
vn 0.60521643 0.40439269 -0.68569645
vn 0.60521643 0.40439269 0.68569645
vn 0.51469427 0.51469427 -0.68569645
vn 0.51469427 0.51469427 0.68569645
vn 0.40439269 0.60521643 -0.68569645
vn 0.40439269 0.60521643 0.68569645
vn 0.27855053 0.67248047 -0.68569645
vn 0.27855053 0.67248047 0.68569645
vn 0.14200383 0.71390146 -0.68569645
vn 0.14200383 0.71390146 0.68569645
vn 0.00000000 0.72788761 -0.68569645
vn -0.00000000 0.72788761 0.68569645
vn -0.14200383 0.71390146 -0.68569645
vn -0.14200383 0.71390146 0.68569645
vn -0.27855053 0.67248047 -0.68569645
vn -0.27855053 0.67248047 0.68569645
vn -0.40439269 0.60521643 -0.68569645
vn -0.40439269 0.60521643 0.68569645
vn -0.51469427 0.51469427 -0.68569645
vn -0.51469427 0.51469427 0.68569645
vn -0.60521643 0.40439269 -0.68569645
vn -0.60521643 0.40439269 0.68569645
vn -0.67248047 0.27855053 -0.68569645
vn -0.67248047 0.27855053 0.68569645
vn -0.71390146 0.14200383 -0.68569645
vn -0.71390146 0.14200383 0.68569645
vn -0.72788761 0.00000000 -0.68569645
vn -0.72788761 -0.00000000 0.68569645
vn -0.71390146 -0.14200383 -0.68569645
vn -0.71390146 -0.14200383 0.68569645
vn -0.67248047 -0.27855053 -0.68569645
vn -0.67248047 -0.27855053 0.68569645
vn -0.60521643 -0.40439269 -0.68569645
vn -0.60521643 -0.40439269 0.68569645
vn -0.51469427 -0.51469427 -0.68569645
vn -0.51469427 -0.51469427 0.68569645
vn -0.40439269 -0.60521643 -0.68569645
vn -0.40439269 -0.60521643 0.68569645
vn -0.27855053 -0.67248047 -0.68569645
vn -0.27855053 -0.67248047 0.68569645
vn -0.14200383 -0.71390146 -0.68569645
vn -0.14200383 -0.71390146 0.68569645
vn 0.00000000 -0.72788761 -0.68569645
vn 0.00000000 -0.72788761 0.68569645
vn 0.14200383 -0.71390146 -0.68569645
vn 0.14200383 -0.71390146 0.68569645
vn 0.27855053 -0.67248047 -0.68569645
vn 0.27855053 -0.67248047 0.68569645
vn 0.40439269 -0.60521643 -0.68569645
vn 0.40439269 -0.60521643 0.68569645
vn 0.51469427 -0.51469427 -0.68569645
vn 0.51469427 -0.51469427 0.68569645
vn 0.60521643 -0.40439269 -0.68569645
vn 0.60521643 -0.40439269 0.68569645
vn 0.67248047 -0.27855053 -0.68569645
vn 0.67248047 -0.27855053 0.68569645
vn 0.71390146 -0.14200383 -0.68569645
vn 0.71390146 -0.14200383 0.68569645
vn 0.00000000 0.00000000 -1.00000000
vn 0.72788761 -0.00000000 -0.68569645
vn 0.72788761 0.00000000 0.68569645
vn 0.00000000 0.00000000 1.00000000
vn 0.71390146 0.14200383 -0.68569645
vn 0.71390146 0.14200383 0.68569645
vn 0.67248047 0.27855053 -0.68569645
vn 0.67248047 0.27855053 0.68569645
vn 0.60521643 0.40439269 -0.68569645
vn 0.60521643 0.40439269 0.68569645
vn 0.51469427 0.51469427 -0.68569645
vn 0.51469427 0.51469427 0.68569645
vn 0.40439269 0.60521643 -0.68569645
vn 0.40439269 0.60521643 0.68569645
vn 0.27855053 0.67248047 -0.68569645
vn 0.27855053 0.67248047 0.68569645
vn 0.14200383 0.71390146 -0.68569645
vn 0.14200383 0.71390146 0.68569645
vn 0.00000000 0.72788761 -0.68569645
vn -0.00000000 0.72788761 0.68569645
vn -0.14200383 0.71390146 -0.68569645
vn -0.14200383 0.71390146 0.68569645
vn -0.27855053 0.67248047 -0.68569645
vn -0.27855053 0.67248047 0.68569645
vn -0.40439269 0.60521643 -0.68569645
vn -0.40439269 0.60521643 0.68569645
vn -0.51469427 0.51469427 -0.68569645
vn -0.51469427 0.51469427 0.68569645
vn -0.60521643 0.40439269 -0.68569645
vn -0.60521643 0.40439269 0.68569645
vn -0.67248047 0.27855053 -0.68569645
vn -0.67248047 0.27855053 0.68569645
vn -0.71390146 0.14200383 -0.68569645
vn -0.71390146 0.14200383 0.68569645
vn -0.72788761 0.00000000 -0.68569645
vn -0.72788761 -0.00000000 0.68569645
vn -0.71390146 -0.14200383 -0.68569645
vn -0.71390146 -0.14200383 0.68569645
vn -0.67248047 -0.27855053 -0.68569645
vn -0.67248047 -0.27855053 0.68569645
vn -0.60521643 -0.40439269 -0.68569645
vn -0.60521643 -0.40439269 0.68569645
vn -0.51469427 -0.51469427 -0.68569645
vn -0.51469427 -0.51469427 0.68569645
vn -0.40439269 -0.60521643 -0.68569645
vn -0.40439269 -0.60521643 0.68569645
vn -0.27855053 -0.67248047 -0.68569645
vn -0.27855053 -0.67248047 0.68569645
vn -0.14200383 -0.71390146 -0.68569645
vn -0.14200383 -0.71390146 0.68569645
vn 0.00000000 -0.72788761 -0.68569645
vn 0.00000000 -0.72788761 0.68569645
vn 0.14200383 -0.71390146 -0.68569645
vn 0.14200383 -0.71390146 0.68569645
vn 0.27855053 -0.67248047 -0.68569645
vn 0.27855053 -0.67248047 0.68569645
vn 0.40439269 -0.60521643 -0.68569645
vn 0.40439269 -0.60521643 0.68569645
vn 0.51469427 -0.51469427 -0.68569645
vn 0.51469427 -0.51469427 0.68569645
vn 0.60521643 -0.40439269 -0.68569645
vn 0.60521643 -0.40439269 0.68569645
vn 0.67248047 -0.27855053 -0.68569645
vn 0.67248047 -0.27855053 0.68569645
vn 0.71390146 -0.14200383 -0.68569645
vn 0.71390146 -0.14200383 0.68569645
f 2//2 1//1 5//5
f 2//2 5//5 3//3
f 3//3 5//5 6//6
f 3//3 6//6 4//4
f 5//5 1//1 7//7
f 5//5 7//7 6//6
f 6//6 7//7 8//8
f 6//6 8//8 4//4
f 7//7 1//1 9//9
f 7//7 9//9 8//8
f 8//8 9//9 10//10
f 8//8 10//10 4//4
f 9//9 1//1 11//11
f 9//9 11//11 10//10
f 10//10 11//11 12//12
f 10//10 12//12 4//4
f 11//11 1//1 13//13
f 11//11 13//13 12//12
f 12//12 13//13 14//14
f 12//12 14//14 4//4
f 13//13 1//1 15//15
f 13//13 15//15 14//14
f 14//14 15//15 16//16
f 14//14 16//16 4//4
f 15//15 1//1 17//17
f 15//15 17//17 16//16
f 16//16 17//17 18//18
f 16//16 18//18 4//4
f 17//17 1//1 19//19
f 17//17 19//19 18//18
f 18//18 19//19 20//20
f 18//18 20//20 4//4
f 19//19 1//1 21//21
f 19//19 21//21 20//20
f 20//20 21//21 22//22
f 20//20 22//22 4//4
f 21//21 1//1 23//23
f 21//21 23//23 22//22
f 22//22 23//23 24//24
f 22//22 24//24 4//4
f 23//23 1//1 25//25
f 23//23 25//25 24//24
f 24//24 25//25 26//26
f 24//24 26//26 4//4
f 25//25 1//1 27//27
f 25//25 27//27 26//26
f 26//26 27//27 28//28
f 26//26 28//28 4//4
f 27//27 1//1 29//29
f 27//27 29//29 28//28
f 28//28 29//29 30//30
f 28//28 30//30 4//4
f 29//29 1//1 31//31
f 29//29 31//31 30//30
f 30//30 31//31 32//32
f 30//30 32//32 4//4
f 31//31 1//1 33//33
f 31//31 33//33 32//32
f 32//32 33//33 34//34
f 32//32 34//34 4//4
f 33//33 1//1 35//35
f 33//33 35//35 34//34
f 34//34 35//35 36//36
f 34//34 36//36 4//4
f 35//35 1//1 37//37
f 35//35 37//37 36//36
f 36//36 37//37 38//38
f 36//36 38//38 4//4
f 37//37 1//1 39//39
f 37//37 39//39 38//38
f 38//38 39//39 40//40
f 38//38 40//40 4//4
f 39//39 1//1 41//41
f 39//39 41//41 40//40
f 40//40 41//41 42//42
f 40//40 42//42 4//4
f 41//41 1//1 43//43
f 41//41 43//43 42//42
f 42//42 43//43 44//44
f 42//42 44//44 4//4
f 43//43 1//1 45//45
f 43//43 45//45 44//44
f 44//44 45//45 46//46
f 44//44 46//46 4//4
f 45//45 1//1 47//47
f 45//45 47//47 46//46
f 46//46 47//47 48//48
f 46//46 48//48 4//4
f 47//47 1//1 49//49
f 47//47 49//49 48//48
f 48//48 49//49 50//50
f 48//48 50//50 4//4
f 49//49 1//1 2//2
f 49//49 2//2 50//50
f 50//50 2//2 3//3
f 50//50 3//3 4//4
f 52//52 51//51 55//55
f 52//52 55//55 53//53
f 53//53 55//55 56//56
f 53//53 56//56 54//54
f 55//55 51//51 57//57
f 55//55 57//57 56//56
f 56//56 57//57 58//58
f 56//56 58//58 54//54
f 57//57 51//51 59//59
f 57//57 59//59 58//58
f 58//58 59//59 60//60
f 58//58 60//60 54//54
f 59//59 51//51 61//61
f 59//59 61//61 60//60
f 60//60 61//61 62//62
f 60//60 62//62 54//54
f 61//61 51//51 63//63
f 61//61 63//63 62//62
f 62//62 63//63 64//64
f 62//62 64//64 54//54
f 63//63 51//51 65//65
f 63//63 65//65 64//64
f 64//64 65//65 66//66
f 64//64 66//66 54//54
f 65//65 51//51 67//67
f 65//65 67//67 66//66
f 66//66 67//67 68//68
f 66//66 68//68 54//54
f 67//67 51//51 69//69
f 67//67 69//69 68//68
f 68//68 69//69 70//70
f 68//68 70//70 54//54
f 69//69 51//51 71//71
f 69//69 71//71 70//70
f 70//70 71//71 72//72
f 70//70 72//72 54//54
f 71//71 51//51 73//73
f 71//71 73//73 72//72
f 72//72 73//73 74//74
f 72//72 74//74 54//54
f 73//73 51//51 75//75
f 73//73 75//75 74//74
f 74//74 75//75 76//76
f 74//74 76//76 54//54
f 75//75 51//51 77//77
f 75//75 77//77 76//76
f 76//76 77//77 78//78
f 76//76 78//78 54//54
f 77//77 51//51 79//79
f 77//77 79//79 78//78
f 78//78 79//79 80//80
f 78//78 80//80 54//54
f 79//79 51//51 81//81
f 79//79 81//81 80//80
f 80//80 81//81 82//82
f 80//80 82//82 54//54
f 81//81 51//51 83//83
f 81//81 83//83 82//82
f 82//82 83//83 84//84
f 82//82 84//84 54//54
f 83//83 51//51 85//85
f 83//83 85//85 84//84
f 84//84 85//85 86//86
f 84//84 86//86 54//54
f 85//85 51//51 87//87
f 85//85 87//87 86//86
f 86//86 87//87 88//88
f 86//86 88//88 54//54
f 87//87 51//51 89//89
f 87//87 89//89 88//88
f 88//88 89//89 90//90
f 88//88 90//90 54//54
f 89//89 51//51 91//91
f 89//89 91//91 90//90
f 90//90 91//91 92//92
f 90//90 92//92 54//54
f 91//91 51//51 93//93
f 91//91 93//93 92//92
f 92//92 93//93 94//94
f 92//92 94//94 54//54
f 93//93 51//51 95//95
f 93//93 95//95 94//94
f 94//94 95//95 96//96
f 94//94 96//96 54//54
f 95//95 51//51 97//97
f 95//95 97//97 96//96
f 96//96 97//97 98//98
f 96//96 98//98 54//54
f 97//97 51//51 99//99
f 97//97 99//99 98//98
f 98//98 99//99 100//100
f 98//98 100//100 54//54
f 99//99 51//51 52//52
f 99//99 52//52 100//100
f 100//100 52//52 53//53
f 100//100 53//53 54//54
f 102//102 101//101 105//105
f 102//102 105//105 103//103
f 103//103 105//105 106//106
f 103//103 106//106 104//104
f 105//105 101//101 107//107
f 105//105 107//107 106//106
f 106//106 107//107 108//108
f 106//106 108//108 104//104
f 107//107 101//101 109//109
f 107//107 109//109 108//108
f 108//108 109//109 110//110
f 108//108 110//110 104//104
f 109//109 101//101 111//111
f 109//109 111//111 110//110
f 110//110 111//111 112//112
f 110//110 112//112 104//104
f 111//111 101//101 113//113
f 111//111 113//113 112//112
f 112//112 113//113 114//114
f 112//112 114//114 104//104
f 113//113 101//101 115//115
f 113//113 115//115 114//114
f 114//114 115//115 116//116
f 114//114 116//116 104//104
f 115//115 101//101 117//117
f 115//115 117//117 116//116
f 116//116 117//117 118//118
f 116//116 118//118 104//104
f 117//117 101//101 119//119
f 117//117 119//119 118//118
f 118//118 119//119 120//120
f 118//118 120//120 104//104
f 119//119 101//101 121//121
f 119//119 121//121 120//120
f 120//120 121//121 122//122
f 120//120 122//122 104//104
f 121//121 101//101 123//123
f 121//121 123//123 122//122
f 122//122 123//123 124//124
f 122//122 124//124 104//104
f 123//123 101//101 125//125
f 123//123 125//125 124//124
f 124//124 125//125 126//126
f 124//124 126//126 104//104
f 125//125 101//101 127//127
f 125//125 127//127 126//126
f 126//126 127//127 128//128
f 126//126 128//128 104//104
f 127//127 101//101 129//129
f 127//127 129//129 128//128
f 128//128 129//129 130//130
f 128//128 130//130 104//104
f 129//129 101//101 131//131
f 129//129 131//131 130//130
f 130//130 131//131 132//132
f 130//130 132//132 104//104
f 131//131 101//101 133//133
f 131//131 133//133 132//132
f 132//132 133//133 134//134
f 132//132 134//134 104//104
f 133//133 101//101 135//135
f 133//133 135//135 134//134
f 134//134 135//135 136//136
f 134//134 136//136 104//104
f 135//135 101//101 137//137
f 135//135 137//137 136//136
f 136//136 137//137 138//138
f 136//136 138//138 104//104
f 137//137 101//101 139//139
f 137//137 139//139 138//138
f 138//138 139//139 140//140
f 138//138 140//140 104//104
f 139//139 101//101 141//141
f 139//139 141//141 140//140
f 140//140 141//141 142//142
f 140//140 142//142 104//104
f 141//141 101//101 143//143
f 141//141 143//143 142//142
f 142//142 143//143 144//144
f 142//142 144//144 104//104
f 143//143 101//101 145//145
f 143//143 145//145 144//144
f 144//144 145//145 146//146
f 144//144 146//146 104//104
f 145//145 101//101 147//147
f 145//145 147//147 146//146
f 146//146 147//147 148//148
f 146//146 148//148 104//104
f 147//147 101//101 149//149
f 147//147 149//149 148//148
f 148//148 149//149 150//150
f 148//148 150//150 104//104
f 149//149 101//101 102//102
f 149//149 102//102 150//150
f 150//150 102//102 103//103
f 150//150 103//103 104//104
f 152//152 151//151 155//155
f 152//152 155//155 153//153
f 153//153 155//155 156//156
f 153//153 156//156 154//154
f 155//155 151//151 157//157
f 155//155 157//157 156//156
f 156//156 157//157 158//158
f 156//156 158//158 154//154
f 157//157 151//151 159//159
f 157//157 159//159 158//158
f 158//158 159//159 160//160
f 158//158 160//160 154//154
f 159//159 151//151 161//161
f 159//159 161//161 160//160
f 160//160 161//161 162//162
f 160//160 162//162 154//154
f 161//161 151//151 163//163
f 161//161 163//163 162//162
f 162//162 163//163 164//164
f 162//162 164//164 154//154
f 163//163 151//151 165//165
f 163//163 165//165 164//164
f 164//164 165//165 166//166
f 164//164 166//166 154//154
f 165//165 151//151 167//167
f 165//165 167//167 166//166
f 166//166 167//167 168//168
f 166//166 168//168 154//154
f 167//167 151//151 169//169
f 167//167 169//169 168//168
f 168//168 169//169 170//170
f 168//168 170//170 154//154
f 169//169 151//151 171//171
f 169//169 171//171 170//170
f 170//170 171//171 172//172
f 170//170 172//172 154//154
f 171//171 151//151 173//173
f 171//171 173//173 172//172
f 172//172 173//173 174//174
f 172//172 174//174 154//154
f 173//173 151//151 175//175
f 173//173 175//175 174//174
f 174//174 175//175 176//176
f 174//174 176//176 154//154
f 175//175 151//151 177//177
f 175//175 177//177 176//176
f 176//176 177//177 178//178
f 176//176 178//178 154//154
f 177//177 151//151 179//179
f 177//177 179//179 178//178
f 178//178 179//179 180//180
f 178//178 180//180 154//154
f 179//179 151//151 181//181
f 179//179 181//181 180//180
f 180//180 181//181 182//182
f 180//180 182//182 154//154
f 181//181 151//151 183//183
f 181//181 183//183 182//182
f 182//182 183//183 184//184
f 182//182 184//184 154//154
f 183//183 151//151 185//185
f 183//183 185//185 184//184
f 184//184 185//185 186//186
f 184//184 186//186 154//154
f 185//185 151//151 187//187
f 185//185 187//187 186//186
f 186//186 187//187 188//188
f 186//186 188//188 154//154
f 187//187 151//151 189//189
f 187//187 189//189 188//188
f 188//188 189//189 190//190
f 188//188 190//190 154//154
f 189//189 151//151 191//191
f 189//189 191//191 190//190
f 190//190 191//191 192//192
f 190//190 192//192 154//154
f 191//191 151//151 193//193
f 191//191 193//193 192//192
f 192//192 193//193 194//194
f 192//192 194//194 154//154
f 193//193 151//151 195//195
f 193//193 195//195 194//194
f 194//194 195//195 196//196
f 194//194 196//196 154//154
f 195//195 151//151 197//197
f 195//195 197//197 196//196
f 196//196 197//197 198//198
f 196//196 198//198 154//154
f 197//197 151//151 199//199
f 197//197 199//199 198//198
f 198//198 199//199 200//200
f 198//198 200//200 154//154
f 199//199 151//151 152//152
f 199//199 152//152 200//200
f 200//200 152//152 153//153
f 200//200 153//153 154//154
f 202//202 201//201 205//205
f 202//202 205//205 203//203
f 203//203 205//205 206//206
f 203//203 206//206 204//204
f 205//205 201//201 207//207
f 205//205 207//207 206//206
f 206//206 207//207 208//208
f 206//206 208//208 204//204
f 207//207 201//201 209//209
f 207//207 209//209 208//208
f 208//208 209//209 210//210
f 208//208 210//210 204//204
f 209//209 201//201 211//211
f 209//209 211//211 210//210
f 210//210 211//211 212//212
f 210//210 212//212 204//204
f 211//211 201//201 213//213
f 211//211 213//213 212//212
f 212//212 213//213 214//214
f 212//212 214//214 204//204
f 213//213 201//201 215//215
f 213//213 215//215 214//214
f 214//214 215//215 216//216
f 214//214 216//216 204//204
f 215//215 201//201 217//217
f 215//215 217//217 216//216
f 216//216 217//217 218//218
f 216//216 218//218 204//204
f 217//217 201//201 219//219
f 217//217 219//219 218//218
f 218//218 219//219 220//220
f 218//218 220//220 204//204
f 219//219 201//201 221//221
f 219//219 221//221 220//220
f 220//220 221//221 222//222
f 220//220 222//222 204//204
f 221//221 201//201 223//223
f 221//221 223//223 222//222
f 222//222 223//223 224//224
f 222//222 224//224 204//204
f 223//223 201//201 225//225
f 223//223 225//225 224//224
f 224//224 225//225 226//226
f 224//224 226//226 204//204
f 225//225 201//201 227//227
f 225//225 227//227 226//226
f 226//226 227//227 228//228
f 226//226 228//228 204//204
f 227//227 201//201 229//229
f 227//227 229//229 228//228
f 228//228 229//229 230//230
f 228//228 230//230 204//204
f 229//229 201//201 231//231
f 229//229 231//231 230//230
f 230//230 231//231 232//232
f 230//230 232//232 204//204
f 231//231 201//201 233//233
f 231//231 233//233 232//232
f 232//232 233//233 234//234
f 232//232 234//234 204//204
f 233//233 201//201 235//235
f 233//233 235//235 234//234
f 234//234 235//235 236//236
f 234//234 236//236 204//204
f 235//235 201//201 237//237
f 235//235 237//237 236//236
f 236//236 237//237 238//238
f 236//236 238//238 204//204
f 237//237 201//201 239//239
f 237//237 239//239 238//238
f 238//238 239//239 240//240
f 238//238 240//240 204//204
f 239//239 201//201 241//241
f 239//239 241//241 240//240
f 240//240 241//241 242//242
f 240//240 242//242 204//204
f 241//241 201//201 243//243
f 241//241 243//243 242//242
f 242//242 243//243 244//244
f 242//242 244//244 204//204
f 243//243 201//201 245//245
f 243//243 245//245 244//244
f 244//244 245//245 246//246
f 244//244 246//246 204//204
f 245//245 201//201 247//247
f 245//245 247//247 246//246
f 246//246 247//247 248//248
f 246//246 248//248 204//204
f 247//247 201//201 249//249
f 247//247 249//249 248//248
f 248//248 249//249 250//250
f 248//248 250//250 204//204
f 249//249 201//201 251//251
f 249//249 251//251 250//250
f 250//250 251//251 252//252
f 250//250 252//252 204//204
f 251//251 201//201 253//253
f 251//251 253//253 252//252
f 252//252 253//253 254//254
f 252//252 254//254 204//204
f 253//253 201//201 255//255
f 253//253 255//255 254//254
f 254//254 255//255 256//256
f 254//254 256//256 204//204
f 255//255 201//201 257//257
f 255//255 257//257 256//256
f 256//256 257//257 258//258
f 256//256 258//258 204//204
f 257//257 201//201 259//259
f 257//257 259//259 258//258
f 258//258 259//259 260//260
f 258//258 260//260 204//204
f 259//259 201//201 261//261
f 259//259 261//261 260//260
f 260//260 261//261 262//262
f 260//260 262//262 204//204
f 261//261 201//201 263//263
f 261//261 263//263 262//262
f 262//262 263//263 264//264
f 262//262 264//264 204//204
f 263//263 201//201 265//265
f 263//263 265//265 264//264
f 264//264 265//265 266//266
f 264//264 266//266 204//204
f 265//265 201//201 202//202
f 265//265 202//202 266//266
f 266//266 202//202 203//203
f 266//266 203//203 204//204
f 268//268 267//267 271//271
f 268//268 271//271 269//269
f 269//269 271//271 272//272
f 269//269 272//272 270//270
f 271//271 267//267 273//273
f 271//271 273//273 272//272
f 272//272 273//273 274//274
f 272//272 274//274 270//270
f 273//273 267//267 275//275
f 273//273 275//275 274//274
f 274//274 275//275 276//276
f 274//274 276//276 270//270
f 275//275 267//267 277//277
f 275//275 277//277 276//276
f 276//276 277//277 278//278
f 276//276 278//278 270//270
f 277//277 267//267 279//279
f 277//277 279//279 278//278
f 278//278 279//279 280//280
f 278//278 280//280 270//270
f 279//279 267//267 281//281
f 279//279 281//281 280//280
f 280//280 281//281 282//282
f 280//280 282//282 270//270
f 281//281 267//267 283//283
f 281//281 283//283 282//282
f 282//282 283//283 284//284
f 282//282 284//284 270//270
f 283//283 267//267 285//285
f 283//283 285//285 284//284
f 284//284 285//285 286//286
f 284//284 286//286 270//270
f 285//285 267//267 287//287
f 285//285 287//287 286//286
f 286//286 287//287 288//288
f 286//286 288//288 270//270
f 287//287 267//267 289//289
f 287//287 289//289 288//288
f 288//288 289//289 290//290
f 288//288 290//290 270//270
f 289//289 267//267 291//291
f 289//289 291//291 290//290
f 290//290 291//291 292//292
f 290//290 292//292 270//270
f 291//291 267//267 293//293
f 291//291 293//293 292//292
f 292//292 293//293 294//294
f 292//292 294//294 270//270
f 293//293 267//267 295//295
f 293//293 295//295 294//294
f 294//294 295//295 296//296
f 294//294 296//296 270//270
f 295//295 267//267 297//297
f 295//295 297//297 296//296
f 296//296 297//297 298//298
f 296//296 298//298 270//270
f 297//297 267//267 299//299
f 297//297 299//299 298//298
f 298//298 299//299 300//300
f 298//298 300//300 270//270
f 299//299 267//267 301//301
f 299//299 301//301 300//300
f 300//300 301//301 302//302
f 300//300 302//302 270//270
f 301//301 267//267 303//303
f 301//301 303//303 302//302
f 302//302 303//303 304//304
f 302//302 304//304 270//270
f 303//303 267//267 305//305
f 303//303 305//305 304//304
f 304//304 305//305 306//306
f 304//304 306//306 270//270
f 305//305 267//267 307//307
f 305//305 307//307 306//306
f 306//306 307//307 308//308
f 306//306 308//308 270//270
f 307//307 267//267 309//309
f 307//307 309//309 308//308
f 308//308 309//309 310//310
f 308//308 310//310 270//270
f 309//309 267//267 311//311
f 309//309 311//311 310//310
f 310//310 311//311 312//312
f 310//310 312//312 270//270
f 311//311 267//267 313//313
f 311//311 313//313 312//312
f 312//312 313//313 314//314
f 312//312 314//314 270//270
f 313//313 267//267 315//315
f 313//313 315//315 314//314
f 314//314 315//315 316//316
f 314//314 316//316 270//270
f 315//315 267//267 317//317
f 315//315 317//317 316//316
f 316//316 317//317 318//318
f 316//316 318//318 270//270
f 317//317 267//267 319//319
f 317//317 319//319 318//318
f 318//318 319//319 320//320
f 318//318 320//320 270//270
f 319//319 267//267 321//321
f 319//319 321//321 320//320
f 320//320 321//321 322//322
f 320//320 322//322 270//270
f 321//321 267//267 323//323
f 321//321 323//323 322//322
f 322//322 323//323 324//324
f 322//322 324//324 270//270
f 323//323 267//267 325//325
f 323//323 325//325 324//324
f 324//324 325//325 326//326
f 324//324 326//326 270//270
f 325//325 267//267 327//327
f 325//325 327//327 326//326
f 326//326 327//327 328//328
f 326//326 328//328 270//270
f 327//327 267//267 329//329
f 327//327 329//329 328//328
f 328//328 329//329 330//330
f 328//328 330//330 270//270
f 329//329 267//267 331//331
f 329//329 331//331 330//330
f 330//330 331//331 332//332
f 330//330 332//332 270//270
f 331//331 267//267 268//268
f 331//331 268//268 332//332
f 332//332 268//268 269//269
f 332//332 269//269 270//270
f 334//334 333//333 337//337
f 334//334 337//337 335//335
f 335//335 337//337 338//338
f 335//335 338//338 336//336
f 337//337 333//333 339//339
f 337//337 339//339 338//338
f 338//338 339//339 340//340
f 338//338 340//340 336//336
f 339//339 333//333 341//341
f 339//339 341//341 340//340
f 340//340 341//341 342//342
f 340//340 342//342 336//336
f 341//341 333//333 343//343
f 341//341 343//343 342//342
f 342//342 343//343 344//344
f 342//342 344//344 336//336
f 343//343 333//333 345//345
f 343//343 345//345 344//344
f 344//344 345//345 346//346
f 344//344 346//346 336//336
f 345//345 333//333 347//347
f 345//345 347//347 346//346
f 346//346 347//347 348//348
f 346//346 348//348 336//336
f 347//347 333//333 349//349
f 347//347 349//349 348//348
f 348//348 349//349 350//350
f 348//348 350//350 336//336
f 349//349 333//333 351//351
f 349//349 351//351 350//350
f 350//350 351//351 352//352
f 350//350 352//352 336//336
f 351//351 333//333 353//353
f 351//351 353//353 352//352
f 352//352 353//353 354//354
f 352//352 354//354 336//336
f 353//353 333//333 355//355
f 353//353 355//355 354//354
f 354//354 355//355 356//356
f 354//354 356//356 336//336
f 355//355 333//333 357//357
f 355//355 357//357 356//356
f 356//356 357//357 358//358
f 356//356 358//358 336//336
f 357//357 333//333 359//359
f 357//357 359//359 358//358
f 358//358 359//359 360//360
f 358//358 360//360 336//336
f 359//359 333//333 361//361
f 359//359 361//361 360//360
f 360//360 361//361 362//362
f 360//360 362//362 336//336
f 361//361 333//333 363//363
f 361//361 363//363 362//362
f 362//362 363//363 364//364
f 362//362 364//364 336//336
f 363//363 333//333 365//365
f 363//363 365//365 364//364
f 364//364 365//365 366//366
f 364//364 366//366 336//336
f 365//365 333//333 367//367
f 365//365 367//367 366//366
f 366//366 367//367 368//368
f 366//366 368//368 336//336
f 367//367 333//333 369//369
f 367//367 369//369 368//368
f 368//368 369//369 370//370
f 368//368 370//370 336//336
f 369//369 333//333 371//371
f 369//369 371//371 370//370
f 370//370 371//371 372//372
f 370//370 372//372 336//336
f 371//371 333//333 373//373
f 371//371 373//373 372//372
f 372//372 373//373 374//374
f 372//372 374//374 336//336
f 373//373 333//333 375//375
f 373//373 375//375 374//374
f 374//374 375//375 376//376
f 374//374 376//376 336//336
f 375//375 333//333 377//377
f 375//375 377//377 376//376
f 376//376 377//377 378//378
f 376//376 378//378 336//336
f 377//377 333//333 379//379
f 377//377 379//379 378//378
f 378//378 379//379 380//380
f 378//378 380//380 336//336
f 379//379 333//333 381//381
f 379//379 381//381 380//380
f 380//380 381//381 382//382
f 380//380 382//382 336//336
f 381//381 333//333 383//383
f 381//381 383//383 382//382
f 382//382 383//383 384//384
f 382//382 384//384 336//336
f 383//383 333//333 385//385
f 383//383 385//385 384//384
f 384//384 385//385 386//386
f 384//384 386//386 336//336
f 385//385 333//333 387//387
f 385//385 387//387 386//386
f 386//386 387//387 388//388
f 386//386 388//388 336//336
f 387//387 333//333 389//389
f 387//387 389//389 388//388
f 388//388 389//389 390//390
f 388//388 390//390 336//336
f 389//389 333//333 391//391
f 389//389 391//391 390//390
f 390//390 391//391 392//392
f 390//390 392//392 336//336
f 391//391 333//333 393//393
f 391//391 393//393 392//392
f 392//392 393//393 394//394
f 392//392 394//394 336//336
f 393//393 333//333 395//395
f 393//393 395//395 394//394
f 394//394 395//395 396//396
f 394//394 396//396 336//336
f 395//395 333//333 397//397
f 395//395 397//397 396//396
f 396//396 397//397 398//398
f 396//396 398//398 336//336
f 397//397 333//333 334//334
f 397//397 334//334 398//398
f 398//398 334//334 335//335
f 398//398 335//335 336//336
f 400//400 399//399 403//403
f 400//400 403//403 401//401
f 401//401 403//403 404//404
f 401//401 404//404 402//402
f 403//403 399//399 405//405
f 403//403 405//405 404//404
f 404//404 405//405 406//406
f 404//404 406//406 402//402
f 405//405 399//399 407//407
f 405//405 407//407 406//406
f 406//406 407//407 408//408
f 406//406 408//408 402//402
f 407//407 399//399 409//409
f 407//407 409//409 408//408
f 408//408 409//409 410//410
f 408//408 410//410 402//402
f 409//409 399//399 411//411
f 409//409 411//411 410//410
f 410//410 411//411 412//412
f 410//410 412//412 402//402
f 411//411 399//399 413//413
f 411//411 413//413 412//412
f 412//412 413//413 414//414
f 412//412 414//414 402//402
f 413//413 399//399 415//415
f 413//413 415//415 414//414
f 414//414 415//415 416//416
f 414//414 416//416 402//402
f 415//415 399//399 417//417
f 415//415 417//417 416//416
f 416//416 417//417 418//418
f 416//416 418//418 402//402
f 417//417 399//399 419//419
f 417//417 419//419 418//418
f 418//418 419//419 420//420
f 418//418 420//420 402//402
f 419//419 399//399 421//421
f 419//419 421//421 420//420
f 420//420 421//421 422//422
f 420//420 422//422 402//402
f 421//421 399//399 423//423
f 421//421 423//423 422//422
f 422//422 423//423 424//424
f 422//422 424//424 402//402
f 423//423 399//399 425//425
f 423//423 425//425 424//424
f 424//424 425//425 426//426
f 424//424 426//426 402//402
f 425//425 399//399 427//427
f 425//425 427//427 426//426
f 426//426 427//427 428//428
f 426//426 428//428 402//402
f 427//427 399//399 429//429
f 427//427 429//429 428//428
f 428//428 429//429 430//430
f 428//428 430//430 402//402
f 429//429 399//399 431//431
f 429//429 431//431 430//430
f 430//430 431//431 432//432
f 430//430 432//432 402//402
f 431//431 399//399 433//433
f 431//431 433//433 432//432
f 432//432 433//433 434//434
f 432//432 434//434 402//402
f 433//433 399//399 435//435
f 433//433 435//435 434//434
f 434//434 435//435 436//436
f 434//434 436//436 402//402
f 435//435 399//399 437//437
f 435//435 437//437 436//436
f 436//436 437//437 438//438
f 436//436 438//438 402//402
f 437//437 399//399 439//439
f 437//437 439//439 438//438
f 438//438 439//439 440//440
f 438//438 440//440 402//402
f 439//439 399//399 441//441
f 439//439 441//441 440//440
f 440//440 441//441 442//442
f 440//440 442//442 402//402
f 441//441 399//399 443//443
f 441//441 443//443 442//442
f 442//442 443//443 444//444
f 442//442 444//444 402//402
f 443//443 399//399 445//445
f 443//443 445//445 444//444
f 444//444 445//445 446//446
f 444//444 446//446 402//402
f 445//445 399//399 447//447
f 445//445 447//447 446//446
f 446//446 447//447 448//448
f 446//446 448//448 402//402
f 447//447 399//399 449//449
f 447//447 449//449 448//448
f 448//448 449//449 450//450
f 448//448 450//450 402//402
f 449//449 399//399 451//451
f 449//449 451//451 450//450
f 450//450 451//451 452//452
f 450//450 452//452 402//402
f 451//451 399//399 453//453
f 451//451 453//453 452//452
f 452//452 453//453 454//454
f 452//452 454//454 402//402
f 453//453 399//399 455//455
f 453//453 455//455 454//454
f 454//454 455//455 456//456
f 454//454 456//456 402//402
f 455//455 399//399 457//457
f 455//455 457//457 456//456
f 456//456 457//457 458//458
f 456//456 458//458 402//402
f 457//457 399//399 459//459
f 457//457 459//459 458//458
f 458//458 459//459 460//460
f 458//458 460//460 402//402
f 459//459 399//399 461//461
f 459//459 461//461 460//460
f 460//460 461//461 462//462
f 460//460 462//462 402//402
f 461//461 399//399 463//463
f 461//461 463//463 462//462
f 462//462 463//463 464//464
f 462//462 464//464 402//402
f 463//463 399//399 400//400
f 463//463 400//400 464//464
f 464//464 400//400 401//401
f 464//464 401//401 402//402
f 466//466 465//465 469//469
f 466//466 469//469 467//467
f 467//467 469//469 470//470
f 467//467 470//470 468//468
f 469//469 465//465 471//471
f 469//469 471//471 470//470
f 470//470 471//471 472//472
f 470//470 472//472 468//468
f 471//471 465//465 473//473
f 471//471 473//473 472//472
f 472//472 473//473 474//474
f 472//472 474//474 468//468
f 473//473 465//465 475//475
f 473//473 475//475 474//474
f 474//474 475//475 476//476
f 474//474 476//476 468//468
f 475//475 465//465 477//477
f 475//475 477//477 476//476
f 476//476 477//477 478//478
f 476//476 478//478 468//468
f 477//477 465//465 479//479
f 477//477 479//479 478//478
f 478//478 479//479 480//480
f 478//478 480//480 468//468
f 479//479 465//465 481//481
f 479//479 481//481 480//480
f 480//480 481//481 482//482
f 480//480 482//482 468//468
f 481//481 465//465 483//483
f 481//481 483//483 482//482
f 482//482 483//483 484//484
f 482//482 484//484 468//468
f 483//483 465//465 485//485
f 483//483 485//485 484//484
f 484//484 485//485 486//486
f 484//484 486//486 468//468
f 485//485 465//465 487//487
f 485//485 487//487 486//486
f 486//486 487//487 488//488
f 486//486 488//488 468//468
f 487//487 465//465 489//489
f 487//487 489//489 488//488
f 488//488 489//489 490//490
f 488//488 490//490 468//468
f 489//489 465//465 491//491
f 489//489 491//491 490//490
f 490//490 491//491 492//492
f 490//490 492//492 468//468
f 491//491 465//465 493//493
f 491//491 493//493 492//492
f 492//492 493//493 494//494
f 492//492 494//494 468//468
f 493//493 465//465 495//495
f 493//493 495//495 494//494
f 494//494 495//495 496//496
f 494//494 496//496 468//468
f 495//495 465//465 497//497
f 495//495 497//497 496//496
f 496//496 497//497 498//498
f 496//496 498//498 468//468
f 497//497 465//465 499//499
f 497//497 499//499 498//498
f 498//498 499//499 500//500
f 498//498 500//500 468//468
f 499//499 465//465 501//501
f 499//499 501//501 500//500
f 500//500 501//501 502//502
f 500//500 502//502 468//468
f 501//501 465//465 503//503
f 501//501 503//503 502//502
f 502//502 503//503 504//504
f 502//502 504//504 468//468
f 503//503 465//465 505//505
f 503//503 505//505 504//504
f 504//504 505//505 506//506
f 504//504 506//506 468//468
f 505//505 465//465 507//507
f 505//505 507//507 506//506
f 506//506 507//507 508//508
f 506//506 508//508 468//468
f 507//507 465//465 509//509
f 507//507 509//509 508//508
f 508//508 509//509 510//510
f 508//508 510//510 468//468
f 509//509 465//465 511//511
f 509//509 511//511 510//510
f 510//510 511//511 512//512
f 510//510 512//512 468//468
f 511//511 465//465 513//513
f 511//511 513//513 512//512
f 512//512 513//513 514//514
f 512//512 514//514 468//468
f 513//513 465//465 515//515
f 513//513 515//515 514//514
f 514//514 515//515 516//516
f 514//514 516//516 468//468
f 515//515 465//465 517//517
f 515//515 517//517 516//516
f 516//516 517//517 518//518
f 516//516 518//518 468//468
f 517//517 465//465 519//519
f 517//517 519//519 518//518
f 518//518 519//519 520//520
f 518//518 520//520 468//468
f 519//519 465//465 521//521
f 519//519 521//521 520//520
f 520//520 521//521 522//522
f 520//520 522//522 468//468
f 521//521 465//465 523//523
f 521//521 523//523 522//522
f 522//522 523//523 524//524
f 522//522 524//524 468//468
f 523//523 465//465 525//525
f 523//523 525//525 524//524
f 524//524 525//525 526//526
f 524//524 526//526 468//468
f 525//525 465//465 527//527
f 525//525 527//527 526//526
f 526//526 527//527 528//528
f 526//526 528//528 468//468
f 527//527 465//465 529//529
f 527//527 529//529 528//528
f 528//528 529//529 530//530
f 528//528 530//530 468//468
f 529//529 465//465 466//466
f 529//529 466//466 530//530
f 530//530 466//466 467//467
f 530//530 467//467 468//468
f 532//532 531//531 535//535
f 532//532 535//535 533//533
f 533//533 535//535 536//536
f 533//533 536//536 534//534
f 535//535 531//531 537//537
f 535//535 537//537 536//536
f 536//536 537//537 538//538
f 536//536 538//538 534//534
f 537//537 531//531 539//539
f 537//537 539//539 538//538
f 538//538 539//539 540//540
f 538//538 540//540 534//534
f 539//539 531//531 541//541
f 539//539 541//541 540//540
f 540//540 541//541 542//542
f 540//540 542//542 534//534
f 541//541 531//531 543//543
f 541//541 543//543 542//542
f 542//542 543//543 544//544
f 542//542 544//544 534//534
f 543//543 531//531 545//545
f 543//543 545//545 544//544
f 544//544 545//545 546//546
f 544//544 546//546 534//534
f 545//545 531//531 547//547
f 545//545 547//547 546//546
f 546//546 547//547 548//548
f 546//546 548//548 534//534
f 547//547 531//531 549//549
f 547//547 549//549 548//548
f 548//548 549//549 550//550
f 548//548 550//550 534//534
f 549//549 531//531 551//551
f 549//549 551//551 550//550
f 550//550 551//551 552//552
f 550//550 552//552 534//534
f 551//551 531//531 553//553
f 551//551 553//553 552//552
f 552//552 553//553 554//554
f 552//552 554//554 534//534
f 553//553 531//531 555//555
f 553//553 555//555 554//554
f 554//554 555//555 556//556
f 554//554 556//556 534//534
f 555//555 531//531 557//557
f 555//555 557//557 556//556
f 556//556 557//557 558//558
f 556//556 558//558 534//534
f 557//557 531//531 559//559
f 557//557 559//559 558//558
f 558//558 559//559 560//560
f 558//558 560//560 534//534
f 559//559 531//531 561//561
f 559//559 561//561 560//560
f 560//560 561//561 562//562
f 560//560 562//562 534//534
f 561//561 531//531 563//563
f 561//561 563//563 562//562
f 562//562 563//563 564//564
f 562//562 564//564 534//534
f 563//563 531//531 565//565
f 563//563 565//565 564//564
f 564//564 565//565 566//566
f 564//564 566//566 534//534
f 565//565 531//531 567//567
f 565//565 567//567 566//566
f 566//566 567//567 568//568
f 566//566 568//568 534//534
f 567//567 531//531 569//569
f 567//567 569//569 568//568
f 568//568 569//569 570//570
f 568//568 570//570 534//534
f 569//569 531//531 571//571
f 569//569 571//571 570//570
f 570//570 571//571 572//572
f 570//570 572//572 534//534
f 571//571 531//531 573//573
f 571//571 573//573 572//572
f 572//572 573//573 574//574
f 572//572 574//574 534//534
f 573//573 531//531 575//575
f 573//573 575//575 574//574
f 574//574 575//575 576//576
f 574//574 576//576 534//534
f 575//575 531//531 577//577
f 575//575 577//577 576//576
f 576//576 577//577 578//578
f 576//576 578//578 534//534
f 577//577 531//531 579//579
f 577//577 579//579 578//578
f 578//578 579//579 580//580
f 578//578 580//580 534//534
f 579//579 531//531 581//581
f 579//579 581//581 580//580
f 580//580 581//581 582//582
f 580//580 582//582 534//534
f 581//581 531//531 583//583
f 581//581 583//583 582//582
f 582//582 583//583 584//584
f 582//582 584//584 534//534
f 583//583 531//531 585//585
f 583//583 585//585 584//584
f 584//584 585//585 586//586
f 584//584 586//586 534//534
f 585//585 531//531 587//587
f 585//585 587//587 586//586
f 586//586 587//587 588//588
f 586//586 588//588 534//534
f 587//587 531//531 589//589
f 587//587 589//589 588//588
f 588//588 589//589 590//590
f 588//588 590//590 534//534
f 589//589 531//531 591//591
f 589//589 591//591 590//590
f 590//590 591//591 592//592
f 590//590 592//592 534//534
f 591//591 531//531 593//593
f 591//591 593//593 592//592
f 592//592 593//593 594//594
f 592//592 594//594 534//534
f 593//593 531//531 595//595
f 593//593 595//595 594//594
f 594//594 595//595 596//596
f 594//594 596//596 534//534
f 595//595 531//531 532//532
f 595//595 532//532 596//596
f 596//596 532//532 533//533
f 596//596 533//533 534//534
f 598//598 597//597 601//601
f 598//598 601//601 599//599
f 599//599 601//601 602//602
f 599//599 602//602 600//600
f 601//601 597//597 603//603
f 601//601 603//603 602//602
f 602//602 603//603 604//604
f 602//602 604//604 600//600
f 603//603 597//597 605//605
f 603//603 605//605 604//604
f 604//604 605//605 606//606
f 604//604 606//606 600//600
f 605//605 597//597 607//607
f 605//605 607//607 606//606
f 606//606 607//607 608//608
f 606//606 608//608 600//600
f 607//607 597//597 609//609
f 607//607 609//609 608//608
f 608//608 609//609 610//610
f 608//608 610//610 600//600
f 609//609 597//597 611//611
f 609//609 611//611 610//610
f 610//610 611//611 612//612
f 610//610 612//612 600//600
f 611//611 597//597 613//613
f 611//611 613//613 612//612
f 612//612 613//613 614//614
f 612//612 614//614 600//600
f 613//613 597//597 615//615
f 613//613 615//615 614//614
f 614//614 615//615 616//616
f 614//614 616//616 600//600
f 615//615 597//597 617//617
f 615//615 617//617 616//616
f 616//616 617//617 618//618
f 616//616 618//618 600//600
f 617//617 597//597 619//619
f 617//617 619//619 618//618
f 618//618 619//619 620//620
f 618//618 620//620 600//600
f 619//619 597//597 621//621
f 619//619 621//621 620//620
f 620//620 621//621 622//622
f 620//620 622//622 600//600
f 621//621 597//597 623//623
f 621//621 623//623 622//622
f 622//622 623//623 624//624
f 622//622 624//624 600//600
f 623//623 597//597 625//625
f 623//623 625//625 624//624
f 624//624 625//625 626//626
f 624//624 626//626 600//600
f 625//625 597//597 627//627
f 625//625 627//627 626//626
f 626//626 627//627 628//628
f 626//626 628//628 600//600
f 627//627 597//597 629//629
f 627//627 629//629 628//628
f 628//628 629//629 630//630
f 628//628 630//630 600//600
f 629//629 597//597 631//631
f 629//629 631//631 630//630
f 630//630 631//631 632//632
f 630//630 632//632 600//600
f 631//631 597//597 633//633
f 631//631 633//633 632//632
f 632//632 633//633 634//634
f 632//632 634//634 600//600
f 633//633 597//597 635//635
f 633//633 635//635 634//634
f 634//634 635//635 636//636
f 634//634 636//636 600//600
f 635//635 597//597 637//637
f 635//635 637//637 636//636
f 636//636 637//637 638//638
f 636//636 638//638 600//600
f 637//637 597//597 639//639
f 637//637 639//639 638//638
f 638//638 639//639 640//640
f 638//638 640//640 600//600
f 639//639 597//597 641//641
f 639//639 641//641 640//640
f 640//640 641//641 642//642
f 640//640 642//642 600//600
f 641//641 597//597 643//643
f 641//641 643//643 642//642
f 642//642 643//643 644//644
f 642//642 644//644 600//600
f 643//643 597//597 645//645
f 643//643 645//645 644//644
f 644//644 645//645 646//646
f 644//644 646//646 600//600
f 645//645 597//597 647//647
f 645//645 647//647 646//646
f 646//646 647//647 648//648
f 646//646 648//648 600//600
f 647//647 597//597 649//649
f 647//647 649//649 648//648
f 648//648 649//649 650//650
f 648//648 650//650 600//600
f 649//649 597//597 651//651
f 649//649 651//651 650//650
f 650//650 651//651 652//652
f 650//650 652//652 600//600
f 651//651 597//597 653//653
f 651//651 653//653 652//652
f 652//652 653//653 654//654
f 652//652 654//654 600//600
f 653//653 597//597 655//655
f 653//653 655//655 654//654
f 654//654 655//655 656//656
f 654//654 656//656 600//600
f 655//655 597//597 657//657
f 655//655 657//657 656//656
f 656//656 657//657 658//658
f 656//656 658//658 600//600
f 657//657 597//597 659//659
f 657//657 659//659 658//658
f 658//658 659//659 660//660
f 658//658 660//660 600//600
f 659//659 597//597 661//661
f 659//659 661//661 660//660
f 660//660 661//661 662//662
f 660//660 662//662 600//600
f 661//661 597//597 598//598
f 661//661 598//598 662//662
f 662//662 598//598 599//599
f 662//662 599//599 600//600
f 664//664 663//663 667//667
f 664//664 667//667 665//665
f 665//665 667//667 668//668
f 665//665 668//668 666//666
f 667//667 663//663 669//669
f 667//667 669//669 668//668
f 668//668 669//669 670//670
f 668//668 670//670 666//666
f 669//669 663//663 671//671
f 669//669 671//671 670//670
f 670//670 671//671 672//672
f 670//670 672//672 666//666
f 671//671 663//663 673//673
f 671//671 673//673 672//672
f 672//672 673//673 674//674
f 672//672 674//674 666//666
f 673//673 663//663 675//675
f 673//673 675//675 674//674
f 674//674 675//675 676//676
f 674//674 676//676 666//666
f 675//675 663//663 677//677
f 675//675 677//677 676//676
f 676//676 677//677 678//678
f 676//676 678//678 666//666
f 677//677 663//663 679//679
f 677//677 679//679 678//678
f 678//678 679//679 680//680
f 678//678 680//680 666//666
f 679//679 663//663 681//681
f 679//679 681//681 680//680
f 680//680 681//681 682//682
f 680//680 682//682 666//666
f 681//681 663//663 683//683
f 681//681 683//683 682//682
f 682//682 683//683 684//684
f 682//682 684//684 666//666
f 683//683 663//663 685//685
f 683//683 685//685 684//684
f 684//684 685//685 686//686
f 684//684 686//686 666//666
f 685//685 663//663 687//687
f 685//685 687//687 686//686
f 686//686 687//687 688//688
f 686//686 688//688 666//666
f 687//687 663//663 689//689
f 687//687 689//689 688//688
f 688//688 689//689 690//690
f 688//688 690//690 666//666
f 689//689 663//663 691//691
f 689//689 691//691 690//690
f 690//690 691//691 692//692
f 690//690 692//692 666//666
f 691//691 663//663 693//693
f 691//691 693//693 692//692
f 692//692 693//693 694//694
f 692//692 694//694 666//666
f 693//693 663//663 695//695
f 693//693 695//695 694//694
f 694//694 695//695 696//696
f 694//694 696//696 666//666
f 695//695 663//663 697//697
f 695//695 697//697 696//696
f 696//696 697//697 698//698
f 696//696 698//698 666//666
f 697//697 663//663 699//699
f 697//697 699//699 698//698
f 698//698 699//699 700//700
f 698//698 700//700 666//666
f 699//699 663//663 701//701
f 699//699 701//701 700//700
f 700//700 701//701 702//702
f 700//700 702//702 666//666
f 701//701 663//663 703//703
f 701//701 703//703 702//702
f 702//702 703//703 704//704
f 702//702 704//704 666//666
f 703//703 663//663 705//705
f 703//703 705//705 704//704
f 704//704 705//705 706//706
f 704//704 706//706 666//666
f 705//705 663//663 707//707
f 705//705 707//707 706//706
f 706//706 707//707 708//708
f 706//706 708//708 666//666
f 707//707 663//663 709//709
f 707//707 709//709 708//708
f 708//708 709//709 710//710
f 708//708 710//710 666//666
f 709//709 663//663 711//711
f 709//709 711//711 710//710
f 710//710 711//711 712//712
f 710//710 712//712 666//666
f 711//711 663//663 713//713
f 711//711 713//713 712//712
f 712//712 713//713 714//714
f 712//712 714//714 666//666
f 713//713 663//663 715//715
f 713//713 715//715 714//714
f 714//714 715//715 716//716
f 714//714 716//716 666//666
f 715//715 663//663 717//717
f 715//715 717//717 716//716
f 716//716 717//717 718//718
f 716//716 718//718 666//666
f 717//717 663//663 719//719
f 717//717 719//719 718//718
f 718//718 719//719 720//720
f 718//718 720//720 666//666
f 719//719 663//663 721//721
f 719//719 721//721 720//720
f 720//720 721//721 722//722
f 720//720 722//722 666//666
f 721//721 663//663 723//723
f 721//721 723//723 722//722
f 722//722 723//723 724//724
f 722//722 724//724 666//666
f 723//723 663//663 725//725
f 723//723 725//725 724//724
f 724//724 725//725 726//726
f 724//724 726//726 666//666
f 725//725 663//663 727//727
f 725//725 727//727 726//726
f 726//726 727//727 728//728
f 726//726 728//728 666//666
f 727//727 663//663 664//664
f 727//727 664//664 728//728
f 728//728 664//664 665//665
f 728//728 665//665 666//666
f 730//730 729//729 733//733
f 730//730 733//733 731//731
f 731//731 733//733 734//734
f 731//731 734//734 732//732
f 733//733 729//729 735//735
f 733//733 735//735 734//734
f 734//734 735//735 736//736
f 734//734 736//736 732//732
f 735//735 729//729 737//737
f 735//735 737//737 736//736
f 736//736 737//737 738//738
f 736//736 738//738 732//732
f 737//737 729//729 739//739
f 737//737 739//739 738//738
f 738//738 739//739 740//740
f 738//738 740//740 732//732
f 739//739 729//729 741//741
f 739//739 741//741 740//740
f 740//740 741//741 742//742
f 740//740 742//742 732//732
f 741//741 729//729 743//743
f 741//741 743//743 742//742
f 742//742 743//743 744//744
f 742//742 744//744 732//732
f 743//743 729//729 745//745
f 743//743 745//745 744//744
f 744//744 745//745 746//746
f 744//744 746//746 732//732
f 745//745 729//729 747//747
f 745//745 747//747 746//746
f 746//746 747//747 748//748
f 746//746 748//748 732//732
f 747//747 729//729 749//749
f 747//747 749//749 748//748
f 748//748 749//749 750//750
f 748//748 750//750 732//732
f 749//749 729//729 751//751
f 749//749 751//751 750//750
f 750//750 751//751 752//752
f 750//750 752//752 732//732
f 751//751 729//729 753//753
f 751//751 753//753 752//752
f 752//752 753//753 754//754
f 752//752 754//754 732//732
f 753//753 729//729 755//755
f 753//753 755//755 754//754
f 754//754 755//755 756//756
f 754//754 756//756 732//732
f 755//755 729//729 757//757
f 755//755 757//757 756//756
f 756//756 757//757 758//758
f 756//756 758//758 732//732
f 757//757 729//729 759//759
f 757//757 759//759 758//758
f 758//758 759//759 760//760
f 758//758 760//760 732//732
f 759//759 729//729 761//761
f 759//759 761//761 760//760
f 760//760 761//761 762//762
f 760//760 762//762 732//732
f 761//761 729//729 763//763
f 761//761 763//763 762//762
f 762//762 763//763 764//764
f 762//762 764//764 732//732
f 763//763 729//729 765//765
f 763//763 765//765 764//764
f 764//764 765//765 766//766
f 764//764 766//766 732//732
f 765//765 729//729 767//767
f 765//765 767//767 766//766
f 766//766 767//767 768//768
f 766//766 768//768 732//732
f 767//767 729//729 769//769
f 767//767 769//769 768//768
f 768//768 769//769 770//770
f 768//768 770//770 732//732
f 769//769 729//729 771//771
f 769//769 771//771 770//770
f 770//770 771//771 772//772
f 770//770 772//772 732//732
f 771//771 729//729 773//773
f 771//771 773//773 772//772
f 772//772 773//773 774//774
f 772//772 774//774 732//732
f 773//773 729//729 775//775
f 773//773 775//775 774//774
f 774//774 775//775 776//776
f 774//774 776//776 732//732
f 775//775 729//729 777//777
f 775//775 777//777 776//776
f 776//776 777//777 778//778
f 776//776 778//778 732//732
f 777//777 729//729 779//779
f 777//777 779//779 778//778
f 778//778 779//779 780//780
f 778//778 780//780 732//732
f 779//779 729//729 781//781
f 779//779 781//781 780//780
f 780//780 781//781 782//782
f 780//780 782//782 732//732
f 781//781 729//729 783//783
f 781//781 783//783 782//782
f 782//782 783//783 784//784
f 782//782 784//784 732//732
f 783//783 729//729 785//785
f 783//783 785//785 784//784
f 784//784 785//785 786//786
f 784//784 786//786 732//732
f 785//785 729//729 787//787
f 785//785 787//787 786//786
f 786//786 787//787 788//788
f 786//786 788//788 732//732
f 787//787 729//729 789//789
f 787//787 789//789 788//788
f 788//788 789//789 790//790
f 788//788 790//790 732//732
f 789//789 729//729 791//791
f 789//789 791//791 790//790
f 790//790 791//791 792//792
f 790//790 792//792 732//732
f 791//791 729//729 793//793
f 791//791 793//793 792//792
f 792//792 793//793 794//794
f 792//792 794//794 732//732
f 793//793 729//729 795//795
f 793//793 795//795 794//794
f 794//794 795//795 796//796
f 794//794 796//796 732//732
f 795//795 729//729 797//797
f 795//795 797//797 796//796
f 796//796 797//797 798//798
f 796//796 798//798 732//732
f 797//797 729//729 799//799
f 797//797 799//799 798//798
f 798//798 799//799 800//800
f 798//798 800//800 732//732
f 799//799 729//729 801//801
f 799//799 801//801 800//800
f 800//800 801//801 802//802
f 800//800 802//802 732//732
f 801//801 729//729 803//803
f 801//801 803//803 802//802
f 802//802 803//803 804//804
f 802//802 804//804 732//732
f 803//803 729//729 805//805
f 803//803 805//805 804//804
f 804//804 805//805 806//806
f 804//804 806//806 732//732
f 805//805 729//729 807//807
f 805//805 807//807 806//806
f 806//806 807//807 808//808
f 806//806 808//808 732//732
f 807//807 729//729 809//809
f 807//807 809//809 808//808
f 808//808 809//809 810//810
f 808//808 810//810 732//732
f 809//809 729//729 811//811
f 809//809 811//811 810//810
f 810//810 811//811 812//812
f 810//810 812//812 732//732
f 811//811 729//729 813//813
f 811//811 813//813 812//812
f 812//812 813//813 814//814
f 812//812 814//814 732//732
f 813//813 729//729 815//815
f 813//813 815//815 814//814
f 814//814 815//815 816//816
f 814//814 816//816 732//732
f 815//815 729//729 817//817
f 815//815 817//817 816//816
f 816//816 817//817 818//818
f 816//816 818//818 732//732
f 817//817 729//729 819//819
f 817//817 819//819 818//818
f 818//818 819//819 820//820
f 818//818 820//820 732//732
f 819//819 729//729 821//821
f 819//819 821//821 820//820
f 820//820 821//821 822//822
f 820//820 822//822 732//732
f 821//821 729//729 823//823
f 821//821 823//823 822//822
f 822//822 823//823 824//824
f 822//822 824//824 732//732
f 823//823 729//729 825//825
f 823//823 825//825 824//824
f 824//824 825//825 826//826
f 824//824 826//826 732//732
f 825//825 729//729 827//827
f 825//825 827//827 826//826
f 826//826 827//827 828//828
f 826//826 828//828 732//732
f 827//827 729//729 829//829
f 827//827 829//829 828//828
f 828//828 829//829 830//830
f 828//828 830//830 732//732
f 829//829 729//729 831//831
f 829//829 831//831 830//830
f 830//830 831//831 832//832
f 830//830 832//832 732//732
f 831//831 729//729 833//833
f 831//831 833//833 832//832
f 832//832 833//833 834//834
f 832//832 834//834 732//732
f 833//833 729//729 835//835
f 833//833 835//835 834//834
f 834//834 835//835 836//836
f 834//834 836//836 732//732
f 835//835 729//729 837//837
f 835//835 837//837 836//836
f 836//836 837//837 838//838
f 836//836 838//838 732//732
f 837//837 729//729 839//839
f 837//837 839//839 838//838
f 838//838 839//839 840//840
f 838//838 840//840 732//732
f 839//839 729//729 841//841
f 839//839 841//841 840//840
f 840//840 841//841 842//842
f 840//840 842//842 732//732
f 841//841 729//729 843//843
f 841//841 843//843 842//842
f 842//842 843//843 844//844
f 842//842 844//844 732//732
f 843//843 729//729 845//845
f 843//843 845//845 844//844
f 844//844 845//845 846//846
f 844//844 846//846 732//732
f 845//845 729//729 847//847
f 845//845 847//847 846//846
f 846//846 847//847 848//848
f 846//846 848//848 732//732
f 847//847 729//729 849//849
f 847//847 849//849 848//848
f 848//848 849//849 850//850
f 848//848 850//850 732//732
f 849//849 729//729 851//851
f 849//849 851//851 850//850
f 850//850 851//851 852//852
f 850//850 852//852 732//732
f 851//851 729//729 853//853
f 851//851 853//853 852//852
f 852//852 853//853 854//854
f 852//852 854//854 732//732
f 853//853 729//729 855//855
f 853//853 855//855 854//854
f 854//854 855//855 856//856
f 854//854 856//856 732//732
f 855//855 729//729 857//857
f 855//855 857//857 856//856
f 856//856 857//857 858//858
f 856//856 858//858 732//732
f 857//857 729//729 730//730
f 857//857 730//730 858//858
f 858//858 730//730 731//731
f 858//858 731//731 732//732
f 860//860 859//859 863//863
f 860//860 863//863 861//861
f 861//861 863//863 864//864
f 861//861 864//864 862//862
f 863//863 859//859 865//865
f 863//863 865//865 864//864
f 864//864 865//865 866//866
f 864//864 866//866 862//862
f 865//865 859//859 867//867
f 865//865 867//867 866//866
f 866//866 867//867 868//868
f 866//866 868//868 862//862
f 867//867 859//859 869//869
f 867//867 869//869 868//868
f 868//868 869//869 870//870
f 868//868 870//870 862//862
f 869//869 859//859 871//871
f 869//869 871//871 870//870
f 870//870 871//871 872//872
f 870//870 872//872 862//862
f 871//871 859//859 873//873
f 871//871 873//873 872//872
f 872//872 873//873 874//874
f 872//872 874//874 862//862
f 873//873 859//859 875//875
f 873//873 875//875 874//874
f 874//874 875//875 876//876
f 874//874 876//876 862//862
f 875//875 859//859 877//877
f 875//875 877//877 876//876
f 876//876 877//877 878//878
f 876//876 878//878 862//862
f 877//877 859//859 879//879
f 877//877 879//879 878//878
f 878//878 879//879 880//880
f 878//878 880//880 862//862
f 879//879 859//859 881//881
f 879//879 881//881 880//880
f 880//880 881//881 882//882
f 880//880 882//882 862//862
f 881//881 859//859 883//883
f 881//881 883//883 882//882
f 882//882 883//883 884//884
f 882//882 884//884 862//862
f 883//883 859//859 885//885
f 883//883 885//885 884//884
f 884//884 885//885 886//886
f 884//884 886//886 862//862
f 885//885 859//859 887//887
f 885//885 887//887 886//886
f 886//886 887//887 888//888
f 886//886 888//888 862//862
f 887//887 859//859 889//889
f 887//887 889//889 888//888
f 888//888 889//889 890//890
f 888//888 890//890 862//862
f 889//889 859//859 891//891
f 889//889 891//891 890//890
f 890//890 891//891 892//892
f 890//890 892//892 862//862
f 891//891 859//859 893//893
f 891//891 893//893 892//892
f 892//892 893//893 894//894
f 892//892 894//894 862//862
f 893//893 859//859 895//895
f 893//893 895//895 894//894
f 894//894 895//895 896//896
f 894//894 896//896 862//862
f 895//895 859//859 897//897
f 895//895 897//897 896//896
f 896//896 897//897 898//898
f 896//896 898//898 862//862
f 897//897 859//859 899//899
f 897//897 899//899 898//898
f 898//898 899//899 900//900
f 898//898 900//900 862//862
f 899//899 859//859 901//901
f 899//899 901//901 900//900
f 900//900 901//901 902//902
f 900//900 902//902 862//862
f 901//901 859//859 903//903
f 901//901 903//903 902//902
f 902//902 903//903 904//904
f 902//902 904//904 862//862
f 903//903 859//859 905//905
f 903//903 905//905 904//904
f 904//904 905//905 906//906
f 904//904 906//906 862//862
f 905//905 859//859 907//907
f 905//905 907//907 906//906
f 906//906 907//907 908//908
f 906//906 908//908 862//862
f 907//907 859//859 909//909
f 907//907 909//909 908//908
f 908//908 909//909 910//910
f 908//908 910//910 862//862
f 909//909 859//859 911//911
f 909//909 911//911 910//910
f 910//910 911//911 912//912
f 910//910 912//912 862//862
f 911//911 859//859 913//913
f 911//911 913//913 912//912
f 912//912 913//913 914//914
f 912//912 914//914 862//862
f 913//913 859//859 915//915
f 913//913 915//915 914//914
f 914//914 915//915 916//916
f 914//914 916//916 862//862
f 915//915 859//859 917//917
f 915//915 917//917 916//916
f 916//916 917//917 918//918
f 916//916 918//918 862//862
f 917//917 859//859 919//919
f 917//917 919//919 918//918
f 918//918 919//919 920//920
f 918//918 920//920 862//862
f 919//919 859//859 921//921
f 919//919 921//921 920//920
f 920//920 921//921 922//922
f 920//920 922//922 862//862
f 921//921 859//859 923//923
f 921//921 923//923 922//922
f 922//922 923//923 924//924
f 922//922 924//924 862//862
f 923//923 859//859 860//860
f 923//923 860//860 924//924
f 924//924 860//860 861//861
f 924//924 861//861 862//862
f 926//926 925//925 929//929
f 926//926 929//929 927//927
f 927//927 929//929 930//930
f 927//927 930//930 928//928
f 929//929 925//925 931//931
f 929//929 931//931 930//930
f 930//930 931//931 932//932
f 930//930 932//932 928//928
f 931//931 925//925 933//933
f 931//931 933//933 932//932
f 932//932 933//933 934//934
f 932//932 934//934 928//928
f 933//933 925//925 935//935
f 933//933 935//935 934//934
f 934//934 935//935 936//936
f 934//934 936//936 928//928
f 935//935 925//925 937//937
f 935//935 937//937 936//936
f 936//936 937//937 938//938
f 936//936 938//938 928//928
f 937//937 925//925 939//939
f 937//937 939//939 938//938
f 938//938 939//939 940//940
f 938//938 940//940 928//928
f 939//939 925//925 941//941
f 939//939 941//941 940//940
f 940//940 941//941 942//942
f 940//940 942//942 928//928
f 941//941 925//925 943//943
f 941//941 943//943 942//942
f 942//942 943//943 944//944
f 942//942 944//944 928//928
f 943//943 925//925 945//945
f 943//943 945//945 944//944
f 944//944 945//945 946//946
f 944//944 946//946 928//928
f 945//945 925//925 947//947
f 945//945 947//947 946//946
f 946//946 947//947 948//948
f 946//946 948//948 928//928
f 947//947 925//925 949//949
f 947//947 949//949 948//948
f 948//948 949//949 950//950
f 948//948 950//950 928//928
f 949//949 925//925 951//951
f 949//949 951//951 950//950
f 950//950 951//951 952//952
f 950//950 952//952 928//928
f 951//951 925//925 953//953
f 951//951 953//953 952//952
f 952//952 953//953 954//954
f 952//952 954//954 928//928
f 953//953 925//925 955//955
f 953//953 955//955 954//954
f 954//954 955//955 956//956
f 954//954 956//956 928//928
f 955//955 925//925 957//957
f 955//955 957//957 956//956
f 956//956 957//957 958//958
f 956//956 958//958 928//928
f 957//957 925//925 959//959
f 957//957 959//959 958//958
f 958//958 959//959 960//960
f 958//958 960//960 928//928
f 959//959 925//925 961//961
f 959//959 961//961 960//960
f 960//960 961//961 962//962
f 960//960 962//962 928//928
f 961//961 925//925 963//963
f 961//961 963//963 962//962
f 962//962 963//963 964//964
f 962//962 964//964 928//928
f 963//963 925//925 965//965
f 963//963 965//965 964//964
f 964//964 965//965 966//966
f 964//964 966//966 928//928
f 965//965 925//925 967//967
f 965//965 967//967 966//966
f 966//966 967//967 968//968
f 966//966 968//968 928//928
f 967//967 925//925 969//969
f 967//967 969//969 968//968
f 968//968 969//969 970//970
f 968//968 970//970 928//928
f 969//969 925//925 971//971
f 969//969 971//971 970//970
f 970//970 971//971 972//972
f 970//970 972//972 928//928
f 971//971 925//925 973//973
f 971//971 973//973 972//972
f 972//972 973//973 974//974
f 972//972 974//974 928//928
f 973//973 925//925 975//975
f 973//973 975//975 974//974
f 974//974 975//975 976//976
f 974//974 976//976 928//928
f 975//975 925//925 977//977
f 975//975 977//977 976//976
f 976//976 977//977 978//978
f 976//976 978//978 928//928
f 977//977 925//925 979//979
f 977//977 979//979 978//978
f 978//978 979//979 980//980
f 978//978 980//980 928//928
f 979//979 925//925 981//981
f 979//979 981//981 980//980
f 980//980 981//981 982//982
f 980//980 982//982 928//928
f 981//981 925//925 983//983
f 981//981 983//983 982//982
f 982//982 983//983 984//984
f 982//982 984//984 928//928
f 983//983 925//925 985//985
f 983//983 985//985 984//984
f 984//984 985//985 986//986
f 984//984 986//986 928//928
f 985//985 925//925 987//987
f 985//985 987//987 986//986
f 986//986 987//987 988//988
f 986//986 988//988 928//928
f 987//987 925//925 989//989
f 987//987 989//989 988//988
f 988//988 989//989 990//990
f 988//988 990//990 928//928
f 989//989 925//925 926//926
f 989//989 926//926 990//990
f 990//990 926//926 927//927
f 990//990 927//927 928//928
f 992//992 991//991 995//995
f 992//992 995//995 993//993
f 993//993 995//995 996//996
f 993//993 996//996 994//994
f 995//995 991//991 997//997
f 995//995 997//997 996//996
f 996//996 997//997 998//998
f 996//996 998//998 994//994
f 997//997 991//991 999//999
f 997//997 999//999 998//998
f 998//998 999//999 1000//1000
f 998//998 1000//1000 994//994
f 999//999 991//991 1001//1001
f 999//999 1001//1001 1000//1000
f 1000//1000 1001//1001 1002//1002
f 1000//1000 1002//1002 994//994
f 1001//1001 991//991 1003//1003
f 1001//1001 1003//1003 1002//1002
f 1002//1002 1003//1003 1004//1004
f 1002//1002 1004//1004 994//994
f 1003//1003 991//991 1005//1005
f 1003//1003 1005//1005 1004//1004
f 1004//1004 1005//1005 1006//1006
f 1004//1004 1006//1006 994//994
f 1005//1005 991//991 1007//1007
f 1005//1005 1007//1007 1006//1006
f 1006//1006 1007//1007 1008//1008
f 1006//1006 1008//1008 994//994
f 1007//1007 991//991 1009//1009
f 1007//1007 1009//1009 1008//1008
f 1008//1008 1009//1009 1010//1010
f 1008//1008 1010//1010 994//994
f 1009//1009 991//991 1011//1011
f 1009//1009 1011//1011 1010//1010
f 1010//1010 1011//1011 1012//1012
f 1010//1010 1012//1012 994//994
f 1011//1011 991//991 1013//1013
f 1011//1011 1013//1013 1012//1012
f 1012//1012 1013//1013 1014//1014
f 1012//1012 1014//1014 994//994
f 1013//1013 991//991 1015//1015
f 1013//1013 1015//1015 1014//1014
f 1014//1014 1015//1015 1016//1016
f 1014//1014 1016//1016 994//994
f 1015//1015 991//991 1017//1017
f 1015//1015 1017//1017 1016//1016
f 1016//1016 1017//1017 1018//1018
f 1016//1016 1018//1018 994//994
f 1017//1017 991//991 1019//1019
f 1017//1017 1019//1019 1018//1018
f 1018//1018 1019//1019 1020//1020
f 1018//1018 1020//1020 994//994
f 1019//1019 991//991 1021//1021
f 1019//1019 1021//1021 1020//1020
f 1020//1020 1021//1021 1022//1022
f 1020//1020 1022//1022 994//994
f 1021//1021 991//991 1023//1023
f 1021//1021 1023//1023 1022//1022
f 1022//1022 1023//1023 1024//1024
f 1022//1022 1024//1024 994//994
f 1023//1023 991//991 1025//1025
f 1023//1023 1025//1025 1024//1024
f 1024//1024 1025//1025 1026//1026
f 1024//1024 1026//1026 994//994
f 1025//1025 991//991 1027//1027
f 1025//1025 1027//1027 1026//1026
f 1026//1026 1027//1027 1028//1028
f 1026//1026 1028//1028 994//994
f 1027//1027 991//991 1029//1029
f 1027//1027 1029//1029 1028//1028
f 1028//1028 1029//1029 1030//1030
f 1028//1028 1030//1030 994//994
f 1029//1029 991//991 1031//1031
f 1029//1029 1031//1031 1030//1030
f 1030//1030 1031//1031 1032//1032
f 1030//1030 1032//1032 994//994
f 1031//1031 991//991 1033//1033
f 1031//1031 1033//1033 1032//1032
f 1032//1032 1033//1033 1034//1034
f 1032//1032 1034//1034 994//994
f 1033//1033 991//991 1035//1035
f 1033//1033 1035//1035 1034//1034
f 1034//1034 1035//1035 1036//1036
f 1034//1034 1036//1036 994//994
f 1035//1035 991//991 1037//1037
f 1035//1035 1037//1037 1036//1036
f 1036//1036 1037//1037 1038//1038
f 1036//1036 1038//1038 994//994
f 1037//1037 991//991 1039//1039
f 1037//1037 1039//1039 1038//1038
f 1038//1038 1039//1039 1040//1040
f 1038//1038 1040//1040 994//994
f 1039//1039 991//991 1041//1041
f 1039//1039 1041//1041 1040//1040
f 1040//1040 1041//1041 1042//1042
f 1040//1040 1042//1042 994//994
f 1041//1041 991//991 1043//1043
f 1041//1041 1043//1043 1042//1042
f 1042//1042 1043//1043 1044//1044
f 1042//1042 1044//1044 994//994
f 1043//1043 991//991 1045//1045
f 1043//1043 1045//1045 1044//1044
f 1044//1044 1045//1045 1046//1046
f 1044//1044 1046//1046 994//994
f 1045//1045 991//991 1047//1047
f 1045//1045 1047//1047 1046//1046
f 1046//1046 1047//1047 1048//1048
f 1046//1046 1048//1048 994//994
f 1047//1047 991//991 1049//1049
f 1047//1047 1049//1049 1048//1048
f 1048//1048 1049//1049 1050//1050
f 1048//1048 1050//1050 994//994
f 1049//1049 991//991 1051//1051
f 1049//1049 1051//1051 1050//1050
f 1050//1050 1051//1051 1052//1052
f 1050//1050 1052//1052 994//994
f 1051//1051 991//991 1053//1053
f 1051//1051 1053//1053 1052//1052
f 1052//1052 1053//1053 1054//1054
f 1052//1052 1054//1054 994//994
f 1053//1053 991//991 1055//1055
f 1053//1053 1055//1055 1054//1054
f 1054//1054 1055//1055 1056//1056
f 1054//1054 1056//1056 994//994
f 1055//1055 991//991 992//992
f 1055//1055 992//992 1056//1056
f 1056//1056 992//992 993//993
f 1056//1056 993//993 994//994
f 1058//1058 1057//1057 1061//1061
f 1058//1058 1061//1061 1059//1059
f 1059//1059 1061//1061 1062//1062
f 1059//1059 1062//1062 1060//1060
f 1061//1061 1057//1057 1063//1063
f 1061//1061 1063//1063 1062//1062
f 1062//1062 1063//1063 1064//1064
f 1062//1062 1064//1064 1060//1060
f 1063//1063 1057//1057 1065//1065
f 1063//1063 1065//1065 1064//1064
f 1064//1064 1065//1065 1066//1066
f 1064//1064 1066//1066 1060//1060
f 1065//1065 1057//1057 1067//1067
f 1065//1065 1067//1067 1066//1066
f 1066//1066 1067//1067 1068//1068
f 1066//1066 1068//1068 1060//1060
f 1067//1067 1057//1057 1069//1069
f 1067//1067 1069//1069 1068//1068
f 1068//1068 1069//1069 1070//1070
f 1068//1068 1070//1070 1060//1060
f 1069//1069 1057//1057 1071//1071
f 1069//1069 1071//1071 1070//1070
f 1070//1070 1071//1071 1072//1072
f 1070//1070 1072//1072 1060//1060
f 1071//1071 1057//1057 1073//1073
f 1071//1071 1073//1073 1072//1072
f 1072//1072 1073//1073 1074//1074
f 1072//1072 1074//1074 1060//1060
f 1073//1073 1057//1057 1075//1075
f 1073//1073 1075//1075 1074//1074
f 1074//1074 1075//1075 1076//1076
f 1074//1074 1076//1076 1060//1060
f 1075//1075 1057//1057 1077//1077
f 1075//1075 1077//1077 1076//1076
f 1076//1076 1077//1077 1078//1078
f 1076//1076 1078//1078 1060//1060
f 1077//1077 1057//1057 1079//1079
f 1077//1077 1079//1079 1078//1078
f 1078//1078 1079//1079 1080//1080
f 1078//1078 1080//1080 1060//1060
f 1079//1079 1057//1057 1081//1081
f 1079//1079 1081//1081 1080//1080
f 1080//1080 1081//1081 1082//1082
f 1080//1080 1082//1082 1060//1060
f 1081//1081 1057//1057 1083//1083
f 1081//1081 1083//1083 1082//1082
f 1082//1082 1083//1083 1084//1084
f 1082//1082 1084//1084 1060//1060
f 1083//1083 1057//1057 1085//1085
f 1083//1083 1085//1085 1084//1084
f 1084//1084 1085//1085 1086//1086
f 1084//1084 1086//1086 1060//1060
f 1085//1085 1057//1057 1087//1087
f 1085//1085 1087//1087 1086//1086
f 1086//1086 1087//1087 1088//1088
f 1086//1086 1088//1088 1060//1060
f 1087//1087 1057//1057 1089//1089
f 1087//1087 1089//1089 1088//1088
f 1088//1088 1089//1089 1090//1090
f 1088//1088 1090//1090 1060//1060
f 1089//1089 1057//1057 1091//1091
f 1089//1089 1091//1091 1090//1090
f 1090//1090 1091//1091 1092//1092
f 1090//1090 1092//1092 1060//1060
f 1091//1091 1057//1057 1093//1093
f 1091//1091 1093//1093 1092//1092
f 1092//1092 1093//1093 1094//1094
f 1092//1092 1094//1094 1060//1060
f 1093//1093 1057//1057 1095//1095
f 1093//1093 1095//1095 1094//1094
f 1094//1094 1095//1095 1096//1096
f 1094//1094 1096//1096 1060//1060
f 1095//1095 1057//1057 1097//1097
f 1095//1095 1097//1097 1096//1096
f 1096//1096 1097//1097 1098//1098
f 1096//1096 1098//1098 1060//1060
f 1097//1097 1057//1057 1099//1099
f 1097//1097 1099//1099 1098//1098
f 1098//1098 1099//1099 1100//1100
f 1098//1098 1100//1100 1060//1060
f 1099//1099 1057//1057 1101//1101
f 1099//1099 1101//1101 1100//1100
f 1100//1100 1101//1101 1102//1102
f 1100//1100 1102//1102 1060//1060
f 1101//1101 1057//1057 1103//1103
f 1101//1101 1103//1103 1102//1102
f 1102//1102 1103//1103 1104//1104
f 1102//1102 1104//1104 1060//1060
f 1103//1103 1057//1057 1105//1105
f 1103//1103 1105//1105 1104//1104
f 1104//1104 1105//1105 1106//1106
f 1104//1104 1106//1106 1060//1060
f 1105//1105 1057//1057 1107//1107
f 1105//1105 1107//1107 1106//1106
f 1106//1106 1107//1107 1108//1108
f 1106//1106 1108//1108 1060//1060
f 1107//1107 1057//1057 1109//1109
f 1107//1107 1109//1109 1108//1108
f 1108//1108 1109//1109 1110//1110
f 1108//1108 1110//1110 1060//1060
f 1109//1109 1057//1057 1111//1111
f 1109//1109 1111//1111 1110//1110
f 1110//1110 1111//1111 1112//1112
f 1110//1110 1112//1112 1060//1060
f 1111//1111 1057//1057 1113//1113
f 1111//1111 1113//1113 1112//1112
f 1112//1112 1113//1113 1114//1114
f 1112//1112 1114//1114 1060//1060
f 1113//1113 1057//1057 1115//1115
f 1113//1113 1115//1115 1114//1114
f 1114//1114 1115//1115 1116//1116
f 1114//1114 1116//1116 1060//1060
f 1115//1115 1057//1057 1117//1117
f 1115//1115 1117//1117 1116//1116
f 1116//1116 1117//1117 1118//1118
f 1116//1116 1118//1118 1060//1060
f 1117//1117 1057//1057 1119//1119
f 1117//1117 1119//1119 1118//1118
f 1118//1118 1119//1119 1120//1120
f 1118//1118 1120//1120 1060//1060
f 1119//1119 1057//1057 1121//1121
f 1119//1119 1121//1121 1120//1120
f 1120//1120 1121//1121 1122//1122
f 1120//1120 1122//1122 1060//1060
f 1121//1121 1057//1057 1058//1058
f 1121//1121 1058//1058 1122//1122
f 1122//1122 1058//1058 1059//1059
f 1122//1122 1059//1059 1060//1060

