mtllib robot.mtl
usemtl rubber
# https://github.com/mikedh/trimesh
v 0.04900000 -0.04500000 0.00000000
v 0.04889509 -0.04500000 0.00320475
v 0.04858080 -0.04500000 0.00639578
v 0.04805848 -0.04500000 0.00955943
v 0.04733037 -0.04500000 0.01268213
v 0.04639958 -0.04500000 0.01575053
v 0.04527010 -0.04500000 0.01875149
v 0.04394676 -0.04500000 0.02167215
v 0.04243524 -0.04500000 0.02450000
v 0.04074201 -0.04500000 0.02722294
v 0.03887431 -0.04500000 0.02982931
v 0.03684015 -0.04500000 0.03230794
v 0.03464823 -0.04500000 0.03464823
v 0.03230794 -0.04500000 0.03684015
v 0.02982931 -0.04500000 0.03887431
v 0.02722294 -0.04500000 0.04074201
v 0.02450000 -0.04500000 0.04243524
v 0.02167215 -0.04500000 0.04394676
v 0.01875149 -0.04500000 0.04527010
v 0.01575053 -0.04500000 0.04639958
v 0.01268213 -0.04500000 0.04733037
v 0.00955943 -0.04500000 0.04805848
v 0.00639578 -0.04500000 0.04858080
v 0.00320475 -0.04500000 0.04889509
v 0.00000000 -0.04500000 0.04900000
v -0.00320475 -0.04500000 0.04889509
v -0.00639578 -0.04500000 0.04858080
v -0.00955943 -0.04500000 0.04805848
v -0.01268213 -0.04500000 0.04733037
v -0.01575053 -0.04500000 0.04639958
v -0.01875149 -0.04500000 0.04527010
v -0.02167215 -0.04500000 0.04394676
v -0.02450000 -0.04500000 0.04243524
v -0.02722294 -0.04500000 0.04074201
v -0.02982931 -0.04500000 0.03887431
v -0.03230794 -0.04500000 0.03684015
v -0.03464823 -0.04500000 0.03464823
v -0.03684015 -0.04500000 0.03230794
v -0.03887431 -0.04500000 0.02982931
v -0.04074201 -0.04500000 0.02722294
v -0.04243524 -0.04500000 0.02450000
v -0.04394676 -0.04500000 0.02167215
v -0.04527010 -0.04500000 0.01875149
v -0.04639958 -0.04500000 0.01575053
v -0.04733037 -0.04500000 0.01268213
v -0.04805848 -0.04500000 0.00955943
v -0.04858080 -0.04500000 0.00639578
v -0.04889509 -0.04500000 0.00320475
v -0.04900000 -0.04500000 0.00000000
v -0.04889509 -0.04500000 -0.00320475
v -0.04858080 -0.04500000 -0.00639578
v -0.04805848 -0.04500000 -0.00955943
v -0.04733037 -0.04500000 -0.01268213
v -0.04639958 -0.04500000 -0.01575053
v -0.04527010 -0.04500000 -0.01875149
v -0.04394676 -0.04500000 -0.02167215
v -0.04243524 -0.04500000 -0.02450000
v -0.04074201 -0.04500000 -0.02722294
v -0.03887431 -0.04500000 -0.02982931
v -0.03684015 -0.04500000 -0.03230794
v -0.03464823 -0.04500000 -0.03464823
v -0.03230794 -0.04500000 -0.03684015
v -0.02982931 -0.04500000 -0.03887431
v -0.02722294 -0.04500000 -0.04074201
v -0.02450000 -0.04500000 -0.04243524
v -0.02167215 -0.04500000 -0.04394676
v -0.01875149 -0.04500000 -0.04527010
v -0.01575053 -0.04500000 -0.04639958
v -0.01268213 -0.04500000 -0.04733037
v -0.00955943 -0.04500000 -0.04805848
v -0.00639578 -0.04500000 -0.04858080
v -0.00320475 -0.04500000 -0.04889509
v -0.00000000 -0.04500000 -0.04900000
v 0.00320475 -0.04500000 -0.04889509
v 0.00639578 -0.04500000 -0.04858080
v 0.00955943 -0.04500000 -0.04805848
v 0.01268213 -0.04500000 -0.04733037
v 0.01575053 -0.04500000 -0.04639958
v 0.01875149 -0.04500000 -0.04527010
v 0.02167215 -0.04500000 -0.04394676
v 0.02450000 -0.04500000 -0.04243524
v 0.02722294 -0.04500000 -0.04074201
v 0.02982931 -0.04500000 -0.03887431
v 0.03230794 -0.04500000 -0.03684015
v 0.03464823 -0.04500000 -0.03464823
v 0.03684015 -0.04500000 -0.03230794
v 0.03887431 -0.04500000 -0.02982931
v 0.04074201 -0.04500000 -0.02722294
v 0.04243524 -0.04500000 -0.02450000
v 0.04394676 -0.04500000 -0.02167215
v 0.04527010 -0.04500000 -0.01875149
v 0.04639958 -0.04500000 -0.01575053
v 0.04733037 -0.04500000 -0.01268213
v 0.04805848 -0.04500000 -0.00955943
v 0.04858080 -0.04500000 -0.00639578
v 0.04889509 -0.04500000 -0.00320475
v 0.05900000 -0.04300000 0.00000000
v 0.05887368 -0.04300000 0.00385878
v 0.05849525 -0.04300000 0.00770105
v 0.05786633 -0.04300000 0.01151033
v 0.05698962 -0.04300000 0.01527032
v 0.05586888 -0.04300000 0.01896493
v 0.05450889 -0.04300000 0.02257832
v 0.05291549 -0.04300000 0.02609503
v 0.05109550 -0.04300000 0.02950000
v 0.04905671 -0.04300000 0.03277864
v 0.04680785 -0.04300000 0.03591692
v 0.04435855 -0.04300000 0.03890140
v 0.04171930 -0.04300000 0.04171930
v 0.03890140 -0.04300000 0.04435855
v 0.03591692 -0.04300000 0.04680785
v 0.03277864 -0.04300000 0.04905671
v 0.02950000 -0.04300000 0.05109550
v 0.02609503 -0.04300000 0.05291549
v 0.02257832 -0.04300000 0.05450889
v 0.01896493 -0.04300000 0.05586888
v 0.01527032 -0.04300000 0.05698962
v 0.01151033 -0.04300000 0.05786633
v 0.00770105 -0.04300000 0.05849525
v 0.00385878 -0.04300000 0.05887368
v 0.00000000 -0.04300000 0.05900000
v -0.00385878 -0.04300000 0.05887368
v -0.00770105 -0.04300000 0.05849525
v -0.01151033 -0.04300000 0.05786633
v -0.01527032 -0.04300000 0.05698962
v -0.01896493 -0.04300000 0.05586888
v -0.02257832 -0.04300000 0.05450889
v -0.02609503 -0.04300000 0.05291549
v -0.02950000 -0.04300000 0.05109550
v -0.03277864 -0.04300000 0.04905671
v -0.03591692 -0.04300000 0.04680785
v -0.03890140 -0.04300000 0.04435855
v -0.04171930 -0.04300000 0.04171930
v -0.04435855 -0.04300000 0.03890140
v -0.04680785 -0.04300000 0.03591692
v -0.04905671 -0.04300000 0.03277864
v -0.05109550 -0.04300000 0.02950000
v -0.05291549 -0.04300000 0.02609503
v -0.05450889 -0.04300000 0.02257832
v -0.05586888 -0.04300000 0.01896493
v -0.05698962 -0.04300000 0.01527032
v -0.05786633 -0.04300000 0.01151033
v -0.05849525 -0.04300000 0.00770105
v -0.05887368 -0.04300000 0.00385878
v -0.05900000 -0.04300000 0.00000000
v -0.05887368 -0.04300000 -0.00385878
v -0.05849525 -0.04300000 -0.00770105
v -0.05786633 -0.04300000 -0.01151033
v -0.05698962 -0.04300000 -0.01527032
v -0.05586888 -0.04300000 -0.01896493
v -0.05450889 -0.04300000 -0.02257832
v -0.05291549 -0.04300000 -0.02609503
v -0.05109550 -0.04300000 -0.02950000
v -0.04905671 -0.04300000 -0.03277864
v -0.04680785 -0.04300000 -0.03591692
v -0.04435855 -0.04300000 -0.03890140
v -0.04171930 -0.04300000 -0.04171930
v -0.03890140 -0.04300000 -0.04435855
v -0.03591692 -0.04300000 -0.04680785
v -0.03277864 -0.04300000 -0.04905671
v -0.02950000 -0.04300000 -0.05109550
v -0.02609503 -0.04300000 -0.05291549
v -0.02257832 -0.04300000 -0.05450889
v -0.01896493 -0.04300000 -0.05586888
v -0.01527032 -0.04300000 -0.05698962
v -0.01151033 -0.04300000 -0.05786633
v -0.00770105 -0.04300000 -0.05849525
v -0.00385878 -0.04300000 -0.05887368
v -0.00000000 -0.04300000 -0.05900000
v 0.00385878 -0.04300000 -0.05887368
v 0.00770105 -0.04300000 -0.05849525
v 0.01151033 -0.04300000 -0.05786633
v 0.01527032 -0.04300000 -0.05698962
v 0.01896493 -0.04300000 -0.05586888
v 0.02257832 -0.04300000 -0.05450889
v 0.02609503 -0.04300000 -0.05291549
v 0.02950000 -0.04300000 -0.05109550
v 0.03277864 -0.04300000 -0.04905671
v 0.03591692 -0.04300000 -0.04680785
v 0.03890140 -0.04300000 -0.04435855
v 0.04171930 -0.04300000 -0.04171930
v 0.04435855 -0.04300000 -0.03890140
v 0.04680785 -0.04300000 -0.03591692
v 0.04905671 -0.04300000 -0.03277864
v 0.05109550 -0.04300000 -0.02950000
v 0.05291549 -0.04300000 -0.02609503
v 0.05450889 -0.04300000 -0.02257832
v 0.05586888 -0.04300000 -0.01896493
v 0.05698962 -0.04300000 -0.01527032
v 0.05786633 -0.04300000 -0.01151033
v 0.05849525 -0.04300000 -0.00770105
v 0.05887368 -0.04300000 -0.00385878
v 0.07000000 -0.03900000 0.00000000
v 0.06985012 -0.03900000 0.00457822
v 0.06940114 -0.03900000 0.00913683
v 0.06865497 -0.03900000 0.01365632
v 0.06761481 -0.03900000 0.01811733
v 0.06628511 -0.03900000 0.02250076
v 0.06467157 -0.03900000 0.02678784
v 0.06278109 -0.03900000 0.03096021
v 0.06062178 -0.03900000 0.03500000
v 0.05820287 -0.03900000 0.03888992
v 0.05553473 -0.03900000 0.04261330
v 0.05262879 -0.03900000 0.04615421
v 0.04949747 -0.03900000 0.04949747
v 0.04615421 -0.03900000 0.05262879
v 0.04261330 -0.03900000 0.05553473
v 0.03888992 -0.03900000 0.05820287
v 0.03500000 -0.03900000 0.06062178
v 0.03096021 -0.03900000 0.06278109
v 0.02678784 -0.03900000 0.06467157
v 0.02250076 -0.03900000 0.06628511
v 0.01811733 -0.03900000 0.06761481
v 0.01365632 -0.03900000 0.06865497
v 0.00913683 -0.03900000 0.06940114
v 0.00457822 -0.03900000 0.06985012
v 0.00000000 -0.03900000 0.07000000
v -0.00457822 -0.03900000 0.06985012
v -0.00913683 -0.03900000 0.06940114
v -0.01365632 -0.03900000 0.06865497
v -0.01811733 -0.03900000 0.06761481
v -0.02250076 -0.03900000 0.06628511
v -0.02678784 -0.03900000 0.06467157
v -0.03096021 -0.03900000 0.06278109
v -0.03500000 -0.03900000 0.06062178
v -0.03888992 -0.03900000 0.05820287
v -0.04261330 -0.03900000 0.05553473
v -0.04615421 -0.03900000 0.05262879
v -0.04949747 -0.03900000 0.04949747
v -0.05262879 -0.03900000 0.04615421
v -0.05553473 -0.03900000 0.04261330
v -0.05820287 -0.03900000 0.03888992
v -0.06062178 -0.03900000 0.03500000
v -0.06278109 -0.03900000 0.03096021
v -0.06467157 -0.03900000 0.02678784
v -0.06628511 -0.03900000 0.02250076
v -0.06761481 -0.03900000 0.01811733
v -0.06865497 -0.03900000 0.01365632
v -0.06940114 -0.03900000 0.00913683
v -0.06985012 -0.03900000 0.00457822
v -0.07000000 -0.03900000 0.00000000
v -0.06985012 -0.03900000 -0.00457822
v -0.06940114 -0.03900000 -0.00913683
v -0.06865497 -0.03900000 -0.01365632
v -0.06761481 -0.03900000 -0.01811733
v -0.06628511 -0.03900000 -0.02250076
v -0.06467157 -0.03900000 -0.02678784
v -0.06278109 -0.03900000 -0.03096021
v -0.06062178 -0.03900000 -0.03500000
v -0.05820287 -0.03900000 -0.03888992
v -0.05553473 -0.03900000 -0.04261330
v -0.05262879 -0.03900000 -0.04615421
v -0.04949747 -0.03900000 -0.04949747
v -0.04615421 -0.03900000 -0.05262879
v -0.04261330 -0.03900000 -0.05553473
v -0.03888992 -0.03900000 -0.05820287
v -0.03500000 -0.03900000 -0.06062178
v -0.03096021 -0.03900000 -0.06278109
v -0.02678784 -0.03900000 -0.06467157
v -0.02250076 -0.03900000 -0.06628511
v -0.01811733 -0.03900000 -0.06761481
v -0.01365632 -0.03900000 -0.06865497
v -0.00913683 -0.03900000 -0.06940114
v -0.00457822 -0.03900000 -0.06985012
v -0.00000000 -0.03900000 -0.07000000
v 0.00457822 -0.03900000 -0.06985012
v 0.00913683 -0.03900000 -0.06940114
v 0.01365632 -0.03900000 -0.06865497
v 0.01811733 -0.03900000 -0.06761481
v 0.02250076 -0.03900000 -0.06628511
v 0.02678784 -0.03900000 -0.06467157
v 0.03096021 -0.03900000 -0.06278109
v 0.03500000 -0.03900000 -0.06062178
v 0.03888992 -0.03900000 -0.05820287
v 0.04261330 -0.03900000 -0.05553473
v 0.04615421 -0.03900000 -0.05262879
v 0.04949747 -0.03900000 -0.04949747
v 0.05262879 -0.03900000 -0.04615421
v 0.05553473 -0.03900000 -0.04261330
v 0.05820287 -0.03900000 -0.03888992
v 0.06062178 -0.03900000 -0.03500000
v 0.06278109 -0.03900000 -0.03096021
v 0.06467157 -0.03900000 -0.02678784
v 0.06628511 -0.03900000 -0.02250076
v 0.06761481 -0.03900000 -0.01811733
v 0.06865497 -0.03900000 -0.01365632
v 0.06940114 -0.03900000 -0.00913683
v 0.06985012 -0.03900000 -0.00457822
v 0.07500000 -0.03300000 0.00000000
v 0.07483942 -0.03300000 0.00490523
v 0.07435836 -0.03300000 0.00978946
v 0.07355890 -0.03300000 0.01463177
v 0.07244444 -0.03300000 0.01941143
v 0.07101976 -0.03300000 0.02410796
v 0.06929096 -0.03300000 0.02870126
v 0.06726546 -0.03300000 0.03317165
v 0.06495191 -0.03300000 0.03750000
v 0.06236022 -0.03300000 0.04166777
v 0.05950150 -0.03300000 0.04565711
v 0.05638799 -0.03300000 0.04945094
v 0.05303301 -0.03300000 0.05303301
v 0.04945094 -0.03300000 0.05638799
v 0.04565711 -0.03300000 0.05950150
v 0.04166777 -0.03300000 0.06236022
v 0.03750000 -0.03300000 0.06495191
v 0.03317165 -0.03300000 0.06726546
v 0.02870126 -0.03300000 0.06929096
v 0.02410796 -0.03300000 0.07101976
v 0.01941143 -0.03300000 0.07244444
v 0.01463177 -0.03300000 0.07355890
v 0.00978946 -0.03300000 0.07435836
v 0.00490523 -0.03300000 0.07483942
v 0.00000000 -0.03300000 0.07500000
v -0.00490523 -0.03300000 0.07483942
v -0.00978946 -0.03300000 0.07435836
v -0.01463177 -0.03300000 0.07355890
v -0.01941143 -0.03300000 0.07244444
v -0.02410796 -0.03300000 0.07101976
v -0.02870126 -0.03300000 0.06929096
v -0.03317165 -0.03300000 0.06726546
v -0.03750000 -0.03300000 0.06495191
v -0.04166777 -0.03300000 0.06236022
v -0.04565711 -0.03300000 0.05950150
v -0.04945094 -0.03300000 0.05638799
v -0.05303301 -0.03300000 0.05303301
v -0.05638799 -0.03300000 0.04945094
v -0.05950150 -0.03300000 0.04565711
v -0.06236022 -0.03300000 0.04166777
v -0.06495191 -0.03300000 0.03750000
v -0.06726546 -0.03300000 0.03317165
v -0.06929096 -0.03300000 0.02870126
v -0.07101976 -0.03300000 0.02410796
v -0.07244444 -0.03300000 0.01941143
v -0.07355890 -0.03300000 0.01463177
v -0.07435836 -0.03300000 0.00978946
v -0.07483942 -0.03300000 0.00490523
v -0.07500000 -0.03300000 0.00000000
v -0.07483942 -0.03300000 -0.00490523
v -0.07435836 -0.03300000 -0.00978946
v -0.07355890 -0.03300000 -0.01463177
v -0.07244444 -0.03300000 -0.01941143
v -0.07101976 -0.03300000 -0.02410796
v -0.06929096 -0.03300000 -0.02870126
v -0.06726546 -0.03300000 -0.03317165
v -0.06495191 -0.03300000 -0.03750000
v -0.06236022 -0.03300000 -0.04166777
v -0.05950150 -0.03300000 -0.04565711
v -0.05638799 -0.03300000 -0.04945094
v -0.05303301 -0.03300000 -0.05303301
v -0.04945094 -0.03300000 -0.05638799
v -0.04565711 -0.03300000 -0.05950150
v -0.04166777 -0.03300000 -0.06236022
v -0.03750000 -0.03300000 -0.06495191
v -0.03317165 -0.03300000 -0.06726546
v -0.02870126 -0.03300000 -0.06929096
v -0.02410796 -0.03300000 -0.07101976
v -0.01941143 -0.03300000 -0.07244444
v -0.01463177 -0.03300000 -0.07355890
v -0.00978946 -0.03300000 -0.07435836
v -0.00490523 -0.03300000 -0.07483942
v -0.00000000 -0.03300000 -0.07500000
v 0.00490523 -0.03300000 -0.07483942
v 0.00978946 -0.03300000 -0.07435836
v 0.01463177 -0.03300000 -0.07355890
v 0.01941143 -0.03300000 -0.07244444
v 0.02410796 -0.03300000 -0.07101976
v 0.02870126 -0.03300000 -0.06929096
v 0.03317165 -0.03300000 -0.06726546
v 0.03750000 -0.03300000 -0.06495191
v 0.04166777 -0.03300000 -0.06236022
v 0.04565711 -0.03300000 -0.05950150
v 0.04945094 -0.03300000 -0.05638799
v 0.05303301 -0.03300000 -0.05303301
v 0.05638799 -0.03300000 -0.04945094
v 0.05950150 -0.03300000 -0.04565711
v 0.06236022 -0.03300000 -0.04166777
v 0.06495191 -0.03300000 -0.03750000
v 0.06726546 -0.03300000 -0.03317165
v 0.06929096 -0.03300000 -0.02870126
v 0.07101976 -0.03300000 -0.02410796
v 0.07244444 -0.03300000 -0.01941143
v 0.07355890 -0.03300000 -0.01463177
v 0.07435836 -0.03300000 -0.00978946
v 0.07483942 -0.03300000 -0.00490523
v 0.07600000 -0.02500000 0.00000000
v 0.07583728 -0.02500000 0.00497064
v 0.07534981 -0.02500000 0.00991999
v 0.07453968 -0.02500000 0.01482686
v 0.07341036 -0.02500000 0.01967025
v 0.07196669 -0.02500000 0.02442940
v 0.07021484 -0.02500000 0.02908394
v 0.06816233 -0.02500000 0.03361394
v 0.06581793 -0.02500000 0.03800000
v 0.06319169 -0.02500000 0.04222334
v 0.06029485 -0.02500000 0.04626587
v 0.05713983 -0.02500000 0.05011028
v 0.05374012 -0.02500000 0.05374012
v 0.05011028 -0.02500000 0.05713983
v 0.04626587 -0.02500000 0.06029485
v 0.04222334 -0.02500000 0.06319169
v 0.03800000 -0.02500000 0.06581793
v 0.03361394 -0.02500000 0.06816233
v 0.02908394 -0.02500000 0.07021484
v 0.02442940 -0.02500000 0.07196669
v 0.01967025 -0.02500000 0.07341036
v 0.01482686 -0.02500000 0.07453968
v 0.00991999 -0.02500000 0.07534981
v 0.00497064 -0.02500000 0.07583728
v 0.00000000 -0.02500000 0.07600000
v -0.00497064 -0.02500000 0.07583728
v -0.00991999 -0.02500000 0.07534981
v -0.01482686 -0.02500000 0.07453968
v -0.01967025 -0.02500000 0.07341036
v -0.02442940 -0.02500000 0.07196669
v -0.02908394 -0.02500000 0.07021484
v -0.03361394 -0.02500000 0.06816233
v -0.03800000 -0.02500000 0.06581793
v -0.04222334 -0.02500000 0.06319169
v -0.04626587 -0.02500000 0.06029485
v -0.05011028 -0.02500000 0.05713983
v -0.05374012 -0.02500000 0.05374012
v -0.05713983 -0.02500000 0.05011028
v -0.06029485 -0.02500000 0.04626587
v -0.06319169 -0.02500000 0.04222334
v -0.06581793 -0.02500000 0.03800000
v -0.06816233 -0.02500000 0.03361394
v -0.07021484 -0.02500000 0.02908394
v -0.07196669 -0.02500000 0.02442940
v -0.07341036 -0.02500000 0.01967025
v -0.07453968 -0.02500000 0.01482686
v -0.07534981 -0.02500000 0.00991999
v -0.07583728 -0.02500000 0.00497064
v -0.07600000 -0.02500000 0.00000000
v -0.07583728 -0.02500000 -0.00497064
v -0.07534981 -0.02500000 -0.00991999
v -0.07453968 -0.02500000 -0.01482686
v -0.07341036 -0.02500000 -0.01967025
v -0.07196669 -0.02500000 -0.02442940
v -0.07021484 -0.02500000 -0.02908394
v -0.06816233 -0.02500000 -0.03361394
v -0.06581793 -0.02500000 -0.03800000
v -0.06319169 -0.02500000 -0.04222334
v -0.06029485 -0.02500000 -0.04626587
v -0.05713983 -0.02500000 -0.05011028
v -0.05374012 -0.02500000 -0.05374012
v -0.05011028 -0.02500000 -0.05713983
v -0.04626587 -0.02500000 -0.06029485
v -0.04222334 -0.02500000 -0.06319169
v -0.03800000 -0.02500000 -0.06581793
v -0.03361394 -0.02500000 -0.06816233
v -0.02908394 -0.02500000 -0.07021484
v -0.02442940 -0.02500000 -0.07196669
v -0.01967025 -0.02500000 -0.07341036
v -0.01482686 -0.02500000 -0.07453968
v -0.00991999 -0.02500000 -0.07534981
v -0.00497064 -0.02500000 -0.07583728
v -0.00000000 -0.02500000 -0.07600000
v 0.00497064 -0.02500000 -0.07583728
v 0.00991999 -0.02500000 -0.07534981
v 0.01482686 -0.02500000 -0.07453968
v 0.01967025 -0.02500000 -0.07341036
v 0.02442940 -0.02500000 -0.07196669
v 0.02908394 -0.02500000 -0.07021484
v 0.03361394 -0.02500000 -0.06816233
v 0.03800000 -0.02500000 -0.06581793
v 0.04222334 -0.02500000 -0.06319169
v 0.04626587 -0.02500000 -0.06029485
v 0.05011028 -0.02500000 -0.05713983
v 0.05374012 -0.02500000 -0.05374012
v 0.05713983 -0.02500000 -0.05011028
v 0.06029485 -0.02500000 -0.04626587
v 0.06319169 -0.02500000 -0.04222334
v 0.06581793 -0.02500000 -0.03800000
v 0.06816233 -0.02500000 -0.03361394
v 0.07021484 -0.02500000 -0.02908394
v 0.07196669 -0.02500000 -0.02442940
v 0.07341036 -0.02500000 -0.01967025
v 0.07453968 -0.02500000 -0.01482686
v 0.07534981 -0.02500000 -0.00991999
v 0.07583728 -0.02500000 -0.00497064
v 0.07600000 0.02500000 0.00000000
v 0.07583728 0.02500000 0.00497064
v 0.07534981 0.02500000 0.00991999
v 0.07453968 0.02500000 0.01482686
v 0.07341036 0.02500000 0.01967025
v 0.07196669 0.02500000 0.02442940
v 0.07021484 0.02500000 0.02908394
v 0.06816233 0.02500000 0.03361394
v 0.06581793 0.02500000 0.03800000
v 0.06319169 0.02500000 0.04222334
v 0.06029485 0.02500000 0.04626587
v 0.05713983 0.02500000 0.05011028
v 0.05374012 0.02500000 0.05374012
v 0.05011028 0.02500000 0.05713983
v 0.04626587 0.02500000 0.06029485
v 0.04222334 0.02500000 0.06319169
v 0.03800000 0.02500000 0.06581793
v 0.03361394 0.02500000 0.06816233
v 0.02908394 0.02500000 0.07021484
v 0.02442940 0.02500000 0.07196669
v 0.01967025 0.02500000 0.07341036
v 0.01482686 0.02500000 0.07453968
v 0.00991999 0.02500000 0.07534981
v 0.00497064 0.02500000 0.07583728
v 0.00000000 0.02500000 0.07600000
v -0.00497064 0.02500000 0.07583728
v -0.00991999 0.02500000 0.07534981
v -0.01482686 0.02500000 0.07453968
v -0.01967025 0.02500000 0.07341036
v -0.02442940 0.02500000 0.07196669
v -0.02908394 0.02500000 0.07021484
v -0.03361394 0.02500000 0.06816233
v -0.03800000 0.02500000 0.06581793
v -0.04222334 0.02500000 0.06319169
v -0.04626587 0.02500000 0.06029485
v -0.05011028 0.02500000 0.05713983
v -0.05374012 0.02500000 0.05374012
v -0.05713983 0.02500000 0.05011028
v -0.06029485 0.02500000 0.04626587
v -0.06319169 0.02500000 0.04222334
v -0.06581793 0.02500000 0.03800000
v -0.06816233 0.02500000 0.03361394
v -0.07021484 0.02500000 0.02908394
v -0.07196669 0.02500000 0.02442940
v -0.07341036 0.02500000 0.01967025
v -0.07453968 0.02500000 0.01482686
v -0.07534981 0.02500000 0.00991999
v -0.07583728 0.02500000 0.00497064
v -0.07600000 0.02500000 0.00000000
v -0.07583728 0.02500000 -0.00497064
v -0.07534981 0.02500000 -0.00991999
v -0.07453968 0.02500000 -0.01482686
v -0.07341036 0.02500000 -0.01967025
v -0.07196669 0.02500000 -0.02442940
v -0.07021484 0.02500000 -0.02908394
v -0.06816233 0.02500000 -0.03361394
v -0.06581793 0.02500000 -0.03800000
v -0.06319169 0.02500000 -0.04222334
v -0.06029485 0.02500000 -0.04626587
v -0.05713983 0.02500000 -0.05011028
v -0.05374012 0.02500000 -0.05374012
v -0.05011028 0.02500000 -0.05713983
v -0.04626587 0.02500000 -0.06029485
v -0.04222334 0.02500000 -0.06319169
v -0.03800000 0.02500000 -0.06581793
v -0.03361394 0.02500000 -0.06816233
v -0.02908394 0.02500000 -0.07021484
v -0.02442940 0.02500000 -0.07196669
v -0.01967025 0.02500000 -0.07341036
v -0.01482686 0.02500000 -0.07453968
v -0.00991999 0.02500000 -0.07534981
v -0.00497064 0.02500000 -0.07583728
v -0.00000000 0.02500000 -0.07600000
v 0.00497064 0.02500000 -0.07583728
v 0.00991999 0.02500000 -0.07534981
v 0.01482686 0.02500000 -0.07453968
v 0.01967025 0.02500000 -0.07341036
v 0.02442940 0.02500000 -0.07196669
v 0.02908394 0.02500000 -0.07021484
v 0.03361394 0.02500000 -0.06816233
v 0.03800000 0.02500000 -0.06581793
v 0.04222334 0.02500000 -0.06319169
v 0.04626587 0.02500000 -0.06029485
v 0.05011028 0.02500000 -0.05713983
v 0.05374012 0.02500000 -0.05374012
v 0.05713983 0.02500000 -0.05011028
v 0.06029485 0.02500000 -0.04626587
v 0.06319169 0.02500000 -0.04222334
v 0.06581793 0.02500000 -0.03800000
v 0.06816233 0.02500000 -0.03361394
v 0.07021484 0.02500000 -0.02908394
v 0.07196669 0.02500000 -0.02442940
v 0.07341036 0.02500000 -0.01967025
v 0.07453968 0.02500000 -0.01482686
v 0.07534981 0.02500000 -0.00991999
v 0.07583728 0.02500000 -0.00497064
v 0.07500000 0.03300000 0.00000000
v 0.07483942 0.03300000 0.00490523
v 0.07435836 0.03300000 0.00978946
v 0.07355890 0.03300000 0.01463177
v 0.07244444 0.03300000 0.01941143
v 0.07101976 0.03300000 0.02410796
v 0.06929096 0.03300000 0.02870126
v 0.06726546 0.03300000 0.03317165
v 0.06495191 0.03300000 0.03750000
v 0.06236022 0.03300000 0.04166777
v 0.05950150 0.03300000 0.04565711
v 0.05638799 0.03300000 0.04945094
v 0.05303301 0.03300000 0.05303301
v 0.04945094 0.03300000 0.05638799
v 0.04565711 0.03300000 0.05950150
v 0.04166777 0.03300000 0.06236022
v 0.03750000 0.03300000 0.06495191
v 0.03317165 0.03300000 0.06726546
v 0.02870126 0.03300000 0.06929096
v 0.02410796 0.03300000 0.07101976
v 0.01941143 0.03300000 0.07244444
v 0.01463177 0.03300000 0.07355890
v 0.00978946 0.03300000 0.07435836
v 0.00490523 0.03300000 0.07483942
v 0.00000000 0.03300000 0.07500000
v -0.00490523 0.03300000 0.07483942
v -0.00978946 0.03300000 0.07435836
v -0.01463177 0.03300000 0.07355890
v -0.01941143 0.03300000 0.07244444
v -0.02410796 0.03300000 0.07101976
v -0.02870126 0.03300000 0.06929096
v -0.03317165 0.03300000 0.06726546
v -0.03750000 0.03300000 0.06495191
v -0.04166777 0.03300000 0.06236022
v -0.04565711 0.03300000 0.05950150
v -0.04945094 0.03300000 0.05638799
v -0.05303301 0.03300000 0.05303301
v -0.05638799 0.03300000 0.04945094
v -0.05950150 0.03300000 0.04565711
v -0.06236022 0.03300000 0.04166777
v -0.06495191 0.03300000 0.03750000
v -0.06726546 0.03300000 0.03317165
v -0.06929096 0.03300000 0.02870126
v -0.07101976 0.03300000 0.02410796
v -0.07244444 0.03300000 0.01941143
v -0.07355890 0.03300000 0.01463177
v -0.07435836 0.03300000 0.00978946
v -0.07483942 0.03300000 0.00490523
v -0.07500000 0.03300000 0.00000000
v -0.07483942 0.03300000 -0.00490523
v -0.07435836 0.03300000 -0.00978946
v -0.07355890 0.03300000 -0.01463177
v -0.07244444 0.03300000 -0.01941143
v -0.07101976 0.03300000 -0.02410796
v -0.06929096 0.03300000 -0.02870126
v -0.06726546 0.03300000 -0.03317165
v -0.06495191 0.03300000 -0.03750000
v -0.06236022 0.03300000 -0.04166777
v -0.05950150 0.03300000 -0.04565711
v -0.05638799 0.03300000 -0.04945094
v -0.05303301 0.03300000 -0.05303301
v -0.04945094 0.03300000 -0.05638799
v -0.04565711 0.03300000 -0.05950150
v -0.04166777 0.03300000 -0.06236022
v -0.03750000 0.03300000 -0.06495191
v -0.03317165 0.03300000 -0.06726546
v -0.02870126 0.03300000 -0.06929096
v -0.02410796 0.03300000 -0.07101976
v -0.01941143 0.03300000 -0.07244444
v -0.01463177 0.03300000 -0.07355890
v -0.00978946 0.03300000 -0.07435836
v -0.00490523 0.03300000 -0.07483942
v -0.00000000 0.03300000 -0.07500000
v 0.00490523 0.03300000 -0.07483942
v 0.00978946 0.03300000 -0.07435836
v 0.01463177 0.03300000 -0.07355890
v 0.01941143 0.03300000 -0.07244444
v 0.02410796 0.03300000 -0.07101976
v 0.02870126 0.03300000 -0.06929096
v 0.03317165 0.03300000 -0.06726546
v 0.03750000 0.03300000 -0.06495191
v 0.04166777 0.03300000 -0.06236022
v 0.04565711 0.03300000 -0.05950150
v 0.04945094 0.03300000 -0.05638799
v 0.05303301 0.03300000 -0.05303301
v 0.05638799 0.03300000 -0.04945094
v 0.05950150 0.03300000 -0.04565711
v 0.06236022 0.03300000 -0.04166777
v 0.06495191 0.03300000 -0.03750000
v 0.06726546 0.03300000 -0.03317165
v 0.06929096 0.03300000 -0.02870126
v 0.07101976 0.03300000 -0.02410796
v 0.07244444 0.03300000 -0.01941143
v 0.07355890 0.03300000 -0.01463177
v 0.07435836 0.03300000 -0.00978946
v 0.07483942 0.03300000 -0.00490523
v 0.07000000 0.03900000 0.00000000
v 0.06985012 0.03900000 0.00457822
v 0.06940114 0.03900000 0.00913683
v 0.06865497 0.03900000 0.01365632
v 0.06761481 0.03900000 0.01811733
v 0.06628511 0.03900000 0.02250076
v 0.06467157 0.03900000 0.02678784
v 0.06278109 0.03900000 0.03096021
v 0.06062178 0.03900000 0.03500000
v 0.05820287 0.03900000 0.03888992
v 0.05553473 0.03900000 0.04261330
v 0.05262879 0.03900000 0.04615421
v 0.04949747 0.03900000 0.04949747
v 0.04615421 0.03900000 0.05262879
v 0.04261330 0.03900000 0.05553473
v 0.03888992 0.03900000 0.05820287
v 0.03500000 0.03900000 0.06062178
v 0.03096021 0.03900000 0.06278109
v 0.02678784 0.03900000 0.06467157
v 0.02250076 0.03900000 0.06628511
v 0.01811733 0.03900000 0.06761481
v 0.01365632 0.03900000 0.06865497
v 0.00913683 0.03900000 0.06940114
v 0.00457822 0.03900000 0.06985012
v 0.00000000 0.03900000 0.07000000
v -0.00457822 0.03900000 0.06985012
v -0.00913683 0.03900000 0.06940114
v -0.01365632 0.03900000 0.06865497
v -0.01811733 0.03900000 0.06761481
v -0.02250076 0.03900000 0.06628511
v -0.02678784 0.03900000 0.06467157
v -0.03096021 0.03900000 0.06278109
v -0.03500000 0.03900000 0.06062178
v -0.03888992 0.03900000 0.05820287
v -0.04261330 0.03900000 0.05553473
v -0.04615421 0.03900000 0.05262879
v -0.04949747 0.03900000 0.04949747
v -0.05262879 0.03900000 0.04615421
v -0.05553473 0.03900000 0.04261330
v -0.05820287 0.03900000 0.03888992
v -0.06062178 0.03900000 0.03500000
v -0.06278109 0.03900000 0.03096021
v -0.06467157 0.03900000 0.02678784
v -0.06628511 0.03900000 0.02250076
v -0.06761481 0.03900000 0.01811733
v -0.06865497 0.03900000 0.01365632
v -0.06940114 0.03900000 0.00913683
v -0.06985012 0.03900000 0.00457822
v -0.07000000 0.03900000 0.00000000
v -0.06985012 0.03900000 -0.00457822
v -0.06940114 0.03900000 -0.00913683
v -0.06865497 0.03900000 -0.01365632
v -0.06761481 0.03900000 -0.01811733
v -0.06628511 0.03900000 -0.02250076
v -0.06467157 0.03900000 -0.02678784
v -0.06278109 0.03900000 -0.03096021
v -0.06062178 0.03900000 -0.03500000
v -0.05820287 0.03900000 -0.03888992
v -0.05553473 0.03900000 -0.04261330
v -0.05262879 0.03900000 -0.04615421
v -0.04949747 0.03900000 -0.04949747
v -0.04615421 0.03900000 -0.05262879
v -0.04261330 0.03900000 -0.05553473
v -0.03888992 0.03900000 -0.05820287
v -0.03500000 0.03900000 -0.06062178
v -0.03096021 0.03900000 -0.06278109
v -0.02678784 0.03900000 -0.06467157
v -0.02250076 0.03900000 -0.06628511
v -0.01811733 0.03900000 -0.06761481
v -0.01365632 0.03900000 -0.06865497
v -0.00913683 0.03900000 -0.06940114
v -0.00457822 0.03900000 -0.06985012
v -0.00000000 0.03900000 -0.07000000
v 0.00457822 0.03900000 -0.06985012
v 0.00913683 0.03900000 -0.06940114
v 0.01365632 0.03900000 -0.06865497
v 0.01811733 0.03900000 -0.06761481
v 0.02250076 0.03900000 -0.06628511
v 0.02678784 0.03900000 -0.06467157
v 0.03096021 0.03900000 -0.06278109
v 0.03500000 0.03900000 -0.06062178
v 0.03888992 0.03900000 -0.05820287
v 0.04261330 0.03900000 -0.05553473
v 0.04615421 0.03900000 -0.05262879
v 0.04949747 0.03900000 -0.04949747
v 0.05262879 0.03900000 -0.04615421
v 0.05553473 0.03900000 -0.04261330
v 0.05820287 0.03900000 -0.03888992
v 0.06062178 0.03900000 -0.03500000
v 0.06278109 0.03900000 -0.03096021
v 0.06467157 0.03900000 -0.02678784
v 0.06628511 0.03900000 -0.02250076
v 0.06761481 0.03900000 -0.01811733
v 0.06865497 0.03900000 -0.01365632
v 0.06940114 0.03900000 -0.00913683
v 0.06985012 0.03900000 -0.00457822
v 0.05900000 0.04300000 0.00000000
v 0.05887368 0.04300000 0.00385878
v 0.05849525 0.04300000 0.00770105
v 0.05786633 0.04300000 0.01151033
v 0.05698962 0.04300000 0.01527032
v 0.05586888 0.04300000 0.01896493
v 0.05450889 0.04300000 0.02257832
v 0.05291549 0.04300000 0.02609503
v 0.05109550 0.04300000 0.02950000
v 0.04905671 0.04300000 0.03277864
v 0.04680785 0.04300000 0.03591692
v 0.04435855 0.04300000 0.03890140
v 0.04171930 0.04300000 0.04171930
v 0.03890140 0.04300000 0.04435855
v 0.03591692 0.04300000 0.04680785
v 0.03277864 0.04300000 0.04905671
v 0.02950000 0.04300000 0.05109550
v 0.02609503 0.04300000 0.05291549
v 0.02257832 0.04300000 0.05450889
v 0.01896493 0.04300000 0.05586888
v 0.01527032 0.04300000 0.05698962
v 0.01151033 0.04300000 0.05786633
v 0.00770105 0.04300000 0.05849525
v 0.00385878 0.04300000 0.05887368
v 0.00000000 0.04300000 0.05900000
v -0.00385878 0.04300000 0.05887368
v -0.00770105 0.04300000 0.05849525
v -0.01151033 0.04300000 0.05786633
v -0.01527032 0.04300000 0.05698962
v -0.01896493 0.04300000 0.05586888
v -0.02257832 0.04300000 0.05450889
v -0.02609503 0.04300000 0.05291549
v -0.02950000 0.04300000 0.05109550
v -0.03277864 0.04300000 0.04905671
v -0.03591692 0.04300000 0.04680785
v -0.03890140 0.04300000 0.04435855
v -0.04171930 0.04300000 0.04171930
v -0.04435855 0.04300000 0.03890140
v -0.04680785 0.04300000 0.03591692
v -0.04905671 0.04300000 0.03277864
v -0.05109550 0.04300000 0.02950000
v -0.05291549 0.04300000 0.02609503
v -0.05450889 0.04300000 0.02257832
v -0.05586888 0.04300000 0.01896493
v -0.05698962 0.04300000 0.01527032
v -0.05786633 0.04300000 0.01151033
v -0.05849525 0.04300000 0.00770105
v -0.05887368 0.04300000 0.00385878
v -0.05900000 0.04300000 0.00000000
v -0.05887368 0.04300000 -0.00385878
v -0.05849525 0.04300000 -0.00770105
v -0.05786633 0.04300000 -0.01151033
v -0.05698962 0.04300000 -0.01527032
v -0.05586888 0.04300000 -0.01896493
v -0.05450889 0.04300000 -0.02257832
v -0.05291549 0.04300000 -0.02609503
v -0.05109550 0.04300000 -0.02950000
v -0.04905671 0.04300000 -0.03277864
v -0.04680785 0.04300000 -0.03591692
v -0.04435855 0.04300000 -0.03890140
v -0.04171930 0.04300000 -0.04171930
v -0.03890140 0.04300000 -0.04435855
v -0.03591692 0.04300000 -0.04680785
v -0.03277864 0.04300000 -0.04905671
v -0.02950000 0.04300000 -0.05109550
v -0.02609503 0.04300000 -0.05291549
v -0.02257832 0.04300000 -0.05450889
v -0.01896493 0.04300000 -0.05586888
v -0.01527032 0.04300000 -0.05698962
v -0.01151033 0.04300000 -0.05786633
v -0.00770105 0.04300000 -0.05849525
v -0.00385878 0.04300000 -0.05887368
v -0.00000000 0.04300000 -0.05900000
v 0.00385878 0.04300000 -0.05887368
v 0.00770105 0.04300000 -0.05849525
v 0.01151033 0.04300000 -0.05786633
v 0.01527032 0.04300000 -0.05698962
v 0.01896493 0.04300000 -0.05586888
v 0.02257832 0.04300000 -0.05450889
v 0.02609503 0.04300000 -0.05291549
v 0.02950000 0.04300000 -0.05109550
v 0.03277864 0.04300000 -0.04905671
v 0.03591692 0.04300000 -0.04680785
v 0.03890140 0.04300000 -0.04435855
v 0.04171930 0.04300000 -0.04171930
v 0.04435855 0.04300000 -0.03890140
v 0.04680785 0.04300000 -0.03591692
v 0.04905671 0.04300000 -0.03277864
v 0.05109550 0.04300000 -0.02950000
v 0.05291549 0.04300000 -0.02609503
v 0.05450889 0.04300000 -0.02257832
v 0.05586888 0.04300000 -0.01896493
v 0.05698962 0.04300000 -0.01527032
v 0.05786633 0.04300000 -0.01151033
v 0.05849525 0.04300000 -0.00770105
v 0.05887368 0.04300000 -0.00385878
v 0.04900000 0.04500000 0.00000000
v 0.04889509 0.04500000 0.00320475
v 0.04858080 0.04500000 0.00639578
v 0.04805848 0.04500000 0.00955943
v 0.04733037 0.04500000 0.01268213
v 0.04639958 0.04500000 0.01575053
v 0.04527010 0.04500000 0.01875149
v 0.04394676 0.04500000 0.02167215
v 0.04243524 0.04500000 0.02450000
v 0.04074201 0.04500000 0.02722294
v 0.03887431 0.04500000 0.02982931
v 0.03684015 0.04500000 0.03230794
v 0.03464823 0.04500000 0.03464823
v 0.03230794 0.04500000 0.03684015
v 0.02982931 0.04500000 0.03887431
v 0.02722294 0.04500000 0.04074201
v 0.02450000 0.04500000 0.04243524
v 0.02167215 0.04500000 0.04394676
v 0.01875149 0.04500000 0.04527010
v 0.01575053 0.04500000 0.04639958
v 0.01268213 0.04500000 0.04733037
v 0.00955943 0.04500000 0.04805848
v 0.00639578 0.04500000 0.04858080
v 0.00320475 0.04500000 0.04889509
v 0.00000000 0.04500000 0.04900000
v -0.00320475 0.04500000 0.04889509
v -0.00639578 0.04500000 0.04858080
v -0.00955943 0.04500000 0.04805848
v -0.01268213 0.04500000 0.04733037
v -0.01575053 0.04500000 0.04639958
v -0.01875149 0.04500000 0.04527010
v -0.02167215 0.04500000 0.04394676
v -0.02450000 0.04500000 0.04243524
v -0.02722294 0.04500000 0.04074201
v -0.02982931 0.04500000 0.03887431
v -0.03230794 0.04500000 0.03684015
v -0.03464823 0.04500000 0.03464823
v -0.03684015 0.04500000 0.03230794
v -0.03887431 0.04500000 0.02982931
v -0.04074201 0.04500000 0.02722294
v -0.04243524 0.04500000 0.02450000
v -0.04394676 0.04500000 0.02167215
v -0.04527010 0.04500000 0.01875149
v -0.04639958 0.04500000 0.01575053
v -0.04733037 0.04500000 0.01268213
v -0.04805848 0.04500000 0.00955943
v -0.04858080 0.04500000 0.00639578
v -0.04889509 0.04500000 0.00320475
v -0.04900000 0.04500000 0.00000000
v -0.04889509 0.04500000 -0.00320475
v -0.04858080 0.04500000 -0.00639578
v -0.04805848 0.04500000 -0.00955943
v -0.04733037 0.04500000 -0.01268213
v -0.04639958 0.04500000 -0.01575053
v -0.04527010 0.04500000 -0.01875149
v -0.04394676 0.04500000 -0.02167215
v -0.04243524 0.04500000 -0.02450000
v -0.04074201 0.04500000 -0.02722294
v -0.03887431 0.04500000 -0.02982931
v -0.03684015 0.04500000 -0.03230794
v -0.03464823 0.04500000 -0.03464823
v -0.03230794 0.04500000 -0.03684015
v -0.02982931 0.04500000 -0.03887431
v -0.02722294 0.04500000 -0.04074201
v -0.02450000 0.04500000 -0.04243524
v -0.02167215 0.04500000 -0.04394676
v -0.01875149 0.04500000 -0.04527010
v -0.01575053 0.04500000 -0.04639958
v -0.01268213 0.04500000 -0.04733037
v -0.00955943 0.04500000 -0.04805848
v -0.00639578 0.04500000 -0.04858080
v -0.00320475 0.04500000 -0.04889509
v -0.00000000 0.04500000 -0.04900000
v 0.00320475 0.04500000 -0.04889509
v 0.00639578 0.04500000 -0.04858080
v 0.00955943 0.04500000 -0.04805848
v 0.01268213 0.04500000 -0.04733037
v 0.01575053 0.04500000 -0.04639958
v 0.01875149 0.04500000 -0.04527010
v 0.02167215 0.04500000 -0.04394676
v 0.02450000 0.04500000 -0.04243524
v 0.02722294 0.04500000 -0.04074201
v 0.02982931 0.04500000 -0.03887431
v 0.03230794 0.04500000 -0.03684015
v 0.03464823 0.04500000 -0.03464823
v 0.03684015 0.04500000 -0.03230794
v 0.03887431 0.04500000 -0.02982931
v 0.04074201 0.04500000 -0.02722294
v 0.04243524 0.04500000 -0.02450000
v 0.04394676 0.04500000 -0.02167215
v 0.04527010 0.04500000 -0.01875149
v 0.04639958 0.04500000 -0.01575053
v 0.04733037 0.04500000 -0.01268213
v 0.04805848 0.04500000 -0.00955943
v 0.04858080 0.04500000 -0.00639578
v 0.04889509 0.04500000 -0.00320475
vn 0.19611614 -0.98058068 0.00000000
vn 0.19569624 -0.98058068 0.01282661
vn 0.19443833 -0.98058068 0.02559829
vn 0.19234782 -0.98058068 0.03826036
vn 0.18943364 -0.98058068 0.05075859
vn 0.18570828 -0.98058068 0.06303947
vn 0.18118768 -0.98058068 0.07505040
vn 0.17589122 -0.98058068 0.08673995
vn 0.16984156 -0.98058068 0.09805807
vn 0.16306461 -0.98058068 0.10895629
vn 0.15558939 -0.98058068 0.11938794
vn 0.14744792 -0.98058068 0.12930835
vn 0.13867505 -0.98058068 0.13867505
vn 0.12930835 -0.98058068 0.14744792
vn 0.11938794 -0.98058068 0.15558939
vn 0.10895629 -0.98058068 0.16306461
vn 0.09805807 -0.98058068 0.16984156
vn 0.08673995 -0.98058068 0.17589122
vn 0.07505040 -0.98058068 0.18118768
vn 0.06303947 -0.98058068 0.18570828
vn 0.05075859 -0.98058068 0.18943364
vn 0.03826036 -0.98058068 0.19234782
vn 0.02559829 -0.98058068 0.19443833
vn 0.01282661 -0.98058068 0.19569624
vn -0.00000000 -0.98058068 0.19611614
vn -0.01282661 -0.98058068 0.19569624
vn -0.02559829 -0.98058068 0.19443833
vn -0.03826036 -0.98058068 0.19234782
vn -0.05075859 -0.98058068 0.18943364
vn -0.06303947 -0.98058068 0.18570828
vn -0.07505040 -0.98058068 0.18118768
vn -0.08673995 -0.98058068 0.17589122
vn -0.09805807 -0.98058068 0.16984156
vn -0.10895629 -0.98058068 0.16306461
vn -0.11938794 -0.98058068 0.15558939
vn -0.12930835 -0.98058068 0.14744792
vn -0.13867505 -0.98058068 0.13867505
vn -0.14744792 -0.98058068 0.12930835
vn -0.15558939 -0.98058068 0.11938794
vn -0.16306461 -0.98058068 0.10895629
vn -0.16984156 -0.98058068 0.09805807
vn -0.17589122 -0.98058068 0.08673995
vn -0.18118768 -0.98058068 0.07505040
vn -0.18570828 -0.98058068 0.06303947
vn -0.18943364 -0.98058068 0.05075859
vn -0.19234782 -0.98058068 0.03826036
vn -0.19443833 -0.98058068 0.02559829
vn -0.19569624 -0.98058068 0.01282661
vn -0.19611614 -0.98058068 -0.00000000
vn -0.19569624 -0.98058068 -0.01282661
vn -0.19443833 -0.98058068 -0.02559829
vn -0.19234782 -0.98058068 -0.03826036
vn -0.18943364 -0.98058068 -0.05075859
vn -0.18570828 -0.98058068 -0.06303947
vn -0.18118768 -0.98058068 -0.07505040
vn -0.17589122 -0.98058068 -0.08673995
vn -0.16984156 -0.98058068 -0.09805807
vn -0.16306461 -0.98058068 -0.10895629
vn -0.15558939 -0.98058068 -0.11938794
vn -0.14744792 -0.98058068 -0.12930835
vn -0.13867505 -0.98058068 -0.13867505
vn -0.12930835 -0.98058068 -0.14744792
vn -0.11938794 -0.98058068 -0.15558939
vn -0.10895629 -0.98058068 -0.16306461
vn -0.09805807 -0.98058068 -0.16984156
vn -0.08673995 -0.98058068 -0.17589122
vn -0.07505040 -0.98058068 -0.18118768
vn -0.06303947 -0.98058068 -0.18570828
vn -0.05075859 -0.98058068 -0.18943364
vn -0.03826036 -0.98058068 -0.19234782
vn -0.02559829 -0.98058068 -0.19443833
vn -0.01282661 -0.98058068 -0.19569624
vn -0.00000000 -0.98058068 -0.19611614
vn 0.01282661 -0.98058068 -0.19569624
vn 0.02559829 -0.98058068 -0.19443833
vn 0.03826036 -0.98058068 -0.19234782
vn 0.05075859 -0.98058068 -0.18943364
vn 0.06303947 -0.98058068 -0.18570828
vn 0.07505040 -0.98058068 -0.18118768
vn 0.08673995 -0.98058068 -0.17589122
vn 0.09805807 -0.98058068 -0.16984156
vn 0.10895629 -0.98058068 -0.16306461
vn 0.11938794 -0.98058068 -0.15558939
vn 0.12930835 -0.98058068 -0.14744792
vn 0.13867505 -0.98058068 -0.13867505
vn 0.14744792 -0.98058068 -0.12930835
vn 0.15558939 -0.98058068 -0.11938794
vn 0.16306461 -0.98058068 -0.10895629
vn 0.16984156 -0.98058068 -0.09805807
vn 0.17589122 -0.98058068 -0.08673995
vn 0.18118768 -0.98058068 -0.07505040
vn 0.18570828 -0.98058068 -0.06303947
vn 0.18943364 -0.98058068 -0.05075859
vn 0.19234782 -0.98058068 -0.03826036
vn 0.19443833 -0.98058068 -0.02559829
vn 0.19569624 -0.98058068 -0.01282661
vn 0.27116123 -0.96253394 0.00000000
vn 0.27058066 -0.96253394 0.01773479
vn 0.26884141 -0.96253394 0.03539364
vn 0.26595095 -0.96253394 0.05290093
vn 0.26192164 -0.96253394 0.07018169
vn 0.25677074 -0.96253394 0.08716192
vn 0.25052031 -0.96253394 0.10376891
vn 0.24319712 -0.96253394 0.11993155
vn 0.23483252 -0.96253394 0.13558062
vn 0.22546233 -0.96253394 0.15064911
vn 0.21512667 -0.96253394 0.16507250
vn 0.20386981 -0.96253394 0.17878902
vn 0.19173995 -0.96253394 0.19173995
vn 0.17878902 -0.96253394 0.20386981
vn 0.16507250 -0.96253394 0.21512667
vn 0.15064911 -0.96253394 0.22546233
vn 0.13558062 -0.96253394 0.23483252
vn 0.11993155 -0.96253394 0.24319712
vn 0.10376891 -0.96253394 0.25052031
vn 0.08716192 -0.96253394 0.25677074
vn 0.07018169 -0.96253394 0.26192164
vn 0.05290093 -0.96253394 0.26595095
vn 0.03539364 -0.96253394 0.26884141
vn 0.01773479 -0.96253394 0.27058066
vn -0.00000000 -0.96253394 0.27116123
vn -0.01773479 -0.96253394 0.27058066
vn -0.03539364 -0.96253394 0.26884141
vn -0.05290093 -0.96253394 0.26595095
vn -0.07018169 -0.96253394 0.26192164
vn -0.08716192 -0.96253394 0.25677074
vn -0.10376891 -0.96253394 0.25052031
vn -0.11993155 -0.96253394 0.24319712
vn -0.13558062 -0.96253394 0.23483252
vn -0.15064911 -0.96253394 0.22546233
vn -0.16507250 -0.96253394 0.21512667
vn -0.17878902 -0.96253394 0.20386981
vn -0.19173995 -0.96253394 0.19173995
vn -0.20386981 -0.96253394 0.17878902
vn -0.21512667 -0.96253394 0.16507250
vn -0.22546233 -0.96253394 0.15064911
vn -0.23483252 -0.96253394 0.13558062
vn -0.24319712 -0.96253394 0.11993155
vn -0.25052031 -0.96253394 0.10376891
vn -0.25677074 -0.96253394 0.08716192
vn -0.26192164 -0.96253394 0.07018169
vn -0.26595095 -0.96253394 0.05290093
vn -0.26884141 -0.96253394 0.03539364
vn -0.27058066 -0.96253394 0.01773479
vn -0.27116123 -0.96253394 -0.00000000
vn -0.27058066 -0.96253394 -0.01773479
vn -0.26884141 -0.96253394 -0.03539364
vn -0.26595095 -0.96253394 -0.05290093
vn -0.26192164 -0.96253394 -0.07018169
vn -0.25677074 -0.96253394 -0.08716192
vn -0.25052031 -0.96253394 -0.10376891
vn -0.24319712 -0.96253394 -0.11993155
vn -0.23483252 -0.96253394 -0.13558062
vn -0.22546233 -0.96253394 -0.15064911
vn -0.21512667 -0.96253394 -0.16507250
vn -0.20386981 -0.96253394 -0.17878902
vn -0.19173995 -0.96253394 -0.19173995
vn -0.17878902 -0.96253394 -0.20386981
vn -0.16507250 -0.96253394 -0.21512667
vn -0.15064911 -0.96253394 -0.22546233
vn -0.13558062 -0.96253394 -0.23483252
vn -0.11993155 -0.96253394 -0.24319712
vn -0.10376891 -0.96253394 -0.25052031
vn -0.08716192 -0.96253394 -0.25677074
vn -0.07018169 -0.96253394 -0.26192164
vn -0.05290093 -0.96253394 -0.26595095
vn -0.03539364 -0.96253394 -0.26884141
vn -0.01773479 -0.96253394 -0.27058066
vn -0.00000000 -0.96253394 -0.27116123
vn 0.01773479 -0.96253394 -0.27058066
vn 0.03539364 -0.96253394 -0.26884141
vn 0.05290093 -0.96253394 -0.26595095
vn 0.07018169 -0.96253394 -0.26192164
vn 0.08716192 -0.96253394 -0.25677074
vn 0.10376891 -0.96253394 -0.25052031
vn 0.11993155 -0.96253394 -0.24319712
vn 0.13558062 -0.96253394 -0.23483252
vn 0.15064911 -0.96253394 -0.22546233
vn 0.16507250 -0.96253394 -0.21512667
vn 0.17878902 -0.96253394 -0.20386981
vn 0.19173995 -0.96253394 -0.19173995
vn 0.20386981 -0.96253394 -0.17878902
vn 0.21512667 -0.96253394 -0.16507250
vn 0.22546233 -0.96253394 -0.15064911
vn 0.23483252 -0.96253394 -0.13558062
vn 0.24319712 -0.96253394 -0.11993155
vn 0.25052031 -0.96253394 -0.10376891
vn 0.25677074 -0.96253394 -0.08716192
vn 0.26192164 -0.96253394 -0.07018169
vn 0.26595095 -0.96253394 -0.05290093
vn 0.26884141 -0.96253394 -0.03539364
vn 0.27058066 -0.96253394 -0.01773479
vn 0.57845750 -0.81571252 0.00000000
vn 0.57721898 -0.81571252 0.03783293
vn 0.57350871 -0.81571252 0.07550385
vn 0.56734260 -0.81571252 0.11285146
vn 0.55874704 -0.81571252 0.14971582
vn 0.54775883 -0.81571252 0.18593907
vn 0.53442504 -0.81571252 0.22136610
vn 0.51880276 -0.81571252 0.25584521
vn 0.50095889 -0.81571252 0.28922875
vn 0.48096983 -0.81571252 0.32137377
vn 0.45892119 -0.81571252 0.35214261
vn 0.43490737 -0.81571252 0.38140353
vn 0.40903122 -0.81571252 0.40903122
vn 0.38140353 -0.81571252 0.43490737
vn 0.35214261 -0.81571252 0.45892119
vn 0.32137377 -0.81571252 0.48096983
vn 0.28922875 -0.81571252 0.50095889
vn 0.25584521 -0.81571252 0.51880276
vn 0.22136610 -0.81571252 0.53442504
vn 0.18593907 -0.81571252 0.54775883
vn 0.14971582 -0.81571252 0.55874704
vn 0.11285146 -0.81571252 0.56734260
vn 0.07550385 -0.81571252 0.57350871
vn 0.03783293 -0.81571252 0.57721898
vn -0.00000000 -0.81571252 0.57845750
vn -0.03783293 -0.81571252 0.57721898
vn -0.07550385 -0.81571252 0.57350871
vn -0.11285146 -0.81571252 0.56734260
vn -0.14971582 -0.81571252 0.55874704
vn -0.18593907 -0.81571252 0.54775883
vn -0.22136610 -0.81571252 0.53442504
vn -0.25584521 -0.81571252 0.51880276
vn -0.28922875 -0.81571252 0.50095889
vn -0.32137377 -0.81571252 0.48096983
vn -0.35214261 -0.81571252 0.45892119
vn -0.38140353 -0.81571252 0.43490737
vn -0.40903122 -0.81571252 0.40903122
vn -0.43490737 -0.81571252 0.38140353
vn -0.45892119 -0.81571252 0.35214261
vn -0.48096983 -0.81571252 0.32137377
vn -0.50095889 -0.81571252 0.28922875
vn -0.51880276 -0.81571252 0.25584521
vn -0.53442504 -0.81571252 0.22136610
vn -0.54775883 -0.81571252 0.18593907
vn -0.55874704 -0.81571252 0.14971582
vn -0.56734260 -0.81571252 0.11285146
vn -0.57350871 -0.81571252 0.07550385
vn -0.57721898 -0.81571252 0.03783293
vn -0.57845750 -0.81571252 -0.00000000
vn -0.57721898 -0.81571252 -0.03783293
vn -0.57350871 -0.81571252 -0.07550385
vn -0.56734260 -0.81571252 -0.11285146
vn -0.55874704 -0.81571252 -0.14971582
vn -0.54775883 -0.81571252 -0.18593907
vn -0.53442504 -0.81571252 -0.22136610
vn -0.51880276 -0.81571252 -0.25584521
vn -0.50095889 -0.81571252 -0.28922875
vn -0.48096983 -0.81571252 -0.32137377
vn -0.45892119 -0.81571252 -0.35214261
vn -0.43490737 -0.81571252 -0.38140353
vn -0.40903122 -0.81571252 -0.40903122
vn -0.38140353 -0.81571252 -0.43490737
vn -0.35214261 -0.81571252 -0.45892119
vn -0.32137377 -0.81571252 -0.48096983
vn -0.28922875 -0.81571252 -0.50095889
vn -0.25584521 -0.81571252 -0.51880276
vn -0.22136610 -0.81571252 -0.53442504
vn -0.18593907 -0.81571252 -0.54775883
vn -0.14971582 -0.81571252 -0.55874704
vn -0.11285146 -0.81571252 -0.56734260
vn -0.07550385 -0.81571252 -0.57350871
vn -0.03783293 -0.81571252 -0.57721898
vn -0.00000000 -0.81571252 -0.57845750
vn 0.03783293 -0.81571252 -0.57721898
vn 0.07550385 -0.81571252 -0.57350871
vn 0.11285146 -0.81571252 -0.56734260
vn 0.14971582 -0.81571252 -0.55874704
vn 0.18593907 -0.81571252 -0.54775883
vn 0.22136610 -0.81571252 -0.53442504
vn 0.25584521 -0.81571252 -0.51880276
vn 0.28922875 -0.81571252 -0.50095889
vn 0.32137377 -0.81571252 -0.48096983
vn 0.35214261 -0.81571252 -0.45892119
vn 0.38140353 -0.81571252 -0.43490737
vn 0.40903122 -0.81571252 -0.40903122
vn 0.43490737 -0.81571252 -0.38140353
vn 0.45892119 -0.81571252 -0.35214261
vn 0.48096983 -0.81571252 -0.32137377
vn 0.50095889 -0.81571252 -0.28922875
vn 0.51880276 -0.81571252 -0.25584521
vn 0.53442504 -0.81571252 -0.22136610
vn 0.54775883 -0.81571252 -0.18593907
vn 0.55874704 -0.81571252 -0.14971582
vn 0.56734260 -0.81571252 -0.11285146
vn 0.57350871 -0.81571252 -0.07550385
vn 0.57721898 -0.81571252 -0.03783293
vn 0.91822092 -0.39606860 0.00000000
vn 0.91625494 -0.39606860 0.06005452
vn 0.91036542 -0.39606860 0.11985188
vn 0.90057757 -0.39606860 0.17913602
vn 0.88693330 -0.39606860 0.23765306
vn 0.86949106 -0.39606860 0.29515244
vn 0.84832552 -0.39606860 0.35138793
vn 0.82352732 -0.39606860 0.40611873
vn 0.79520265 -0.39606860 0.45911046
vn 0.76347280 -0.39606860 0.51013621
vn 0.72847364 -0.39606860 0.55897748
vn 0.69035504 -0.39606860 0.60542512
vn 0.64928024 -0.39606860 0.64928024
vn 0.60542512 -0.39606860 0.69035504
vn 0.55897748 -0.39606860 0.72847364
vn 0.51013621 -0.39606860 0.76347280
vn 0.45911046 -0.39606860 0.79520265
vn 0.40611873 -0.39606860 0.82352732
vn 0.35138793 -0.39606860 0.84832552
vn 0.29515244 -0.39606860 0.86949106
vn 0.23765306 -0.39606860 0.88693330
vn 0.17913602 -0.39606860 0.90057757
vn 0.11985188 -0.39606860 0.91036542
vn 0.06005452 -0.39606860 0.91625494
vn -0.00000000 -0.39606860 0.91822092
vn -0.06005452 -0.39606860 0.91625494
vn -0.11985188 -0.39606860 0.91036542
vn -0.17913602 -0.39606860 0.90057757
vn -0.23765306 -0.39606860 0.88693330
vn -0.29515244 -0.39606860 0.86949106
vn -0.35138793 -0.39606860 0.84832552
vn -0.40611873 -0.39606860 0.82352732
vn -0.45911046 -0.39606860 0.79520265
vn -0.51013621 -0.39606860 0.76347280
vn -0.55897748 -0.39606860 0.72847364
vn -0.60542512 -0.39606860 0.69035504
vn -0.64928024 -0.39606860 0.64928024
vn -0.69035504 -0.39606860 0.60542512
vn -0.72847364 -0.39606860 0.55897748
vn -0.76347280 -0.39606860 0.51013621
vn -0.79520265 -0.39606860 0.45911046
vn -0.82352732 -0.39606860 0.40611873
vn -0.84832552 -0.39606860 0.35138793
vn -0.86949106 -0.39606860 0.29515244
vn -0.88693330 -0.39606860 0.23765306
vn -0.90057757 -0.39606860 0.17913602
vn -0.91036542 -0.39606860 0.11985188
vn -0.91625494 -0.39606860 0.06005452
vn -0.91822092 -0.39606860 -0.00000000
vn -0.91625494 -0.39606860 -0.06005452
vn -0.91036542 -0.39606860 -0.11985188
vn -0.90057757 -0.39606860 -0.17913602
vn -0.88693330 -0.39606860 -0.23765306
vn -0.86949106 -0.39606860 -0.29515244
vn -0.84832552 -0.39606860 -0.35138793
vn -0.82352732 -0.39606860 -0.40611873
vn -0.79520265 -0.39606860 -0.45911046
vn -0.76347280 -0.39606860 -0.51013621
vn -0.72847364 -0.39606860 -0.55897748
vn -0.69035504 -0.39606860 -0.60542512
vn -0.64928024 -0.39606860 -0.64928024
vn -0.60542512 -0.39606860 -0.69035504
vn -0.55897748 -0.39606860 -0.72847364
vn -0.51013621 -0.39606860 -0.76347280
vn -0.45911046 -0.39606860 -0.79520265
vn -0.40611873 -0.39606860 -0.82352732
vn -0.35138793 -0.39606860 -0.84832552
vn -0.29515244 -0.39606860 -0.86949106
vn -0.23765306 -0.39606860 -0.88693330
vn -0.17913602 -0.39606860 -0.90057757
vn -0.11985188 -0.39606860 -0.91036542
vn -0.06005452 -0.39606860 -0.91625494
vn 0.00000000 -0.39606860 -0.91822092
vn 0.06005452 -0.39606860 -0.91625494
vn 0.11985188 -0.39606860 -0.91036542
vn 0.17913602 -0.39606860 -0.90057757
vn 0.23765306 -0.39606860 -0.88693330
vn 0.29515244 -0.39606860 -0.86949106
vn 0.35138793 -0.39606860 -0.84832552
vn 0.40611873 -0.39606860 -0.82352732
vn 0.45911046 -0.39606860 -0.79520265
vn 0.51013621 -0.39606860 -0.76347280
vn 0.55897748 -0.39606860 -0.72847364
vn 0.60542512 -0.39606860 -0.69035504
vn 0.64928024 -0.39606860 -0.64928024
vn 0.69035504 -0.39606860 -0.60542512
vn 0.72847364 -0.39606860 -0.55897748
vn 0.76347280 -0.39606860 -0.51013621
vn 0.79520265 -0.39606860 -0.45911046
vn 0.82352732 -0.39606860 -0.40611873
vn 0.84832552 -0.39606860 -0.35138793
vn 0.86949106 -0.39606860 -0.29515244
vn 0.88693330 -0.39606860 -0.23765306
vn 0.90057757 -0.39606860 -0.17913602
vn 0.91036542 -0.39606860 -0.11985188
vn 0.91625494 -0.39606860 -0.06005452
vn 0.99807259 -0.06205732 0.00000000
vn 0.99593564 -0.06205732 0.06527707
vn 0.98953394 -0.06205732 0.13027461
vn 0.97889490 -0.06205732 0.19471430
vn 0.96406409 -0.06205732 0.25832019
vn 0.94510500 -0.06205732 0.32081992
vn 0.92209883 -0.06205732 0.38194584
vn 0.89514410 -0.06205732 0.44143622
vn 0.86435621 -0.06205732 0.49903629
vn 0.82986703 -0.06205732 0.55449942
vn 0.79182422 -0.06205732 0.60758809
vn 0.75039070 -0.06205732 0.65807498
vn 0.70574389 -0.06205732 0.70574389
vn 0.65807498 -0.06205732 0.75039070
vn 0.60758809 -0.06205732 0.79182422
vn 0.55449942 -0.06205732 0.82986703
vn 0.49903629 -0.06205732 0.86435621
vn 0.44143622 -0.06205732 0.89514410
vn 0.38194584 -0.06205732 0.92209883
vn 0.32081992 -0.06205732 0.94510500
vn 0.25832019 -0.06205732 0.96406409
vn 0.19471430 -0.06205732 0.97889490
vn 0.13027461 -0.06205732 0.98953394
vn 0.06527707 -0.06205732 0.99593564
vn 0.00000000 -0.06205732 0.99807259
vn -0.06527707 -0.06205732 0.99593564
vn -0.13027461 -0.06205732 0.98953394
vn -0.19471430 -0.06205732 0.97889490
vn -0.25832019 -0.06205732 0.96406409
vn -0.32081992 -0.06205732 0.94510500
vn -0.38194584 -0.06205732 0.92209883
vn -0.44143622 -0.06205732 0.89514410
vn -0.49903629 -0.06205732 0.86435621
vn -0.55449942 -0.06205732 0.82986703
vn -0.60758809 -0.06205732 0.79182422
vn -0.65807498 -0.06205732 0.75039070
vn -0.70574389 -0.06205732 0.70574389
vn -0.75039070 -0.06205732 0.65807498
vn -0.79182422 -0.06205732 0.60758809
vn -0.82986703 -0.06205732 0.55449942
vn -0.86435621 -0.06205732 0.49903629
vn -0.89514410 -0.06205732 0.44143622
vn -0.92209883 -0.06205732 0.38194584
vn -0.94510500 -0.06205732 0.32081992
vn -0.96406409 -0.06205732 0.25832019
vn -0.97889490 -0.06205732 0.19471430
vn -0.98953394 -0.06205732 0.13027461
vn -0.99593564 -0.06205732 0.06527707
vn -0.99807259 -0.06205732 -0.00000000
vn -0.99593564 -0.06205732 -0.06527707
vn -0.98953394 -0.06205732 -0.13027461
vn -0.97889490 -0.06205732 -0.19471430
vn -0.96406409 -0.06205732 -0.25832019
vn -0.94510500 -0.06205732 -0.32081992
vn -0.92209883 -0.06205732 -0.38194584
vn -0.89514410 -0.06205732 -0.44143622
vn -0.86435621 -0.06205732 -0.49903629
vn -0.82986703 -0.06205732 -0.55449942
vn -0.79182422 -0.06205732 -0.60758809
vn -0.75039070 -0.06205732 -0.65807498
vn -0.70574389 -0.06205732 -0.70574389
vn -0.65807498 -0.06205732 -0.75039070
vn -0.60758809 -0.06205732 -0.79182422
vn -0.55449942 -0.06205732 -0.82986703
vn -0.49903629 -0.06205732 -0.86435621
vn -0.44143622 -0.06205732 -0.89514410
vn -0.38194584 -0.06205732 -0.92209883
vn -0.32081992 -0.06205732 -0.94510500
vn -0.25832019 -0.06205732 -0.96406409
vn -0.19471430 -0.06205732 -0.97889490
vn -0.13027461 -0.06205732 -0.98953394
vn -0.06527707 -0.06205732 -0.99593564
vn 0.00000000 -0.06205732 -0.99807259
vn 0.06527707 -0.06205732 -0.99593564
vn 0.13027461 -0.06205732 -0.98953394
vn 0.19471430 -0.06205732 -0.97889490
vn 0.25832019 -0.06205732 -0.96406409
vn 0.32081992 -0.06205732 -0.94510500
vn 0.38194584 -0.06205732 -0.92209883
vn 0.44143622 -0.06205732 -0.89514410
vn 0.49903629 -0.06205732 -0.86435621
vn 0.55449942 -0.06205732 -0.82986703
vn 0.60758809 -0.06205732 -0.79182422
vn 0.65807498 -0.06205732 -0.75039070
vn 0.70574389 -0.06205732 -0.70574389
vn 0.75039070 -0.06205732 -0.65807498
vn 0.79182422 -0.06205732 -0.60758809
vn 0.82986703 -0.06205732 -0.55449942
vn 0.86435621 -0.06205732 -0.49903629
vn 0.89514410 -0.06205732 -0.44143622
vn 0.92209883 -0.06205732 -0.38194584
vn 0.94510500 -0.06205732 -0.32081992
vn 0.96406409 -0.06205732 -0.25832019
vn 0.97889490 -0.06205732 -0.19471430
vn 0.98953394 -0.06205732 -0.13027461
vn 0.99593564 -0.06205732 -0.06527707
vn 0.99807259 0.06205732 0.00000000
vn 0.99593564 0.06205732 0.06527707
vn 0.98953394 0.06205732 0.13027461
vn 0.97889490 0.06205732 0.19471430
vn 0.96406409 0.06205732 0.25832019
vn 0.94510500 0.06205732 0.32081992
vn 0.92209883 0.06205732 0.38194584
vn 0.89514410 0.06205732 0.44143622
vn 0.86435621 0.06205732 0.49903629
vn 0.82986703 0.06205732 0.55449942
vn 0.79182422 0.06205732 0.60758809
vn 0.75039070 0.06205732 0.65807498
vn 0.70574389 0.06205732 0.70574389
vn 0.65807498 0.06205732 0.75039070
vn 0.60758809 0.06205732 0.79182422
vn 0.55449942 0.06205732 0.82986703
vn 0.49903629 0.06205732 0.86435621
vn 0.44143622 0.06205732 0.89514410
vn 0.38194584 0.06205732 0.92209883
vn 0.32081992 0.06205732 0.94510500
vn 0.25832019 0.06205732 0.96406409
vn 0.19471430 0.06205732 0.97889490
vn 0.13027461 0.06205732 0.98953394
vn 0.06527707 0.06205732 0.99593564
vn -0.00000000 0.06205732 0.99807259
vn -0.06527707 0.06205732 0.99593564
vn -0.13027461 0.06205732 0.98953394
vn -0.19471430 0.06205732 0.97889490
vn -0.25832019 0.06205732 0.96406409
vn -0.32081992 0.06205732 0.94510500
vn -0.38194584 0.06205732 0.92209883
vn -0.44143622 0.06205732 0.89514410
vn -0.49903629 0.06205732 0.86435621
vn -0.55449942 0.06205732 0.82986703
vn -0.60758809 0.06205732 0.79182422
vn -0.65807498 0.06205732 0.75039070
vn -0.70574389 0.06205732 0.70574389
vn -0.75039070 0.06205732 0.65807498
vn -0.79182422 0.06205732 0.60758809
vn -0.82986703 0.06205732 0.55449942
vn -0.86435621 0.06205732 0.49903629
vn -0.89514410 0.06205732 0.44143622
vn -0.92209883 0.06205732 0.38194584
vn -0.94510500 0.06205732 0.32081992
vn -0.96406409 0.06205732 0.25832019
vn -0.97889490 0.06205732 0.19471430
vn -0.98953394 0.06205732 0.13027461
vn -0.99593564 0.06205732 0.06527707
vn -0.99807259 0.06205732 -0.00000000
vn -0.99593564 0.06205732 -0.06527707
vn -0.98953394 0.06205732 -0.13027461
vn -0.97889490 0.06205732 -0.19471430
vn -0.96406409 0.06205732 -0.25832019
vn -0.94510500 0.06205732 -0.32081992
vn -0.92209883 0.06205732 -0.38194584
vn -0.89514410 0.06205732 -0.44143622
vn -0.86435621 0.06205732 -0.49903629
vn -0.82986703 0.06205732 -0.55449942
vn -0.79182422 0.06205732 -0.60758809
vn -0.75039070 0.06205732 -0.65807498
vn -0.70574389 0.06205732 -0.70574389
vn -0.65807498 0.06205732 -0.75039070
vn -0.60758809 0.06205732 -0.79182422
vn -0.55449942 0.06205732 -0.82986703
vn -0.49903629 0.06205732 -0.86435621
vn -0.44143622 0.06205732 -0.89514410
vn -0.38194584 0.06205732 -0.92209883
vn -0.32081992 0.06205732 -0.94510500
vn -0.25832019 0.06205732 -0.96406409
vn -0.19471430 0.06205732 -0.97889490
vn -0.13027461 0.06205732 -0.98953394
vn -0.06527707 0.06205732 -0.99593564
vn 0.00000000 0.06205732 -0.99807259
vn 0.06527707 0.06205732 -0.99593564
vn 0.13027461 0.06205732 -0.98953394
vn 0.19471430 0.06205732 -0.97889490
vn 0.25832019 0.06205732 -0.96406409
vn 0.32081992 0.06205732 -0.94510500
vn 0.38194584 0.06205732 -0.92209883
vn 0.44143622 0.06205732 -0.89514410
vn 0.49903629 0.06205732 -0.86435621
vn 0.55449942 0.06205732 -0.82986703
vn 0.60758809 0.06205732 -0.79182422
vn 0.65807498 0.06205732 -0.75039070
vn 0.70574389 0.06205732 -0.70574389
vn 0.75039070 0.06205732 -0.65807498
vn 0.79182422 0.06205732 -0.60758809
vn 0.82986703 0.06205732 -0.55449942
vn 0.86435621 0.06205732 -0.49903629
vn 0.89514410 0.06205732 -0.44143622
vn 0.92209883 0.06205732 -0.38194584
vn 0.94510500 0.06205732 -0.32081992
vn 0.96406409 0.06205732 -0.25832019
vn 0.97889490 0.06205732 -0.19471430
vn 0.98953394 0.06205732 -0.13027461
vn 0.99593564 0.06205732 -0.06527707
vn 0.91822092 0.39606860 0.00000000
vn 0.91625494 0.39606860 0.06005452
vn 0.91036542 0.39606860 0.11985188
vn 0.90057757 0.39606860 0.17913602
vn 0.88693330 0.39606860 0.23765306
vn 0.86949106 0.39606860 0.29515244
vn 0.84832552 0.39606860 0.35138793
vn 0.82352732 0.39606860 0.40611873
vn 0.79520265 0.39606860 0.45911046
vn 0.76347280 0.39606860 0.51013621
vn 0.72847364 0.39606860 0.55897748
vn 0.69035504 0.39606860 0.60542512
vn 0.64928024 0.39606860 0.64928024
vn 0.60542512 0.39606860 0.69035504
vn 0.55897748 0.39606860 0.72847364
vn 0.51013621 0.39606860 0.76347280
vn 0.45911046 0.39606860 0.79520265
vn 0.40611873 0.39606860 0.82352732
vn 0.35138793 0.39606860 0.84832552
vn 0.29515244 0.39606860 0.86949106
vn 0.23765306 0.39606860 0.88693330
vn 0.17913602 0.39606860 0.90057757
vn 0.11985188 0.39606860 0.91036542
vn 0.06005452 0.39606860 0.91625494
vn 0.00000000 0.39606860 0.91822092
vn -0.06005452 0.39606860 0.91625494
vn -0.11985188 0.39606860 0.91036542
vn -0.17913602 0.39606860 0.90057757
vn -0.23765306 0.39606860 0.88693330
vn -0.29515244 0.39606860 0.86949106
vn -0.35138793 0.39606860 0.84832552
vn -0.40611873 0.39606860 0.82352732
vn -0.45911046 0.39606860 0.79520265
vn -0.51013621 0.39606860 0.76347280
vn -0.55897748 0.39606860 0.72847364
vn -0.60542512 0.39606860 0.69035504
vn -0.64928024 0.39606860 0.64928024
vn -0.69035504 0.39606860 0.60542512
vn -0.72847364 0.39606860 0.55897748
vn -0.76347280 0.39606860 0.51013621
vn -0.79520265 0.39606860 0.45911046
vn -0.82352732 0.39606860 0.40611873
vn -0.84832552 0.39606860 0.35138793
vn -0.86949106 0.39606860 0.29515244
vn -0.88693330 0.39606860 0.23765306
vn -0.90057757 0.39606860 0.17913602
vn -0.91036542 0.39606860 0.11985188
vn -0.91625494 0.39606860 0.06005452
vn -0.91822092 0.39606860 -0.00000000
vn -0.91625494 0.39606860 -0.06005452
vn -0.91036542 0.39606860 -0.11985188
vn -0.90057757 0.39606860 -0.17913602
vn -0.88693330 0.39606860 -0.23765306
vn -0.86949106 0.39606860 -0.29515244
vn -0.84832552 0.39606860 -0.35138793
vn -0.82352732 0.39606860 -0.40611873
vn -0.79520265 0.39606860 -0.45911046
vn -0.76347280 0.39606860 -0.51013621
vn -0.72847364 0.39606860 -0.55897748
vn -0.69035504 0.39606860 -0.60542512
vn -0.64928024 0.39606860 -0.64928024
vn -0.60542512 0.39606860 -0.69035504
vn -0.55897748 0.39606860 -0.72847364
vn -0.51013621 0.39606860 -0.76347280
vn -0.45911046 0.39606860 -0.79520265
vn -0.40611873 0.39606860 -0.82352732
vn -0.35138793 0.39606860 -0.84832552
vn -0.29515244 0.39606860 -0.86949106
vn -0.23765306 0.39606860 -0.88693330
vn -0.17913602 0.39606860 -0.90057757
vn -0.11985188 0.39606860 -0.91036542
vn -0.06005452 0.39606860 -0.91625494
vn 0.00000000 0.39606860 -0.91822092
vn 0.06005452 0.39606860 -0.91625494
vn 0.11985188 0.39606860 -0.91036542
vn 0.17913602 0.39606860 -0.90057757
vn 0.23765306 0.39606860 -0.88693330
vn 0.29515244 0.39606860 -0.86949106
vn 0.35138793 0.39606860 -0.84832552
vn 0.40611873 0.39606860 -0.82352732
vn 0.45911046 0.39606860 -0.79520265
vn 0.51013621 0.39606860 -0.76347280
vn 0.55897748 0.39606860 -0.72847364
vn 0.60542512 0.39606860 -0.69035504
vn 0.64928024 0.39606860 -0.64928024
vn 0.69035504 0.39606860 -0.60542512
vn 0.72847364 0.39606860 -0.55897748
vn 0.76347280 0.39606860 -0.51013621
vn 0.79520265 0.39606860 -0.45911046
vn 0.82352732 0.39606860 -0.40611873
vn 0.84832552 0.39606860 -0.35138793
vn 0.86949106 0.39606860 -0.29515244
vn 0.88693330 0.39606860 -0.23765306
vn 0.90057757 0.39606860 -0.17913602
vn 0.91036542 0.39606860 -0.11985188
vn 0.91625494 0.39606860 -0.06005452
vn 0.57845750 0.81571252 -0.00000000
vn 0.57721898 0.81571252 0.03783293
vn 0.57350871 0.81571252 0.07550385
vn 0.56734260 0.81571252 0.11285146
vn 0.55874704 0.81571252 0.14971582
vn 0.54775883 0.81571252 0.18593907
vn 0.53442504 0.81571252 0.22136610
vn 0.51880276 0.81571252 0.25584521
vn 0.50095889 0.81571252 0.28922875
vn 0.48096983 0.81571252 0.32137377
vn 0.45892119 0.81571252 0.35214261
vn 0.43490737 0.81571252 0.38140353
vn 0.40903122 0.81571252 0.40903122
vn 0.38140353 0.81571252 0.43490737
vn 0.35214261 0.81571252 0.45892119
vn 0.32137377 0.81571252 0.48096983
vn 0.28922875 0.81571252 0.50095889
vn 0.25584521 0.81571252 0.51880276
vn 0.22136610 0.81571252 0.53442504
vn 0.18593907 0.81571252 0.54775883
vn 0.14971582 0.81571252 0.55874704
vn 0.11285146 0.81571252 0.56734260
vn 0.07550385 0.81571252 0.57350871
vn 0.03783293 0.81571252 0.57721898
vn 0.00000000 0.81571252 0.57845750
vn -0.03783293 0.81571252 0.57721898
vn -0.07550385 0.81571252 0.57350871
vn -0.11285146 0.81571252 0.56734260
vn -0.14971582 0.81571252 0.55874704
vn -0.18593907 0.81571252 0.54775883
vn -0.22136610 0.81571252 0.53442504
vn -0.25584521 0.81571252 0.51880276
vn -0.28922875 0.81571252 0.50095889
vn -0.32137377 0.81571252 0.48096983
vn -0.35214261 0.81571252 0.45892119
vn -0.38140353 0.81571252 0.43490737
vn -0.40903122 0.81571252 0.40903122
vn -0.43490737 0.81571252 0.38140353
vn -0.45892119 0.81571252 0.35214261
vn -0.48096983 0.81571252 0.32137377
vn -0.50095889 0.81571252 0.28922875
vn -0.51880276 0.81571252 0.25584521
vn -0.53442504 0.81571252 0.22136610
vn -0.54775883 0.81571252 0.18593907
vn -0.55874704 0.81571252 0.14971582
vn -0.56734260 0.81571252 0.11285146
vn -0.57350871 0.81571252 0.07550385
vn -0.57721898 0.81571252 0.03783293
vn -0.57845750 0.81571252 0.00000000
vn -0.57721898 0.81571252 -0.03783293
vn -0.57350871 0.81571252 -0.07550385
vn -0.56734260 0.81571252 -0.11285146
vn -0.55874704 0.81571252 -0.14971582
vn -0.54775883 0.81571252 -0.18593907
vn -0.53442504 0.81571252 -0.22136610
vn -0.51880276 0.81571252 -0.25584521
vn -0.50095889 0.81571252 -0.28922875
vn -0.48096983 0.81571252 -0.32137377
vn -0.45892119 0.81571252 -0.35214261
vn -0.43490737 0.81571252 -0.38140353
vn -0.40903122 0.81571252 -0.40903122
vn -0.38140353 0.81571252 -0.43490737
vn -0.35214261 0.81571252 -0.45892119
vn -0.32137377 0.81571252 -0.48096983
vn -0.28922875 0.81571252 -0.50095889
vn -0.25584521 0.81571252 -0.51880276
vn -0.22136610 0.81571252 -0.53442504
vn -0.18593907 0.81571252 -0.54775883
vn -0.14971582 0.81571252 -0.55874704
vn -0.11285146 0.81571252 -0.56734260
vn -0.07550385 0.81571252 -0.57350871
vn -0.03783293 0.81571252 -0.57721898
vn -0.00000000 0.81571252 -0.57845750
vn 0.03783293 0.81571252 -0.57721898
vn 0.07550385 0.81571252 -0.57350871
vn 0.11285146 0.81571252 -0.56734260
vn 0.14971582 0.81571252 -0.55874704
vn 0.18593907 0.81571252 -0.54775883
vn 0.22136610 0.81571252 -0.53442504
vn 0.25584521 0.81571252 -0.51880276
vn 0.28922875 0.81571252 -0.50095889
vn 0.32137377 0.81571252 -0.48096983
vn 0.35214261 0.81571252 -0.45892119
vn 0.38140353 0.81571252 -0.43490737
vn 0.40903122 0.81571252 -0.40903122
vn 0.43490737 0.81571252 -0.38140353
vn 0.45892119 0.81571252 -0.35214261
vn 0.48096983 0.81571252 -0.32137377
vn 0.50095889 0.81571252 -0.28922875
vn 0.51880276 0.81571252 -0.25584521
vn 0.53442504 0.81571252 -0.22136610
vn 0.54775883 0.81571252 -0.18593907
vn 0.55874704 0.81571252 -0.14971582
vn 0.56734260 0.81571252 -0.11285146
vn 0.57350871 0.81571252 -0.07550385
vn 0.57721898 0.81571252 -0.03783293
vn 0.27116123 0.96253394 0.00000000
vn 0.27058066 0.96253394 0.01773479
vn 0.26884141 0.96253394 0.03539364
vn 0.26595095 0.96253394 0.05290093
vn 0.26192164 0.96253394 0.07018169
vn 0.25677074 0.96253394 0.08716192
vn 0.25052031 0.96253394 0.10376891
vn 0.24319712 0.96253394 0.11993155
vn 0.23483252 0.96253394 0.13558062
vn 0.22546233 0.96253394 0.15064911
vn 0.21512667 0.96253394 0.16507250
vn 0.20386981 0.96253394 0.17878902
vn 0.19173995 0.96253394 0.19173995
vn 0.17878902 0.96253394 0.20386981
vn 0.16507250 0.96253394 0.21512667
vn 0.15064911 0.96253394 0.22546233
vn 0.13558062 0.96253394 0.23483252
vn 0.11993155 0.96253394 0.24319712
vn 0.10376891 0.96253394 0.25052031
vn 0.08716192 0.96253394 0.25677074
vn 0.07018169 0.96253394 0.26192164
vn 0.05290093 0.96253394 0.26595095
vn 0.03539364 0.96253394 0.26884141
vn 0.01773479 0.96253394 0.27058066
vn -0.00000000 0.96253394 0.27116123
vn -0.01773479 0.96253394 0.27058066
vn -0.03539364 0.96253394 0.26884141
vn -0.05290093 0.96253394 0.26595095
vn -0.07018169 0.96253394 0.26192164
vn -0.08716192 0.96253394 0.25677074
vn -0.10376891 0.96253394 0.25052031
vn -0.11993155 0.96253394 0.24319712
vn -0.13558062 0.96253394 0.23483252
vn -0.15064911 0.96253394 0.22546233
vn -0.16507250 0.96253394 0.21512667
vn -0.17878902 0.96253394 0.20386981
vn -0.19173995 0.96253394 0.19173995
vn -0.20386981 0.96253394 0.17878902
vn -0.21512667 0.96253394 0.16507250
vn -0.22546233 0.96253394 0.15064911
vn -0.23483252 0.96253394 0.13558062
vn -0.24319712 0.96253394 0.11993155
vn -0.25052031 0.96253394 0.10376891
vn -0.25677074 0.96253394 0.08716192
vn -0.26192164 0.96253394 0.07018169
vn -0.26595095 0.96253394 0.05290093
vn -0.26884141 0.96253394 0.03539364
vn -0.27058066 0.96253394 0.01773479
vn -0.27116123 0.96253394 -0.00000000
vn -0.27058066 0.96253394 -0.01773479
vn -0.26884141 0.96253394 -0.03539364
vn -0.26595095 0.96253394 -0.05290093
vn -0.26192164 0.96253394 -0.07018169
vn -0.25677074 0.96253394 -0.08716192
vn -0.25052031 0.96253394 -0.10376891
vn -0.24319712 0.96253394 -0.11993155
vn -0.23483252 0.96253394 -0.13558062
vn -0.22546233 0.96253394 -0.15064911
vn -0.21512667 0.96253394 -0.16507250
vn -0.20386981 0.96253394 -0.17878902
vn -0.19173995 0.96253394 -0.19173995
vn -0.17878902 0.96253394 -0.20386981
vn -0.16507250 0.96253394 -0.21512667
vn -0.15064911 0.96253394 -0.22546233
vn -0.13558062 0.96253394 -0.23483252
vn -0.11993155 0.96253394 -0.24319712
vn -0.10376891 0.96253394 -0.25052031
vn -0.08716192 0.96253394 -0.25677074
vn -0.07018169 0.96253394 -0.26192164
vn -0.05290093 0.96253394 -0.26595095
vn -0.03539364 0.96253394 -0.26884141
vn -0.01773479 0.96253394 -0.27058066
vn -0.00000000 0.96253394 -0.27116123
vn 0.01773479 0.96253394 -0.27058066
vn 0.03539364 0.96253394 -0.26884141
vn 0.05290093 0.96253394 -0.26595095
vn 0.07018169 0.96253394 -0.26192164
vn 0.08716192 0.96253394 -0.25677074
vn 0.10376891 0.96253394 -0.25052031
vn 0.11993155 0.96253394 -0.24319712
vn 0.13558062 0.96253394 -0.23483252
vn 0.15064911 0.96253394 -0.22546233
vn 0.16507250 0.96253394 -0.21512667
vn 0.17878902 0.96253394 -0.20386981
vn 0.19173995 0.96253394 -0.19173995
vn 0.20386981 0.96253394 -0.17878902
vn 0.21512667 0.96253394 -0.16507250
vn 0.22546233 0.96253394 -0.15064911
vn 0.23483252 0.96253394 -0.13558062
vn 0.24319712 0.96253394 -0.11993155
vn 0.25052031 0.96253394 -0.10376891
vn 0.25677074 0.96253394 -0.08716192
vn 0.26192164 0.96253394 -0.07018169
vn 0.26595095 0.96253394 -0.05290093
vn 0.26884141 0.96253394 -0.03539364
vn 0.27058066 0.96253394 -0.01773479
vn 0.19611614 0.98058068 0.00000000
vn 0.19569624 0.98058068 0.01282661
vn 0.19443833 0.98058068 0.02559829
vn 0.19234782 0.98058068 0.03826036
vn 0.18943364 0.98058068 0.05075859
vn 0.18570828 0.98058068 0.06303947
vn 0.18118768 0.98058068 0.07505040
vn 0.17589122 0.98058068 0.08673995
vn 0.16984156 0.98058068 0.09805807
vn 0.16306461 0.98058068 0.10895629
vn 0.15558939 0.98058068 0.11938794
vn 0.14744792 0.98058068 0.12930835
vn 0.13867505 0.98058068 0.13867505
vn 0.12930835 0.98058068 0.14744792
vn 0.11938794 0.98058068 0.15558939
vn 0.10895629 0.98058068 0.16306461
vn 0.09805807 0.98058068 0.16984156
vn 0.08673995 0.98058068 0.17589122
vn 0.07505040 0.98058068 0.18118768
vn 0.06303947 0.98058068 0.18570828
vn 0.05075859 0.98058068 0.18943364
vn 0.03826036 0.98058068 0.19234782
vn 0.02559829 0.98058068 0.19443833
vn 0.01282661 0.98058068 0.19569624
vn -0.00000000 0.98058068 0.19611614
vn -0.01282661 0.98058068 0.19569624
vn -0.02559829 0.98058068 0.19443833
vn -0.03826036 0.98058068 0.19234782
vn -0.05075859 0.98058068 0.18943364
vn -0.06303947 0.98058068 0.18570828
vn -0.07505040 0.98058068 0.18118768
vn -0.08673995 0.98058068 0.17589122
vn -0.09805807 0.98058068 0.16984156
vn -0.10895629 0.98058068 0.16306461
vn -0.11938794 0.98058068 0.15558939
vn -0.12930835 0.98058068 0.14744792
vn -0.13867505 0.98058068 0.13867505
vn -0.14744792 0.98058068 0.12930835
vn -0.15558939 0.98058068 0.11938794
vn -0.16306461 0.98058068 0.10895629
vn -0.16984156 0.98058068 0.09805807
vn -0.17589122 0.98058068 0.08673995
vn -0.18118768 0.98058068 0.07505040
vn -0.18570828 0.98058068 0.06303947
vn -0.18943364 0.98058068 0.05075859
vn -0.19234782 0.98058068 0.03826036
vn -0.19443833 0.98058068 0.02559829
vn -0.19569624 0.98058068 0.01282661
vn -0.19611614 0.98058068 -0.00000000
vn -0.19569624 0.98058068 -0.01282661
vn -0.19443833 0.98058068 -0.02559829
vn -0.19234782 0.98058068 -0.03826036
vn -0.18943364 0.98058068 -0.05075859
vn -0.18570828 0.98058068 -0.06303947
vn -0.18118768 0.98058068 -0.07505040
vn -0.17589122 0.98058068 -0.08673995
vn -0.16984156 0.98058068 -0.09805807
vn -0.16306461 0.98058068 -0.10895629
vn -0.15558939 0.98058068 -0.11938794
vn -0.14744792 0.98058068 -0.12930835
vn -0.13867505 0.98058068 -0.13867505
vn -0.12930835 0.98058068 -0.14744792
vn -0.11938794 0.98058068 -0.15558939
vn -0.10895629 0.98058068 -0.16306461
vn -0.09805807 0.98058068 -0.16984156
vn -0.08673995 0.98058068 -0.17589122
vn -0.07505040 0.98058068 -0.18118768
vn -0.06303947 0.98058068 -0.18570828
vn -0.05075859 0.98058068 -0.18943364
vn -0.03826036 0.98058068 -0.19234782
vn -0.02559829 0.98058068 -0.19443833
vn -0.01282661 0.98058068 -0.19569624
vn -0.00000000 0.98058068 -0.19611614
vn 0.01282661 0.98058068 -0.19569624
vn 0.02559829 0.98058068 -0.19443833
vn 0.03826036 0.98058068 -0.19234782
vn 0.05075859 0.98058068 -0.18943364
vn 0.06303947 0.98058068 -0.18570828
vn 0.07505040 0.98058068 -0.18118768
vn 0.08673995 0.98058068 -0.17589122
vn 0.09805807 0.98058068 -0.16984156
vn 0.10895629 0.98058068 -0.16306461
vn 0.11938794 0.98058068 -0.15558939
vn 0.12930835 0.98058068 -0.14744792
vn 0.13867505 0.98058068 -0.13867505
vn 0.14744792 0.98058068 -0.12930835
vn 0.15558939 0.98058068 -0.11938794
vn 0.16306461 0.98058068 -0.10895629
vn 0.16984156 0.98058068 -0.09805807
vn 0.17589122 0.98058068 -0.08673995
vn 0.18118768 0.98058068 -0.07505040
vn 0.18570828 0.98058068 -0.06303947
vn 0.18943364 0.98058068 -0.05075859
vn 0.19234782 0.98058068 -0.03826036
vn 0.19443833 0.98058068 -0.02559829
vn 0.19569624 0.98058068 -0.01282661
f 1//1 97//97 2//2
f 2//2 97//97 98//98
f 2//2 98//98 3//3
f 3//3 98//98 99//99
f 3//3 99//99 4//4
f 4//4 99//99 100//100
f 4//4 100//100 5//5
f 5//5 100//100 101//101
f 5//5 101//101 6//6
f 6//6 101//101 102//102
f 6//6 102//102 7//7
f 7//7 102//102 103//103
f 7//7 103//103 8//8
f 8//8 103//103 104//104
f 8//8 104//104 9//9
f 9//9 104//104 105//105
f 9//9 105//105 10//10
f 10//10 105//105 106//106
f 10//10 106//106 11//11
f 11//11 106//106 107//107
f 11//11 107//107 12//12
f 12//12 107//107 108//108
f 12//12 108//108 13//13
f 13//13 108//108 109//109
f 13//13 109//109 14//14
f 14//14 109//109 110//110
f 14//14 110//110 15//15
f 15//15 110//110 111//111
f 15//15 111//111 16//16
f 16//16 111//111 112//112
f 16//16 112//112 17//17
f 17//17 112//112 113//113
f 17//17 113//113 18//18
f 18//18 113//113 114//114
f 18//18 114//114 19//19
f 19//19 114//114 115//115
f 19//19 115//115 20//20
f 20//20 115//115 116//116
f 20//20 116//116 21//21
f 21//21 116//116 117//117
f 21//21 117//117 22//22
f 22//22 117//117 118//118
f 22//22 118//118 23//23
f 23//23 118//118 119//119
f 23//23 119//119 24//24
f 24//24 119//119 120//120
f 24//24 120//120 25//25
f 25//25 120//120 121//121
f 25//25 121//121 26//26
f 26//26 121//121 122//122
f 26//26 122//122 27//27
f 27//27 122//122 123//123
f 27//27 123//123 28//28
f 28//28 123//123 124//124
f 28//28 124//124 29//29
f 29//29 124//124 125//125
f 29//29 125//125 30//30
f 30//30 125//125 126//126
f 30//30 126//126 31//31
f 31//31 126//126 127//127
f 31//31 127//127 32//32
f 32//32 127//127 128//128
f 32//32 128//128 33//33
f 33//33 128//128 129//129
f 33//33 129//129 34//34
f 34//34 129//129 130//130
f 34//34 130//130 35//35
f 35//35 130//130 131//131
f 35//35 131//131 36//36
f 36//36 131//131 132//132
f 36//36 132//132 37//37
f 37//37 132//132 133//133
f 37//37 133//133 38//38
f 38//38 133//133 134//134
f 38//38 134//134 39//39
f 39//39 134//134 135//135
f 39//39 135//135 40//40
f 40//40 135//135 136//136
f 40//40 136//136 41//41
f 41//41 136//136 137//137
f 41//41 137//137 42//42
f 42//42 137//137 138//138
f 42//42 138//138 43//43
f 43//43 138//138 139//139
f 43//43 139//139 44//44
f 44//44 139//139 140//140
f 44//44 140//140 45//45
f 45//45 140//140 141//141
f 45//45 141//141 46//46
f 46//46 141//141 142//142
f 46//46 142//142 47//47
f 47//47 142//142 143//143
f 47//47 143//143 48//48
f 48//48 143//143 144//144
f 48//48 144//144 49//49
f 49//49 144//144 145//145
f 49//49 145//145 50//50
f 50//50 145//145 146//146
f 50//50 146//146 51//51
f 51//51 146//146 147//147
f 51//51 147//147 52//52
f 52//52 147//147 148//148
f 52//52 148//148 53//53
f 53//53 148//148 149//149
f 53//53 149//149 54//54
f 54//54 149//149 150//150
f 54//54 150//150 55//55
f 55//55 150//150 151//151
f 55//55 151//151 56//56
f 56//56 151//151 152//152
f 56//56 152//152 57//57
f 57//57 152//152 153//153
f 57//57 153//153 58//58
f 58//58 153//153 154//154
f 58//58 154//154 59//59
f 59//59 154//154 155//155
f 59//59 155//155 60//60
f 60//60 155//155 156//156
f 60//60 156//156 61//61
f 61//61 156//156 157//157
f 61//61 157//157 62//62
f 62//62 157//157 158//158
f 62//62 158//158 63//63
f 63//63 158//158 159//159
f 63//63 159//159 64//64
f 64//64 159//159 160//160
f 64//64 160//160 65//65
f 65//65 160//160 161//161
f 65//65 161//161 66//66
f 66//66 161//161 162//162
f 66//66 162//162 67//67
f 67//67 162//162 163//163
f 67//67 163//163 68//68
f 68//68 163//163 164//164
f 68//68 164//164 69//69
f 69//69 164//164 165//165
f 69//69 165//165 70//70
f 70//70 165//165 166//166
f 70//70 166//166 71//71
f 71//71 166//166 167//167
f 71//71 167//167 72//72
f 72//72 167//167 168//168
f 72//72 168//168 73//73
f 73//73 168//168 169//169
f 73//73 169//169 74//74
f 74//74 169//169 170//170
f 74//74 170//170 75//75
f 75//75 170//170 171//171
f 75//75 171//171 76//76
f 76//76 171//171 172//172
f 76//76 172//172 77//77
f 77//77 172//172 173//173
f 77//77 173//173 78//78
f 78//78 173//173 174//174
f 78//78 174//174 79//79
f 79//79 174//174 175//175
f 79//79 175//175 80//80
f 80//80 175//175 176//176
f 80//80 176//176 81//81
f 81//81 176//176 177//177
f 81//81 177//177 82//82
f 82//82 177//177 178//178
f 82//82 178//178 83//83
f 83//83 178//178 179//179
f 83//83 179//179 84//84
f 84//84 179//179 180//180
f 84//84 180//180 85//85
f 85//85 180//180 181//181
f 85//85 181//181 86//86
f 86//86 181//181 182//182
f 86//86 182//182 87//87
f 87//87 182//182 183//183
f 87//87 183//183 88//88
f 88//88 183//183 184//184
f 88//88 184//184 89//89
f 89//89 184//184 185//185
f 89//89 185//185 90//90
f 90//90 185//185 186//186
f 90//90 186//186 91//91
f 91//91 186//186 187//187
f 91//91 187//187 92//92
f 92//92 187//187 188//188
f 92//92 188//188 93//93
f 93//93 188//188 189//189
f 93//93 189//189 94//94
f 94//94 189//189 190//190
f 94//94 190//190 95//95
f 95//95 190//190 191//191
f 95//95 191//191 96//96
f 96//96 191//191 192//192
f 96//96 192//192 1//1
f 1//1 192//192 97//97
f 97//97 193//193 98//98
f 98//98 193//193 194//194
f 98//98 194//194 99//99
f 99//99 194//194 195//195
f 99//99 195//195 100//100
f 100//100 195//195 196//196
f 100//100 196//196 101//101
f 101//101 196//196 197//197
f 101//101 197//197 102//102
f 102//102 197//197 198//198
f 102//102 198//198 103//103
f 103//103 198//198 199//199
f 103//103 199//199 104//104
f 104//104 199//199 200//200
f 104//104 200//200 105//105
f 105//105 200//200 201//201
f 105//105 201//201 106//106
f 106//106 201//201 202//202
f 106//106 202//202 107//107
f 107//107 202//202 203//203
f 107//107 203//203 108//108
f 108//108 203//203 204//204
f 108//108 204//204 109//109
f 109//109 204//204 205//205
f 109//109 205//205 110//110
f 110//110 205//205 206//206
f 110//110 206//206 111//111
f 111//111 206//206 207//207
f 111//111 207//207 112//112
f 112//112 207//207 208//208
f 112//112 208//208 113//113
f 113//113 208//208 209//209
f 113//113 209//209 114//114
f 114//114 209//209 210//210
f 114//114 210//210 115//115
f 115//115 210//210 211//211
f 115//115 211//211 116//116
f 116//116 211//211 212//212
f 116//116 212//212 117//117
f 117//117 212//212 213//213
f 117//117 213//213 118//118
f 118//118 213//213 214//214
f 118//118 214//214 119//119
f 119//119 214//214 215//215
f 119//119 215//215 120//120
f 120//120 215//215 216//216
f 120//120 216//216 121//121
f 121//121 216//216 217//217
f 121//121 217//217 122//122
f 122//122 217//217 218//218
f 122//122 218//218 123//123
f 123//123 218//218 219//219
f 123//123 219//219 124//124
f 124//124 219//219 220//220
f 124//124 220//220 125//125
f 125//125 220//220 221//221
f 125//125 221//221 126//126
f 126//126 221//221 222//222
f 126//126 222//222 127//127
f 127//127 222//222 223//223
f 127//127 223//223 128//128
f 128//128 223//223 224//224
f 128//128 224//224 129//129
f 129//129 224//224 225//225
f 129//129 225//225 130//130
f 130//130 225//225 226//226
f 130//130 226//226 131//131
f 131//131 226//226 227//227
f 131//131 227//227 132//132
f 132//132 227//227 228//228
f 132//132 228//228 133//133
f 133//133 228//228 229//229
f 133//133 229//229 134//134
f 134//134 229//229 230//230
f 134//134 230//230 135//135
f 135//135 230//230 231//231
f 135//135 231//231 136//136
f 136//136 231//231 232//232
f 136//136 232//232 137//137
f 137//137 232//232 233//233
f 137//137 233//233 138//138
f 138//138 233//233 234//234
f 138//138 234//234 139//139
f 139//139 234//234 235//235
f 139//139 235//235 140//140
f 140//140 235//235 236//236
f 140//140 236//236 141//141
f 141//141 236//236 237//237
f 141//141 237//237 142//142
f 142//142 237//237 238//238
f 142//142 238//238 143//143
f 143//143 238//238 239//239
f 143//143 239//239 144//144
f 144//144 239//239 240//240
f 144//144 240//240 145//145
f 145//145 240//240 241//241
f 145//145 241//241 146//146
f 146//146 241//241 242//242
f 146//146 242//242 147//147
f 147//147 242//242 243//243
f 147//147 243//243 148//148
f 148//148 243//243 244//244
f 148//148 244//244 149//149
f 149//149 244//244 245//245
f 149//149 245//245 150//150
f 150//150 245//245 246//246
f 150//150 246//246 151//151
f 151//151 246//246 247//247
f 151//151 247//247 152//152
f 152//152 247//247 248//248
f 152//152 248//248 153//153
f 153//153 248//248 249//249
f 153//153 249//249 154//154
f 154//154 249//249 250//250
f 154//154 250//250 155//155
f 155//155 250//250 251//251
f 155//155 251//251 156//156
f 156//156 251//251 252//252
f 156//156 252//252 157//157
f 157//157 252//252 253//253
f 157//157 253//253 158//158
f 158//158 253//253 254//254
f 158//158 254//254 159//159
f 159//159 254//254 255//255
f 159//159 255//255 160//160
f 160//160 255//255 256//256
f 160//160 256//256 161//161
f 161//161 256//256 257//257
f 161//161 257//257 162//162
f 162//162 257//257 258//258
f 162//162 258//258 163//163
f 163//163 258//258 259//259
f 163//163 259//259 164//164
f 164//164 259//259 260//260
f 164//164 260//260 165//165
f 165//165 260//260 261//261
f 165//165 261//261 166//166
f 166//166 261//261 262//262
f 166//166 262//262 167//167
f 167//167 262//262 263//263
f 167//167 263//263 168//168
f 168//168 263//263 264//264
f 168//168 264//264 169//169
f 169//169 264//264 265//265
f 169//169 265//265 170//170
f 170//170 265//265 266//266
f 170//170 266//266 171//171
f 171//171 266//266 267//267
f 171//171 267//267 172//172
f 172//172 267//267 268//268
f 172//172 268//268 173//173
f 173//173 268//268 269//269
f 173//173 269//269 174//174
f 174//174 269//269 270//270
f 174//174 270//270 175//175
f 175//175 270//270 271//271
f 175//175 271//271 176//176
f 176//176 271//271 272//272
f 176//176 272//272 177//177
f 177//177 272//272 273//273
f 177//177 273//273 178//178
f 178//178 273//273 274//274
f 178//178 274//274 179//179
f 179//179 274//274 275//275
f 179//179 275//275 180//180
f 180//180 275//275 276//276
f 180//180 276//276 181//181
f 181//181 276//276 277//277
f 181//181 277//277 182//182
f 182//182 277//277 278//278
f 182//182 278//278 183//183
f 183//183 278//278 279//279
f 183//183 279//279 184//184
f 184//184 279//279 280//280
f 184//184 280//280 185//185
f 185//185 280//280 281//281
f 185//185 281//281 186//186
f 186//186 281//281 282//282
f 186//186 282//282 187//187
f 187//187 282//282 283//283
f 187//187 283//283 188//188
f 188//188 283//283 284//284
f 188//188 284//284 189//189
f 189//189 284//284 285//285
f 189//189 285//285 190//190
f 190//190 285//285 286//286
f 190//190 286//286 191//191
f 191//191 286//286 287//287
f 191//191 287//287 192//192
f 192//192 287//287 288//288
f 192//192 288//288 97//97
f 97//97 288//288 193//193
f 193//193 289//289 194//194
f 194//194 289//289 290//290
f 194//194 290//290 195//195
f 195//195 290//290 291//291
f 195//195 291//291 196//196
f 196//196 291//291 292//292
f 196//196 292//292 197//197
f 197//197 292//292 293//293
f 197//197 293//293 198//198
f 198//198 293//293 294//294
f 198//198 294//294 199//199
f 199//199 294//294 295//295
f 199//199 295//295 200//200
f 200//200 295//295 296//296
f 200//200 296//296 201//201
f 201//201 296//296 297//297
f 201//201 297//297 202//202
f 202//202 297//297 298//298
f 202//202 298//298 203//203
f 203//203 298//298 299//299
f 203//203 299//299 204//204
f 204//204 299//299 300//300
f 204//204 300//300 205//205
f 205//205 300//300 301//301
f 205//205 301//301 206//206
f 206//206 301//301 302//302
f 206//206 302//302 207//207
f 207//207 302//302 303//303
f 207//207 303//303 208//208
f 208//208 303//303 304//304
f 208//208 304//304 209//209
f 209//209 304//304 305//305
f 209//209 305//305 210//210
f 210//210 305//305 306//306
f 210//210 306//306 211//211
f 211//211 306//306 307//307
f 211//211 307//307 212//212
f 212//212 307//307 308//308
f 212//212 308//308 213//213
f 213//213 308//308 309//309
f 213//213 309//309 214//214
f 214//214 309//309 310//310
f 214//214 310//310 215//215
f 215//215 310//310 311//311
f 215//215 311//311 216//216
f 216//216 311//311 312//312
f 216//216 312//312 217//217
f 217//217 312//312 313//313
f 217//217 313//313 218//218
f 218//218 313//313 314//314
f 218//218 314//314 219//219
f 219//219 314//314 315//315
f 219//219 315//315 220//220
f 220//220 315//315 316//316
f 220//220 316//316 221//221
f 221//221 316//316 317//317
f 221//221 317//317 222//222
f 222//222 317//317 318//318
f 222//222 318//318 223//223
f 223//223 318//318 319//319
f 223//223 319//319 224//224
f 224//224 319//319 320//320
f 224//224 320//320 225//225
f 225//225 320//320 321//321
f 225//225 321//321 226//226
f 226//226 321//321 322//322
f 226//226 322//322 227//227
f 227//227 322//322 323//323
f 227//227 323//323 228//228
f 228//228 323//323 324//324
f 228//228 324//324 229//229
f 229//229 324//324 325//325
f 229//229 325//325 230//230
f 230//230 325//325 326//326
f 230//230 326//326 231//231
f 231//231 326//326 327//327
f 231//231 327//327 232//232
f 232//232 327//327 328//328
f 232//232 328//328 233//233
f 233//233 328//328 329//329
f 233//233 329//329 234//234
f 234//234 329//329 330//330
f 234//234 330//330 235//235
f 235//235 330//330 331//331
f 235//235 331//331 236//236
f 236//236 331//331 332//332
f 236//236 332//332 237//237
f 237//237 332//332 333//333
f 237//237 333//333 238//238
f 238//238 333//333 334//334
f 238//238 334//334 239//239
f 239//239 334//334 335//335
f 239//239 335//335 240//240
f 240//240 335//335 336//336
f 240//240 336//336 241//241
f 241//241 336//336 337//337
f 241//241 337//337 242//242
f 242//242 337//337 338//338
f 242//242 338//338 243//243
f 243//243 338//338 339//339
f 243//243 339//339 244//244
f 244//244 339//339 340//340
f 244//244 340//340 245//245
f 245//245 340//340 341//341
f 245//245 341//341 246//246
f 246//246 341//341 342//342
f 246//246 342//342 247//247
f 247//247 342//342 343//343
f 247//247 343//343 248//248
f 248//248 343//343 344//344
f 248//248 344//344 249//249
f 249//249 344//344 345//345
f 249//249 345//345 250//250
f 250//250 345//345 346//346
f 250//250 346//346 251//251
f 251//251 346//346 347//347
f 251//251 347//347 252//252
f 252//252 347//347 348//348
f 252//252 348//348 253//253
f 253//253 348//348 349//349
f 253//253 349//349 254//254
f 254//254 349//349 350//350
f 254//254 350//350 255//255
f 255//255 350//350 351//351
f 255//255 351//351 256//256
f 256//256 351//351 352//352
f 256//256 352//352 257//257
f 257//257 352//352 353//353
f 257//257 353//353 258//258
f 258//258 353//353 354//354
f 258//258 354//354 259//259
f 259//259 354//354 355//355
f 259//259 355//355 260//260
f 260//260 355//355 356//356
f 260//260 356//356 261//261
f 261//261 356//356 357//357
f 261//261 357//357 262//262
f 262//262 357//357 358//358
f 262//262 358//358 263//263
f 263//263 358//358 359//359
f 263//263 359//359 264//264
f 264//264 359//359 360//360
f 264//264 360//360 265//265
f 265//265 360//360 361//361
f 265//265 361//361 266//266
f 266//266 361//361 362//362
f 266//266 362//362 267//267
f 267//267 362//362 363//363
f 267//267 363//363 268//268
f 268//268 363//363 364//364
f 268//268 364//364 269//269
f 269//269 364//364 365//365
f 269//269 365//365 270//270
f 270//270 365//365 366//366
f 270//270 366//366 271//271
f 271//271 366//366 367//367
f 271//271 367//367 272//272
f 272//272 367//367 368//368
f 272//272 368//368 273//273
f 273//273 368//368 369//369
f 273//273 369//369 274//274
f 274//274 369//369 370//370
f 274//274 370//370 275//275
f 275//275 370//370 371//371
f 275//275 371//371 276//276
f 276//276 371//371 372//372
f 276//276 372//372 277//277
f 277//277 372//372 373//373
f 277//277 373//373 278//278
f 278//278 373//373 374//374
f 278//278 374//374 279//279
f 279//279 374//374 375//375
f 279//279 375//375 280//280
f 280//280 375//375 376//376
f 280//280 376//376 281//281
f 281//281 376//376 377//377
f 281//281 377//377 282//282
f 282//282 377//377 378//378
f 282//282 378//378 283//283
f 283//283 378//378 379//379
f 283//283 379//379 284//284
f 284//284 379//379 380//380
f 284//284 380//380 285//285
f 285//285 380//380 381//381
f 285//285 381//381 286//286
f 286//286 381//381 382//382
f 286//286 382//382 287//287
f 287//287 382//382 383//383
f 287//287 383//383 288//288
f 288//288 383//383 384//384
f 288//288 384//384 193//193
f 193//193 384//384 289//289
f 289//289 385//385 290//290
f 290//290 385//385 386//386
f 290//290 386//386 291//291
f 291//291 386//386 387//387
f 291//291 387//387 292//292
f 292//292 387//387 388//388
f 292//292 388//388 293//293
f 293//293 388//388 389//389
f 293//293 389//389 294//294
f 294//294 389//389 390//390
f 294//294 390//390 295//295
f 295//295 390//390 391//391
f 295//295 391//391 296//296
f 296//296 391//391 392//392
f 296//296 392//392 297//297
f 297//297 392//392 393//393
f 297//297 393//393 298//298
f 298//298 393//393 394//394
f 298//298 394//394 299//299
f 299//299 394//394 395//395
f 299//299 395//395 300//300
f 300//300 395//395 396//396
f 300//300 396//396 301//301
f 301//301 396//396 397//397
f 301//301 397//397 302//302
f 302//302 397//397 398//398
f 302//302 398//398 303//303
f 303//303 398//398 399//399
f 303//303 399//399 304//304
f 304//304 399//399 400//400
f 304//304 400//400 305//305
f 305//305 400//400 401//401
f 305//305 401//401 306//306
f 306//306 401//401 402//402
f 306//306 402//402 307//307
f 307//307 402//402 403//403
f 307//307 403//403 308//308
f 308//308 403//403 404//404
f 308//308 404//404 309//309
f 309//309 404//404 405//405
f 309//309 405//405 310//310
f 310//310 405//405 406//406
f 310//310 406//406 311//311
f 311//311 406//406 407//407
f 311//311 407//407 312//312
f 312//312 407//407 408//408
f 312//312 408//408 313//313
f 313//313 408//408 409//409
f 313//313 409//409 314//314
f 314//314 409//409 410//410
f 314//314 410//410 315//315
f 315//315 410//410 411//411
f 315//315 411//411 316//316
f 316//316 411//411 412//412
f 316//316 412//412 317//317
f 317//317 412//412 413//413
f 317//317 413//413 318//318
f 318//318 413//413 414//414
f 318//318 414//414 319//319
f 319//319 414//414 415//415
f 319//319 415//415 320//320
f 320//320 415//415 416//416
f 320//320 416//416 321//321
f 321//321 416//416 417//417
f 321//321 417//417 322//322
f 322//322 417//417 418//418
f 322//322 418//418 323//323
f 323//323 418//418 419//419
f 323//323 419//419 324//324
f 324//324 419//419 420//420
f 324//324 420//420 325//325
f 325//325 420//420 421//421
f 325//325 421//421 326//326
f 326//326 421//421 422//422
f 326//326 422//422 327//327
f 327//327 422//422 423//423
f 327//327 423//423 328//328
f 328//328 423//423 424//424
f 328//328 424//424 329//329
f 329//329 424//424 425//425
f 329//329 425//425 330//330
f 330//330 425//425 426//426
f 330//330 426//426 331//331
f 331//331 426//426 427//427
f 331//331 427//427 332//332
f 332//332 427//427 428//428
f 332//332 428//428 333//333
f 333//333 428//428 429//429
f 333//333 429//429 334//334
f 334//334 429//429 430//430
f 334//334 430//430 335//335
f 335//335 430//430 431//431
f 335//335 431//431 336//336
f 336//336 431//431 432//432
f 336//336 432//432 337//337
f 337//337 432//432 433//433
f 337//337 433//433 338//338
f 338//338 433//433 434//434
f 338//338 434//434 339//339
f 339//339 434//434 435//435
f 339//339 435//435 340//340
f 340//340 435//435 436//436
f 340//340 436//436 341//341
f 341//341 436//436 437//437
f 341//341 437//437 342//342
f 342//342 437//437 438//438
f 342//342 438//438 343//343
f 343//343 438//438 439//439
f 343//343 439//439 344//344
f 344//344 439//439 440//440
f 344//344 440//440 345//345
f 345//345 440//440 441//441
f 345//345 441//441 346//346
f 346//346 441//441 442//442
f 346//346 442//442 347//347
f 347//347 442//442 443//443
f 347//347 443//443 348//348
f 348//348 443//443 444//444
f 348//348 444//444 349//349
f 349//349 444//444 445//445
f 349//349 445//445 350//350
f 350//350 445//445 446//446
f 350//350 446//446 351//351
f 351//351 446//446 447//447
f 351//351 447//447 352//352
f 352//352 447//447 448//448
f 352//352 448//448 353//353
f 353//353 448//448 449//449
f 353//353 449//449 354//354
f 354//354 449//449 450//450
f 354//354 450//450 355//355
f 355//355 450//450 451//451
f 355//355 451//451 356//356
f 356//356 451//451 452//452
f 356//356 452//452 357//357
f 357//357 452//452 453//453
f 357//357 453//453 358//358
f 358//358 453//453 454//454
f 358//358 454//454 359//359
f 359//359 454//454 455//455
f 359//359 455//455 360//360
f 360//360 455//455 456//456
f 360//360 456//456 361//361
f 361//361 456//456 457//457
f 361//361 457//457 362//362
f 362//362 457//457 458//458
f 362//362 458//458 363//363
f 363//363 458//458 459//459
f 363//363 459//459 364//364
f 364//364 459//459 460//460
f 364//364 460//460 365//365
f 365//365 460//460 461//461
f 365//365 461//461 366//366
f 366//366 461//461 462//462
f 366//366 462//462 367//367
f 367//367 462//462 463//463
f 367//367 463//463 368//368
f 368//368 463//463 464//464
f 368//368 464//464 369//369
f 369//369 464//464 465//465
f 369//369 465//465 370//370
f 370//370 465//465 466//466
f 370//370 466//466 371//371
f 371//371 466//466 467//467
f 371//371 467//467 372//372
f 372//372 467//467 468//468
f 372//372 468//468 373//373
f 373//373 468//468 469//469
f 373//373 469//469 374//374
f 374//374 469//469 470//470
f 374//374 470//470 375//375
f 375//375 470//470 471//471
f 375//375 471//471 376//376
f 376//376 471//471 472//472
f 376//376 472//472 377//377
f 377//377 472//472 473//473
f 377//377 473//473 378//378
f 378//378 473//473 474//474
f 378//378 474//474 379//379
f 379//379 474//474 475//475
f 379//379 475//475 380//380
f 380//380 475//475 476//476
f 380//380 476//476 381//381
f 381//381 476//476 477//477
f 381//381 477//477 382//382
f 382//382 477//477 478//478
f 382//382 478//478 383//383
f 383//383 478//478 479//479
f 383//383 479//479 384//384
f 384//384 479//479 480//480
f 384//384 480//480 289//289
f 289//289 480//480 385//385
f 385//385 481//481 386//386
f 386//386 481//481 482//482
f 386//386 482//482 387//387
f 387//387 482//482 483//483
f 387//387 483//483 388//388
f 388//388 483//483 484//484
f 388//388 484//484 389//389
f 389//389 484//484 485//485
f 389//389 485//485 390//390
f 390//390 485//485 486//486
f 390//390 486//486 391//391
f 391//391 486//486 487//487
f 391//391 487//487 392//392
f 392//392 487//487 488//488
f 392//392 488//488 393//393
f 393//393 488//488 489//489
f 393//393 489//489 394//394
f 394//394 489//489 490//490
f 394//394 490//490 395//395
f 395//395 490//490 491//491
f 395//395 491//491 396//396
f 396//396 491//491 492//492
f 396//396 492//492 397//397
f 397//397 492//492 493//493
f 397//397 493//493 398//398
f 398//398 493//493 494//494
f 398//398 494//494 399//399
f 399//399 494//494 495//495
f 399//399 495//495 400//400
f 400//400 495//495 496//496
f 400//400 496//496 401//401
f 401//401 496//496 497//497
f 401//401 497//497 402//402
f 402//402 497//497 498//498
f 402//402 498//498 403//403
f 403//403 498//498 499//499
f 403//403 499//499 404//404
f 404//404 499//499 500//500
f 404//404 500//500 405//405
f 405//405 500//500 501//501
f 405//405 501//501 406//406
f 406//406 501//501 502//502
f 406//406 502//502 407//407
f 407//407 502//502 503//503
f 407//407 503//503 408//408
f 408//408 503//503 504//504
f 408//408 504//504 409//409
f 409//409 504//504 505//505
f 409//409 505//505 410//410
f 410//410 505//505 506//506
f 410//410 506//506 411//411
f 411//411 506//506 507//507
f 411//411 507//507 412//412
f 412//412 507//507 508//508
f 412//412 508//508 413//413
f 413//413 508//508 509//509
f 413//413 509//509 414//414
f 414//414 509//509 510//510
f 414//414 510//510 415//415
f 415//415 510//510 511//511
f 415//415 511//511 416//416
f 416//416 511//511 512//512
f 416//416 512//512 417//417
f 417//417 512//512 513//513
f 417//417 513//513 418//418
f 418//418 513//513 514//514
f 418//418 514//514 419//419
f 419//419 514//514 515//515
f 419//419 515//515 420//420
f 420//420 515//515 516//516
f 420//420 516//516 421//421
f 421//421 516//516 517//517
f 421//421 517//517 422//422
f 422//422 517//517 518//518
f 422//422 518//518 423//423
f 423//423 518//518 519//519
f 423//423 519//519 424//424
f 424//424 519//519 520//520
f 424//424 520//520 425//425
f 425//425 520//520 521//521
f 425//425 521//521 426//426
f 426//426 521//521 522//522
f 426//426 522//522 427//427
f 427//427 522//522 523//523
f 427//427 523//523 428//428
f 428//428 523//523 524//524
f 428//428 524//524 429//429
f 429//429 524//524 525//525
f 429//429 525//525 430//430
f 430//430 525//525 526//526
f 430//430 526//526 431//431
f 431//431 526//526 527//527
f 431//431 527//527 432//432
f 432//432 527//527 528//528
f 432//432 528//528 433//433
f 433//433 528//528 529//529
f 433//433 529//529 434//434
f 434//434 529//529 530//530
f 434//434 530//530 435//435
f 435//435 530//530 531//531
f 435//435 531//531 436//436
f 436//436 531//531 532//532
f 436//436 532//532 437//437
f 437//437 532//532 533//533
f 437//437 533//533 438//438
f 438//438 533//533 534//534
f 438//438 534//534 439//439
f 439//439 534//534 535//535
f 439//439 535//535 440//440
f 440//440 535//535 536//536
f 440//440 536//536 441//441
f 441//441 536//536 537//537
f 441//441 537//537 442//442
f 442//442 537//537 538//538
f 442//442 538//538 443//443
f 443//443 538//538 539//539
f 443//443 539//539 444//444
f 444//444 539//539 540//540
f 444//444 540//540 445//445
f 445//445 540//540 541//541
f 445//445 541//541 446//446
f 446//446 541//541 542//542
f 446//446 542//542 447//447
f 447//447 542//542 543//543
f 447//447 543//543 448//448
f 448//448 543//543 544//544
f 448//448 544//544 449//449
f 449//449 544//544 545//545
f 449//449 545//545 450//450
f 450//450 545//545 546//546
f 450//450 546//546 451//451
f 451//451 546//546 547//547
f 451//451 547//547 452//452
f 452//452 547//547 548//548
f 452//452 548//548 453//453
f 453//453 548//548 549//549
f 453//453 549//549 454//454
f 454//454 549//549 550//550
f 454//454 550//550 455//455
f 455//455 550//550 551//551
f 455//455 551//551 456//456
f 456//456 551//551 552//552
f 456//456 552//552 457//457
f 457//457 552//552 553//553
f 457//457 553//553 458//458
f 458//458 553//553 554//554
f 458//458 554//554 459//459
f 459//459 554//554 555//555
f 459//459 555//555 460//460
f 460//460 555//555 556//556
f 460//460 556//556 461//461
f 461//461 556//556 557//557
f 461//461 557//557 462//462
f 462//462 557//557 558//558
f 462//462 558//558 463//463
f 463//463 558//558 559//559
f 463//463 559//559 464//464
f 464//464 559//559 560//560
f 464//464 560//560 465//465
f 465//465 560//560 561//561
f 465//465 561//561 466//466
f 466//466 561//561 562//562
f 466//466 562//562 467//467
f 467//467 562//562 563//563
f 467//467 563//563 468//468
f 468//468 563//563 564//564
f 468//468 564//564 469//469
f 469//469 564//564 565//565
f 469//469 565//565 470//470
f 470//470 565//565 566//566
f 470//470 566//566 471//471
f 471//471 566//566 567//567
f 471//471 567//567 472//472
f 472//472 567//567 568//568
f 472//472 568//568 473//473
f 473//473 568//568 569//569
f 473//473 569//569 474//474
f 474//474 569//569 570//570
f 474//474 570//570 475//475
f 475//475 570//570 571//571
f 475//475 571//571 476//476
f 476//476 571//571 572//572
f 476//476 572//572 477//477
f 477//477 572//572 573//573
f 477//477 573//573 478//478
f 478//478 573//573 574//574
f 478//478 574//574 479//479
f 479//479 574//574 575//575
f 479//479 575//575 480//480
f 480//480 575//575 576//576
f 480//480 576//576 385//385
f 385//385 576//576 481//481
f 481//481 577//577 482//482
f 482//482 577//577 578//578
f 482//482 578//578 483//483
f 483//483 578//578 579//579
f 483//483 579//579 484//484
f 484//484 579//579 580//580
f 484//484 580//580 485//485
f 485//485 580//580 581//581
f 485//485 581//581 486//486
f 486//486 581//581 582//582
f 486//486 582//582 487//487
f 487//487 582//582 583//583
f 487//487 583//583 488//488
f 488//488 583//583 584//584
f 488//488 584//584 489//489
f 489//489 584//584 585//585
f 489//489 585//585 490//490
f 490//490 585//585 586//586
f 490//490 586//586 491//491
f 491//491 586//586 587//587
f 491//491 587//587 492//492
f 492//492 587//587 588//588
f 492//492 588//588 493//493
f 493//493 588//588 589//589
f 493//493 589//589 494//494
f 494//494 589//589 590//590
f 494//494 590//590 495//495
f 495//495 590//590 591//591
f 495//495 591//591 496//496
f 496//496 591//591 592//592
f 496//496 592//592 497//497
f 497//497 592//592 593//593
f 497//497 593//593 498//498
f 498//498 593//593 594//594
f 498//498 594//594 499//499
f 499//499 594//594 595//595
f 499//499 595//595 500//500
f 500//500 595//595 596//596
f 500//500 596//596 501//501
f 501//501 596//596 597//597
f 501//501 597//597 502//502
f 502//502 597//597 598//598
f 502//502 598//598 503//503
f 503//503 598//598 599//599
f 503//503 599//599 504//504
f 504//504 599//599 600//600
f 504//504 600//600 505//505
f 505//505 600//600 601//601
f 505//505 601//601 506//506
f 506//506 601//601 602//602
f 506//506 602//602 507//507
f 507//507 602//602 603//603
f 507//507 603//603 508//508
f 508//508 603//603 604//604
f 508//508 604//604 509//509
f 509//509 604//604 605//605
f 509//509 605//605 510//510
f 510//510 605//605 606//606
f 510//510 606//606 511//511
f 511//511 606//606 607//607
f 511//511 607//607 512//512
f 512//512 607//607 608//608
f 512//512 608//608 513//513
f 513//513 608//608 609//609
f 513//513 609//609 514//514
f 514//514 609//609 610//610
f 514//514 610//610 515//515
f 515//515 610//610 611//611
f 515//515 611//611 516//516
f 516//516 611//611 612//612
f 516//516 612//612 517//517
f 517//517 612//612 613//613
f 517//517 613//613 518//518
f 518//518 613//613 614//614
f 518//518 614//614 519//519
f 519//519 614//614 615//615
f 519//519 615//615 520//520
f 520//520 615//615 616//616
f 520//520 616//616 521//521
f 521//521 616//616 617//617
f 521//521 617//617 522//522
f 522//522 617//617 618//618
f 522//522 618//618 523//523
f 523//523 618//618 619//619
f 523//523 619//619 524//524
f 524//524 619//619 620//620
f 524//524 620//620 525//525
f 525//525 620//620 621//621
f 525//525 621//621 526//526
f 526//526 621//621 622//622
f 526//526 622//622 527//527
f 527//527 622//622 623//623
f 527//527 623//623 528//528
f 528//528 623//623 624//624
f 528//528 624//624 529//529
f 529//529 624//624 625//625
f 529//529 625//625 530//530
f 530//530 625//625 626//626
f 530//530 626//626 531//531
f 531//531 626//626 627//627
f 531//531 627//627 532//532
f 532//532 627//627 628//628
f 532//532 628//628 533//533
f 533//533 628//628 629//629
f 533//533 629//629 534//534
f 534//534 629//629 630//630
f 534//534 630//630 535//535
f 535//535 630//630 631//631
f 535//535 631//631 536//536
f 536//536 631//631 632//632
f 536//536 632//632 537//537
f 537//537 632//632 633//633
f 537//537 633//633 538//538
f 538//538 633//633 634//634
f 538//538 634//634 539//539
f 539//539 634//634 635//635
f 539//539 635//635 540//540
f 540//540 635//635 636//636
f 540//540 636//636 541//541
f 541//541 636//636 637//637
f 541//541 637//637 542//542
f 542//542 637//637 638//638
f 542//542 638//638 543//543
f 543//543 638//638 639//639
f 543//543 639//639 544//544
f 544//544 639//639 640//640
f 544//544 640//640 545//545
f 545//545 640//640 641//641
f 545//545 641//641 546//546
f 546//546 641//641 642//642
f 546//546 642//642 547//547
f 547//547 642//642 643//643
f 547//547 643//643 548//548
f 548//548 643//643 644//644
f 548//548 644//644 549//549
f 549//549 644//644 645//645
f 549//549 645//645 550//550
f 550//550 645//645 646//646
f 550//550 646//646 551//551
f 551//551 646//646 647//647
f 551//551 647//647 552//552
f 552//552 647//647 648//648
f 552//552 648//648 553//553
f 553//553 648//648 649//649
f 553//553 649//649 554//554
f 554//554 649//649 650//650
f 554//554 650//650 555//555
f 555//555 650//650 651//651
f 555//555 651//651 556//556
f 556//556 651//651 652//652
f 556//556 652//652 557//557
f 557//557 652//652 653//653
f 557//557 653//653 558//558
f 558//558 653//653 654//654
f 558//558 654//654 559//559
f 559//559 654//654 655//655
f 559//559 655//655 560//560
f 560//560 655//655 656//656
f 560//560 656//656 561//561
f 561//561 656//656 657//657
f 561//561 657//657 562//562
f 562//562 657//657 658//658
f 562//562 658//658 563//563
f 563//563 658//658 659//659
f 563//563 659//659 564//564
f 564//564 659//659 660//660
f 564//564 660//660 565//565
f 565//565 660//660 661//661
f 565//565 661//661 566//566
f 566//566 661//661 662//662
f 566//566 662//662 567//567
f 567//567 662//662 663//663
f 567//567 663//663 568//568
f 568//568 663//663 664//664
f 568//568 664//664 569//569
f 569//569 664//664 665//665
f 569//569 665//665 570//570
f 570//570 665//665 666//666
f 570//570 666//666 571//571
f 571//571 666//666 667//667
f 571//571 667//667 572//572
f 572//572 667//667 668//668
f 572//572 668//668 573//573
f 573//573 668//668 669//669
f 573//573 669//669 574//574
f 574//574 669//669 670//670
f 574//574 670//670 575//575
f 575//575 670//670 671//671
f 575//575 671//671 576//576
f 576//576 671//671 672//672
f 576//576 672//672 481//481
f 481//481 672//672 577//577
f 577//577 673//673 578//578
f 578//578 673//673 674//674
f 578//578 674//674 579//579
f 579//579 674//674 675//675
f 579//579 675//675 580//580
f 580//580 675//675 676//676
f 580//580 676//676 581//581
f 581//581 676//676 677//677
f 581//581 677//677 582//582
f 582//582 677//677 678//678
f 582//582 678//678 583//583
f 583//583 678//678 679//679
f 583//583 679//679 584//584
f 584//584 679//679 680//680
f 584//584 680//680 585//585
f 585//585 680//680 681//681
f 585//585 681//681 586//586
f 586//586 681//681 682//682
f 586//586 682//682 587//587
f 587//587 682//682 683//683
f 587//587 683//683 588//588
f 588//588 683//683 684//684
f 588//588 684//684 589//589
f 589//589 684//684 685//685
f 589//589 685//685 590//590
f 590//590 685//685 686//686
f 590//590 686//686 591//591
f 591//591 686//686 687//687
f 591//591 687//687 592//592
f 592//592 687//687 688//688
f 592//592 688//688 593//593
f 593//593 688//688 689//689
f 593//593 689//689 594//594
f 594//594 689//689 690//690
f 594//594 690//690 595//595
f 595//595 690//690 691//691
f 595//595 691//691 596//596
f 596//596 691//691 692//692
f 596//596 692//692 597//597
f 597//597 692//692 693//693
f 597//597 693//693 598//598
f 598//598 693//693 694//694
f 598//598 694//694 599//599
f 599//599 694//694 695//695
f 599//599 695//695 600//600
f 600//600 695//695 696//696
f 600//600 696//696 601//601
f 601//601 696//696 697//697
f 601//601 697//697 602//602
f 602//602 697//697 698//698
f 602//602 698//698 603//603
f 603//603 698//698 699//699
f 603//603 699//699 604//604
f 604//604 699//699 700//700
f 604//604 700//700 605//605
f 605//605 700//700 701//701
f 605//605 701//701 606//606
f 606//606 701//701 702//702
f 606//606 702//702 607//607
f 607//607 702//702 703//703
f 607//607 703//703 608//608
f 608//608 703//703 704//704
f 608//608 704//704 609//609
f 609//609 704//704 705//705
f 609//609 705//705 610//610
f 610//610 705//705 706//706
f 610//610 706//706 611//611
f 611//611 706//706 707//707
f 611//611 707//707 612//612
f 612//612 707//707 708//708
f 612//612 708//708 613//613
f 613//613 708//708 709//709
f 613//613 709//709 614//614
f 614//614 709//709 710//710
f 614//614 710//710 615//615
f 615//615 710//710 711//711
f 615//615 711//711 616//616
f 616//616 711//711 712//712
f 616//616 712//712 617//617
f 617//617 712//712 713//713
f 617//617 713//713 618//618
f 618//618 713//713 714//714
f 618//618 714//714 619//619
f 619//619 714//714 715//715
f 619//619 715//715 620//620
f 620//620 715//715 716//716
f 620//620 716//716 621//621
f 621//621 716//716 717//717
f 621//621 717//717 622//622
f 622//622 717//717 718//718
f 622//622 718//718 623//623
f 623//623 718//718 719//719
f 623//623 719//719 624//624
f 624//624 719//719 720//720
f 624//624 720//720 625//625
f 625//625 720//720 721//721
f 625//625 721//721 626//626
f 626//626 721//721 722//722
f 626//626 722//722 627//627
f 627//627 722//722 723//723
f 627//627 723//723 628//628
f 628//628 723//723 724//724
f 628//628 724//724 629//629
f 629//629 724//724 725//725
f 629//629 725//725 630//630
f 630//630 725//725 726//726
f 630//630 726//726 631//631
f 631//631 726//726 727//727
f 631//631 727//727 632//632
f 632//632 727//727 728//728
f 632//632 728//728 633//633
f 633//633 728//728 729//729
f 633//633 729//729 634//634
f 634//634 729//729 730//730
f 634//634 730//730 635//635
f 635//635 730//730 731//731
f 635//635 731//731 636//636
f 636//636 731//731 732//732
f 636//636 732//732 637//637
f 637//637 732//732 733//733
f 637//637 733//733 638//638
f 638//638 733//733 734//734
f 638//638 734//734 639//639
f 639//639 734//734 735//735
f 639//639 735//735 640//640
f 640//640 735//735 736//736
f 640//640 736//736 641//641
f 641//641 736//736 737//737
f 641//641 737//737 642//642
f 642//642 737//737 738//738
f 642//642 738//738 643//643
f 643//643 738//738 739//739
f 643//643 739//739 644//644
f 644//644 739//739 740//740
f 644//644 740//740 645//645
f 645//645 740//740 741//741
f 645//645 741//741 646//646
f 646//646 741//741 742//742
f 646//646 742//742 647//647
f 647//647 742//742 743//743
f 647//647 743//743 648//648
f 648//648 743//743 744//744
f 648//648 744//744 649//649
f 649//649 744//744 745//745
f 649//649 745//745 650//650
f 650//650 745//745 746//746
f 650//650 746//746 651//651
f 651//651 746//746 747//747
f 651//651 747//747 652//652
f 652//652 747//747 748//748
f 652//652 748//748 653//653
f 653//653 748//748 749//749
f 653//653 749//749 654//654
f 654//654 749//749 750//750
f 654//654 750//750 655//655
f 655//655 750//750 751//751
f 655//655 751//751 656//656
f 656//656 751//751 752//752
f 656//656 752//752 657//657
f 657//657 752//752 753//753
f 657//657 753//753 658//658
f 658//658 753//753 754//754
f 658//658 754//754 659//659
f 659//659 754//754 755//755
f 659//659 755//755 660//660
f 660//660 755//755 756//756
f 660//660 756//756 661//661
f 661//661 756//756 757//757
f 661//661 757//757 662//662
f 662//662 757//757 758//758
f 662//662 758//758 663//663
f 663//663 758//758 759//759
f 663//663 759//759 664//664
f 664//664 759//759 760//760
f 664//664 760//760 665//665
f 665//665 760//760 761//761
f 665//665 761//761 666//666
f 666//666 761//761 762//762
f 666//666 762//762 667//667
f 667//667 762//762 763//763
f 667//667 763//763 668//668
f 668//668 763//763 764//764
f 668//668 764//764 669//669
f 669//669 764//764 765//765
f 669//669 765//765 670//670
f 670//670 765//765 766//766
f 670//670 766//766 671//671
f 671//671 766//766 767//767
f 671//671 767//767 672//672
f 672//672 767//767 768//768
f 672//672 768//768 577//577
f 577//577 768//768 673//673
f 673//673 769//769 674//674
f 674//674 769//769 770//770
f 674//674 770//770 675//675
f 675//675 770//770 771//771
f 675//675 771//771 676//676
f 676//676 771//771 772//772
f 676//676 772//772 677//677
f 677//677 772//772 773//773
f 677//677 773//773 678//678
f 678//678 773//773 774//774
f 678//678 774//774 679//679
f 679//679 774//774 775//775
f 679//679 775//775 680//680
f 680//680 775//775 776//776
f 680//680 776//776 681//681
f 681//681 776//776 777//777
f 681//681 777//777 682//682
f 682//682 777//777 778//778
f 682//682 778//778 683//683
f 683//683 778//778 779//779
f 683//683 779//779 684//684
f 684//684 779//779 780//780
f 684//684 780//780 685//685
f 685//685 780//780 781//781
f 685//685 781//781 686//686
f 686//686 781//781 782//782
f 686//686 782//782 687//687
f 687//687 782//782 783//783
f 687//687 783//783 688//688
f 688//688 783//783 784//784
f 688//688 784//784 689//689
f 689//689 784//784 785//785
f 689//689 785//785 690//690
f 690//690 785//785 786//786
f 690//690 786//786 691//691
f 691//691 786//786 787//787
f 691//691 787//787 692//692
f 692//692 787//787 788//788
f 692//692 788//788 693//693
f 693//693 788//788 789//789
f 693//693 789//789 694//694
f 694//694 789//789 790//790
f 694//694 790//790 695//695
f 695//695 790//790 791//791
f 695//695 791//791 696//696
f 696//696 791//791 792//792
f 696//696 792//792 697//697
f 697//697 792//792 793//793
f 697//697 793//793 698//698
f 698//698 793//793 794//794
f 698//698 794//794 699//699
f 699//699 794//794 795//795
f 699//699 795//795 700//700
f 700//700 795//795 796//796
f 700//700 796//796 701//701
f 701//701 796//796 797//797
f 701//701 797//797 702//702
f 702//702 797//797 798//798
f 702//702 798//798 703//703
f 703//703 798//798 799//799
f 703//703 799//799 704//704
f 704//704 799//799 800//800
f 704//704 800//800 705//705
f 705//705 800//800 801//801
f 705//705 801//801 706//706
f 706//706 801//801 802//802
f 706//706 802//802 707//707
f 707//707 802//802 803//803
f 707//707 803//803 708//708
f 708//708 803//803 804//804
f 708//708 804//804 709//709
f 709//709 804//804 805//805
f 709//709 805//805 710//710
f 710//710 805//805 806//806
f 710//710 806//806 711//711
f 711//711 806//806 807//807
f 711//711 807//807 712//712
f 712//712 807//807 808//808
f 712//712 808//808 713//713
f 713//713 808//808 809//809
f 713//713 809//809 714//714
f 714//714 809//809 810//810
f 714//714 810//810 715//715
f 715//715 810//810 811//811
f 715//715 811//811 716//716
f 716//716 811//811 812//812
f 716//716 812//812 717//717
f 717//717 812//812 813//813
f 717//717 813//813 718//718
f 718//718 813//813 814//814
f 718//718 814//814 719//719
f 719//719 814//814 815//815
f 719//719 815//815 720//720
f 720//720 815//815 816//816
f 720//720 816//816 721//721
f 721//721 816//816 817//817
f 721//721 817//817 722//722
f 722//722 817//817 818//818
f 722//722 818//818 723//723
f 723//723 818//818 819//819
f 723//723 819//819 724//724
f 724//724 819//819 820//820
f 724//724 820//820 725//725
f 725//725 820//820 821//821
f 725//725 821//821 726//726
f 726//726 821//821 822//822
f 726//726 822//822 727//727
f 727//727 822//822 823//823
f 727//727 823//823 728//728
f 728//728 823//823 824//824
f 728//728 824//824 729//729
f 729//729 824//824 825//825
f 729//729 825//825 730//730
f 730//730 825//825 826//826
f 730//730 826//826 731//731
f 731//731 826//826 827//827
f 731//731 827//827 732//732
f 732//732 827//827 828//828
f 732//732 828//828 733//733
f 733//733 828//828 829//829
f 733//733 829//829 734//734
f 734//734 829//829 830//830
f 734//734 830//830 735//735
f 735//735 830//830 831//831
f 735//735 831//831 736//736
f 736//736 831//831 832//832
f 736//736 832//832 737//737
f 737//737 832//832 833//833
f 737//737 833//833 738//738
f 738//738 833//833 834//834
f 738//738 834//834 739//739
f 739//739 834//834 835//835
f 739//739 835//835 740//740
f 740//740 835//835 836//836
f 740//740 836//836 741//741
f 741//741 836//836 837//837
f 741//741 837//837 742//742
f 742//742 837//837 838//838
f 742//742 838//838 743//743
f 743//743 838//838 839//839
f 743//743 839//839 744//744
f 744//744 839//839 840//840
f 744//744 840//840 745//745
f 745//745 840//840 841//841
f 745//745 841//841 746//746
f 746//746 841//841 842//842
f 746//746 842//842 747//747
f 747//747 842//842 843//843
f 747//747 843//843 748//748
f 748//748 843//843 844//844
f 748//748 844//844 749//749
f 749//749 844//844 845//845
f 749//749 845//845 750//750
f 750//750 845//845 846//846
f 750//750 846//846 751//751
f 751//751 846//846 847//847
f 751//751 847//847 752//752
f 752//752 847//847 848//848
f 752//752 848//848 753//753
f 753//753 848//848 849//849
f 753//753 849//849 754//754
f 754//754 849//849 850//850
f 754//754 850//850 755//755
f 755//755 850//850 851//851
f 755//755 851//851 756//756
f 756//756 851//851 852//852
f 756//756 852//852 757//757
f 757//757 852//852 853//853
f 757//757 853//853 758//758
f 758//758 853//853 854//854
f 758//758 854//854 759//759
f 759//759 854//854 855//855
f 759//759 855//855 760//760
f 760//760 855//855 856//856
f 760//760 856//856 761//761
f 761//761 856//856 857//857
f 761//761 857//857 762//762
f 762//762 857//857 858//858
f 762//762 858//858 763//763
f 763//763 858//858 859//859
f 763//763 859//859 764//764
f 764//764 859//859 860//860
f 764//764 860//860 765//765
f 765//765 860//860 861//861
f 765//765 861//861 766//766
f 766//766 861//861 862//862
f 766//766 862//862 767//767
f 767//767 862//862 863//863
f 767//767 863//863 768//768
f 768//768 863//863 864//864
f 768//768 864//864 673//673
f 673//673 864//864 769//769
f 769//769 865//865 770//770
f 770//770 865//865 866//866
f 770//770 866//866 771//771
f 771//771 866//866 867//867
f 771//771 867//867 772//772
f 772//772 867//867 868//868
f 772//772 868//868 773//773
f 773//773 868//868 869//869
f 773//773 869//869 774//774
f 774//774 869//869 870//870
f 774//774 870//870 775//775
f 775//775 870//870 871//871
f 775//775 871//871 776//776
f 776//776 871//871 872//872
f 776//776 872//872 777//777
f 777//777 872//872 873//873
f 777//777 873//873 778//778
f 778//778 873//873 874//874
f 778//778 874//874 779//779
f 779//779 874//874 875//875
f 779//779 875//875 780//780
f 780//780 875//875 876//876
f 780//780 876//876 781//781
f 781//781 876//876 877//877
f 781//781 877//877 782//782
f 782//782 877//877 878//878
f 782//782 878//878 783//783
f 783//783 878//878 879//879
f 783//783 879//879 784//784
f 784//784 879//879 880//880
f 784//784 880//880 785//785
f 785//785 880//880 881//881
f 785//785 881//881 786//786
f 786//786 881//881 882//882
f 786//786 882//882 787//787
f 787//787 882//882 883//883
f 787//787 883//883 788//788
f 788//788 883//883 884//884
f 788//788 884//884 789//789
f 789//789 884//884 885//885
f 789//789 885//885 790//790
f 790//790 885//885 886//886
f 790//790 886//886 791//791
f 791//791 886//886 887//887
f 791//791 887//887 792//792
f 792//792 887//887 888//888
f 792//792 888//888 793//793
f 793//793 888//888 889//889
f 793//793 889//889 794//794
f 794//794 889//889 890//890
f 794//794 890//890 795//795
f 795//795 890//890 891//891
f 795//795 891//891 796//796
f 796//796 891//891 892//892
f 796//796 892//892 797//797
f 797//797 892//892 893//893
f 797//797 893//893 798//798
f 798//798 893//893 894//894
f 798//798 894//894 799//799
f 799//799 894//894 895//895
f 799//799 895//895 800//800
f 800//800 895//895 896//896
f 800//800 896//896 801//801
f 801//801 896//896 897//897
f 801//801 897//897 802//802
f 802//802 897//897 898//898
f 802//802 898//898 803//803
f 803//803 898//898 899//899
f 803//803 899//899 804//804
f 804//804 899//899 900//900
f 804//804 900//900 805//805
f 805//805 900//900 901//901
f 805//805 901//901 806//806
f 806//806 901//901 902//902
f 806//806 902//902 807//807
f 807//807 902//902 903//903
f 807//807 903//903 808//808
f 808//808 903//903 904//904
f 808//808 904//904 809//809
f 809//809 904//904 905//905
f 809//809 905//905 810//810
f 810//810 905//905 906//906
f 810//810 906//906 811//811
f 811//811 906//906 907//907
f 811//811 907//907 812//812
f 812//812 907//907 908//908
f 812//812 908//908 813//813
f 813//813 908//908 909//909
f 813//813 909//909 814//814
f 814//814 909//909 910//910
f 814//814 910//910 815//815
f 815//815 910//910 911//911
f 815//815 911//911 816//816
f 816//816 911//911 912//912
f 816//816 912//912 817//817
f 817//817 912//912 913//913
f 817//817 913//913 818//818
f 818//818 913//913 914//914
f 818//818 914//914 819//819
f 819//819 914//914 915//915
f 819//819 915//915 820//820
f 820//820 915//915 916//916
f 820//820 916//916 821//821
f 821//821 916//916 917//917
f 821//821 917//917 822//822
f 822//822 917//917 918//918
f 822//822 918//918 823//823
f 823//823 918//918 919//919
f 823//823 919//919 824//824
f 824//824 919//919 920//920
f 824//824 920//920 825//825
f 825//825 920//920 921//921
f 825//825 921//921 826//826
f 826//826 921//921 922//922
f 826//826 922//922 827//827
f 827//827 922//922 923//923
f 827//827 923//923 828//828
f 828//828 923//923 924//924
f 828//828 924//924 829//829
f 829//829 924//924 925//925
f 829//829 925//925 830//830
f 830//830 925//925 926//926
f 830//830 926//926 831//831
f 831//831 926//926 927//927
f 831//831 927//927 832//832
f 832//832 927//927 928//928
f 832//832 928//928 833//833
f 833//833 928//928 929//929
f 833//833 929//929 834//834
f 834//834 929//929 930//930
f 834//834 930//930 835//835
f 835//835 930//930 931//931
f 835//835 931//931 836//836
f 836//836 931//931 932//932
f 836//836 932//932 837//837
f 837//837 932//932 933//933
f 837//837 933//933 838//838
f 838//838 933//933 934//934
f 838//838 934//934 839//839
f 839//839 934//934 935//935
f 839//839 935//935 840//840
f 840//840 935//935 936//936
f 840//840 936//936 841//841
f 841//841 936//936 937//937
f 841//841 937//937 842//842
f 842//842 937//937 938//938
f 842//842 938//938 843//843
f 843//843 938//938 939//939
f 843//843 939//939 844//844
f 844//844 939//939 940//940
f 844//844 940//940 845//845
f 845//845 940//940 941//941
f 845//845 941//941 846//846
f 846//846 941//941 942//942
f 846//846 942//942 847//847
f 847//847 942//942 943//943
f 847//847 943//943 848//848
f 848//848 943//943 944//944
f 848//848 944//944 849//849
f 849//849 944//944 945//945
f 849//849 945//945 850//850
f 850//850 945//945 946//946
f 850//850 946//946 851//851
f 851//851 946//946 947//947
f 851//851 947//947 852//852
f 852//852 947//947 948//948
f 852//852 948//948 853//853
f 853//853 948//948 949//949
f 853//853 949//949 854//854
f 854//854 949//949 950//950
f 854//854 950//950 855//855
f 855//855 950//950 951//951
f 855//855 951//951 856//856
f 856//856 951//951 952//952
f 856//856 952//952 857//857
f 857//857 952//952 953//953
f 857//857 953//953 858//858
f 858//858 953//953 954//954
f 858//858 954//954 859//859
f 859//859 954//954 955//955
f 859//859 955//955 860//860
f 860//860 955//955 956//956
f 860//860 956//956 861//861
f 861//861 956//956 957//957
f 861//861 957//957 862//862
f 862//862 957//957 958//958
f 862//862 958//958 863//863
f 863//863 958//958 959//959
f 863//863 959//959 864//864
f 864//864 959//959 960//960
f 864//864 960//960 769//769
f 769//769 960//960 865//865

